tree
version=v4
num_class=1
num_tree_per_iteration=1
label_index=0
max_feature_idx=9
objective=regression
feature_names=volume_mm3 surface_area_mm2 bounding_box_x bounding_box_y bounding_box_z infill_pct layer_height material_PLA material_PETG material_ABS
feature_infos=[2872.194:1245324.196] [1855.8109999999999:71283.813999999998] [6.665:148.48099999999999] [11.645:141.72200000000001] [5.0830000000000002:149.643] [10:50] [0.10000000000000001:0.29999999999999999] [0:1] [0:1] [0:1]
tree_sizes=2770 2780 2804 2805 2808 2796 2809 2813 2809 2825 2820 2810 2848 2839 2849 2832 2822 2822 2840 2845 2826 2824 2855 2800 2863 2855 2847 2816 2799 2811 2804 2831 2806 2809 2824 2803 2806 2831 2851 2828 2814 2831 2842 2777 2830 2791 2833 2799 2807 2834 2798 2810 2830 2836 2804 2793 2814 2828 2830 2826 2804 2826 2820 2827 2829 2852 2801 2832 2799 2844 2805 2823 2800 2828 2824 2822 2803 2801 2787 2801 2783 2849 2838 2822 2788 2817 2800 2834 2814 2786 2821 2754 2784 2795 2792 2772 2809 2814 2781 2798 2795 2834 2780 2807 2771 2780 2804 2759 2787 2747 2768 2789 2721 2738 2728 2772 2741 2751 2683 2727 2709 2734 2704 2733 2723 2731 2732 2705 2716 2733 2709 2710 2752 2687 2692 2687 2689 2696 2683 2668 2651 2666 2719 2675 2686 2684 2737 2691 2767 2749 2679 2703 2771 2720 2699 2721 2716 2712 2719 2738 2756 2741 2749 2697 2706 2718 2755 2693 2651 2663 2711 2724 2752 2662 2784 2745 2687 2676 2748 2754 2706 2726 2723 2705 2780 2717 2695 2732 2685 2670 2725 2769 2723 2733 2722 2740 2759 2763 2721 2720 2736 2739 2749 2710 2706 2744 2736 2721 2739 2725 2717 2717 2721 2749 2760 2809 2738 2769 2770 2790 2861 2735 2768 2725 2802 2787 2829 2719 2794 2768 2797 2799 2826 2779 2838 2815 2790 2765 2812 2761 2789 2760 2776 2824 2778 2822 2831 2797 2819 2864 2839 2755 2843 2826 2820 2828 2845 2795 2804 2772 2805 2842 2785 2876 2812 2797 2809 2869 2814 2864 2810 2786 2825 2806 2812 2826 2774 2780 2808 2835 2777 2828 2811 2817 2815 2826 2830 2815 2834 2844 2811 2740 2763 2795 2770 2904 2809 2819 2839 2797

Tree=0
num_leaves=31
num_cat=0
split_feature=0 0 0 0 0 0 0 0 0 0 0 1 0 0 0 0 0 6 1 0 6 6 6 0 1 6 6 0 6 6
split_gain=2.28315e+13 3.3158e+12 1.36947e+12 2.11696e+11 2.06367e+11 2.02404e+11 1.5559e+11 7.31665e+10 5.25074e+10 3.34007e+10 3.11437e+10 2.32427e+10 1.23006e+10 5.62076e+09 5.56602e+09 4.0052e+09 2.44325e+09 2.3816e+09 2.15136e+09 2.11416e+09 2.063e+09 1.82239e+09 1.73989e+09 1.37132e+09 1.1613e+09 1.14548e+09 1.09755e+09 7.17227e+08 6.86426e+08 6.07463e+08
threshold=388286.60400000011 840329.43250000023 121294.55000000002 619852.88050000009 208019.18150000004 1048200.1775000001 41777.992500000008 507657.76500000007 1182183.7235000001 303117.76850000006 74959.462500000009 6575.9135000000015 164842.97150000001 684755.53550000011 256199.82050000003 12036.576500000001 137286.37700000001 0.25000000000000006 8058.1010000000015 55159.639500000012 0.25000000000000006 0.25000000000000006 0.25000000000000006 87041.996000000028 15858.327500000001 0.15000000000000005 0.25000000000000006 68725.196500000005 0.15000000000000005 0.15000000000000005
decision_type=2 2 2 2 2 2 2 2 2 2 2 2 2 2 2 2 2 2 2 2 2 2 2 2 2 2 2 2 2 2
left_child=2 3 6 7 12 26 11 -2 20 14 19 15 16 -5 -6 -1 -4 28 -13 -8 -7 29 -9 -12 -25 -14 -3 -21 -10 -15
right_child=1 5 4 13 9 8 10 22 17 -11 23 18 25 21 -16 -17 -18 -19 -20 27 -22 -23 -24 24 -26 -27 -28 -29 -30 -31
leaf_value=86855.325448495365 96670.008781828699 107736.04172453703 89814.208879484955 101568.84250578703 92223.617212818281 110905.06672453704 88005.388078703705 99256.917505787031 113318.24172453703 94236.025643807865 88770.825643807868 87496.225448495374 90805.392212818289 101949.29250578703 92985.058944589124 87209.108781828705 90289.842212818286 114448.34172453704 87755.512964771406 88206.925643807874 111707.99172453705 102955.49250578704 99778.317505787039 88896.084671585646 89180.067310474536 91403.692214534894 108321.69172453704 88480.258977141202 113853.04172453703 102452.39250578704
leaf_weight=180 36 24 36 36 72 24 144 48 12 36 72 180 11.999999999999998 12 36 144 108 11.999999999999998 144 72 11.999999999999998 11.999999999999998 24 72 72 24 11.999999999999998 36 12 12
leaf_count=180 36 24 36 36 72 24 144 48 12 36 72 180 12 12 36 144 108 12 144 72 12 12 24 72 72 24 12 36 12 12
internal_value=91214.8 104066 88644.6 99910.5 91506.3 110992 87813.7 98510.5 112523 92917.1 88508.4 87312 90377.6 102011 92477.4 87012.6 90170.9 113873 87611.5 88130.8 111173 102452 99430.7 88949 89038.1 91204.3 107931 88298 113586 102201
internal_weight=1728 288 1440 180 324 108 1116 108 72 144 468 648 180 72 108 324 144 36 324 252 36 36 72 216 144 36 36 108 24 24
internal_count=1728 288 1440 180 324 108 1116 108 72 144 468 648 180 72 108 324 144 36 324 252 36 36 72 216 144 36 36 108 24 24
is_linear=0
shrinkage=1


Tree=1
num_leaves=31
num_cat=0
split_feature=0 0 0 0 0 0 0 0 0 0 0 1 0 0 0 0 0 6 0 0 6 6 6 0 1 6 6 0 6 6
split_gain=2.06054e+13 2.99251e+12 1.23595e+12 1.91056e+11 1.86246e+11 1.82669e+11 1.4042e+11 6.60328e+10 4.7388e+10 3.01441e+10 2.81072e+10 2.09765e+10 1.11013e+10 5.07273e+09 5.02333e+09 3.6147e+09 2.20504e+09 2.1494e+09 1.97096e+09 1.90803e+09 1.86186e+09 1.64471e+09 1.59402e+09 1.23761e+09 1.04808e+09 1.0338e+09 9.90542e+08 6.47297e+08 6.19502e+08 5.94612e+08
threshold=388286.60400000011 840329.43250000023 121294.55000000002 619852.88050000009 208019.18150000004 1048200.1775000001 41777.992500000008 507657.76500000007 1182183.7235000001 303117.76850000006 74959.462500000009 6575.9135000000015 164842.97150000001 684755.53550000011 256199.82050000003 12036.576500000001 137286.37700000001 0.25000000000000006 33295.90400000001 55159.639500000012 0.25000000000000006 0.15000000000000005 0.15000000000000005 87041.996000000028 15858.327500000001 0.15000000000000005 0.25000000000000006 68725.196500000005 0.15000000000000005 0.15000000000000005
decision_type=2 2 2 2 2 2 2 2 2 2 2 2 2 2 2 2 2 2 2 2 2 2 2 2 2 2 2 2 2 2
left_child=2 3 6 7 12 26 11 -2 20 14 19 15 16 -5 -6 -1 -4 28 -13 -8 29 -15 -9 -12 -25 -14 -3 -21 -10 -7
right_child=1 5 4 13 9 8 10 22 17 -11 23 18 25 21 -16 -17 -18 -19 -20 27 -22 -23 -24 24 -26 -27 -28 -29 -30 -31
leaf_value=-4141.5330729166662 5182.4162760416666 15695.1484375 -1330.5937825520834 9836.3078125000011 958.34414062500002 18456.846874999999 -3048.9735188802083 7472.37890625 20998.237499999999 2870.1319661458333 -2321.8078776041671 -3561.0779947916667 -388.9696044921875 10197.735156250001 1681.7137369791669 -3805.4388020833339 -878.74208984375002 22071.832812500001 -3312.8994921875001 -2857.5129557291671 19468.5 10914.652734375 7971.4441406250007 -2202.8119357638893 -1933.0283203125 179.415385055542 16251.515625 -2597.8462239583332 21506.298437499998 18954.596874999999
leaf_weight=180 36 24 36 36 72 12 144 24 12 36 72 144 11.999999999999998 11.999999999999998 36 144 108 11.999999999999998 180 72 11.999999999999998 24 48 72 72 24 11.999999999999998 36 12 12
leaf_count=180 36 24 36 36 72 12 144 24 12 36 72 144 12 12 36 144 108 12 180 72 12 24 48 72 72 24 12 36 12 12
internal_value=-1.55961e-05 12208.8 -2441.77 8260.92 276.852 18788.7 -3231.04 6930.86 20242.7 1617.13 -2571.08 -3707.68 -795.373 10256 1199.47 -3992.16 -991.705 21525.5 -3423.2 -2929.82 18960 10675.7 7805.09 -2152.55 -2067.92 -10.0463 15880.6 -2770.96 21252.3 18705.7
internal_weight=1728 288 1440 180 324 108 1116 108 72 144 468 648 180 72 108 324 144 36 324 252 36 36 72 216 144 36 36 108 24 24
internal_count=1728 288 1440 180 324 108 1116 108 72 144 468 648 180 72 108 324 144 36 324 252 36 36 72 216 144 36 36 108 24 24
is_linear=0
shrinkage=0.05


Tree=2
num_leaves=31
num_cat=0
split_feature=0 0 0 0 0 0 0 0 0 0 0 1 0 0 0 0 0 6 1 0 6 6 6 0 6 1 6 0 6 6
split_gain=1.85964e+13 2.70074e+12 1.11544e+12 1.72428e+11 1.68087e+11 1.64859e+11 1.26729e+11 5.95946e+10 4.27676e+10 2.72051e+10 2.53667e+10 1.89313e+10 1.00189e+10 4.57814e+09 4.53355e+09 3.29832e+09 1.99004e+09 1.93983e+09 1.78826e+09 1.722e+09 1.68033e+09 1.5635e+09 1.49214e+09 1.11695e+09 9.61264e+08 9.4589e+08 9.20889e+08 5.84186e+08 5.59097e+08 5.3729e+08
threshold=388286.60400000011 840329.43250000023 121294.55000000002 619852.88050000009 208019.18150000004 1048200.1775000001 41777.992500000008 507657.76500000007 1182183.7235000001 303117.76850000006 74959.462500000009 6575.9135000000015 164842.97150000001 684755.53550000011 256199.82050000003 7391.9660000000013 137286.37700000001 0.25000000000000006 8058.1010000000015 55159.639500000012 0.25000000000000006 0.25000000000000006 0.25000000000000006 87041.996000000028 0.25000000000000006 15858.327500000001 0.15000000000000005 68725.196500000005 0.15000000000000005 0.15000000000000005
decision_type=2 2 2 2 2 2 2 2 2 2 2 2 2 2 2 2 2 2 2 2 2 2 2 2 2 2 2 2 2 2
left_child=2 3 6 7 12 26 11 -2 20 14 19 15 16 -5 -6 -1 -4 28 -13 -8 -7 -15 -9 -12 -14 -25 -3 -21 -10 -18
right_child=1 5 4 13 9 8 10 22 17 -11 23 18 24 21 -16 -17 29 -19 -20 27 -22 -23 -24 25 -26 -27 -28 -29 -30 -31
leaf_value=-3970.9102864583338 4923.295572916667 14728.940625000001 -1264.0640950520835 9344.4921875 910.42695312500007 17770.435937500002 -2896.5248697916668 7253.8835937500007 19948.326562499999 2726.6255208333332 -2205.7176432291667 -3357.1058463541667 -192.23826141357424 9908.8980468750015 1597.6279947916667 -3649.8614322916674 -992.52164713541663 20968.240625000002 -3120.7098307291672 -2714.637369791667 18495.075000000001 10607.89296875 7736.7367187500004 -2092.6713107638893 355.84462890625002 -1836.376953125 15265.389843750001 -2467.9540364583336 20430.982812499999 -755.94667154947922
leaf_weight=144 36 11.999999999999998 36 36 72 24 144 48 12 36 72 180 24 24 36 180 36 11.999999999999998 144 72 11.999999999999998 11.999999999999998 24 72 11.999999999999998 72 24 36 12 72
leaf_count=144 36 12 36 36 72 24 144 48 12 36 72 180 24 24 36 180 36 12 144 72 12 12 24 72 12 72 24 36 12 72
internal_value=-2.32414e-06 11598.4 -2319.68 7847.87 263.009 17849.2 -3069.49 6584.32 19230.6 1536.28 -2442.53 -3522.3 -755.605 9743.19 1139.49 -3792.55 -942.12 20449.2 -3252.04 -2783.33 18012 10141.9 7414.83 -2044.92 -9.54396 -1964.52 15086.6 -2632.41 20189.7 -834.805
internal_weight=1728 288 1440 180 324 108 1116 108 72 144 468 648 180 72 108 324 144 36 324 252 36 36 72 216 36 144 36 108 24 108
internal_count=1728 288 1440 180 324 108 1116 108 72 144 468 648 180 72 108 324 144 36 324 252 36 36 72 216 36 144 36 108 24 108
is_linear=0
shrinkage=0.05


Tree=3
num_leaves=31
num_cat=0
split_feature=0 0 0 0 0 0 0 0 0 0 0 0 0 0 0 0 0 6 6 0 6 6 1 0 6 1 6 0 6 6
split_gain=1.67833e+13 2.43742e+12 1.00669e+12 1.55616e+11 1.51699e+11 1.48785e+11 1.14373e+11 5.37841e+10 3.85978e+10 2.45526e+10 2.28935e+10 1.71276e+10 9.04207e+09 4.13177e+09 4.09153e+09 3.82692e+09 1.79601e+09 1.7507e+09 1.56286e+09 1.55411e+09 1.41106e+09 1.36628e+09 1.02022e+09 1.00804e+09 8.86251e+08 8.53666e+08 8.49176e+08 5.27227e+08 5.10465e+08 5.04588e+08
threshold=388286.60400000011 840329.43250000023 121294.55000000002 619852.88050000009 208019.18150000004 1048200.1775000001 41777.992500000008 507657.76500000007 1182183.7235000001 303117.76850000006 74959.462500000009 22666.579000000002 164842.97150000001 684755.53550000011 256199.82050000003 12036.576500000001 137286.37700000001 0.25000000000000006 0.15000000000000005 55159.639500000012 0.25000000000000006 0.15000000000000005 8058.1010000000015 87041.996000000028 0.15000000000000005 15858.327500000001 0.25000000000000006 68725.196500000005 0.15000000000000005 0.15000000000000005
decision_type=2 2 2 2 2 2 2 2 2 2 2 2 2 2 2 2 2 2 2 2 2 2 2 2 2 2 2 2 2 2
left_child=2 3 6 7 12 26 11 -2 18 14 19 15 16 -5 -6 -1 -4 29 -7 28 -15 -9 -13 -12 -14 -25 -3 -21 -8 -10
right_child=1 5 4 13 9 8 10 21 17 -11 23 22 24 20 -16 -17 -18 -19 -20 27 -22 -23 -24 25 -26 -27 -28 -29 -30 -31
leaf_value=-3739.121276041667 4677.1307291666662 14160.532031250001 -1200.8608723958334 8877.2679687500004 864.90556640625005 16645.482812500002 -2884.83203125 6736.0656250000002 18950.909374999999 2590.2942708333335 -2095.4317057291669 -3152.8876627604168 -359.90922851562505 9413.4535156250004 1517.7466145833334 -3413.0792578125001 -793.06475151909729 19919.829687500001 17344.333593750001 -2578.9053385416669 10077.4984375 7198.1062500000007 -2964.6742838541668 -1988.0377170138891 166.35446281433107 -1744.558024088542 14675.6703125 -2344.5561848958332 -2685.1320312500002 19409.434374999997
leaf_weight=180 36 24 36 36 72 11.999999999999998 48 24 12 36 72 144 11.999999999999998 24 36 180 108 11.999999999999998 24 72 11.999999999999998 48 144 72 24 72 11.999999999999998 36 96 12
leaf_count=180 36 24 36 36 72 12 48 24 12 36 72 144 12 24 36 180 108 12 24 72 12 48 144 72 24 72 12 36 96 12
internal_value=3.46307e-05 11018.5 -2203.69 7455.48 249.859 16956.8 -2916.02 6255.11 18269.1 1459.46 -2320.4 -3346.18 -717.824 9256.03 1082.52 -3576.1 -895.014 19426.7 17111.4 -2644.17 9634.8 7044.09 -3058.78 -1942.68 -9.06677 -1866.3 14332.2 -2500.79 -2751.7 19180.2
internal_weight=1728 288 1440 180 324 108 1116 108 72 144 468 648 180 72 108 360 144 36 36 252 36 72 288 216 36 144 36 108 144 24
internal_count=1728 288 1440 180 324 108 1116 108 72 144 468 648 180 72 108 360 144 36 36 252 36 72 288 216 36 144 36 108 144 24
is_linear=0
shrinkage=0.05


Tree=4
num_leaves=31
num_cat=0
split_feature=0 0 0 0 0 0 0 0 0 0 0 1 0 0 0 0 0 6 0 6 1 6 6 0 6 6 1 6 0 6
split_gain=1.51469e+13 2.19977e+12 9.08534e+11 1.40444e+11 1.36908e+11 1.34279e+11 1.03222e+11 4.85402e+10 3.48345e+10 2.21587e+10 2.06614e+10 1.54748e+10 8.16047e+09 3.72892e+09 3.69261e+09 2.7276e+09 1.6209e+09 1.58e+09 1.52155e+09 1.4405e+09 1.40774e+09 1.33953e+09 1.27969e+09 9.09759e+08 8.24252e+08 7.89626e+08 7.70432e+08 5.0458e+08 4.7422e+08 4.60258e+08
threshold=388286.60400000011 840329.43250000023 121294.55000000002 619852.88050000009 208019.18150000004 1048200.1775000001 41777.992500000008 507657.76500000007 1182183.7235000001 303117.76850000006 74959.462500000009 6575.9135000000015 164842.97150000001 684755.53550000011 256199.82050000003 7391.9660000000013 137286.37700000001 0.25000000000000006 31159.647000000004 0.25000000000000006 11548.453500000001 0.15000000000000005 0.25000000000000006 87041.996000000028 0.25000000000000006 0.15000000000000005 15858.327500000001 0.25000000000000006 68725.196500000005 0.15000000000000005
decision_type=2 2 2 2 2 2 2 2 2 2 2 2 2 2 2 2 2 2 2 2 2 2 2 2 2 2 2 2 2 2
left_child=2 3 6 7 12 25 11 -2 19 14 20 15 16 -5 -6 -1 -4 -10 -13 29 -8 -15 -9 -12 -14 -3 -25 -18 -22 -7
right_child=1 5 4 13 9 8 10 22 17 -11 23 18 24 21 -16 -17 27 -19 -20 -21 28 -23 -24 26 -26 -27 -28 -29 -30 -31
leaf_value=-3585.4087239583337 4443.274088541667 13284.4671875 -1140.8178059895833 8433.4046875000004 821.66032714843755 15813.207812499997 -2614.3013997395833 6542.8353515625004 18221.163281249999 2460.7794270833333 -1990.6600260416669 -3087.7655381944446 -177.78746795654297 8721.7312500000007 1441.8593098958336 -3293.4539322916667 -829.83172200520846 18923.837500000001 -2857.9144965277778 16703.104687499999 -2449.5848958333331 9368.7269531250004 6989.9945312500004 -1888.6357638888892 329.73466796875005 13781.21484375 -1657.3302246093751 -600.57111002604177 -2227.3284505208335 16251.128124999997
leaf_weight=144 36 11.999999999999998 36 36 72 12 144 48 24 36 72 108 24 11.999999999999998 36 180 72 11.999999999999998 216 11.999999999999998 72 24 24 72 11.999999999999998 24 72 36 36 12
leaf_count=144 36 12 36 36 72 12 144 48 24 36 72 108 24 12 36 180 72 12 216 12 72 24 24 72 12 24 72 36 36 12
internal_value=1.58169e-05 10467.5 -2093.51 7082.7 237.366 16108.9 -2770.21 5942.35 17355.6 1386.49 -2204.38 -3178.87 -681.933 8793.23 1028.39 -3423.21 -850.263 18455.4 -2934.53 16255.8 -2511.96 9153.06 6691.89 -1845.54 -8.61342 13615.6 -1772.98 -753.412 -2375.5 16032.2
internal_weight=1728 288 1440 180 324 108 1116 108 72 144 468 648 180 72 108 324 144 36 324 36 252 36 72 216 36 36 144 108 108 24
internal_count=1728 288 1440 180 324 108 1116 108 72 144 468 648 180 72 108 324 144 36 324 36 252 36 72 216 36 36 144 108 108 24
is_linear=0
shrinkage=0.05


Tree=5
num_leaves=31
num_cat=0
split_feature=0 0 0 0 0 0 0 0 0 0 0 0 0 0 0 0 0 6 0 6 6 6 1 0 6 6 1 6 6 6
split_gain=1.36701e+13 1.98529e+12 8.19952e+11 1.2675e+11 1.23559e+11 1.21187e+11 9.31577e+10 4.38075e+10 3.14381e+10 1.99982e+10 1.86469e+10 1.40019e+10 7.36482e+09 3.36535e+09 3.33258e+09 3.15428e+09 1.46287e+09 1.42595e+09 1.31986e+09 1.30005e+09 1.20901e+09 1.17106e+09 8.62515e+08 8.21057e+08 7.59759e+08 7.2798e+08 6.95316e+08 4.60695e+08 4.60487e+08 4.5539e+08
threshold=388286.60400000011 840329.43250000023 121294.55000000002 619852.88050000009 208019.18150000004 1048200.1775000001 41777.992500000008 507657.76500000007 1182183.7235000001 303117.76850000006 74959.462500000009 22666.579000000002 164842.97150000001 684755.53550000011 256199.82050000003 12036.576500000001 137286.37700000001 0.25000000000000006 55159.639500000012 0.25000000000000006 0.25000000000000006 0.15000000000000005 8058.1010000000015 87041.996000000028 0.15000000000000005 0.25000000000000006 15858.327500000001 0.15000000000000005 0.15000000000000005 0.15000000000000005
decision_type=2 2 2 2 2 2 2 2 2 2 2 2 2 2 2 2 2 2 2 2 2 2 2 2 2 2 2 2 2 2
left_child=2 3 6 7 12 25 11 -2 19 14 18 15 16 -5 -6 -1 -4 29 27 -7 -15 -9 -13 -12 -14 -3 -25 -8 -18 -10
right_child=1 5 4 13 9 8 10 21 17 -11 23 22 24 20 -16 -17 28 -19 -20 -21 -22 -23 -24 26 -26 -27 -28 -29 -30 -31
leaf_value=-3375.8142968749999 4221.1104166666664 12775.863671875 -1083.7769856770835 8011.734375 780.5772786458333 15230.560156250001 -2611.934326171875 6072.12109375 17092.306249999998 2337.7405598958335 -1891.1270182291669 -2846.6012044270833 -333.02438964843753 8490.5191406249996 1369.7663736979166 -3079.8095572916668 -861.75074869791661 17977.645312500001 -2254.2293836805557 15867.950000000001 9105.1867187500011 6499.8804687500005 -2673.5449869791669 -1794.2041232638892 154.23805408477784 13252.8265625 -1574.463671875 -2422.2192871093753 -642.73602701822927 17527.904687499999
leaf_weight=180 36 24 36 36 72 24 48 24 12 36 72 144 11.999999999999998 24 36 180 36 11.999999999999998 108 11.999999999999998 11.999999999999998 48 144 72 24 11.999999999999998 72 96 72 12
leaf_count=180 36 24 36 36 72 24 48 24 12 36 72 144 12 24 36 180 36 12 108 12 12 48 144 72 24 12 72 96 72 12
internal_value=2.56106e-05 9944.17 -1988.83 6728.57 225.498 15303.5 -2631.7 5645.23 16487.8 1317.17 -2094.16 -3019.93 -647.837 8353.57 976.974 -3227.81 -807.75 17532.6 -2386.36 15443 8695.41 6357.29 -2760.07 -1753.26 -8.18276 12934.9 -1684.33 -2485.46 -715.741 17310.1
internal_weight=1728 288 1440 180 324 108 1116 108 72 144 468 648 180 72 108 360 144 36 252 36 36 72 288 216 36 36 144 144 108 24
internal_count=1728 288 1440 180 324 108 1116 108 72 144 468 648 180 72 108 360 144 36 252 36 36 72 288 216 36 36 144 144 108 24
is_linear=0
shrinkage=0.05


Tree=6
num_leaves=31
num_cat=0
split_feature=0 0 0 0 0 0 0 0 0 0 0 0 0 0 0 0 1 0 6 6 6 6 2 0 6 6 1 6 2 0
split_gain=1.23372e+13 1.79173e+12 7.40007e+11 1.14392e+11 1.11512e+11 1.09371e+11 8.41287e+10 3.95363e+10 2.83729e+10 1.80484e+10 1.71957e+10 1.17993e+10 6.64675e+09 3.03723e+09 3.00765e+09 2.84674e+09 1.53746e+09 1.32024e+09 1.28692e+09 1.20944e+09 1.14923e+09 1.09751e+09 8.36507e+08 7.41005e+08 7.06773e+08 6.77083e+08 6.27522e+08 5.01511e+08 4.74786e+08 4.70766e+08
threshold=388286.60400000011 840329.43250000023 121294.55000000002 619852.88050000009 208019.18150000004 1048200.1775000001 45843.734500000013 507657.76500000007 1182183.7235000001 303117.76850000006 22666.579000000002 74959.462500000009 164842.97150000001 684755.53550000011 256199.82050000003 12036.576500000001 8058.1010000000015 137286.37700000001 0.25000000000000006 0.15000000000000005 0.15000000000000005 0.25000000000000006 106.31000000000002 87041.996000000028 0.25000000000000006 0.15000000000000005 15858.327500000001 0.15000000000000005 63.551500000000011 68725.196500000005
decision_type=2 2 2 2 2 2 2 2 2 2 2 2 2 2 2 2 2 2 2 2 2 2 2 2 2 2 2 2 2 2
left_child=2 3 6 7 12 25 10 -2 19 14 15 22 17 -5 -6 -1 -12 -4 -10 -7 -15 -9 29 -13 -14 -3 -25 -18 -29 -8
right_child=1 5 4 13 9 8 11 21 18 -11 16 23 24 20 -16 -17 27 -19 -20 -21 -22 -23 -24 26 -26 -27 -28 28 -30 -31
leaf_value=-3207.0236588541666 4010.0549479166666 11981.450000000001 -1029.5881184895834 7611.1476562500002 741.54843750000009 14261.020312500001 -2212.031271701389 5901.3931640625005 16444.600000000002 2220.8534505208331 -2704.2712239583334 -1796.5707682291668 -164.42844429016114 7861.1187500000005 1301.2779947916667 -2925.8191276041671 -2601.09765625 -679.953892686632 17078.764062500002 14875.797656250001 8460.3976562500011 6315.5011718750002 -2429.3049479166671 -1704.4937717013891 305.53603515625002 12441.4375 -1495.7405110677084 -2567.8759765625 -2375.2814453125002 -2003.2505208333332
leaf_weight=180 36 11.999999999999998 36 36 72 11.999999999999998 108 48 24 36 144 72 24 11.999999999999998 36 180 72 108 11.999999999999998 24 24 24 36 72 11.999999999999998 24 72 48 96 36
leaf_count=180 36 12 36 36 72 12 108 48 24 36 144 72 24 12 36 180 72 108 12 24 24 24 36 72 12 24 72 48 96 36
internal_value=1.61242e-06 9446.96 -1889.39 6392.14 214.223 14538.3 -2500.12 5362.97 15663.4 1251.31 -2822.07 -1914.75 -615.445 7935.89 928.125 -3066.42 -2577.72 -767.362 16656 14670.9 8260.64 6039.43 -2213.73 -1665.6 -7.77362 12288.1 -1600.12 -2493.35 -2439.48 -2159.84
internal_weight=1728 288 1440 180 324 108 1116 108 72 144 720 396 180 72 108 360 360 144 36 36 36 72 180 216 36 36 144 216 144 144
internal_count=1728 288 1440 180 324 108 1116 108 72 144 720 396 180 72 108 360 360 144 36 36 36 72 180 216 36 36 144 216 144 144
is_linear=0
shrinkage=0.05


Tree=7
num_leaves=31
num_cat=0
split_feature=0 0 0 0 0 0 0 0 0 0 0 1 0 0 0 0 6 0 0 6 1 6 6 0 6 6 1 6 6 6
split_gain=1.11344e+13 1.61703e+12 6.67856e+11 1.03239e+11 1.0064e+11 9.87072e+10 7.59985e+10 3.56815e+10 2.56066e+10 1.62887e+10 1.51499e+10 1.14277e+10 5.9987e+09 2.7411e+09 2.71441e+09 2.06888e+09 1.19694e+09 1.19151e+09 1.137e+09 1.11449e+09 1.08746e+09 1.03718e+09 1.00372e+09 6.68757e+08 6.51317e+08 6.24074e+08 5.66339e+08 4.47005e+08 4.32775e+08 3.7785e+08
threshold=388286.60400000011 840329.43250000023 121294.55000000002 619852.88050000009 208019.18150000004 1048200.1775000001 41777.992500000008 507657.76500000007 1182183.7235000001 303117.76850000006 74959.462500000009 6575.9135000000015 164842.97150000001 684755.53550000011 256199.82050000003 7391.9660000000013 0.15000000000000005 137286.37700000001 31159.647000000004 0.25000000000000006 11548.453500000001 0.15000000000000005 0.15000000000000005 87041.996000000028 0.15000000000000005 0.25000000000000006 15858.327500000001 0.15000000000000005 0.25000000000000006 0.25000000000000006
decision_type=2 2 2 2 2 2 2 2 2 2 2 2 2 2 2 2 2 2 2 2 2 2 2 2 2 2 2 2 2 2
left_child=2 3 6 7 12 25 11 29 19 14 20 15 17 -5 -6 -1 -10 -4 -13 -7 -8 -15 -9 -12 -14 -3 -25 -16 -19 -2
right_child=1 5 4 13 9 8 10 22 16 -11 23 18 24 21 27 -17 -18 28 -20 -21 -22 -23 -24 26 -26 -27 -28 -29 -30 -31
leaf_value=-3076.9966145833332 3695.0105468750003 11526.4984375 -978.10872395833348 7230.58984375 704.47099609375005 13740.61171875 -2242.923258463542 5473.4453125 15415.4609375 2109.8108723958335 -1706.742236328125 -2648.2544053819447 -308.1517333984375 7468.0625 987.04746093750009 -2822.7277994791671 16027.051562500001 -716.73028157552085 -2449.5610026041668 14330.762500000001 -2033.0372395833333 8037.3777343750007 5869.4638671875 -1619.2691623263891 142.99846572875978 11968.112500000001 -1420.9535156250001 1360.7974609375001 -504.40806477864584 4038.6355468750003
leaf_weight=144 24 24 36 36 72 24 144 24 11.999999999999998 36 72 108 11.999999999999998 11.999999999999998 11.999999999999998 180 24 72 216 11.999999999999998 108 24 48 72 24 11.999999999999998 72 24 36 11.999999999999998
leaf_count=144 24 24 36 36 72 24 144 24 12 36 72 108 12 12 12 180 24 72 216 12 108 24 48 72 24 12 72 24 36 12
internal_value=-2.83171e-05 8974.61 -1794.92 6072.53 203.512 13811.4 -2375.11 5094.82 14880.3 1188.74 -1889.59 -2725.76 -584.672 7539.1 881.719 -2935.74 15823.2 -728.994 -2515.79 13937.3 -2152.97 7847.61 5737.46 -1582.32 -7.38493 11673.7 -1520.11 1236.21 -645.956 3809.55
internal_weight=1728 288 1440 180 324 108 1116 108 72 144 468 648 180 72 108 324 36 144 324 36 252 36 72 216 36 36 144 36 108 36
internal_count=1728 288 1440 180 324 108 1116 108 72 144 468 648 180 72 108 324 36 144 324 36 252 36 72 216 36 36 144 36 108 36
is_linear=0
shrinkage=0.05


Tree=8
num_leaves=31
num_cat=0
split_feature=0 0 0 0 0 0 0 0 0 0 0 0 0 0 0 0 1 6 0 6 6 6 2 6 0 6 1 6 0 6
split_gain=1.00488e+13 1.45937e+12 6.0274e+11 9.31733e+10 9.08275e+10 8.90832e+10 6.86056e+10 3.22025e+10 2.31099e+10 1.47005e+10 1.40227e+10 9.5835e+09 5.41382e+09 2.47384e+09 2.44975e+09 2.3451e+09 1.27351e+09 1.10325e+09 1.07534e+09 1.03708e+09 9.84685e+08 9.41271e+08 7.09238e+08 6.06042e+08 6.03553e+08 5.80579e+08 5.11121e+08 4.52614e+08 4.10011e+08 4.09566e+08
threshold=388286.60400000011 840329.43250000023 121294.55000000002 619852.88050000009 208019.18150000004 1048200.1775000001 45843.734500000013 507657.76500000007 1182183.7235000001 303117.76850000006 22666.579000000002 74959.462500000009 164842.97150000001 684755.53550000011 256199.82050000003 12036.576500000001 8058.1010000000015 0.25000000000000006 137286.37700000001 0.15000000000000005 0.25000000000000006 0.25000000000000006 106.31000000000002 0.25000000000000006 87041.996000000028 0.15000000000000005 15858.327500000001 0.15000000000000005 68725.196500000005 0.25000000000000006
decision_type=2 2 2 2 2 2 2 2 2 2 2 2 2 2 2 2 2 2 2 2 2 2 2 2 2 2 2 2 2 2
left_child=2 3 6 7 12 25 10 -2 19 14 15 22 18 -5 -6 -1 -12 -10 -4 -7 -15 -9 28 -14 -13 -3 -26 -18 -8 -16
right_child=1 5 4 13 9 8 11 21 17 -11 16 24 23 20 29 -17 27 -19 -20 -21 -22 -23 -24 -25 26 -27 -28 -29 -30 -31
leaf_value=-2895.3651822916668 3619.0743489583338 10806.053125 -929.20325520833342 6869.0609375000004 669.24746093750002 12860.938281250001 -1996.2797526041668 5322.7509765625 14836.30703125 2004.3202473958333 -2441.6122395833331 -1621.4050944010417 -152.07819290161135 7270.3191406250007 1055.1513671875 -2640.1365104166671 -2352.0086588541667 15423.473437500001 -613.65839572482639 13430.224218750001 7825.0390625 5706.2527343750007 -2195.6934895833333 283.10930175781249 -1538.305685763889 11232.000390625 -1349.90576171875 -2198.4714843750003 -1801.4362630208334 1412.9076171875001
leaf_weight=180 36 11.999999999999998 36 36 72 11.999999999999998 108 48 24 36 144 72 24 24 24 180 72 11.999999999999998 108 24 11.999999999999998 24 36 11.999999999999998 72 24 72 144 36 11.999999999999998
leaf_count=180 36 12 36 36 72 12 108 48 24 36 144 72 24 24 24 180 72 12 108 24 12 24 36 12 72 24 72 144 36 12
internal_value=4.05382e-05 8525.88 -1705.18 5768.91 193.336 13120.8 -2256.36 4840.08 14136.2 1129.3 -2547.09 -1727.75 -555.439 7162.14 837.633 -2767.75 -2326.44 15032 -692.545 13240.5 7455.23 5450.58 -1997.19 -7.01569 -1503.21 11090 -1444.11 -2249.65 -1947.57 1174.4
internal_weight=1728 288 1440 180 324 108 1116 108 72 144 720 396 180 72 108 360 360 36 144 36 36 72 180 36 216 36 144 216 144 36
internal_count=1728 288 1440 180 324 108 1116 108 72 144 720 396 180 72 108 360 360 36 144 36 36 72 180 36 216 36 144 216 144 36
is_linear=0
shrinkage=0.05


Tree=9
num_leaves=31
num_cat=0
split_feature=0 0 0 0 0 0 0 0 0 0 0 1 0 0 0 0 6 0 6 0 0 6 6 6 0 6 1 6 6 6
split_gain=9.069e+12 1.31708e+12 5.43973e+11 8.40889e+10 8.19719e+10 8.03976e+10 6.20839e+10 2.90628e+10 2.08567e+10 1.32672e+10 1.22822e+10 9.29654e+09 4.88598e+09 2.23265e+09 2.2109e+09 1.71268e+09 1.02635e+09 9.70495e+08 9.55409e+08 9.23309e+08 9.01137e+08 8.88676e+08 8.60274e+08 5.58349e+08 5.44707e+08 5.34999e+08 4.61286e+08 3.94656e+08 3.83354e+08 3.73171e+08
threshold=388286.60400000011 840329.43250000023 121294.55000000002 619852.88050000009 208019.18150000004 1048200.1775000001 41777.992500000008 507657.76500000007 1182183.7235000001 303117.76850000006 74959.462500000009 6575.9135000000015 164842.97150000001 684755.53550000011 256199.82050000003 7391.9660000000013 0.15000000000000005 137286.37700000001 0.25000000000000006 31159.647000000004 55159.639500000012 0.25000000000000006 0.15000000000000005 0.15000000000000005 87041.996000000028 0.25000000000000006 15858.327500000001 0.15000000000000005 0.15000000000000005 0.15000000000000005
decision_type=2 2 2 2 2 2 2 2 2 2 2 2 2 2 2 2 2 2 2 2 2 2 2 2 2 2 2 2 2 2
left_child=2 3 6 7 12 25 11 -2 18 14 20 15 17 -5 -6 -1 -10 -4 -7 -13 29 -15 -9 -14 -12 -3 -26 -19 -16 -8
right_child=1 5 4 13 9 8 10 22 16 -11 24 19 23 21 28 -17 -18 27 -20 -21 -22 -23 -24 -25 26 -27 -28 -29 -30 -31
leaf_value=-2778.3784505208332 3438.1208333333338 10399.221875000001 -882.74309895833346 6525.6075520833338 635.78505859375002 12396.301953125001 -2137.5709472656249 4933.6355468750007 13902.871875000001 1904.1042317708334 -1540.3348307291667 -2390.4523220486112 -285.14023437500003 6906.8035156250007 884.9375 -2547.0321744791668 14469.204687500001 -718.1461100260417 12942.71328125 -2211.4010742187502 -1832.6794487847224 7433.7867187500005 5300.2658203125002 132.5727611541748 -1461.3903537326389 10808.107031250001 -1282.4105468750001 -515.39015706380212 1231.0561035156252 -1966.8255859375001
leaf_weight=144 36 24 36 36 72 24 48 24 11.999999999999998 36 72 108 11.999999999999998 24 11.999999999999998 180 24 36 11.999999999999998 216 108 11.999999999999998 48 24 72 11.999999999999998 72 72 24 96
leaf_count=144 36 24 36 36 72 24 48 24 12 36 72 108 12 24 12 180 24 36 12 216 108 12 48 24 72 12 72 72 24 96
internal_value=-1.31219e-06 8099.59 -1619.92 5480.46 183.669 12464.8 -2143.54 4598.08 13429.4 1072.84 -1704.71 -2460.47 -527.667 6804.04 795.751 -2649.85 14280.4 -657.917 12578.4 -2271.08 -1941.86 7082.46 5178.06 -6.6649 -1428.05 10535.5 -1371.9 -582.975 1115.68 -2023.74
internal_weight=1728 288 1440 180 324 108 1116 108 72 144 468 648 180 72 108 324 36 144 36 324 252 36 72 36 216 36 144 108 36 144
internal_count=1728 288 1440 180 324 108 1116 108 72 144 468 648 180 72 108 324 36 144 36 324 252 36 72 36 216 36 144 108 36 144
is_linear=0
shrinkage=0.05


Tree=10
num_leaves=31
num_cat=0
split_feature=0 0 0 0 0 0 0 0 0 0 0 1 0 0 0 0 6 6 0 0 6 0 6 6 6 0 1 6 6 6
split_gain=8.18477e+12 1.18867e+12 4.90935e+11 7.58902e+10 7.39796e+10 7.25588e+10 5.60308e+10 2.62292e+10 1.88232e+10 1.19737e+10 1.10847e+10 8.39013e+09 4.40959e+09 2.01496e+09 1.99534e+09 1.54569e+09 9.45777e+08 8.89274e+08 8.75871e+08 8.50757e+08 8.44791e+08 8.43964e+08 8.07292e+08 5.19671e+08 4.97835e+08 4.91598e+08 4.16312e+08 3.71195e+08 3.51052e+08 3.41009e+08
threshold=388286.60400000011 840329.43250000023 121294.55000000002 619852.88050000009 208019.18150000004 1048200.1775000001 41777.992500000008 507657.76500000007 1182183.7235000001 303117.76850000006 74959.462500000009 6575.9135000000015 164842.97150000001 684755.53550000011 256199.82050000003 7391.9660000000013 0.25000000000000006 0.15000000000000005 137286.37700000001 68725.196500000005 0.15000000000000005 33295.90400000001 0.25000000000000006 0.25000000000000006 0.15000000000000005 87041.996000000028 15858.327500000001 0.25000000000000006 0.25000000000000006 0.25000000000000006
decision_type=2 2 2 2 2 2 2 2 2 2 2 2 2 2 2 2 2 2 2 2 2 2 2 2 2 2 2 2 2 2
left_child=2 3 6 7 12 24 11 29 17 14 19 15 18 -5 -6 -1 -10 -7 -4 -8 -15 -13 -9 -14 -3 -12 -27 -20 -16 -2
right_child=1 5 4 13 9 8 10 22 16 -11 25 21 23 20 28 -17 -18 -19 27 -21 -22 -23 -24 -25 -26 26 -28 -29 -30 -31
leaf_value=-2639.4595052083332 3157.4001953125003 9745.7890625 -838.60590820312507 6199.3273437500002 603.995849609375 11598.0765625 -1882.2700846354169 4800.7658203125002 13385.189062500001 1808.8989583333332 -1463.3181315104166 -2247.7530436197917 -140.66008834838868 6385.8035156250007 949.493896484375 -2419.6806119791668 13928.839062500001 12125.237109375001 -619.3724283854167 -1619.7304036458336 6899.6101562500007 -2085.3526432291669 5155.9269531250002 262.3251953125 10140.2171875 -1388.3209201388891 -1218.2899414062501 -422.7352213541667 1280.7093750000001 3483.84375
leaf_weight=144 24 11.999999999999998 36 36 72 11.999999999999998 216 48 24 36 72 144 24 11.999999999999998 24 180 11.999999999999998 24 72 36 24 180 24 11.999999999999998 24 72 72 36 11.999999999999998 11.999999999999998
leaf_count=144 24 12 36 36 72 12 216 48 24 36 72 144 24 12 24 180 12 24 72 36 24 180 24 12 24 72 72 36 12 12
internal_value=-9.11642e-06 7694.61 -1538.92 5206.44 174.486 11841.6 -2036.36 4368.17 12758 1019.2 -1619.48 -2337.45 -501.284 6463.83 755.964 -2517.36 13566.4 11949.5 -625.021 -1844.76 6728.34 -2157.53 4919.15 -6.33166 10008.7 -1356.64 -1303.31 -553.827 1059.9 3266.21
internal_weight=1728 288 1440 180 324 108 1116 108 72 144 468 648 180 72 108 324 36 36 144 252 36 324 72 36 36 216 144 108 36 36
internal_count=1728 288 1440 180 324 108 1116 108 72 144 468 648 180 72 108 324 36 36 144 252 36 324 72 36 36 216 144 108 36 36
is_linear=0
shrinkage=0.05


Tree=11
num_leaves=31
num_cat=0
split_feature=0 0 0 0 0 0 0 0 0 0 0 0 0 0 0 0 1 6 6 0 6 6 2 6 6 0 6 1 2 6
split_gain=7.38676e+12 1.07277e+12 4.43069e+11 6.84909e+10 6.67666e+10 6.54844e+10 5.06292e+10 2.36718e+10 1.69879e+10 1.08062e+10 1.03253e+10 6.97993e+09 3.97966e+09 1.8185e+09 1.80079e+09 1.76046e+09 9.44148e+08 8.80068e+08 8.19029e+08 7.90474e+08 7.62425e+08 7.37318e+08 5.8461e+08 4.78649e+08 4.58632e+08 4.43667e+08 3.92701e+08 3.75721e+08 3.55303e+08 3.38228e+08
threshold=388286.60400000011 840329.43250000023 121294.55000000002 619852.88050000009 208019.18150000004 1048200.1775000001 45843.734500000013 507657.76500000007 1182183.7235000001 303117.76850000006 22666.579000000002 74959.462500000009 164842.97150000001 684755.53550000011 256199.82050000003 12036.576500000001 8058.1010000000015 0.15000000000000005 0.25000000000000006 137286.37700000001 0.15000000000000005 0.15000000000000005 106.31000000000002 0.15000000000000005 0.25000000000000006 87041.996000000028 0.15000000000000005 15858.327500000001 63.551500000000011 0.15000000000000005
decision_type=2 2 2 2 2 2 2 2 2 2 2 2 2 2 2 2 2 2 2 2 2 2 2 2 2 2 2 2 2 2
left_child=2 3 6 7 12 24 10 -2 18 14 15 22 19 -5 -6 -1 -12 -10 -7 -4 -15 -9 -8 -14 -3 -13 -18 -27 -28 -21
right_child=1 5 4 13 9 8 11 21 17 -11 16 25 23 20 -16 -17 26 -19 -20 29 -22 -23 -24 -25 -26 27 28 -29 -30 -31
leaf_value=-2484.2162760416668 3102.9039062500001 9382.1109374999996 -796.6756510416667 5889.3609375000005 573.79604492187502 11183.403906250001 -1665.3364176432294 4446.9152343750002 12538.469531250001 1718.4540364583333 -2094.1276692708334 -1390.1522135416667 -263.8502197265625 6066.5132812500005 1006.9041341145835 -2263.0792057291669 -2024.1858072916668 13062.894140625001 11689.315625000001 -651.27018229166674 6554.6298828125 4786.3351562500002 -1890.6082682291669 122.90249557495117 9760.6906250000011 -1318.904806857639 -1992.24296875 -1157.37548828125 -1825.6354492187502 -463.56796061197923
leaf_weight=180 36 24 36 36 72 24 144 24 11.999999999999998 36 144 72 11.999999999999998 11.999999999999998 36 180 72 24 11.999999999999998 36 24 48 36 24 11.999999999999998 72 48 72 96 72
leaf_count=180 36 24 36 36 72 24 144 24 12 36 144 72 12 12 36 180 72 24 12 36 24 48 36 24 12 72 48 72 96 72
internal_value=8.83385e-06 7309.88 -1461.98 4946.12 165.761 11249.5 -1934.54 4149.76 12120.1 968.238 -2184.3 -1480.44 -476.219 6140.64 718.165 -2373.65 -1994.96 12888.1 11352 -593.77 6391.92 4673.2 -1710.39 -6.01508 9508.3 -1288.81 -1928.84 -1238.14 -1881.17 -526.135
internal_weight=1728 288 1440 180 324 108 1116 108 72 144 720 396 180 72 108 360 360 36 36 144 36 72 180 36 36 216 216 144 144 108
internal_count=1728 288 1440 180 324 108 1116 108 72 144 720 396 180 72 108 360 360 36 36 144 36 72 180 36 36 216 216 144 144 108
is_linear=0
shrinkage=0.05


Tree=12
num_leaves=31
num_cat=0
split_feature=0 0 0 0 0 0 0 0 0 0 0 1 0 0 0 0 1 6 6 6 0 0 6 6 6 6 6 6 0 0
split_gain=6.66655e+12 9.68178e+11 3.9987e+11 6.18131e+10 6.02568e+10 5.90996e+10 4.57008e+10 2.13638e+10 1.53316e+10 9.75263e+09 9.08286e+09 6.84133e+09 3.59164e+09 1.6412e+09 1.62522e+09 1.27929e+09 9.70359e+08 8.10776e+08 7.62545e+08 7.23784e+08 7.13403e+08 6.97501e+08 6.92394e+08 4.45612e+08 4.26885e+08 3.28771e+08 3.18385e+08 3.07761e+08 3.05786e+08 2.81462e+08
threshold=388286.60400000011 840329.43250000023 121294.55000000002 619852.88050000009 208019.18150000004 1048200.1775000001 41777.992500000008 507657.76500000007 1182183.7235000001 303117.76850000006 68725.196500000005 6575.9135000000015 164842.97150000001 684755.53550000011 256199.82050000003 7391.9660000000013 13134.513000000001 0.25000000000000006 0.15000000000000005 0.25000000000000006 137286.37700000001 31159.647000000004 0.25000000000000006 0.25000000000000006 0.15000000000000005 0.15000000000000005 0.25000000000000006 0.25000000000000006 240407.42100000003 145818.27200000003
decision_type=2 2 2 2 2 2 2 2 2 2 2 2 2 2 2 2 2 2 2 2 2 2 2 2 2 2 2 2 2 2
left_child=2 3 6 7 12 24 11 27 18 14 -8 15 20 -5 28 -1 -12 -10 -7 -15 -4 -13 -9 -14 -3 -16 -22 -2 -6 -28
right_child=1 5 4 13 9 8 10 22 17 -11 16 21 23 19 25 -17 -18 -19 -20 -21 26 -23 -24 -25 -26 -27 29 -29 -30 -31
leaf_value=-2383.2757161458335 2844.3849609375002 8789.39453125 -756.84187825520837 5594.8929687500004 442.0645751953125 10459.00234375 -1699.2377875434029 4329.8962890624998 12075.896093750001 1632.5313802083335 -1412.5191731770835 -2051.0199001736109 -130.1033920288086 5913.7992187500004 742.87075195312502 -2183.3313151041671 -1195.3321180555556 12579.25234375 10947.157421875001 6389.3855468750007 -560.53285319010422 -1895.3960611979169 4658.8136718750002 243.06381835937501 9154.6363281249996 1063.40302734375 -180.70339355468752 3154.5064453125001 648.14791666666679 -477.27838134765625
leaf_weight=144 24 11.999999999999998 36 36 36 11.999999999999998 216 48 24 36 72 108 24 24 11.999999999999998 180 180 11.999999999999998 24 11.999999999999998 72 216 24 11.999999999999998 24 24 11.999999999999998 11.999999999999998 36 24
leaf_count=144 24 12 36 36 36 12 216 48 24 36 72 108 24 24 12 180 180 12 24 12 72 216 24 12 24 24 12 12 36 24
internal_value=-2.06983e-06 6944.38 -1388.88 4698.81 157.473 10687 -1837.82 3942.28 11514.1 919.826 -1461.32 -2109.73 -452.408 5833.61 682.257 -2272.2 -1257.39 12243.7 10784.4 6072.33 -564.082 -1947.27 4439.54 -5.71432 9032.89 956.559 -499.829 2947.76 545.106 -378.42
internal_weight=1728 288 1440 180 324 108 1116 108 72 144 468 648 180 72 108 324 252 36 36 36 144 324 72 36 36 36 108 36 72 36
internal_count=1728 288 1440 180 324 108 1116 108 72 144 468 648 180 72 108 324 252 36 36 36 144 324 72 36 36 36 108 36 72 36
is_linear=0
shrinkage=0.05


Tree=13
num_leaves=31
num_cat=0
split_feature=0 0 0 0 0 0 0 0 0 0 0 0 0 0 0 0 1 6 6 6 0 6 2 6 6 1 6 6 6 6
split_gain=6.01656e+12 8.73781e+11 3.60883e+11 5.57863e+10 5.43818e+10 5.33374e+10 4.1355e+10 1.92808e+10 1.38368e+10 8.80175e+09 8.40256e+09 5.67047e+09 3.24146e+09 1.48118e+09 1.46676e+09 1.45096e+09 7.76157e+08 7.54645e+08 7.02113e+08 6.53255e+08 6.43846e+08 6.31923e+08 5.10087e+08 4.10322e+08 3.93166e+08 3.84902e+08 3.70533e+08 3.00893e+08 2.89863e+08 2.89385e+08
threshold=388286.60400000011 840329.43250000023 121294.55000000002 619852.88050000009 208019.18150000004 1048200.1775000001 45843.734500000013 507657.76500000007 1182183.7235000001 303117.76850000006 22666.579000000002 74959.462500000009 164842.97150000001 684755.53550000011 256199.82050000003 12036.576500000001 8058.1010000000015 0.15000000000000005 0.25000000000000006 0.15000000000000005 137286.37700000001 0.15000000000000005 106.31000000000002 0.15000000000000005 0.25000000000000006 13436.337500000001 0.25000000000000006 0.25000000000000006 0.15000000000000005 0.15000000000000005
decision_type=2 2 2 2 2 2 2 2 2 2 2 2 2 2 2 2 2 2 2 2 2 2 2 2 2 2 2 2 2 2
left_child=2 3 6 7 12 24 10 29 18 14 15 22 20 -5 -6 -1 -12 -10 -7 -15 -4 -9 -8 -14 -3 -13 -18 -16 -22 -2
right_child=1 5 4 13 9 8 11 21 17 -11 16 25 23 19 27 -17 26 -19 -20 -21 28 -23 -24 -25 -26 -27 -28 -29 -30 -31
leaf_value=-2242.8412760416668 2599.890625 8464.404296875 -718.99978841145833 5315.1480468750005 517.85092366536458 10089.079687500001 -1500.69169921875 4008.0746093750004 11307.750781250001 1550.9048177083334 -1890.7608723958333 -1257.1853190104166 -244.15253906250001 5467.4976562500005 806.51716308593757 -2042.0817838541666 -1787.2066080729169 11793.370703125001 10557.4921875 5919.3185546875002 -590.6800455729167 4322.3005859374998 -1711.1160807291669 113.93336029052735 8814.9242187500004 -1115.5980577256946 -1648.2871744791669 1113.1585937500001 -416.91574096679688 2900.6109375000001
leaf_weight=180 11.999999999999998 24 36 36 72 24 144 24 11.999999999999998 36 144 72 11.999999999999998 11.999999999999998 24 180 144 24 11.999999999999998 24 36 48 36 24 11.999999999999998 144 72 11.999999999999998 72 24
leaf_count=180 12 24 36 36 72 24 144 24 12 36 144 72 12 12 24 180 144 24 12 24 36 48 36 24 12 144 72 12 72 24
internal_value=-2.27116e-05 6597.16 -1319.43 4463.87 149.6 10152.7 -1745.93 3745.16 10938.4 873.834 -1971.65 -1335.51 -429.788 5541.93 648.144 -2142.46 -1800.84 11631.5 10245.2 5768.71 -535.878 4217.56 -1542.78 -5.42861 8581.24 -1162.79 -1740.9 908.731 -474.837 2800.37
internal_weight=1728 288 1440 180 324 108 1116 108 72 144 720 396 180 72 108 360 360 36 36 36 144 72 180 36 36 216 216 36 108 36
internal_count=1728 288 1440 180 324 108 1116 108 72 144 720 396 180 72 108 360 360 36 36 36 144 72 180 36 36 216 216 36 108 36
is_linear=0
shrinkage=0.05


Tree=14
num_leaves=31
num_cat=0
split_feature=0 0 0 0 0 0 0 0 0 0 0 1 0 0 0 0 1 6 6 6 6 0 0 6 6 6 0 6 6 0
split_gain=5.42994e+12 7.88587e+11 3.25697e+11 5.03471e+10 4.90796e+10 4.8137e+10 3.73291e+10 1.7401e+10 1.24877e+10 7.94358e+09 7.42589e+09 5.56478e+09 2.92541e+09 1.33677e+09 1.32375e+09 1.059e+09 7.78835e+08 6.95042e+08 6.53879e+08 6.20961e+08 5.93863e+08 5.81071e+08 5.67106e+08 3.8211e+08 3.66051e+08 2.81964e+08 2.75972e+08 2.73093e+08 2.6376e+08 2.54019e+08
threshold=388286.60400000011 840329.43250000023 121294.55000000002 619852.88050000009 208019.18150000004 1048200.1775000001 41777.992500000008 507657.76500000007 1182183.7235000001 303117.76850000006 68725.196500000005 6575.9135000000015 164842.97150000001 684755.53550000011 256199.82050000003 7391.9660000000013 13134.513000000001 0.25000000000000006 0.15000000000000005 0.25000000000000006 0.25000000000000006 137286.37700000001 31159.647000000004 0.25000000000000006 0.15000000000000005 0.15000000000000005 240407.42100000003 0.25000000000000006 0.25000000000000006 145818.27200000003
decision_type=2 2 2 2 2 2 2 2 2 2 2 2 2 2 2 2 2 2 2 2 2 2 2 2 2 2 2 2 2 2
left_child=2 3 6 7 12 24 11 28 18 14 -8 15 21 -5 26 -1 -12 -10 -7 -15 -9 -4 -13 -14 -3 -16 -6 -23 -2 -29
right_child=1 5 4 13 9 8 10 20 17 -11 16 22 23 19 25 -17 -18 -19 -20 -21 -22 27 -24 -25 -26 -27 -28 29 -30 -31
leaf_value=-2151.9698567708333 2564.6531250000003 7926.7039062500007 -683.04978841145839 5049.390625 394.06878255208335 9431.5984375000007 -1533.4842990451389 3905.1419921875004 10894.573046875001 1473.3596028645834 -1272.9462727864584 -1851.4087673611111 -120.34274482727051 5333.4388671875004 665.40131835937507 -1970.0530338541666 -1078.3697319878472 11360.62109375 9883.6351562500004 5773.9503906250002 4209.7582031250004 -507.31632486979174 -1711.0835286458332 225.21396484375001 8264.9210937500011 962.240966796875 589.84796549479177 -150.82243652343752 2851.7505859375001 -432.56868896484377
leaf_weight=144 24 11.999999999999998 36 36 36 11.999999999999998 216 48 24 36 72 108 24 24 11.999999999999998 180 180 11.999999999999998 24 11.999999999999998 24 72 216 11.999999999999998 24 24 36 11.999999999999998 11.999999999999998 24
leaf_count=144 24 12 36 36 36 12 216 48 24 36 72 108 24 24 12 180 180 12 24 12 24 72 216 12 24 24 36 12 12 24
internal_value=-2.20228e-06 6267.31 -1253.46 4240.68 142.12 9645.02 -1658.63 3557.9 10391.4 830.143 -1318.36 -1904.38 -408.299 5264.83 615.737 -2050.9 -1133.96 11049.9 9732.96 5480.28 4006.68 -509.084 -1757.86 -5.15717 8152.18 863.294 491.958 -451.095 2660.35 -338.653
internal_weight=1728 288 1440 180 324 108 1116 108 72 144 468 648 180 72 108 324 252 36 36 36 72 144 324 36 36 36 72 108 36 36
internal_count=1728 288 1440 180 324 108 1116 108 72 144 468 648 180 72 108 324 252 36 36 36 72 144 324 36 36 36 72 108 36 36
is_linear=0
shrinkage=0.05


Tree=15
num_leaves=31
num_cat=0
split_feature=0 0 0 0 0 0 0 0 0 0 0 0 0 0 0 0 1 6 6 6 6 0 2 6 0 6 6 2 6 6
split_gain=4.90053e+12 7.117e+11 2.93941e+11 4.54383e+10 4.42943e+10 4.34437e+10 3.37796e+10 1.57044e+10 1.12701e+10 7.16908e+09 6.83774e+09 4.60572e+09 2.64019e+09 1.20643e+09 1.19585e+09 1.19468e+09 6.50026e+08 6.47099e+08 6.01879e+08 5.60417e+08 5.41582e+08 5.24417e+08 4.45476e+08 3.51746e+08 3.5129e+08 3.37041e+08 3.28402e+08 2.77126e+08 3.55538e+08 2.57896e+08
threshold=388286.60400000011 840329.43250000023 121294.55000000002 619852.88050000009 208019.18150000004 1048200.1775000001 45843.734500000013 507657.76500000007 1182183.7235000001 303117.76850000006 22666.579000000002 74959.462500000009 164842.97150000001 684755.53550000011 12036.576500000001 256199.82050000003 8505.381000000003 0.15000000000000005 0.25000000000000006 0.25000000000000006 0.15000000000000005 137286.37700000001 106.31000000000002 0.15000000000000005 100590.71350000003 0.25000000000000006 0.25000000000000006 90.431000000000012 0.15000000000000005 0.25000000000000006
decision_type=2 2 2 2 2 2 2 2 2 2 2 2 2 2 2 2 2 2 2 2 2 2 2 2 2 2 2 2 2 2
left_child=2 3 6 7 12 25 10 -2 18 15 14 22 21 -5 -1 -6 -12 -10 -7 -15 -9 -4 -8 -14 27 -3 -18 -13 -29 -17
right_child=1 5 4 13 9 8 11 20 17 -11 16 24 23 19 -16 29 26 -19 -20 -21 -22 -23 -24 -25 -26 -27 -28 28 -30 -31
leaf_value=-2024.9198307291667 2527.3347005208334 7636.3933593750007 -648.89729817708337 4796.9210937500002 467.3604736328125 9101.7449218750007 -1352.2396077473959 3612.4140625 10197.63515625 1399.6915364583335 -1692.8075585937499 -1108.6503607855902 -225.92778320312502 5066.7669921875004 -1842.6614322916666 725.500244140625 -1606.18921875 10647.322265625 9535.4351562499996 5485.2527343750007 3903.3128906250004 -428.54053683810764 -1548.8860026041666 105.61492052078248 -906.53336588541663 7960.9320312500004 -1462.9233984375001 -1175.7666992187501 -842.44169921875005 1009.38857421875
leaf_weight=180 36 24 36 36 72 24 144 24 11.999999999999998 36 180 144 11.999999999999998 24 180 24 120 24 11.999999999999998 11.999999999999998 48 108 36 24 36 11.999999999999998 60 11.999999999999998 24 11.999999999999998
leaf_count=180 36 24 36 36 72 24 144 24 12 36 180 144 12 24 180 24 120 24 12 12 48 108 36 24 36 12 60 12 24 12
internal_value=-1.7877e-06 5953.94 -1190.79 4028.64 135.014 9162.77 -1575.7 3380.01 9871.87 788.636 -1779.71 -1204.78 -387.884 5001.59 -1933.79 584.95 -1625.62 10497.4 9246.31 5206.26 3806.35 -483.63 -1391.57 -4.89931 -1049.11 7744.57 -1558.43 -1077.63 -953.55 820.13
internal_weight=1728 288 1440 180 324 108 1116 108 72 144 720 396 180 72 360 108 360 36 36 36 72 144 180 36 216 36 180 180 36 36
internal_count=1728 288 1440 180 324 108 1116 108 72 144 720 396 180 72 360 108 360 36 36 36 72 144 180 36 216 36 180 180 36 36
is_linear=0
shrinkage=0.05


Tree=16
num_leaves=31
num_cat=0
split_feature=0 0 0 0 0 0 0 0 0 0 0 0 0 0 0 0 6 1 6 6 6 0 2 6 6 0 6 2 6 2
split_gain=4.42272e+12 6.42309e+11 2.65282e+11 4.1008e+10 3.99756e+10 3.92079e+10 3.0486e+10 1.41732e+10 1.01713e+10 6.47009e+09 6.17106e+09 4.15666e+09 2.38277e+09 1.08881e+09 1.07926e+09 1.0782e+09 5.95825e+08 5.86769e+08 5.60704e+08 5.32045e+08 5.0936e+08 4.73286e+08 4.02042e+08 3.2766e+08 3.21522e+08 3.17039e+08 3.13887e+08 2.69034e+08 2.51104e+08 2.50106e+08
threshold=388286.60400000011 840329.43250000023 121294.55000000002 619852.88050000009 208019.18150000004 1048200.1775000001 45843.734500000013 507657.76500000007 1182183.7235000001 303117.76850000006 22666.579000000002 74959.462500000009 164842.97150000001 684755.53550000011 12036.576500000001 256199.82050000003 0.25000000000000006 8058.1010000000015 0.15000000000000005 0.15000000000000005 0.25000000000000006 137286.37700000001 106.31000000000002 0.25000000000000006 0.15000000000000005 100590.71350000003 0.15000000000000005 63.551500000000011 0.15000000000000005 90.431000000000012
decision_type=2 2 2 2 2 2 2 2 2 2 2 2 2 2 2 2 2 2 2 2 2 2 2 2 2 2 2 2 2 2
left_child=2 3 6 7 12 26 10 -2 18 15 14 22 21 28 -1 -6 -10 -12 -7 -15 -9 -4 -8 -14 -19 29 -3 -26 -5 -13
right_child=1 5 4 13 9 8 11 20 16 -11 17 25 23 19 -16 -17 -18 24 -20 -21 -22 -23 -24 -25 27 -27 -28 -29 -30 -31
leaf_value=-1923.6737760416665 2400.9680338541671 7148.5492187500004 -616.45242513020833 4370.3249999999998 443.9924235026042 8504.9312499999996 -1284.627644856771 3521.9917968750001 9828.720703125 1329.7069661458336 -1622.5201497395835 -1053.2178412543403 -111.31778640747071 4674.1125000000002 -1750.5284179687501 779.12320963541674 10260.224218750001 -1578.490234375 8923.5242187500007 5081.8675781250004 3804.1042968750003 -407.11351589626742 -1471.4416666666666 208.67250976562502 -1545.7353271484376 -861.20670572916663 7461.7421875 -1400.7584472656251 4650.4499999999998 -905.87255859375
leaf_weight=180 36 11.999999999999998 36 11.999999999999998 72 11.999999999999998 144 48 24 36 144 144 24 11.999999999999998 180 36 11.999999999999998 72 24 24 24 108 36 11.999999999999998 48 36 24 96 24 36
leaf_count=180 36 12 36 12 72 12 144 48 24 36 144 144 24 12 180 36 12 72 24 24 24 108 36 12 48 36 24 96 24 36
internal_value=6.29072e-06 5656.24 -1131.25 3827.21 128.263 8704.63 -1496.91 3211.01 9378.27 749.204 -1690.72 -1144.54 -368.489 4751.51 -1837.1 555.703 9972.56 -1544.34 8783.99 4945.95 3616.03 -459.448 -1321.99 -4.65435 -1492.22 -996.658 7357.34 -1449.08 4557.07 -1023.75
internal_weight=1728 288 1440 180 324 108 1116 108 72 144 720 396 180 72 360 108 36 360 36 36 72 144 180 36 216 216 36 144 36 180
internal_count=1728 288 1440 180 324 108 1116 108 72 144 720 396 180 72 360 108 36 360 36 36 72 144 180 36 216 216 36 144 36 180
is_linear=0
shrinkage=0.05


Tree=17
num_leaves=31
num_cat=0
split_feature=0 0 0 0 0 0 1 0 0 0 0 0 1 0 0 0 1 6 6 6 6 0 0 6 6 0 6 0 6 6
split_gain=3.99151e+12 5.79684e+11 2.39417e+11 3.70098e+10 3.6078e+10 3.53851e+10 2.75369e+10 1.27913e+10 9.1796e+09 7.12843e+09 5.83926e+09 2.15045e+09 1.97547e+09 9.92833e+08 9.82646e+08 9.73077e+08 8.64917e+08 5.54885e+08 5.15954e+08 4.80172e+08 4.64148e+08 4.27141e+08 3.91615e+08 3.0153e+08 2.88926e+08 2.64265e+08 2.71067e+08 2.49065e+08 2.48407e+08 2.48211e+08
threshold=388286.60400000011 840329.43250000023 121294.55000000002 619852.88050000009 208019.18150000004 1048200.1775000001 11548.453500000001 507657.76500000007 1182183.7235000001 22666.579000000002 303117.76850000006 164842.97150000001 13134.513000000001 7391.9660000000013 684755.53550000011 256199.82050000003 8505.381000000003 0.15000000000000005 0.25000000000000006 0.25000000000000006 0.15000000000000005 137286.37700000001 68725.196500000005 0.15000000000000005 0.25000000000000006 63082.982000000011 0.25000000000000006 240407.42100000003 0.15000000000000005 0.15000000000000005
decision_type=2 2 2 2 2 2 2 2 2 2 2 2 2 2 2 2 2 2 2 2 2 2 2 2 2 2 2 2 2 2
left_child=2 3 6 7 11 24 9 29 18 13 15 21 22 -1 -5 27 -11 -10 -7 -16 -9 -4 -8 -13 -3 26 -18 -6 -23 -2
right_child=1 5 4 14 10 8 12 20 17 16 -12 23 -14 -15 19 -17 25 -19 -20 -21 -22 28 -24 -25 -26 -27 -28 -29 -30 -31
leaf_value=-1846.9417317708333 2095.2484374999999 6889.31640625 -585.62981770833335 4329.2214843749998 328.79771321614589 8210.9460937500007 -1254.2411621093752 3255.6937500000004 9196.3171875000007 -1527.6998697916667 1263.2216145833336 -209.06550292968751 -923.3235666232639 -1677.4489637586805 4569.5291015624998 740.16705729166677 -1444.706103515625 9612.732421875 8612.4875000000011 4956.8968750000004 3524.9949218750003 -493.99747721354174 -1089.3305501302084 97.900302219390881 7189.7984375000005 -1258.77685546875 -1325.8866699218752 514.78790690104177 -333.13800557454431 2373.7551757812503
leaf_weight=144 11.999999999999998 24 36 36 36 24 72 24 11.999999999999998 180 36 11.999999999999998 180 216 24 36 144 24 11.999999999999998 11.999999999999998 48 36 72 24 11.999999999999998 36 72 36 72 24
leaf_count=144 12 24 36 36 36 24 72 24 12 180 36 12 180 216 24 36 144 24 12 12 48 36 72 24 12 36 72 36 72 24
internal_value=-8.61707e-06 5373.43 -1074.69 3635.85 121.85 8269.4 -1422.07 3050.46 8909.36 -1580.92 711.744 -350.065 -1033.75 -1745.25 4513.94 527.918 -1443.99 9473.93 8344.79 4698.65 3435.23 -436.476 -1171.79 -4.42163 6989.48 -1384.2 -1405.1 421.793 -386.758 2280.92
internal_weight=1728 288 1440 180 324 108 1116 108 72 792 144 180 324 360 72 108 432 36 36 36 72 144 144 36 36 252 216 72 108 36
internal_count=1728 288 1440 180 324 108 1116 108 72 792 144 180 324 360 72 108 432 36 36 36 72 144 144 36 36 252 216 72 108 36
is_linear=0
shrinkage=0.05


Tree=18
num_leaves=31
num_cat=0
split_feature=0 0 0 0 0 0 0 0 0 0 0 1 0 0 0 0 0 6 6 6 6 0 0 6 6 1 6 6 0 6
split_gain=3.60234e+12 5.23165e+11 2.16074e+11 3.34013e+10 3.25604e+10 3.19351e+10 2.49119e+10 1.15442e+10 8.28458e+09 5.26993e+09 4.96475e+09 3.69926e+09 1.94078e+09 8.86839e+08 8.78202e+08 7.21252e+08 5.29555e+08 5.10765e+08 4.80809e+08 4.56463e+08 4.36892e+08 3.87208e+08 3.85494e+08 2.80971e+08 2.69158e+08 2.52806e+08 2.41825e+08 2.3425e+08 2.29252e+08 2.29232e+08
threshold=388286.60400000011 840329.43250000023 121294.55000000002 619852.88050000009 208019.18150000004 1048200.1775000001 41777.992500000008 507657.76500000007 1182183.7235000001 303117.76850000006 68725.196500000005 6575.9135000000015 164842.97150000001 684755.53550000011 256199.82050000003 7391.9660000000013 87041.996000000028 0.25000000000000006 0.15000000000000005 0.15000000000000005 0.25000000000000006 31159.647000000004 137286.37700000001 0.25000000000000006 0.15000000000000005 15858.327500000001 0.15000000000000005 0.25000000000000006 145818.27200000003 0.25000000000000006
decision_type=2 2 2 2 2 2 2 2 2 2 2 2 2 2 2 2 2 2 2 2 2 2 2 2 2 2 2 2 2 2
left_child=2 3 6 7 12 24 11 -2 18 14 -8 15 22 29 -6 -1 -12 -10 -7 -15 -9 -13 -4 -14 -3 -18 -16 -24 -29 -5
right_child=1 5 4 13 9 8 10 20 17 -11 16 21 23 19 26 -17 25 -19 -20 -21 -22 -23 27 -25 -26 -27 -28 28 -30 -31
leaf_value=-1754.5946614583333 2166.8735677083332 6446.65625 -556.34832356770835 4023.5445312500001 400.70316162109378 7669.1375000000007 -1248.8904188368056 3176.375 8867.05859375 1200.0605794270834 -1005.9104709201389 -1509.5601562500001 -102.9727668762207 4211.9300781250004 519.89174804687502 -1604.4643359375002 -925.69533420138896 9266.5757812499996 8056.7621093750004 4589.6134765625002 3437.6496093750002 -1393.6087944878473 -419.48942057291674 193.3438720703125 6736.6769531250002 -793.19645996093755 794.79221191406259 -84.841711425781256 -352.50064697265628 4291.19140625
leaf_weight=144 36 11.999999999999998 36 24 72 11.999999999999998 216 48 24 36 108 108 24 11.999999999999998 11.999999999999998 180 72 11.999999999999998 24 24 24 216 72 11.999999999999998 24 72 24 11.999999999999998 24 11.999999999999998
leaf_count=144 36 12 36 24 72 12 216 48 24 36 108 108 24 12 12 180 72 12 24 24 24 216 72 12 24 72 24 12 24 12
internal_value=-1.67776e-06 5104.76 -1020.95 3454.06 115.757 7855.93 -1350.96 2897.94 8463.89 676.156 -1072.99 -1551.72 -332.562 4288.24 501.522 -1671.19 -922.216 9000.23 7927.55 4463.72 3263.47 -1432.26 -414.652 -4.20055 6640 -859.446 703.159 -367.42 -263.281 4112.76
internal_weight=1728 288 1440 180 324 108 1116 108 72 144 468 648 180 72 108 324 252 36 36 36 72 324 144 36 36 144 36 108 36 36
internal_count=1728 288 1440 180 324 108 1116 108 72 144 468 648 180 72 108 324 252 36 36 36 72 324 144 36 36 144 36 108 36 36
is_linear=0
shrinkage=0.05


Tree=19
num_leaves=31
num_cat=0
split_feature=0 0 0 0 0 0 1 0 0 0 0 0 1 0 0 0 1 6 6 6 6 0 0 6 6 6 6 0 6 6
split_gain=3.25111e+12 4.72156e+11 1.95007e+11 3.01447e+10 2.93858e+10 2.88214e+10 2.25106e+10 1.04186e+10 7.47684e+09 5.79732e+09 4.75611e+09 1.75155e+09 1.60715e+09 8.18166e+08 8.00371e+08 7.92577e+08 7.0843e+08 4.75816e+08 4.4229e+08 4.11958e+08 3.97777e+08 3.47909e+08 3.00742e+08 2.5848e+08 2.47677e+08 2.31841e+08 2.26045e+08 2.24781e+08 2.2104e+08 2.15368e+08
threshold=388286.60400000011 840329.43250000023 121294.55000000002 619852.88050000009 208019.18150000004 1048200.1775000001 11548.453500000001 507657.76500000007 1182183.7235000001 22666.579000000002 303117.76850000006 164842.97150000001 13134.513000000001 12036.576500000001 684755.53550000011 256199.82050000003 8505.381000000003 0.15000000000000005 0.25000000000000006 0.15000000000000005 0.15000000000000005 137286.37700000001 68725.196500000005 0.15000000000000005 0.25000000000000006 0.25000000000000006 0.25000000000000006 240407.42100000003 0.25000000000000006 0.15000000000000005
decision_type=2 2 2 2 2 2 2 2 2 2 2 2 2 2 2 2 2 2 2 2 2 2 2 2 2 2 2 2 2 2
left_child=2 3 6 7 11 24 9 26 18 13 15 21 22 -1 29 27 -11 -10 -7 -16 -9 -4 -8 -13 -3 -18 -2 -6 -17 -5
right_child=1 5 4 14 10 8 12 20 17 16 -12 23 -14 -15 19 28 25 -19 -20 -21 -22 -23 -24 -25 -26 -27 -28 -29 -30 -31
leaf_value=-1650.6095963541666 1969.9366210937501 6215.267578125 -528.5308919270833 3734.1707031250003 292.32266438802088 7407.2515625000005 -1129.0845703125001 2934.0902343750004 8293.1484375 -1379.3154101562502 1140.0575520833333 -193.46358642578127 -832.72045138888905 -1499.8553776041667 4001.3335937500001 580.39362792968757 -1283.3526367187501 8678.7550781250011 7779.0250000000005 4360.1326171874998 3183.3946777343754 -349.04894951714414 -984.56853841145846 90.746010398864755 6493.474609375 -1181.6175083705357 2235.7166015625003 469.01335449218755 843.21503906250007 3993.5982421875001
leaf_weight=180 24 24 36 11.999999999999998 36 24 72 24 11.999999999999998 180 36 11.999999999999998 180 180 11.999999999999998 24 168 24 11.999999999999998 24 48 108 72 24 11.999999999999998 84 11.999999999999998 36 11.999999999999998 24
leaf_count=180 24 24 36 12 36 24 72 24 12 180 36 12 180 180 12 24 168 24 12 24 48 108 72 24 12 84 12 36 12 24
internal_value=-6.34282e-06 4849.52 -969.904 3281.35 109.97 7463.13 -1283.42 2753.04 8040.7 -1427.04 642.349 -315.934 -932.323 -1575.23 4073.83 476.446 -1303.56 8550.22 7531.18 4240.53 3100.29 -393.919 -1056.83 -3.99052 6308 -1249.44 2058.53 380.668 668.001 3907.12
internal_weight=1728 288 1440 180 324 108 1116 108 72 792 144 180 324 360 72 108 432 36 36 36 72 144 144 36 36 252 36 72 36 36
internal_count=1728 288 1440 180 324 108 1116 108 72 792 144 180 324 360 72 108 432 36 36 36 72 144 144 36 36 252 36 72 36 36
is_linear=0
shrinkage=0.05


Tree=20
num_leaves=31
num_cat=0
split_feature=0 0 0 0 0 0 0 0 0 0 0 1 0 0 0 0 1 6 6 6 6 6 0 6 6 6 6 6 0 0
split_gain=2.93413e+12 4.26121e+11 1.75993e+11 2.72056e+10 2.65206e+10 2.60113e+10 2.03764e+10 9.40278e+09 6.74784e+09 4.29239e+09 4.0125e+09 3.00301e+09 1.58078e+09 7.22335e+08 7.15301e+08 5.97049e+08 4.45352e+08 4.37847e+08 4.12302e+08 3.91076e+08 3.74742e+08 3.40927e+08 3.13988e+08 2.40937e+08 2.30807e+08 2.15179e+08 2.12901e+08 2.12876e+08 2.21118e+08 2.12339e+08
threshold=388286.60400000011 840329.43250000023 121294.55000000002 619852.88050000009 208019.18150000004 1048200.1775000001 41777.992500000008 507657.76500000007 1182183.7235000001 303117.76850000006 68725.196500000005 6575.9135000000015 164842.97150000001 684755.53550000011 256199.82050000003 7391.9660000000013 13436.337500000001 0.25000000000000006 0.15000000000000005 0.25000000000000006 0.25000000000000006 0.15000000000000005 137286.37700000001 0.25000000000000006 0.15000000000000005 0.15000000000000005 0.15000000000000005 0.15000000000000005 145818.27200000003 33295.90400000001
decision_type=2 2 2 2 2 2 2 2 2 2 2 2 2 2 2 2 2 2 2 2 2 2 2 2 2 2 2 2 2 2
left_child=2 3 6 7 12 24 11 26 18 14 25 15 22 -5 -6 -1 -12 -10 -7 -15 -9 29 -4 -14 -3 -8 -2 -24 -29 -13
right_child=1 5 4 13 9 8 10 20 17 -11 16 21 23 19 -16 -17 -18 -19 -20 -21 -22 -23 27 -25 -26 -27 -28 28 -30 -31
leaf_value=-1584.3344075520836 1783.6455078125 5813.5597656250002 -502.10432942708331 3711.7661458333337 361.63461507161463 6915.3179687500005 -1196.5559244791666 2864.619140625 7999.4078125000005 1083.0547200520834 -909.05249565972235 -1444.0936767578125 -95.256190872192391 3911.9773437500003 634.60073242187502 -1447.7408658854167 -774.73621690538198 8369.3093750000007 7274.2667968750002 4261.564453125 3106.5972656250001 -1256.9082899305556 -430.8707194010417 179.13937988281251 6082.1248046875007 -1090.6917236328125 2041.5824218750001 -158.04240112304689 -343.91789550781255 -1303.00240234375
leaf_weight=144 11.999999999999998 11.999999999999998 36 36 72 11.999999999999998 72 48 24 36 108 48 24 24 36 180 144 11.999999999999998 24 11.999999999999998 24 216 36 11.999999999999998 24 144 24 24 48 60
leaf_count=144 12 12 36 36 72 12 72 48 24 36 108 48 24 24 36 180 144 12 24 12 24 216 36 12 24 144 24 24 48 60
internal_value=-4.40633e-06 4607.05 -921.409 3117.29 104.471 7089.98 -1219.25 2615.39 7638.66 610.231 -967.845 -1400.81 -300.137 3870.14 452.623 -1508.45 -832.3 8122.71 7154.62 4028.51 2945.28 -1293.18 -374.223 -3.791 5992.6 -1125.98 1955.6 -331.597 -281.959 -1365.71
internal_weight=1728 288 1440 180 324 108 1116 108 72 144 468 648 180 72 108 324 252 36 36 36 72 324 144 36 36 216 36 108 72 108
internal_count=1728 288 1440 180 324 108 1116 108 72 144 468 648 180 72 108 324 252 36 36 36 72 324 144 36 36 216 36 108 72 108
is_linear=0
shrinkage=0.05


Tree=21
num_leaves=31
num_cat=0
split_feature=0 0 0 0 0 0 0 0 0 0 0 0 1 0 0 0 1 6 6 6 6 6 0 0 6 6 6 4 0 6
split_gain=2.64805e+12 3.84574e+11 1.58834e+11 2.4553e+10 2.39349e+10 2.34752e+10 1.84438e+10 8.48601e+09 6.08993e+09 4.71934e+09 3.87388e+09 1.42665e+09 1.29705e+09 6.7045e+08 6.51908e+08 6.45559e+08 5.78342e+08 4.08017e+08 3.7914e+08 3.5297e+08 3.43037e+08 3.40889e+08 2.83374e+08 2.24601e+08 2.21575e+08 2.12316e+08 2.07403e+08 2.04378e+08 2.02865e+08 2.00937e+08
threshold=388286.60400000011 840329.43250000023 121294.55000000002 619852.88050000009 208019.18150000004 1048200.1775000001 55159.639500000012 507657.76500000007 1182183.7235000001 22666.579000000002 303117.76850000006 164842.97150000001 13134.513000000001 12036.576500000001 684755.53550000011 256199.82050000003 8505.381000000003 0.15000000000000005 0.25000000000000006 0.15000000000000005 0.25000000000000006 0.15000000000000005 137286.37700000001 68725.196500000005 0.15000000000000005 0.25000000000000006 0.15000000000000005 37.504500000000007 240407.42100000003 0.25000000000000006
decision_type=2 2 2 2 2 2 2 2 2 2 2 2 2 2 2 2 2 2 2 2 2 2 2 2 2 2 2 2 2 2
left_child=2 3 6 7 11 25 9 -2 18 13 15 22 23 -1 -5 28 -11 -10 -7 -16 -18 -9 -4 -8 -13 -3 -17 -22 -6 -24
right_child=1 5 4 14 10 8 12 21 17 16 -12 24 -14 -15 19 26 20 -19 -20 -21 27 -23 29 -25 -26 -27 -28 -29 -30 -31
leaf_value=-1490.2282877604166 1857.8233072916669 5607.1121093750007 -476.9991536458333 3526.1778645833338 259.62479248046878 6682.1492187500007 -1014.7765299479166 2644.1546875000004 7478.5203125000007 -1245.3250846354167 1028.9018880208334 -179.02760009765626 -751.00446180555559 -1353.7598828125001 3605.6683593750004 433.1474609375 -1169.2293945312501 7835.5992187500005 7026.3601562500007 3937.7875000000004 -996.15285156250002 2874.9444335937501 -363.24173990885419 -889.88748372395844 84.1116273880005 5864.6949218750005 687.73232421875002 -1168.79443359375 427.48097330729172 -218.5665323893229
leaf_weight=180 36 24 36 36 36 24 72 24 11.999999999999998 180 36 11.999999999999998 180 180 11.999999999999998 11.999999999999998 168 24 11.999999999999998 24 60 48 72 72 24 11.999999999999998 24 24 36 36
leaf_count=180 36 24 36 36 36 24 72 24 12 180 36 12 180 180 12 12 168 24 12 24 60 48 72 72 24 12 24 24 36 36
internal_value=-5.47921e-06 4376.69 -875.339 2961.42 99.2475 6735.48 -1158.28 2484.62 7256.73 -1288.29 579.72 -285.13 -840.483 -1421.99 3676.63 429.992 -1176.87 7716.57 6796.89 3827.08 -1127.98 2798.01 -355.512 -952.332 -3.60145 5692.97 602.871 -1045.48 343.553 -315.017
internal_weight=1728 288 1440 180 324 108 1116 108 72 792 144 180 324 360 72 108 432 36 36 36 252 72 144 144 36 36 36 84 72 108
internal_count=1728 288 1440 180 324 108 1116 108 72 792 144 180 324 360 72 108 432 36 36 36 252 72 144 144 36 36 36 84 72 108
is_linear=0
shrinkage=0.05


Tree=22
num_leaves=31
num_cat=0
split_feature=0 0 0 0 0 0 0 0 0 0 0 0 0 0 0 0 6 6 6 6 6 1 0 2 0 6 6 6 6 6
split_gain=2.38986e+12 3.47078e+11 1.43348e+11 2.21591e+10 2.16012e+10 2.11864e+10 1.66881e+10 7.65863e+09 5.49616e+09 3.49618e+09 3.3056e+09 2.2327e+09 1.28755e+09 6.09983e+08 5.88346e+08 5.82617e+08 3.75335e+08 3.53559e+08 3.42073e+08 3.35519e+08 3.2144e+08 2.58683e+08 2.55745e+08 2.51619e+08 2.36064e+08 2.06609e+08 1.97921e+08 1.96462e+08 1.93718e+08 1.89448e+08
threshold=388286.60400000011 840329.43250000023 121294.55000000002 619852.88050000009 208019.18150000004 1048200.1775000001 45843.734500000013 507657.76500000007 1182183.7235000001 303117.76850000006 22666.579000000002 74959.462500000009 164842.97150000001 7391.9660000000013 684755.53550000011 256199.82050000003 0.25000000000000006 0.15000000000000005 0.15000000000000005 0.25000000000000006 0.25000000000000006 8058.1010000000015 137286.37700000001 106.31000000000002 100590.71350000003 0.25000000000000006 0.15000000000000005 0.25000000000000006 0.25000000000000006 0.25000000000000006
decision_type=2 2 2 2 2 2 2 2 2 2 2 2 2 2 2 2 2 2 2 2 2 2 2 2 2 2 2 2 2 2
left_child=2 3 6 7 12 26 10 28 17 15 13 23 22 -1 27 -6 -10 -7 -12 -16 -9 -20 -4 -8 -13 -14 -3 -5 -2 -17
right_child=1 5 4 14 9 8 11 20 16 -11 18 24 25 -15 19 29 -18 -19 21 -21 -22 -23 -24 -25 -26 -27 -28 -29 -30 -31
leaf_value=-1430.6062825520835 1682.91796875 5242.5261718750007 -453.1491617838542 3267.2759765625001 326.3752400716146 6235.4445312500002 -940.15473225911467 2583.41064453125 7216.5847656250007 977.45686848958348 -1205.553251953125 -754.65431532118055 -88.120478439331066 -1297.7531087239586 3527.7919921875 491.62192382812503 7559.0640625000005 6567.8406250000007 -1165.7378906250001 3851.5968750000002 2807.5201171875001 -1059.7777180989585 -299.26584303114151 -1087.9448567708334 -614.3973307291667 165.97683105468752 5491.2232421875005 3515.0550781250004 1928.9605468750001 734.93764648437502
leaf_weight=144 24 11.999999999999998 36 24 72 11.999999999999998 144 48 24 36 120 180 24 216 24 24 11.999999999999998 24 96 11.999999999999998 24 144 108 36 36 11.999999999999998 24 11.999999999999998 11.999999999999998 11.999999999999998
leaf_count=144 24 12 36 24 72 12 144 48 24 36 120 180 24 216 24 24 12 24 96 12 24 144 108 36 36 12 24 12 12 12
internal_value=6.0523e-06 4157.86 -831.572 2813.35 94.2852 6398.7 -1100.37 2360.39 6893.89 550.734 -1243.76 -839.658 -270.874 -1350.89 3492.8 408.493 7330.74 6457.04 -1136.63 3635.73 2658.11 -1102.16 -337.737 -969.713 -731.278 -3.42138 5408.32 3349.87 1764.93 572.727
internal_weight=1728 288 1440 180 324 108 1116 108 72 144 720 396 180 360 72 108 36 36 360 36 72 240 144 180 216 36 36 36 36 36
internal_count=1728 288 1440 180 324 108 1116 108 72 144 720 396 180 360 72 108 36 36 360 36 72 240 144 180 216 36 36 36 36 36
is_linear=0
shrinkage=0.05


Tree=23
num_leaves=31
num_cat=0
split_feature=0 0 0 0 0 0 0 0 0 0 0 1 0 0 0 0 0 6 6 6 6 6 4 6 1 6 6 6 6 0
split_gain=2.15685e+12 3.13238e+11 1.29371e+11 1.99986e+10 1.94951e+10 1.91207e+10 1.50925e+10 6.91191e+09 4.96028e+09 3.1553e+09 2.93331e+09 2.19841e+09 1.16202e+09 5.3747e+08 5.30982e+08 4.43023e+08 3.66261e+08 3.49882e+08 3.25004e+08 3.02806e+08 2.92129e+08 2.78146e+08 2.3974e+08 2.88422e+08 2.03951e+08 2.10647e+08 1.9293e+08 1.89938e+08 1.84722e+08 1.83899e+08
threshold=388286.60400000011 840329.43250000023 121294.55000000002 619852.88050000009 208019.18150000004 1048200.1775000001 41777.992500000008 507657.76500000007 1182183.7235000001 303117.76850000006 68725.196500000005 6575.9135000000015 164842.97150000001 240407.42100000003 684755.53550000011 7391.9660000000013 87041.996000000028 0.15000000000000005 0.25000000000000006 0.25000000000000006 0.15000000000000005 0.15000000000000005 99.63600000000001 0.15000000000000005 15858.327500000001 0.25000000000000006 0.15000000000000005 0.15000000000000005 0.15000000000000005 256199.82050000003
decision_type=2 2 2 2 2 2 2 2 2 2 2 2 2 2 2 2 2 2 2 2 2 2 2 2 2 2 2 2 2 2
left_child=2 3 6 7 12 -3 11 -2 18 13 -8 15 22 -6 28 -1 -12 -10 -7 -16 -9 -13 23 -4 -18 -26 -15 -14 -5 -28
right_child=1 5 4 14 9 8 10 20 17 -11 16 21 27 26 19 -17 24 -19 -20 -21 -22 -23 -24 -25 25 -27 29 -29 -30 -31
leaf_value=-1359.0760091145835 1676.685546875 5137.9080729166672 -397.86011962890626 3022.201171875 230.32479248046877 6027.9597656250007 -964.19414876302096 2382.7765625000002 6743.7648437500002 928.58401692708344 -782.69924045138896 -1175.0338975694447 -165.67020263671876 351.19022216796878 3351.4024414062501 -1241.4134830729167 -720.39687228732646 7074.4281250000004 6346.650390625 3659.0171875000001 2596.4239257812501 -1076.7595594618056 -385.36455485026045 -185.5726432800293 -661.8609619140625 -480.44001464843751 426.94648437500001 77.959639263153079 3262.462890625 622.68171386718757
leaf_weight=144 36 36 24 11.999999999999998 36 24 216 24 11.999999999999998 36 108 108 11.999999999999998 24 24 180 72 24 11.999999999999998 11.999999999999998 48 216 72 48 48 24 24 24 24 24
leaf_count=144 36 36 24 12 36 24 216 24 12 36 108 108 12 24 24 180 72 24 12 12 48 216 72 48 48 24 24 24 24 24
internal_value=-3.65531e-06 3949.97 -789.993 2672.68 89.5709 6078.77 -1045.35 2242.37 6549.2 523.197 -828.987 -1201.61 -257.33 388.068 3318.16 -1293.71 -713.095 6964.21 6134.19 3453.94 2525.21 -1109.52 -320.85 -256.335 -660.892 -601.387 466.939 -3.25031 3182.38 524.814
internal_weight=1728 288 1440 180 324 108 1116 108 72 144 468 648 180 108 72 324 252 36 36 36 72 324 144 72 144 72 72 36 36 48
internal_count=1728 288 1440 180 324 108 1116 108 72 144 468 648 180 108 72 324 252 36 36 36 72 324 144 72 144 72 72 36 36 48
is_linear=0
shrinkage=0.05


Tree=24
num_leaves=31
num_cat=0
split_feature=0 0 0 0 0 0 1 0 0 0 0 0 1 0 0 0 6 0 6 6 6 0 6 6 6 6 6 6 0 6
split_gain=1.94656e+12 2.82697e+11 1.16758e+11 1.80487e+10 1.75943e+10 1.72564e+10 1.36408e+10 6.238e+09 4.47666e+09 3.51737e+09 2.84766e+09 1.04872e+09 9.58399e+08 6.18985e+08 4.85067e+08 4.79212e+08 3.21746e+08 3.20671e+08 3.03189e+08 2.87478e+08 2.75727e+08 2.17428e+08 2.05332e+08 1.82617e+08 1.82002e+08 1.80869e+08 1.77174e+08 1.72129e+08 1.84301e+08 1.68374e+08
threshold=388286.60400000011 840329.43250000023 121294.55000000002 619852.88050000009 208019.18150000004 1048200.1775000001 11548.453500000001 507657.76500000007 1182183.7235000001 27705.340000000004 303117.76850000006 164842.97150000001 13134.513000000001 12036.576500000001 240407.42100000003 684755.53550000011 0.25000000000000006 41777.992500000008 0.15000000000000005 0.15000000000000005 0.25000000000000006 137286.37700000001 0.25000000000000006 0.15000000000000005 0.25000000000000006 0.25000000000000006 0.25000000000000006 0.25000000000000006 145818.27200000003 0.25000000000000006
decision_type=2 2 2 2 2 2 2 2 2 2 2 2 2 2 2 2 2 2 2 2 2 2 2 2 2 2 2 2 2 2
left_child=2 3 6 7 11 24 9 23 18 13 14 21 -8 -1 -6 29 -10 -11 -7 -17 -9 -4 -15 -2 -3 -16 -13 -23 -29 -5
right_child=1 5 4 15 10 8 12 20 16 17 -12 26 -14 22 25 19 -18 -19 -20 -21 -22 27 -24 -25 -26 -27 -28 28 -30 -31
leaf_value=-1278.7379361979167 1433.5918945312501 4801.5171875000005 -411.22348632812503 2946.7957031250003 218.80855305989587 5622.2742187500007 -815.92197672526049 2329.7601562499999 6510.3005859375007 -1033.5318452380952 882.15481770833344 -81.521694374084475 -642.8614002821181 -1187.6655436197916 387.55604248046876 3081.4250000000002 6827.3898437500002 -939.9986490885417 5930.0835937500005 3381.1531250000003 2537.3230468750003 -313.96974690755212 -1084.2519368489584 1672.4809082031252 5040.0035156250005 555.6654052734375 153.78000488281251 -20.074807739257814 -260.06222534179688 3176.1791015625004
leaf_weight=180 11.999999999999998 24 36 24 36 11.999999999999998 144 48 24 252 36 24 180 144 48 11.999999999999998 11.999999999999998 144 24 24 24 72 72 24 11.999999999999998 24 11.999999999999998 11.999999999999998 24 11.999999999999998
leaf_count=180 12 24 36 24 36 12 144 48 24 252 36 24 180 144 48 12 12 144 24 24 24 72 72 24 12 24 12 12 24 12
internal_value=1.08233e-05 3752.47 -750.493 2539.05 85.0924 5774.83 -993.083 2130.25 6221.74 -1104.89 497.037 -244.463 -719.777 -1210.26 368.665 3152.25 6616 -999.52 5827.48 3281.24 2398.95 -304.807 -1153.19 1592.85 4881.01 443.592 -3.08779 -269.335 -180.066 3023.26
internal_weight=1728 288 1440 180 324 108 1116 108 72 792 144 180 324 396 108 72 36 396 36 36 72 144 216 36 36 72 36 108 36 36
internal_count=1728 288 1440 180 324 108 1116 108 72 792 144 180 324 396 108 72 36 396 36 36 72 144 216 36 36 72 36 108 36 36
is_linear=0
shrinkage=0.05


Tree=25
num_leaves=31
num_cat=0
split_feature=0 0 0 0 0 0 0 0 0 0 0 0 1 0 0 0 2 6 6 6 6 6 6 4 6 6 6 6 6 6
split_gain=1.75677e+12 2.55134e+11 1.05374e+11 1.6289e+10 1.58789e+10 1.55739e+10 1.23581e+10 5.62979e+09 4.04018e+09 3.16941e+09 2.57001e+09 9.46469e+08 8.53222e+08 6.69424e+08 4.54583e+08 4.32489e+08 3.16391e+08 3.2385e+08 3.00032e+08 2.78595e+08 2.59449e+08 2.50338e+08 2.00348e+08 1.99479e+08 2.49199e+08 1.69722e+08 1.66011e+08 1.62816e+08 1.5844e+08 1.5207e+08
threshold=388286.60400000011 840329.43250000023 121294.55000000002 619852.88050000009 208019.18150000004 1048200.1775000001 55159.639500000012 507657.76500000007 1182183.7235000001 31159.647000000004 303117.76850000006 164842.97150000001 13134.513000000001 12036.576500000001 256199.82050000003 684755.53550000011 63.551500000000011 0.15000000000000005 0.15000000000000005 0.25000000000000006 0.15000000000000005 0.15000000000000005 0.15000000000000005 99.63600000000001 0.15000000000000005 0.15000000000000005 0.25000000000000006 0.15000000000000005 0.15000000000000005 0.15000000000000005
decision_type=2 2 2 2 2 2 2 2 2 2 2 2 2 2 2 2 2 2 2 2 2 2 2 2 2 2 2 2 2 2
left_child=2 3 6 7 11 25 9 26 19 13 14 23 -8 -1 -6 28 -11 -18 -10 -7 -17 -9 -15 24 -4 -3 -2 -13 -5 -16
right_child=1 5 4 15 10 8 12 21 18 16 -12 27 -14 22 29 20 17 -19 -20 -21 -22 -23 -24 -25 -26 -27 -28 -29 -30 -31
leaf_value=-1214.8010221354168 1437.285888671875 4483.4285156249998 -362.26862792968751 2723.7511718750002 277.69596557617189 5437.7527343750007 -774.00701497395835 2147.1496093750002 6081.0621093750005 -997.68824055989592 838.04708658854167 -153.31060791015625 -610.71833062065969 -1151.6013532366071 349.97165527343753 2927.3539062500004 -988.58987630208344 -858.71609293619792 6387.2644531250007 5732.8136718750002 3212.0953125000001 2344.9256835937499 -1057.0281529017857 -348.41571858723961 -164.94305686950685 4713.728515625 1665.0541015625001 72.25519695281983 2946.2653320312502 567.96708984375005
leaf_weight=180 24 11.999999999999998 24 11.999999999999998 72 24 144 24 11.999999999999998 144 36 11.999999999999998 180 84 11.999999999999998 11.999999999999998 72 144 24 11.999999999999998 24 48 168 72 48 24 11.999999999999998 24 24 24
leaf_count=180 24 12 24 12 72 24 144 24 12 144 36 12 180 84 12 12 72 144 24 12 24 48 168 72 48 24 12 24 24 24
internal_value=-3.90565e-06 3564.84 -712.969 2412.1 80.8377 5486.09 -943.429 2023.74 5910.65 -1049.85 472.185 -232.24 -683.291 -1141.16 350.231 2994.64 -940.28 -902.007 6285.2 5536.11 3117.18 2279 -1088.55 -289.567 -230.718 4636.96 1513.21 -2.9334 2872.09 495.302
internal_weight=1728 288 1440 180 324 108 1116 108 72 792 144 180 324 432 108 72 360 216 36 36 36 72 252 144 72 36 36 36 36 36
internal_count=1728 288 1440 180 324 108 1116 108 72 792 144 180 324 432 108 72 360 216 36 36 36 72 252 144 72 36 36 36 36 36
is_linear=0
shrinkage=0.05


Tree=26
num_leaves=31
num_cat=0
split_feature=0 0 0 0 0 0 1 0 0 0 0 0 0 0 0 0 6 6 0 6 6 0 0 6 6 6 6 6 6 0
split_gain=1.58548e+12 2.30259e+11 9.50998e+10 1.47008e+10 1.43307e+10 1.40555e+10 1.11725e+10 5.08089e+09 3.64627e+09 2.85948e+09 2.31944e+09 8.54189e+08 7.77112e+08 5.01065e+08 4.15752e+08 3.90321e+08 2.75804e+08 2.59998e+08 2.53673e+08 2.46637e+08 2.36521e+08 1.84973e+08 1.84138e+08 1.765e+08 1.57711e+08 1.56646e+08 1.56015e+08 1.51934e+08 1.47418e+08 1.59706e+08
threshold=388286.60400000011 840329.43250000023 121294.55000000002 619852.88050000009 208019.18150000004 1048200.1775000001 11548.453500000001 507657.76500000007 1182183.7235000001 27705.340000000004 303117.76850000006 164842.97150000001 74959.462500000009 12036.576500000001 240407.42100000003 684755.53550000011 0.25000000000000006 0.15000000000000005 41777.992500000008 0.25000000000000006 0.25000000000000006 137286.37700000001 100590.71350000003 0.25000000000000006 0.25000000000000006 0.15000000000000005 0.25000000000000006 0.25000000000000006 0.25000000000000006 145818.27200000003
decision_type=2 2 2 2 2 2 2 2 2 2 2 2 2 2 2 2 2 2 2 2 2 2 2 2 2 2 2 2 2 2
left_child=2 3 6 7 11 26 9 25 17 13 14 21 -8 -1 -6 -5 -10 -7 -11 -17 -9 -4 -14 -15 -16 -2 -3 -13 -23 -30
right_child=1 5 4 15 10 8 12 20 16 18 -12 27 22 23 24 19 -18 -19 -20 -21 -22 28 -24 -25 -26 -27 -28 -29 29 -31
leaf_value=-1154.0609830729168 1290.0479492187501 4331.5124999999998 -373.24153645833337 2728.4892578125 193.98333333333335 5069.2726562500002 -758.42279730902783 2100.97021484375 5873.0773437500002 -932.68869512648826 796.14469401041674 -75.419218826293942 -614.80333062065984 -1073.0665283203125 349.76161499023442 2868.7816406250004 6166.6566406250004 5354.3152343750007 -849.49835611979165 3146.4039062500001 2293.2105468750001 -283.67747192382814 -490.92911783854174 -977.18797200520839 506.74057617187503 1511.29833984375 4552.3167968750004 142.47824707031251 -10.823915100097658 -234.22514648437502
leaf_weight=180 11.999999999999998 24 36 36 36 11.999999999999998 108 48 24 252 36 24 180 144 48 24 11.999999999999998 24 144 11.999999999999998 24 72 36 72 24 24 11.999999999999998 11.999999999999998 11.999999999999998 24
leaf_count=180 12 24 36 36 36 12 108 48 24 252 36 24 180 144 48 24 12 24 144 12 24 72 36 72 24 24 12 12 12 24
internal_value=-4.37454e-06 3386.6 -677.32 2291.49 76.7958 5211.78 -896.257 1922.55 5615.12 -997.444 448.576 -220.628 -648.913 -1092.45 332.72 2844.91 5970.94 5259.3 -902.438 2961.32 2165.05 -275.089 -594.158 -1041.11 402.088 1437.55 4405.11 -2.78673 -242.371 -159.758
internal_weight=1728 288 1440 180 324 108 1116 108 72 792 144 180 324 396 108 72 36 36 396 36 72 144 216 216 72 36 36 36 108 36
internal_count=1728 288 1440 180 324 108 1116 108 72 792 144 180 324 396 108 72 36 36 396 36 72 144 216 216 72 36 36 36 108 36
is_linear=0
shrinkage=0.05


Tree=27
num_leaves=31
num_cat=0
split_feature=0 0 0 0 0 0 0 0 0 0 0 0 1 0 0 6 6 6 6 6 2 0 6 0 0 6 6 6 2 6
split_gain=1.4309e+12 2.07809e+11 8.58276e+10 1.32675e+10 1.29335e+10 1.26851e+10 1.01082e+10 4.5855e+09 3.29075e+09 2.58436e+09 2.09329e+09 7.70905e+08 6.94892e+08 5.41187e+08 3.89871e+08 3.62662e+08 3.00138e+08 2.57287e+08 2.38811e+08 2.1452e+08 2.11985e+08 1.99877e+08 1.72639e+08 1.66938e+08 1.56613e+08 1.45542e+08 1.42263e+08 1.40649e+08 1.96181e+08 1.39565e+08
threshold=388286.60400000011 840329.43250000023 121294.55000000002 619852.88050000009 208019.18150000004 1048200.1775000001 55159.639500000012 507657.76500000007 1182183.7235000001 31159.647000000004 303117.76850000006 164842.97150000001 13134.513000000001 12036.576500000001 256199.82050000003 0.25000000000000006 0.25000000000000006 0.15000000000000005 0.25000000000000006 0.15000000000000005 63.551500000000011 684755.53550000011 0.15000000000000005 137286.37700000001 684755.53550000011 0.15000000000000005 0.25000000000000006 0.15000000000000005 90.431000000000012 0.15000000000000005
decision_type=2 2 2 2 2 2 2 2 2 2 2 2 2 2 2 2 2 2 2 2 2 2 2 2 2 2 2 2 2 2
left_child=2 3 6 7 11 25 9 26 18 13 14 23 -8 -1 -6 21 -11 -10 -7 -9 -18 -5 -15 -4 -17 -3 -2 -14 -29 -13
right_child=1 5 4 15 10 8 12 19 17 16 -12 29 27 22 -16 24 20 -19 -20 -21 -22 -23 -24 -25 -26 -27 -28 28 -30 -31
leaf_value=-1096.3578776041666 1295.38798828125 4042.681640625 -354.57945149739589 2521.2810546875003 248.90939127604167 4905.2755859375002 -698.04233805338549 1934.7437500000001 5483.3550781250005 -881.03276367187505 756.33746744791677 -141.87410888671874 -613.18628906250001 -1041.3706612723215 450.43244628906251 2733.6324218749996 -865.57709960937507 5766.9078125000005 5178.4574218750004 2117.8249023437502 -729.92503255208339 2725.3425781250003 -953.58066406250009 -230.25245276557075 2989.0835937499996 4255.9464843750002 1506.2365234375002 -551.39352823893239 -391.56755371093755 66.965962553024298
leaf_weight=180 24 11.999999999999998 36 24 72 24 144 24 11.999999999999998 240 36 11.999999999999998 60 84 36 12 48 24 11.999999999999998 48 72 24 168 108 12 24 11.999999999999998 96 24 24
leaf_count=180 24 12 36 24 72 24 144 24 12 240 36 12 60 84 36 12 48 24 12 48 72 24 168 108 12 24 12 96 24 24
internal_value=1.02796e-05 3217.27 -643.454 2176.92 72.9561 4951.19 -851.444 1826.42 5334.36 -947.691 426.147 -209.597 -616.175 -1030.14 316.084 2702.66 -848.75 5672.39 4996.34 2056.8 -784.186 2623.31 -982.844 -261.334 2861.36 4184.86 1365.67 -550.681 -519.428 -2.64739
internal_weight=1728 288 1440 180 324 108 1116 108 72 792 144 180 324 432 108 72 360 36 36 72 120 48 252 144 24 36 36 180 120 36
internal_count=1728 288 1440 180 324 108 1116 108 72 792 144 180 324 432 108 72 360 36 36 72 120 48 252 144 24 36 36 180 120 36
is_linear=0
shrinkage=0.05


Tree=28
num_leaves=31
num_cat=0
split_feature=0 0 0 0 0 0 1 0 0 0 0 0 0 0 6 0 1 0 6 6 6 0 4 6 6 6 6 6 6 6
split_gain=1.29139e+12 1.87547e+11 7.74594e+10 1.19739e+10 1.16724e+10 1.14483e+10 9.15901e+09 4.13842e+09 2.96991e+09 2.32554e+09 1.8892e+09 6.95742e+08 6.28293e+08 3.56336e+08 3.43064e+08 3.40784e+08 3.04159e+08 2.47547e+08 2.36421e+08 2.22961e+08 2.02894e+08 1.65634e+08 1.56325e+08 2.15339e+08 1.5086e+08 1.46634e+08 1.37051e+08 1.34371e+08 1.33736e+08 1.32249e+08
threshold=388286.60400000011 840329.43250000023 121294.55000000002 619852.88050000009 208019.18150000004 1048200.1775000001 11548.453500000001 507657.76500000007 1182183.7235000001 22666.579000000002 303117.76850000006 164842.97150000001 74959.462500000009 240407.42100000003 0.15000000000000005 7391.9660000000013 8058.1010000000015 684755.53550000011 0.25000000000000006 0.15000000000000005 0.25000000000000006 100590.71350000003 99.63600000000001 0.15000000000000005 0.25000000000000006 0.15000000000000005 0.25000000000000006 0.15000000000000005 0.25000000000000006 0.25000000000000006
decision_type=2 2 2 2 2 2 2 2 2 2 2 2 2 2 2 2 2 2 2 2 2 2 2 2 2 2 2 2 2 2
left_child=2 3 6 7 11 28 9 27 19 15 13 22 -8 -6 -5 -1 -11 -16 -10 -7 -9 29 23 -4 -18 -15 -12 -2 -3 -14
right_child=1 5 4 14 10 8 12 20 18 16 26 -13 21 25 17 -17 24 -19 -20 -21 -22 -23 -24 -25 -26 -27 -28 -29 -30 -31
leaf_value=-1053.9242513020833 1160.776171875 3907.4710937500004 -318.45871582031253 2413.1775390625003 171.83869832356771 4570.5453125000004 -683.38919270833333 1894.6075195312501 5298.1667968750007 -881.60807291666663 649.53725585937502 -2.5150279998779297 -585.5736083984375 263.589599609375 2531.15478515625 -954.62352159288207 -818.19775695800786 2758.2502929687503 5569.978515625 4834.5060546875002 2072.6587890625001 -437.7830891927083 -300.36325683593753 -135.02822966575624 -741.4320007324219 414.95518188476564 856.4873046875 1365.6928222656252 4111.9035156250002 -494.65859049479172
leaf_weight=144 11.999999999999998 24 24 24 36 11.999999999999998 108 48 24 144 24 36 120 24 24 216 192 24 11.999999999999998 24 24 36 72 48 96 48 11.999999999999998 24 11.999999999999998 60
leaf_count=144 12 24 24 24 36 12 108 48 24 144 24 36 120 24 24 216 192 24 12 24 24 36 72 48 96 48 12 24 12 60
internal_value=2.56477e-06 3056.41 -611.282 2068.07 69.3083 4703.64 -808.872 1735.1 5067.64 -900.488 404.84 -199.117 -584.922 300.28 2567.53 -994.344 -822.275 2644.7 5388.77 4746.52 1953.96 -535.688 -248.267 -196.172 -792.609 364.5 718.521 1297.39 3975.62 -555.269
internal_weight=1728 288 1440 180 324 108 1116 108 72 792 144 180 324 108 72 360 432 48 36 36 72 216 144 72 288 72 36 36 36 180
internal_count=1728 288 1440 180 324 108 1116 108 72 792 144 180 324 108 72 360 432 48 36 36 72 216 144 72 288 72 36 36 36 180
is_linear=0
shrinkage=0.05


Tree=29
num_leaves=31
num_cat=0
split_feature=0 0 0 0 0 0 0 0 0 0 0 0 0 0 0 6 6 2 6 6 6 0 6 0 0 6 0 6 6 0
split_gain=1.16548e+12 1.69261e+11 6.99071e+10 1.08064e+10 1.05344e+10 1.03321e+10 8.27861e+09 3.73492e+09 2.68034e+09 2.10016e+09 1.705e+09 6.27907e+08 5.6311e+08 4.44049e+08 3.34377e+08 3.10763e+08 2.58308e+08 2.5612e+08 2.20635e+08 2.04705e+08 1.83821e+08 1.69978e+08 1.61038e+08 1.49485e+08 1.41931e+08 1.30291e+08 1.28426e+08 1.26563e+08 1.26224e+08 1.38575e+08
threshold=388286.60400000011 840329.43250000023 121294.55000000002 619852.88050000009 208019.18150000004 1048200.1775000001 55159.639500000012 507657.76500000007 1182183.7235000001 31159.647000000004 303117.76850000006 164842.97150000001 74959.462500000009 12036.576500000001 256199.82050000003 0.25000000000000006 0.15000000000000005 63.551500000000011 0.15000000000000005 0.25000000000000006 0.15000000000000005 684755.53550000011 0.25000000000000006 100590.71350000003 137286.37700000001 0.25000000000000006 684755.53550000011 0.25000000000000006 0.25000000000000006 145818.27200000003
decision_type=2 2 2 2 2 2 2 2 2 2 2 2 2 2 2 2 2 2 2 2 2 2 2 2 2 2 2 2 2 2
left_child=2 3 6 7 11 -3 9 -2 19 13 14 24 -8 -1 -6 21 -11 -18 -10 -7 -9 -5 -15 -14 -4 -13 -17 -16 -26 -30
right_child=1 5 4 15 10 8 12 20 18 16 -12 25 23 22 27 26 17 -19 -20 -21 -22 -23 -24 -25 28 -27 -28 -29 29 -31
leaf_value=-989.83680338541672 1232.5179036458335 3776.8345052083337 -321.83230794270838 2271.6085937500002 223.05545247395835 4424.8853515625005 -648.73336046006943 1743.276171875 4944.2789062500005 -826.235224609375 682.59456380208337 -69.649802970886228 -527.50517632378467 -915.27670898437509 343.39443359375002 2470.3929687499999 -799.65068359375005 -694.2166707356771 5206.8589843750005 4677.8089843750004 1912.751953125 2459.7898437500003 -830.48766043526803 -415.89395345052083 -245.41679687500002 132.13178710937501 2701.7169921874997 542.26860351562505 7.9813148498535158 -200.11647949218752
leaf_weight=180 36 36 36 24 72 24 108 24 11.999999999999998 120 36 24 180 168 24 12 96 144 24 11.999999999999998 48 24 84 36 72 11.999999999999998 12 11.999999999999998 11.999999999999998 24
leaf_count=180 36 36 36 24 72 24 108 24 12 120 36 24 180 168 24 12 96 144 24 12 48 24 84 36 72 12 12 12 12 24
internal_value=2.62172e-06 2903.59 -580.718 1964.67 65.8428 4468.45 -768.429 1648.35 4814.26 -855.53 384.598 -189.161 -555.513 -929.857 285.266 2439.15 -766.339 -736.39 5119.33 4509.19 1856.26 2365.7 -887.014 -508.903 -235.854 -2.38927 2586.05 409.686 -207.195 -130.751
internal_weight=1728 288 1440 180 324 108 1116 108 72 792 144 180 324 432 108 72 360 240 36 36 72 48 252 216 144 36 24 36 108 36
internal_count=1728 288 1440 180 324 108 1116 108 72 792 144 180 324 432 108 72 360 240 36 36 72 48 252 216 144 36 24 36 108 36
is_linear=0
shrinkage=0.05


Tree=30
num_leaves=31
num_cat=0
split_feature=0 0 0 0 0 0 1 0 0 0 0 0 1 0 6 0 1 6 0 6 6 4 6 6 6 6 6 6 6 2
split_gain=1.05184e+12 1.52758e+11 6.30912e+10 9.75281e+09 9.50728e+09 9.32469e+09 7.49622e+09 3.37077e+09 2.41901e+09 1.89909e+09 1.53876e+09 5.66686e+08 5.0991e+08 3.05406e+08 2.943e+08 2.80256e+08 2.42034e+08 2.02659e+08 2.02218e+08 1.91202e+08 1.74054e+08 1.2985e+08 1.86105e+08 1.27956e+08 1.27801e+08 1.25138e+08 1.24808e+08 1.21909e+08 1.21806e+08 1.83345e+08
threshold=388286.60400000011 840329.43250000023 121294.55000000002 619852.88050000009 208019.18150000004 1048200.1775000001 11548.453500000001 507657.76500000007 1182183.7235000001 22666.579000000002 303117.76850000006 164842.97150000001 13134.513000000001 240407.42100000003 0.15000000000000005 7391.9660000000013 8058.1010000000015 0.25000000000000006 684755.53550000011 0.15000000000000005 0.25000000000000006 99.63600000000001 0.15000000000000005 0.25000000000000006 0.15000000000000005 0.15000000000000005 0.15000000000000005 0.25000000000000006 0.15000000000000005 90.431000000000012
decision_type=2 2 2 2 2 2 2 2 2 2 2 2 2 2 2 2 2 2 2 2 2 2 2 2 2 2 2 2 2 2
left_child=2 3 6 7 11 26 9 27 19 15 13 21 -8 -6 -5 -1 -11 -10 -16 -7 -9 22 -4 -18 -15 -12 -3 -2 -14 -30
right_child=1 5 4 14 10 8 12 20 17 16 25 -13 28 24 18 -17 23 -19 -20 -21 -22 -23 -24 -25 -26 -27 -28 -29 29 -31
leaf_value=-951.73626302083346 1105.8309570312501 3456.3324218750004 -290.26494140624999 2174.2337890624999 152.09398600260417 4120.7738281250004 -597.5318603515625 1708.4764648437501 4779.4800781250005 -795.1395182291667 516.63066406250005 -2.2698125521341961 -529.46706054687502 236.24886474609377 2286.046875 -861.68483344184028 -739.31445617675786 5031.13671875 2491.3000000000002 4365.2134765625005 1873.3882812500001 -271.5413777669271 -119.73970985412598 -668.61591796875007 377.56024780273441 714.38190917968757 3653.8230468750003 1301.01416015625 -473.11710611979174 -318.60810546875001
leaf_weight=144 24 11.999999999999998 24 24 36 11.999999999999998 144 48 24 144 11.999999999999998 36 60 24 24 216 192 11.999999999999998 24 24 24 72 48 96 48 24 24 11.999999999999998 96 24
leaf_count=144 24 12 24 24 36 12 144 48 24 144 12 36 60 24 24 216 192 12 24 24 24 72 48 96 48 24 24 12 96 24
internal_value=-6.77528e-06 2758.41 -551.682 1866.43 62.5507 4245.03 -730.007 1565.93 4573.55 -812.891 365.368 -179.703 -527.403 271.002 2317.19 -897.705 -742.212 4863.37 2388.67 4283.73 1763.45 -224.061 -176.581 -715.748 330.456 648.465 3587.99 1170.89 -471.299 -442.215
internal_weight=1728 288 1440 180 324 108 1116 108 72 792 144 180 324 108 72 360 432 36 48 36 72 144 72 288 72 36 36 36 180 120
internal_count=1728 288 1440 180 324 108 1116 108 72 792 144 180 324 108 72 360 432 36 48 36 72 144 72 288 72 36 36 36 180 120
is_linear=0
shrinkage=0.05


Tree=31
num_leaves=31
num_cat=0
split_feature=0 0 0 0 0 0 0 0 0 0 0 0 0 0 6 6 0 1 6 6 6 0 0 1 6 6 1 6 6 6
split_gain=9.49288e+11 1.37864e+11 5.69398e+10 8.80191e+09 8.58032e+09 8.41553e+09 6.78797e+09 3.04212e+09 2.18316e+09 1.70833e+09 1.38873e+09 5.11434e+08 4.59659e+08 2.86787e+08 2.82478e+08 2.66282e+08 2.52931e+08 2.16605e+08 1.89205e+08 1.75468e+08 1.57511e+08 1.45068e+08 1.44725e+08 1.41123e+08 1.70447e+08 1.2132e+08 1.66976e+08 1.19634e+08 1.17546e+08 1.15266e+08
threshold=388286.60400000011 840329.43250000023 121294.55000000002 619852.88050000009 208019.18150000004 1048200.1775000001 55159.639500000012 507657.76500000007 1182183.7235000001 22666.579000000002 303117.76850000006 164842.97150000001 87041.996000000028 256199.82050000003 0.15000000000000005 0.25000000000000006 7391.9660000000013 12794.753500000003 0.15000000000000005 0.25000000000000006 0.15000000000000005 68725.196500000005 684755.53550000011 15858.327500000001 0.25000000000000006 0.25000000000000006 19012.117000000002 0.15000000000000005 0.25000000000000006 0.15000000000000005
decision_type=2 2 2 2 2 2 2 2 2 2 2 2 2 2 2 2 2 2 2 2 2 2 2 2 2 2 2 2 2 2
left_child=2 3 6 7 11 -3 9 29 19 16 13 25 21 -6 -11 22 -1 -16 -10 -7 -9 -8 -5 -14 -25 -4 -27 -13 -12 -2
right_child=1 5 4 15 10 8 12 20 18 14 28 27 23 -15 17 -17 -18 -19 -20 -21 -22 -23 -24 24 -26 26 -28 -29 -30 -31
leaf_value=-904.14944661458344 985.81992187500009 3408.5932291666668 -245.31022186279299 2046.5211914062502 199.83891805013022 3991.4914062500002 -608.9531168619792 1570.6884765625 4458.0910156250002 -762.52156168619797 552.15534667968757 -131.05867919921874 -483.62462293836808 372.67872721354166 -689.82736816406259 2337.3184570312501 -818.60057508680563 -532.93833007812498 4701.2505859375005 4225.6578125000005 1727.5677734375001 -517.32800564236118 2220.1620117187499 -439.02680053710941 -275.83253173828126 -201.79585367838544 13.569235229492188 62.294854831695559 743.81406250000009 1175.6111328125
leaf_weight=144 11.999999999999998 36 96 24 72 24 72 24 11.999999999999998 144 24 11.999999999999998 72 36 264 24 216 24 24 11.999999999999998 48 108 24 48 24 36 11.999999999999998 24 11.999999999999998 24
leaf_count=144 12 36 96 24 72 24 72 24 12 144 24 12 72 36 264 24 216 24 24 12 48 108 24 48 24 36 12 24 12 24
internal_value=-3.72154e-06 2620.49 -524.098 1773.11 59.4232 4032.78 -693.507 1487.63 4344.87 -772.378 347.1 -170.718 -500.711 257.452 -705.343 2201.33 -852.82 -676.753 4620.2 4069.55 1675.27 -553.978 2133.34 -434.127 -384.629 -212.858 -147.955 -2.15632 616.042 1112.35
internal_weight=1728 288 1440 180 324 108 1116 108 72 792 144 180 324 108 432 72 360 288 36 36 72 180 48 144 72 144 48 36 36 36
internal_count=1728 288 1440 180 324 108 1116 108 72 792 144 180 324 108 432 72 360 288 36 36 72 180 48 144 72 144 48 36 36 36
is_linear=0
shrinkage=0.05


Tree=32
num_leaves=31
num_cat=0
split_feature=0 0 0 0 0 0 0 0 0 0 0 1 0 0 6 6 0 0 6 6 0 6 1 6 6 6 0 6 6 6
split_gain=8.56732e+11 1.24423e+11 5.13882e+10 7.94373e+09 7.74374e+09 7.59502e+09 6.14436e+09 2.74551e+09 1.9703e+09 1.25333e+09 1.21168e+09 9.24457e+08 4.6157e+08 2.61751e+08 2.52475e+08 2.40648e+08 1.8728e+08 1.74467e+08 1.73717e+08 1.63969e+08 1.54225e+08 1.49317e+08 1.27363e+08 1.59415e+08 1.19949e+08 1.19843e+08 1.18038e+08 1.14639e+08 1.11732e+08 1.07249e+08
threshold=388286.60400000011 840329.43250000023 121294.55000000002 619852.88050000009 208019.18150000004 1048200.1775000001 41777.992500000008 507657.76500000007 1182183.7235000001 303117.76850000006 68725.196500000005 4852.8110000000006 164842.97150000001 240407.42100000003 0.15000000000000005 0.25000000000000006 33295.90400000001 684755.53550000011 0.25000000000000006 0.15000000000000005 87041.996000000028 0.25000000000000006 15858.327500000001 0.15000000000000005 0.25000000000000006 0.25000000000000006 137286.37700000001 0.25000000000000006 0.25000000000000006 0.15000000000000005
decision_type=2 2 2 2 2 2 2 2 2 2 2 2 2 2 2 2 2 2 2 2 2 2 2 2 2 2 2 2 2 2
left_child=2 3 6 7 12 27 11 -2 19 13 24 -1 26 -6 -5 16 -13 -16 -10 -7 -12 -9 -22 -24 -8 -15 -4 -3 -14 -11
right_child=1 5 4 14 9 8 10 21 18 29 20 15 28 25 17 -17 -18 -19 -20 -21 22 -23 23 -25 -26 -27 -28 -29 -30 -31
leaf_value=-833.39922340029773 1056.7300130208334 3175.072265625 -280.62336425781251 1958.8548828125001 134.49734700520833 3715.1605468750004 -634.02589925130212 1540.59619140625 4311.5224609375 463.19135742187501 -491.46160481770835 -776.89926757812509 -64.33472728729248 254.0069549560547 2062.1486328125002 -655.77206143465912 -692.32341796875005 2252.7980468750002 4544.5171875000005 3941.5240234375001 -459.4433810763889 1693.3404296875001 -470.6136352539063 -312.78909301757812 -554.985595703125 390.84818115234378 -176.07944861518013 3364.3460937500004 122.52395019531251 646.26359863281255
leaf_weight=252 36 24 36 24 36 11.999999999999998 144 48 24 11.999999999999998 108 144 24 48 24 132 120 24 11.999999999999998 24 72 24 24 48 72 24 108 11.999999999999998 11.999999999999998 24
leaf_count=252 36 24 36 24 36 12 144 48 24 12 108 144 24 48 24 132 120 24 12 24 72 24 24 48 72 24 108 12 12 24
internal_value=-1.63273e-06 2489.46 -497.893 1684.46 56.452 3831.14 -658.831 1413.25 4127.63 329.745 -520.78 -758.535 -162.182 244.58 2091.27 -710.894 -738.456 2157.47 4389.19 3866.07 -446.295 1591.51 -412.42 -365.397 -607.679 299.621 -202.215 3238.16 -2.0485 585.24
internal_weight=1728 288 1440 180 324 108 1116 108 72 144 468 648 180 108 72 396 264 48 36 36 252 72 144 72 216 72 144 36 36 36
internal_count=1728 288 1440 180 324 108 1116 108 72 144 468 648 180 108 72 396 264 48 36 36 252 72 144 72 216 72 144 36 36 36
is_linear=0
shrinkage=0.05


Tree=33
num_leaves=31
num_cat=0
split_feature=0 0 0 0 0 0 0 0 0 0 0 0 1 0 0 6 6 4 6 6 6 6 0 0 6 1 6 6 6 6
split_gain=7.73201e+11 1.12291e+11 4.63778e+10 7.16921e+09 6.98872e+09 6.85451e+09 5.54947e+09 2.47782e+09 1.77819e+09 1.41426e+09 1.13113e+09 4.16566e+08 3.70649e+08 3.01696e+08 2.45974e+08 2.28161e+08 2.01168e+08 1.63689e+08 1.62255e+08 1.50406e+08 1.36559e+08 1.34963e+08 1.23176e+08 1.13942e+08 1.12631e+08 1.78918e+08 1.07029e+08 1.04464e+08 1.03846e+08 1.02708e+08
threshold=388286.60400000011 840329.43250000023 121294.55000000002 619852.88050000009 208019.18150000004 1048200.1775000001 55159.639500000012 507657.76500000007 1182183.7235000001 31159.647000000004 303117.76850000006 164842.97150000001 13436.337500000001 12036.576500000001 256199.82050000003 0.25000000000000006 0.25000000000000006 37.504500000000007 0.15000000000000005 0.25000000000000006 0.15000000000000005 0.15000000000000005 684755.53550000011 68725.196500000005 0.15000000000000005 19012.117000000002 0.15000000000000005 0.25000000000000006 0.15000000000000005 0.25000000000000006
decision_type=2 2 2 2 2 2 2 2 2 2 2 2 2 2 2 2 2 2 2 2 2 2 2 2 2 2 2 2 2 2
left_child=2 3 6 7 11 26 9 27 19 13 14 24 23 -1 -6 22 -11 -18 -10 -7 -15 -9 -5 -8 -4 -26 -3 -2 -16 -14
right_child=1 5 4 15 10 8 12 21 18 16 -12 -13 29 20 28 -17 17 -19 -20 -21 -22 -23 -24 -25 25 -27 -28 -29 -30 -31
leaf_value=-807.63673828125002 943.66713867187502 2954.3324218750004 -254.64089965820312 1843.6700195312501 178.99402364095053 3600.4998046875003 -548.12150878906255 1415.1242187500002 4019.6101562500003 -650.44088378906258 555.9775390625 -1.9460801760355633 -421.63563842773442 -774.93560267857151 218.96743164062502 2112.5789062500003 -523.47270914713545 -642.67465820312509 4244.7869140624998 3817.298828125 -696.85629534040186 1560.3409667968751 2003.8625000000002 -466.91878255208331 -200.24605916341147 -42.60794372558594 3137.216796875 1124.34638671875 399.11188964843751 -332.05854085286461
leaf_weight=180 24 11.999999999999998 48 24 72 24 72 24 11.999999999999998 240 36 36 96 84 11.999999999999998 24 72 48 24 11.999999999999998 168 48 24 108 72 24 24 11.999999999999998 24 48
leaf_count=180 24 12 48 24 72 24 72 24 12 240 36 36 96 84 12 24 72 48 24 12 168 48 24 108 72 24 24 12 24 48
internal_value=-1.46914e-06 2364.99 -472.998 1600.23 53.6294 3639.58 -625.89 1342.59 3921.25 -697.204 313.257 -154.073 -451.567 -758.197 232.351 1986.7 -624.012 -571.153 4169.73 3672.77 -722.883 1511.94 1923.77 -499.4 -192.105 -160.837 3076.26 1003.89 339.064 -391.777
internal_weight=1728 288 1440 180 324 108 1116 108 72 792 144 180 324 432 108 72 360 120 36 36 252 72 48 180 144 96 36 36 36 144
internal_count=1728 288 1440 180 324 108 1116 108 72 792 144 180 324 432 108 72 360 120 36 36 252 72 48 180 144 96 36 36 36 144
is_linear=0
shrinkage=0.05


Tree=34
num_leaves=31
num_cat=0
split_feature=0 0 0 0 0 0 0 0 0 0 0 1 0 0 6 6 0 0 6 6 0 6 6 6 6 1 6 6 2 6
split_gain=6.97814e+11 1.01343e+11 4.1856e+10 6.47022e+09 6.30732e+09 6.18619e+09 5.03701e+09 2.23623e+09 1.60482e+09 1.02085e+09 9.75137e+08 7.55756e+08 3.75951e+08 2.24331e+08 2.16601e+08 2.0238e+08 1.54372e+08 1.5057e+08 1.48907e+08 1.40617e+08 1.34173e+08 1.281e+08 1.07839e+08 1.04444e+08 1.04009e+08 1.36851e+08 1.02548e+08 1.00819e+08 9.98431e+07 2.43594e+08
threshold=388286.60400000011 840329.43250000023 121294.55000000002 619852.88050000009 208019.18150000004 1048200.1775000001 41777.992500000008 507657.76500000007 1182183.7235000001 303117.76850000006 68725.196500000005 4852.8110000000006 164842.97150000001 240407.42100000003 0.15000000000000005 0.25000000000000006 33295.90400000001 684755.53550000011 0.25000000000000006 0.15000000000000005 100590.71350000003 0.25000000000000006 0.15000000000000005 0.25000000000000006 0.25000000000000006 19012.117000000002 0.15000000000000005 0.25000000000000006 90.431000000000012 0.25000000000000006
decision_type=2 2 2 2 2 2 2 2 2 2 2 2 2 2 2 2 2 2 2 2 2 2 2 2 2 2 2 2 2 2
left_child=2 3 6 7 12 -3 11 -2 19 13 22 -1 24 -6 -5 16 -13 -16 -10 -7 28 -9 -8 -15 -4 -26 -14 -11 -12 -30
right_child=1 5 4 14 9 8 10 21 18 27 20 15 26 23 17 -17 -18 -19 -20 -21 -22 -23 -24 -25 25 -27 -28 -29 29 -31
leaf_value=-752.55818917410716 953.69886067708342 2922.4425781250002 -212.54700164794923 1764.72392578125 118.82277425130208 3349.3777343750003 -597.5208740234375 1389.179736328125 3889.3365234375001 469.0123291015625 -432.87849989149311 -701.97165120442708 -121.19169921875 229.10575866699219 1860.1349609375002 -591.24379438920448 -625.18521484375003 2037.2470703125 4105.0523437500005 3559.0029296875 -313.41410319010419 1530.6563476562501 -522.57670288085944 356.85312500000003 -171.14738769531252 23.825143432617189 57.822689723968509 646.51132812500009 -433.63105468750001 -157.72709960937502
leaf_weight=252 36 36 96 24 36 11.999999999999998 72 48 24 24 180 144 11.999999999999998 48 24 132 120 24 11.999999999999998 24 36 24 144 24 36 11.999999999999998 24 11.999999999999998 24 11.999999999999998
leaf_count=252 36 36 96 24 36 12 72 48 24 24 180 144 12 48 24 132 120 24 12 24 36 24 144 24 36 12 24 12 24 12
internal_value=5.04962e-06 2246.74 -449.348 1520.22 50.9479 3457.6 -594.595 1275.46 3725.18 297.594 -469.601 -684.869 -146.369 220.733 1887.37 -641.794 -667.069 1948.69 3961.24 3489.13 -402.781 1436.34 -547.558 271.688 -182.499 -122.404 -1.84877 528.179 -417.676 -341.663
internal_weight=1728 288 1440 180 324 108 1116 108 72 144 468 648 180 108 72 396 264 48 36 36 252 72 216 72 144 48 36 36 216 36
internal_count=1728 288 1440 180 324 108 1116 108 72 144 468 648 180 108 72 396 264 48 36 36 252 72 216 72 144 48 36 36 216 36
is_linear=0
shrinkage=0.05


Tree=35
num_leaves=31
num_cat=0
split_feature=0 0 0 0 0 0 0 0 0 0 0 1 0 0 6 6 6 6 0 6 0 0 0 6 6 1 6 6 6 0
split_gain=6.29777e+11 9.14621e+10 3.7775e+10 5.83937e+09 5.69236e+09 5.58304e+09 4.54591e+09 2.0182e+09 1.44835e+09 9.21314e+08 8.80062e+08 6.8207e+08 3.39296e+08 2.10974e+08 1.95491e+08 1.91446e+08 1.39145e+08 1.28922e+08 1.24056e+08 1.15638e+08 1.05637e+08 1.04791e+08 1.00535e+08 9.88808e+07 9.87394e+07 1.378e+08 9.82667e+07 9.73249e+07 9.58175e+07 9.52749e+07
threshold=388286.60400000011 840329.43250000023 121294.55000000002 619852.88050000009 208019.18150000004 1048200.1775000001 41777.992500000008 507657.76500000007 1182183.7235000001 303117.76850000006 68725.196500000005 4852.8110000000006 164842.97150000001 256199.82050000003 0.25000000000000006 0.15000000000000005 0.15000000000000005 0.25000000000000006 87041.996000000028 0.15000000000000005 33295.90400000001 684755.53550000011 137286.37700000001 0.15000000000000005 0.15000000000000005 15858.327500000001 0.25000000000000006 0.15000000000000005 0.25000000000000006 4747.4170000000004
decision_type=2 2 2 2 2 2 2 2 2 2 2 2 2 2 2 2 2 2 2 2 2 2 2 2 2 2 2 2 2 2
left_child=2 3 6 7 12 26 11 23 17 13 27 29 22 -6 21 20 -10 -7 -12 -9 -13 -5 -4 -2 -20 -26 -3 -8 -14 -1
right_child=1 5 4 14 9 8 10 19 16 -11 18 15 28 -15 -16 -17 -18 -19 24 -21 -22 -23 -24 -25 25 -27 -28 -29 -30 -31
leaf_value=-750.43029513888894 788.82412109375002 2717.90771484375 -245.73595377604167 1660.8650878906251 160.28154296875002 3247.7653320312502 -567.64481608072924 1274.908984375 3624.1628906250003 501.76971842447921 -423.15102539062502 -699.7015462239583 -59.436463928222658 308.52615152994792 1909.5154296875 -585.12131347656248 3832.6878906250004 3448.4839843750001 -410.81376342773439 1409.3280273437501 -609.87117187499996 1808.6201171875 -149.25394643147786 964.60878906250002 -382.88864339192713 -263.0799560546875 2893.1457031250002 -496.4478759765625 113.60391845703126 -688.3052937825521
leaf_weight=108 11.999999999999998 24 36 24 72 24 72 24 11.999999999999998 36 108 72 24 36 24 264 24 11.999999999999998 48 48 60 24 108 24 48 48 11.999999999999998 144 11.999999999999998 144
leaf_count=108 12 24 36 24 72 24 72 24 12 36 108 72 24 36 24 264 24 12 48 48 60 24 108 24 48 48 12 144 12 144
internal_value=-2.24996e-06 2134.4 -426.881 1444.21 48.4005 3284.72 -564.866 1211.69 3538.93 282.715 -446.121 -650.625 -139.051 209.696 1793 -609.704 3763.18 3314.67 -382.642 1364.52 -658.87 1734.74 -173.374 906.014 -352.261 -322.984 2776.32 -520.18 -1.75634 -714.93
internal_weight=1728 288 1440 180 324 108 1116 108 72 144 468 648 180 108 72 396 36 36 252 72 132 48 144 36 144 96 36 216 36 252
internal_count=1728 288 1440 180 324 108 1116 108 72 144 468 648 180 108 72 396 36 36 252 72 132 48 144 36 144 96 36 216 36 252
is_linear=0
shrinkage=0.05


Tree=36
num_leaves=31
num_cat=0
split_feature=0 0 0 0 0 0 1 0 0 0 0 0 0 0 0 6 0 6 6 0 6 6 6 4 6 6 1 6 6 6
split_gain=5.68374e+11 8.25445e+10 3.4092e+10 5.27003e+09 5.13735e+09 5.03869e+09 4.11197e+09 1.82143e+09 1.30713e+09 1.05391e+09 8.31486e+08 3.06215e+08 2.79475e+08 1.98507e+08 1.92257e+08 1.8583e+08 1.29988e+08 1.27638e+08 1.20592e+08 1.12356e+08 1.11879e+08 1.09901e+08 1.05591e+08 1.2346e+08 9.70264e+07 9.65729e+07 1.47797e+08 9.19163e+07 9.17842e+07 8.95129e+07
threshold=388286.60400000011 840329.43250000023 121294.55000000002 619852.88050000009 208019.18150000004 1048200.1775000001 11548.453500000001 507657.76500000007 1182183.7235000001 27705.340000000004 303117.76850000006 164842.97150000001 87041.996000000028 7391.9660000000013 240407.42100000003 0.15000000000000005 684755.53550000011 0.25000000000000006 0.15000000000000005 63082.982000000011 0.15000000000000005 0.25000000000000006 0.15000000000000005 37.504500000000007 0.15000000000000005 0.15000000000000005 19012.117000000002 0.15000000000000005 0.15000000000000005 0.25000000000000006
decision_type=2 2 2 2 2 2 2 2 2 2 2 2 2 2 2 2 2 2 2 2 2 2 2 2 2 2 2 2 2 2
left_child=2 3 6 7 11 28 9 29 18 13 14 25 -8 -1 -6 -5 -17 -10 -7 22 -15 -9 -11 -24 -16 -4 -27 -12 -3 -2
right_child=1 5 4 15 10 8 12 21 17 19 27 -13 -14 20 24 16 -18 -19 -20 -21 -22 -23 23 -25 -26 26 -28 -29 -30 -31
leaf_value=-702.51726888020835 804.96298828125009 2524.5982421875001 -222.61278076171877 1589.75048828125 104.86756083170575 3019.5205078125 -428.10148763020834 1252.6148437500001 3508.4482421875 -587.04843749999998 363.69382324218753 -1.6685201009114583 -334.64774339463975 -676.04133649553569 164.29862060546876 1677.868701171875 1842.4313476562502 3708.1652343750002 3213.646484375 -456.10976562500002 -605.36889299665188 1383.6571289062501 -493.74398437500008 -565.46672851562505 287.42610473632811 -171.57066446940107 -28.296804809570315 533.17495117187502 2693.95751953125 972.21367187500005
leaf_weight=144 24 11.999999999999998 48 24 36 11.999999999999998 180 48 24 120 11.999999999999998 36 144 84 24 24 24 11.999999999999998 24 36 168 24 120 120 48 72 24 24 24 11.999999999999998
leaf_count=144 24 12 48 24 36 12 180 48 24 120 12 36 144 84 24 24 24 12 24 36 168 24 120 120 48 72 24 24 24 12
internal_value=-3.46855e-06 2027.68 -405.537 1372 45.9805 3120.49 -536.622 1151.1 3361.98 -598.009 268.579 -132.098 -386.566 -655.687 199.212 1703.35 1760.15 3575.02 3148.94 -540.331 -628.926 1296.3 -548.753 -529.605 246.384 -164.706 -135.752 476.681 2637.5 860.713
internal_weight=1728 288 1440 180 324 108 1116 108 72 792 144 180 324 396 108 72 48 36 36 396 252 72 360 240 72 144 96 36 36 36
internal_count=1728 288 1440 180 324 108 1116 108 72 792 144 180 324 396 108 72 48 36 36 396 252 72 360 240 72 144 96 36 36 36
is_linear=0
shrinkage=0.05


Tree=37
num_leaves=31
num_cat=0
split_feature=0 0 0 0 0 0 0 0 0 0 0 0 0 0 6 6 6 1 6 0 6 6 6 2 6 6 6 6 6 6
split_gain=5.12957e+11 7.44965e+10 3.07897e+10 4.7562e+09 4.59678e+09 4.54742e+09 3.65161e+09 1.64384e+09 1.17969e+09 1.08767e+09 5.78522e+08 4.59513e+08 3.44728e+08 2.09022e+08 1.67712e+08 1.49412e+08 1.2525e+08 1.20562e+08 1.19328e+08 1.17314e+08 1.10504e+08 1.06546e+08 9.9186e+07 9.83975e+07 2.15874e+08 8.95398e+07 8.64739e+07 8.4827e+07 8.4232e+07 7.75229e+07
threshold=388286.60400000011 840329.43250000023 137286.37700000001 619852.88050000009 63082.982000000011 1048200.1775000001 240407.42100000003 507657.76500000007 1182183.7235000001 31159.647000000004 164842.97150000001 303117.76850000006 100590.71350000003 7391.9660000000013 0.15000000000000005 0.25000000000000006 0.15000000000000005 12794.753500000003 0.15000000000000005 684755.53550000011 0.25000000000000006 0.25000000000000006 0.25000000000000006 90.431000000000012 0.15000000000000005 0.25000000000000006 0.25000000000000006 0.15000000000000005 0.25000000000000006 0.25000000000000006
decision_type=2 2 2 2 2 2 2 2 2 2 2 2 2 2 2 2 2 2 2 2 2 2 2 2 2 2 2 2 2 2
left_child=2 3 4 7 9 28 10 27 20 13 29 25 23 -1 -5 -11 -12 -17 -10 -16 -7 -15 -9 -6 -25 -8 -13 -2 -3 -4
right_child=1 5 6 14 12 8 11 22 18 15 16 26 -14 21 19 17 -18 -19 -20 -21 -22 -23 -24 24 -26 -27 -28 -29 -30 -31
leaf_value=-667.39143880208337 709.134765625 2451.5485351562502 -163.90817057291667 1510.2630371093751 -381.51747007016786 2929.5477539062504 194.63715820312501 1189.98408203125 3267.5324218750002 -525.2014293323864 -44.243009948730474 398.051513671875 -244.70734456380211 -615.11725463867197 1593.9752929687502 -475.16112304687505 95.650818657875064 -308.94179687500002 3460.6382812500001 1750.30986328125 3115.3773437500004 -550.60410156249998 1314.4743164062502 -465.3857421875 -205.65408325195312 312.91896972656252 562.43852539062505 871.94892578125007 2613.7906250000001 -74.04549865722656
leaf_weight=144 11.999999999999998 24 72 24 216 24 48 48 11.999999999999998 264 24 24 72 192 24 120 48 11.999999999999998 24 24 11.999999999999998 96 24 11.999999999999998 24 24 11.999999999999998 24 11.999999999999998 36
leaf_count=144 12 24 72 24 216 24 48 48 12 264 24 24 72 192 24 120 48 12 24 24 12 96 24 12 24 24 12 24 12 36
internal_value=2.04223e-06 1926.3 -385.26 1303.4 -500.861 2964.46 77.1442 1093.55 3193.88 -563.339 -60.7646 306.992 -341.195 -618.206 1618.18 -503.484 49.0195 -460.05 3396.27 1672.14 2991.49 -593.613 1231.48 -368.762 -292.231 234.064 452.847 817.678 2505.63 -133.954
internal_weight=1728 288 1440 180 1152 108 288 108 72 828 180 108 324 432 72 396 72 132 36 48 36 288 72 252 36 72 36 36 36 108
internal_count=1728 288 1440 180 1152 108 288 108 72 828 180 108 324 432 72 396 72 132 36 48 36 288 72 252 36 72 36 36 36 108
is_linear=0
shrinkage=0.05


Tree=38
num_leaves=31
num_cat=0
split_feature=0 0 0 0 1 0 0 0 0 0 0 1 0 0 6 1 0 0 6 6 6 2 6 0 6 6 6 6 6 2
split_gain=4.62944e+11 6.72331e+10 2.77877e+10 4.29247e+09 4.17337e+09 4.10405e+09 3.31903e+09 1.48356e+09 1.06467e+09 8.64337e+08 6.72696e+08 3.81677e+08 1.68969e+08 1.63979e+08 1.59218e+08 1.55584e+08 1.23416e+08 1.12448e+08 1.09406e+08 1.0342e+08 9.49767e+07 1.43145e+08 9.41828e+07 8.40728e+07 8.28349e+07 8.07264e+07 7.87738e+07 7.87112e+07 7.66994e+07 7.61449e+07
threshold=388286.60400000011 840329.43250000023 137286.37700000001 619852.88050000009 11548.453500000001 1048200.1775000001 208019.18150000004 507657.76500000007 1182183.7235000001 19740.918500000003 303117.76850000006 13436.337500000001 256199.82050000003 164842.97150000001 0.25000000000000006 8058.1010000000015 100590.71350000003 4747.4170000000004 0.25000000000000006 0.15000000000000005 0.25000000000000006 90.431000000000012 0.15000000000000005 684755.53550000011 0.25000000000000006 0.15000000000000005 0.15000000000000005 0.15000000000000005 0.25000000000000006 27.516500000000004
decision_type=2 2 2 2 2 2 2 2 2 2 2 2 2 2 2 2 2 2 2 2 2 2 2 2 2 2 2 2 2 2
left_child=2 3 4 7 9 27 13 28 19 17 12 -6 -8 -4 23 -11 20 -1 -10 -7 -13 -22 -9 -5 -15 -14 -12 -3 -2 -17
right_child=1 5 6 14 11 8 10 22 18 15 26 16 25 24 -16 29 -18 -19 -20 -21 21 -23 -24 -25 -26 -27 -28 -29 -30 -31
leaf_value=-644.41335177951396 725.18776855468752 2275.791015625 -127.256248304579 1418.525390625 -386.14535156250003 2722.0669921875001 136.40909271240236 1089.0335937500001 3164.8216796875004 -532.9847493489583 325.60654296875003 -350.13827718098963 163.19068603515626 -57.666412353515625 1642.4250000000002 -541.7484212239583 -232.47198079427085 -581.92790256076387 3349.7250000000004 2901.8411132812503 -321.17318522135417 -109.67165527343751 1210.3433593750001 1550.8702636718751 103.224609375 322.02081298828125 482.50395507812505 2432.6260742187501 880.00556640625007 -464.01010160900296
leaf_weight=108 24 11.999999999999998 108 24 180 11.999999999999998 72 24 24 180 11.999999999999998 72 11.999999999999998 24 24 36 72 216 11.999999999999998 24 24 11.999999999999998 48 24 11.999999999999998 24 24 24 11.999999999999998 252
leaf_count=108 24 12 108 24 180 12 72 24 24 180 12 72 12 24 24 36 72 216 12 24 24 12 48 24 12 24 24 24 12 252
internal_value=-1.70955e-06 1829.98 -365.997 1238.23 -475.818 2816.24 73.287 1038.87 3034.19 -539.98 243.025 -334.662 180.632 -96.4512 1537.27 -496.519 -283.179 -602.756 3226.46 2841.92 -316.983 -250.673 1169.91 1484.7 -4.03607 269.077 430.205 2380.35 776.794 -473.727
internal_weight=1728 288 1440 180 1152 108 288 108 72 792 144 360 108 144 72 468 180 324 36 36 108 36 72 48 36 36 36 36 36 288
internal_count=1728 288 1440 180 1152 108 288 108 72 792 144 360 108 144 72 468 180 324 36 36 108 36 72 48 36 36 36 36 36 288
is_linear=0
shrinkage=0.05


Tree=39
num_leaves=31
num_cat=0
split_feature=0 0 0 0 0 0 0 0 0 1 0 6 1 6 0 0 0 1 6 0 6 6 6 4 6 6 2 6 6 6
split_gain=4.17807e+11 6.06778e+10 2.50897e+10 3.87396e+09 3.79135e+09 3.7039e+09 3.05373e+09 1.33892e+09 9.60864e+08 7.78934e+08 6.07108e+08 2.24948e+08 2.23173e+08 2.1951e+08 2.08056e+08 1.52494e+08 1.45534e+08 1.31817e+08 1.02334e+08 1.01336e+08 9.745e+07 9.4717e+07 8.49999e+07 7.87459e+07 7.65843e+07 7.52555e+07 1.10101e+08 7.41716e+07 7.2773e+07 7.22009e+07
threshold=388286.60400000011 840329.43250000023 121294.55000000002 619852.88050000009 208019.18150000004 1048200.1775000001 55159.639500000012 507657.76500000007 1182183.7235000001 6575.9135000000015 303117.76850000006 0.15000000000000005 19012.117000000002 0.15000000000000005 74959.462500000009 256199.82050000003 684755.53550000011 12794.753500000003 0.15000000000000005 4747.4170000000004 0.25000000000000006 0.25000000000000006 0.15000000000000005 20.410000000000004 0.25000000000000006 0.15000000000000005 90.431000000000012 0.25000000000000006 0.15000000000000005 0.25000000000000006
decision_type=2 2 2 2 2 2 2 2 2 2 2 2 2 2 2 2 2 2 2 2 2 2 2 2 2 2 2 2 2 2
left_child=2 3 6 7 12 29 9 28 21 19 15 23 -4 -14 -8 -6 -5 -13 -10 -1 -18 -7 -9 -11 -17 -16 -27 -12 -2 -3
right_child=1 5 4 16 10 8 14 22 18 11 27 17 13 -15 25 24 20 -19 -20 -21 -22 -23 -24 -25 -26 26 -28 -29 -30 -31
leaf_value=-612.19264865451385 637.41865234375007 2211.2606445312499 -158.79299384223091 1389.3236653645836 129.58863728841146 2642.47265625 -387.50162217881945 1034.5819335937501 2945.9146484375001 -585.6756510416667 357.94617919921876 -456.66478474934894 -168.61381835937502 16.584492111206057 -344.24412027994794 204.05635986328127 1473.326708984375 -334.70113525390627 3124.7425781250004 -552.87468261718755 1647.8349609375 2814.5164062500003 1149.826171875 -501.36072753906251 358.75798339843755 -301.19010091145833 -183.87612915039062 510.19140625 788.22170410156252 2361.4697265625
leaf_weight=108 11.999999999999998 24 108 36 72 24 108 24 11.999999999999998 36 24 288 24 48 72 24 24 24 24 216 11.999999999999998 11.999999999999998 48 120 11.999999999999998 120 24 11.999999999999998 24 11.999999999999998
leaf_count=108 12 24 108 36 72 24 108 24 12 36 24 288 24 48 72 24 24 24 24 216 12 12 48 120 12 120 24 12 24 12
internal_value=1.11968e-06 1738.49 -347.697 1176.32 39.6467 2675.43 -460.152 986.926 2882.48 -513.053 230.874 -471.795 -113.335 -45.1483 -330.838 171.6 1460.41 -447.283 3065.13 -572.647 1531.5 2699.82 1111.41 -520.818 255.624 -302.507 -281.638 408.695 737.954 2261.33
internal_weight=1728 288 1440 180 324 108 1116 108 72 792 144 468 180 72 324 108 72 312 36 324 36 36 72 156 36 216 144 36 36 36
internal_count=1728 288 1440 180 324 108 1116 108 72 792 144 468 180 72 324 108 72 312 36 324 36 36 72 156 36 216 144 36 36 36
is_linear=0
shrinkage=0.05


Tree=40
num_leaves=31
num_cat=0
split_feature=0 0 0 0 0 0 0 0 0 0 0 0 0 0 6 6 6 4 6 0 6 6 6 6 6 2 6 6 6 0
split_gain=3.77071e+11 5.47617e+10 2.26628e+10 3.49625e+09 3.40936e+09 3.34277e+09 2.71204e+09 1.20837e+09 8.6718e+08 8.02542e+08 4.20505e+08 3.3093e+08 2.55052e+08 1.55597e+08 1.39544e+08 1.28453e+08 1.06931e+08 1.04709e+08 9.37764e+07 8.96267e+07 8.86943e+07 8.56992e+07 8.07868e+07 7.48011e+07 6.94894e+07 1.88709e+08 6.75089e+07 6.75013e+07 6.74576e+07 7.406e+07
threshold=388286.60400000011 840329.43250000023 137286.37700000001 619852.88050000009 63082.982000000011 1048200.1775000001 240407.42100000003 507657.76500000007 1182183.7235000001 31159.647000000004 164842.97150000001 303117.76850000006 100590.71350000003 12036.576500000001 0.15000000000000005 0.25000000000000006 0.25000000000000006 37.504500000000007 0.25000000000000006 684755.53550000011 0.15000000000000005 0.25000000000000006 0.25000000000000006 0.15000000000000005 0.25000000000000006 90.431000000000012 0.15000000000000005 0.15000000000000005 0.25000000000000006 153655.73400000003
decision_type=2 2 2 2 2 2 2 2 2 2 2 2 2 2 2 2 2 2 2 2 2 2 2 2 2 2 2 2 2 2
left_child=2 3 4 7 9 27 10 -2 20 13 28 23 24 -1 -5 -11 -12 -17 -10 -16 -7 -15 -9 -8 -6 -26 -13 -3 -4 -30
right_child=1 5 6 14 12 8 11 22 18 15 16 26 -14 21 19 17 -18 -19 -20 -21 -22 -23 -24 -25 25 -27 -28 -29 29 -31
leaf_value=-565.9319986979167 701.05629882812502 2051.4382812500003 -142.78993835449219 1288.94873046875 -334.26217041015627 2453.8400390625002 130.52071533203124 1018.3902343750001 2854.8141601562502 -452.01920609907677 -1.9382932662963868 291.42893066406253 -208.99002278645835 -525.68367047991069 1368.2865722656252 -350.95797526041667 127.3212860107422 -440.39294921875 3026.0015625000001 1504.93291015625 2620.32421875 -463.83016183035716 1130.7420898437501 238.6302490234375 -309.1598117404514 -94.994268798828131 436.67532958984378 2196.6765625000003 -8.2534835815429695 -160.38419189453126
leaf_weight=180 36 11.999999999999998 72 24 168 11.999999999999998 24 48 24 264 48 11.999999999999998 72 168 24 72 24 60 11.999999999999998 24 24 84 24 48 72 11.999999999999998 24 24 24 11.999999999999998
leaf_count=180 36 12 72 24 168 12 24 48 24 264 48 12 72 168 24 72 24 60 12 24 24 84 24 48 72 12 24 24 24 12
internal_value=-3.20894e-06 1651.56 -330.312 1117.5 -429.49 2541.66 66.4 937.579 2738.35 -483.297 -52.4494 264.482 -291.984 -530.427 1387.39 -431.883 41.1482 -391.61 2911.88 1436.61 2564.83 -505.066 1055.84 202.594 -315.696 -278.565 388.26 2148.26 -114.848 -58.9637
internal_weight=1728 288 1440 180 1152 108 288 108 72 828 180 108 324 432 72 396 72 132 36 48 36 252 72 72 252 84 36 36 108 36
internal_count=1728 288 1440 180 1152 108 288 108 72 828 180 108 324 432 72 396 72 132 36 48 36 252 72 72 252 84 36 36 108 36
is_linear=0
shrinkage=0.05


Tree=41
num_leaves=31
num_cat=0
split_feature=0 0 0 0 1 0 0 0 0 0 0 1 6 0 1 0 1 6 0 6 0 6 6 2 6 0 6 6 6 6
split_gain=3.40306e+11 4.94225e+10 2.04532e+10 3.15536e+09 3.09836e+09 3.01685e+09 2.44947e+09 1.09056e+09 7.8263e+08 6.40452e+08 4.91208e+08 2.79314e+08 1.28662e+08 1.28504e+08 1.20754e+08 1.20141e+08 9.68745e+07 9.22021e+07 9.21227e+07 8.77622e+07 8.37415e+07 8.11837e+07 7.81877e+07 8.65394e+07 7.291e+07 6.69613e+07 6.65985e+07 6.57179e+07 6.47333e+07 6.36208e+07
threshold=388286.60400000011 840329.43250000023 137286.37700000001 619852.88050000009 11548.453500000001 1048200.1775000001 208019.18150000004 507657.76500000007 1182183.7235000001 19740.918500000003 303117.76850000006 13436.337500000001 0.25000000000000006 256199.82050000003 9241.5975000000017 164842.97150000001 10279.872000000001 0.15000000000000005 100590.71350000003 0.15000000000000005 4747.4170000000004 0.25000000000000006 0.15000000000000005 90.431000000000012 0.25000000000000006 684755.53550000011 0.25000000000000006 0.25000000000000006 0.15000000000000005 0.25000000000000006
decision_type=2 2 2 2 2 2 2 2 2 2 2 2 2 2 2 2 2 2 2 2 2 2 2 2 2 2 2 2 2 2
left_child=2 3 4 7 9 -3 15 27 21 20 13 -6 25 -8 17 -4 -16 -11 22 -10 -1 -7 -13 -24 -9 -5 -15 -2 -17 -12
right_child=1 5 6 12 11 8 10 24 19 14 29 18 -14 26 16 28 -18 -19 -20 -21 -22 -23 23 -25 -26 -27 -28 -29 -30 -31
leaf_value=-553.28644748263889 618.23454589843755 2040.8505859375 -109.10547214084202 1211.7020507812501 -330.43307617187503 2383.4949218750003 117.01565399169922 967.47075195312505 2655.8781250000002 -492.17388392857151 321.84626464843751 -331.72019042968753 1412.5443359375001 184.62476806640626 -364.9708468967014 -98.453790283203134 -431.94045952690976 -428.01653529575901 -198.5405192057292 2821.4851562500003 -499.3634250217014 2542.7742187500003 -280.23407796223961 -163.95091552734377 1074.2049804687501 1329.8133300781251 328.88857421875002 761.54135742187509 43.775496292114262 462.84804687500002
leaf_weight=108 24 36 108 24 180 24 72 48 11.999999999999998 84 24 36 24 24 108 11.999999999999998 108 168 72 24 216 11.999999999999998 48 24 24 24 11.999999999999998 11.999999999999998 24 11.999999999999998
leaf_count=108 24 36 108 24 180 24 72 48 12 84 24 36 24 24 108 12 108 168 72 24 216 12 48 24 24 24 12 12 24 12
internal_value=-2.89105e-06 1568.98 -313.797 1061.63 -408.016 2414.57 63.08 890.7 2601.44 -463.3 208.898 -286.391 1318.02 155.581 -425.888 -82.7377 -398.456 -449.402 -242.349 2766.28 -517.338 2436.59 -271.555 -241.473 1003.05 1270.76 232.713 666.003 -3.63427 368.847
internal_weight=1728 288 1440 180 1152 108 288 108 72 792 144 360 72 108 468 144 216 252 180 36 324 36 108 72 72 48 36 36 36 36
internal_count=1728 288 1440 180 1152 108 288 108 72 792 144 360 72 108 468 144 216 252 180 36 324 36 108 72 72 48 36 36 36 36
is_linear=0
shrinkage=0.05


Tree=42
num_leaves=31
num_cat=0
split_feature=0 0 0 0 0 0 0 0 0 0 0 1 1 6 6 6 0 6 0 0 6 6 6 6 6 6 2 6 0 6
split_gain=3.07127e+11 4.46038e+10 1.84635e+10 2.84771e+09 2.79808e+09 2.72271e+09 2.28067e+09 9.84227e+08 7.06324e+08 4.43315e+08 4.39931e+08 3.43371e+08 1.64814e+08 1.82975e+08 1.29172e+08 1.19654e+08 1.15975e+08 8.03789e+07 7.72501e+07 7.6538e+07 7.60668e+07 6.9229e+07 6.83422e+07 6.24338e+07 6.18875e+07 6.0989e+07 1.23914e+08 6.09488e+07 6.03662e+07 5.78536e+07
threshold=388286.60400000011 840329.43250000023 121294.55000000002 619852.88050000009 208019.18150000004 1048200.1775000001 41777.992500000008 507657.76500000007 1182183.7235000001 303117.76850000006 68725.196500000005 4852.8110000000006 19012.117000000002 0.15000000000000005 0.25000000000000006 0.15000000000000005 256199.82050000003 0.25000000000000006 684755.53550000011 33295.90400000001 0.15000000000000005 0.15000000000000005 0.15000000000000005 0.15000000000000005 0.25000000000000006 0.25000000000000006 90.431000000000012 0.15000000000000005 100590.71350000003 0.15000000000000005
decision_type=2 2 2 2 2 2 2 2 2 2 2 2 2 2 2 2 2 2 2 2 2 2 2 2 2 2 2 2 2 2
left_child=2 3 6 7 12 24 11 23 20 16 22 -1 -4 -14 19 -5 -6 -10 -17 -13 -7 -9 -8 -2 -3 28 -27 -18 -12 -11
right_child=1 5 4 15 9 8 10 21 17 29 25 14 13 -15 -16 18 27 -19 -20 -21 -22 -23 -24 -25 -26 26 -28 -29 -30 -31
leaf_value=-500.94529622395834 539.58315429687502 1892.4521484375 -136.3143310546875 1160.963427734375 111.16487248738606 2211.9732421875001 -402.60391438802088 883.55976562500007 2575.1394531250003 260.76516113281252 -295.21582845052086 -471.05354003906251 -151.37593688964844 17.709272384643555 -385.8994784268466 1234.2660644531252 129.07105712890626 2733.6273437500004 1361.1272949218751 -416.98575927734373 2366.1512695312499 987.564697265625 -342.94243570963545 679.26337890625007 2031.5199218750001 -255.59235975477432 -82.047009277343761 267.08006591796874 -209.56437988281252 395.22420654296877
leaf_weight=252 11.999999999999998 24 108 24 72 11.999999999999998 72 24 24 11.999999999999998 144 144 24 48 132 24 11.999999999999998 11.999999999999998 24 120 24 48 144 24 11.999999999999998 72 11.999999999999998 24 24 24
leaf_count=252 12 24 108 24 72 12 72 24 24 12 144 144 24 48 132 24 12 12 24 120 24 48 144 24 12 72 12 24 24 24
internal_value=1.04551e-06 1490.53 -298.107 1008.55 34.1737 2293.85 -394.575 846.165 2471.36 198.453 -310.468 -455.319 -97.2496 -38.6525 -426.285 1252.12 147.802 2627.97 1297.7 -446.477 2314.76 952.896 -362.83 632.703 1938.81 -265.587 -230.8 221.077 -282.98 350.405
internal_weight=1728 288 1440 180 324 108 1116 108 72 144 468 648 180 72 396 72 108 36 48 264 36 72 216 36 36 252 84 36 168 36
internal_count=1728 288 1440 180 324 108 1116 108 72 144 468 648 180 72 396 72 108 36 48 264 36 72 216 36 36 252 84 36 168 36
is_linear=0
shrinkage=0.05


Tree=43
num_leaves=31
num_cat=0
split_feature=0 0 0 0 1 0 0 0 0 0 0 0 0 0 6 2 6 6 6 6 2 6 0 6 4 6 6 6 0 6
split_gain=2.77182e+11 4.02549e+10 1.6681e+10 2.57006e+09 2.52919e+09 2.45724e+09 2.0153e+09 8.88264e+08 6.37457e+08 5.90328e+08 3.05232e+08 2.38048e+08 1.82856e+08 1.20371e+08 1.14686e+08 1.11464e+08 1.10299e+08 9.0486e+07 8.09446e+07 7.5266e+07 7.37746e+07 6.95832e+07 6.53032e+07 6.61013e+07 6.49253e+07 6.2479e+07 6.20696e+07 5.87451e+07 6.3325e+07 5.78885e+07
threshold=388286.60400000011 840329.43250000023 137286.37700000001 619852.88050000009 11991.799500000003 1048200.1775000001 240407.42100000003 507657.76500000007 1182183.7235000001 31159.647000000004 164842.97150000001 303117.76850000006 100590.71350000003 7391.9660000000013 0.15000000000000005 90.431000000000012 0.25000000000000006 0.25000000000000006 0.15000000000000005 0.15000000000000005 76.349000000000018 0.25000000000000006 55159.639500000012 0.25000000000000006 37.504500000000007 0.15000000000000005 0.25000000000000006 0.25000000000000006 153655.73400000003 0.15000000000000005
decision_type=2 2 2 2 2 2 2 2 2 2 2 2 2 2 2 2 2 2 2 2 2 2 2 2 2 2 2 2 2 2
left_child=2 3 4 7 9 29 10 -2 21 13 27 26 14 -1 20 -16 -5 -12 -15 -10 -6 -7 23 -11 -25 -9 -8 -4 -29 -3
right_child=1 5 6 16 12 8 11 25 19 22 17 -13 -14 18 15 -17 -18 -19 -20 -21 -22 -23 -24 24 -26 -27 -28 28 -30 -31
leaf_value=-492.37991536458333 601.06814778645833 1752.2013671875002 -124.53746744791668 1145.7532958984375 -288.00007324218751 2149.8670898437499 142.5880111694336 839.3818359375 2394.3273437500002 -396.07877875434031 -5.1915818214416509 332.88428548177086 -179.58296508789064 -473.87900390625003 -262.70897284613716 -146.32179260253906 1277.032275390625 113.71358642578126 -417.64823913574219 2547.6916992187503 -391.72467041015625 2297.328125 -327.46575113932295 -313.49620117187504 -391.5137939453125 938.18642578125002 241.068359375 0.57958984375 -140.093994140625 1886.7009765625
leaf_weight=144 36 11.999999999999998 72 48 60 24 48 24 11.999999999999998 216 48 36 72 96 144 24 24 24 192 24 24 11.999999999999998 72 60 48 48 24 24 11.999999999999998 24
leaf_count=144 36 12 72 48 60 24 48 24 12 216 48 36 72 96 144 24 24 24 192 24 24 12 72 60 48 48 24 24 12 24
internal_value=3.20452e-06 1416.01 -283.201 958.119 -368.29 2179.15 57.1518 803.857 2347.8 -414.634 -45.2999 227.905 -249.856 -455.055 -269.933 -246.082 1189.51 34.4435 -436.392 2496.57 -317.636 2199.02 -370.538 -380.109 -348.171 905.252 175.415 -98.4622 -46.3116 1841.87
internal_weight=1728 288 1440 180 1152 108 288 108 72 828 180 108 324 432 252 168 72 72 288 36 84 36 396 324 108 72 72 108 36 36
internal_count=1728 288 1440 180 1152 108 288 108 72 828 180 108 324 432 252 168 72 72 288 36 84 36 396 324 108 72 72 108 36 36
is_linear=0
shrinkage=0.05


Tree=44
num_leaves=31
num_cat=0
split_feature=0 0 0 0 1 0 0 0 0 0 0 0 0 0 6 2 0 6 6 6 6 0 6 6 6 6 2 1 6 6
split_gain=2.50156e+11 3.63301e+10 1.50546e+10 2.31948e+09 2.28259e+09 2.21766e+09 1.81881e+09 8.01659e+08 5.75305e+08 5.3641e+08 2.75472e+08 2.14838e+08 1.65027e+08 1.2545e+08 1.0822e+08 1.0893e+08 1.07769e+08 8.16636e+07 8.00054e+07 6.88944e+07 6.69819e+07 6.67404e+07 6.52381e+07 5.93853e+07 5.7746e+07 5.63465e+07 5.5702e+07 6.03129e+07 5.45722e+07 5.40754e+07
threshold=388286.60400000011 840329.43250000023 137286.37700000001 619852.88050000009 11991.799500000003 1048200.1775000001 240407.42100000003 507657.76500000007 1182183.7235000001 33295.90400000001 164842.97150000001 303117.76850000006 100590.71350000003 12036.576500000001 0.25000000000000006 90.431000000000012 684755.53550000011 0.25000000000000006 0.15000000000000005 0.25000000000000006 0.25000000000000006 68725.196500000005 0.15000000000000005 0.25000000000000006 0.15000000000000005 0.15000000000000005 22.312000000000005 9241.5975000000017 0.25000000000000006 0.15000000000000005
decision_type=2 2 2 2 2 2 2 2 2 2 2 2 2 2 2 2 2 2 2 2 2 2 2 2 2 2 2 2 2 2
left_child=2 3 4 7 9 -3 10 25 22 13 29 24 14 -1 21 -16 -5 -12 -15 -10 -18 -6 -7 -9 -8 -2 -11 -28 -13 -4
right_child=1 5 6 16 12 8 11 23 19 26 17 28 -14 18 15 -17 20 -19 -20 -21 -22 -23 -24 -25 -26 -27 27 -29 -30 -31
leaf_value=-461.94314290364582 482.55058593750005 1749.7742838541669 -143.57398681640626 1068.8657552083334 -356.80013427734377 1993.8812500000001 103.31837158203126 827.87990722656252 2322.8319335937499 -407.01958007812505 -4.9320010185241703 272.70999755859378 -170.60381266276045 -446.00183715820316 -233.34353976779514 -70.628570556640625 1142.9827636718751 108.02791137695313 -390.09826812744143 2469.5613281250003 1287.6612304687501 -266.74006958007811 2136.6639648437499 924.20722656250007 198.30689697265626 615.246826171875 -371.9687635633681 -326.20635308159723 403.30021972656255 -68.521613566080731
leaf_weight=180 11.999999999999998 36 36 36 24 11.999999999999998 24 48 24 36 48 24 72 96 72 11.999999999999998 24 24 192 11.999999999999998 11.999999999999998 144 24 24 48 24 108 216 11.999999999999998 72
leaf_count=180 12 36 36 36 24 12 24 48 24 36 48 24 72 96 72 12 24 24 192 12 12 144 24 24 48 24 108 216 12 72
internal_value=2.81775e-06 1345.21 -269.041 910.213 -349.875 2070.2 54.2942 763.664 2230.41 -393.902 -43.0349 216.509 -237.363 -429.198 -256.437 -210.099 1130.04 32.7213 -408.733 2371.74 1191.21 -279.606 2089.07 859.989 166.644 571.015 -348.016 -341.46 316.24 -93.5391
internal_weight=1728 288 1440 180 1152 108 288 108 72 828 180 108 324 468 252 84 72 72 288 36 36 168 36 72 72 36 360 324 36 108
internal_count=1728 288 1440 180 1152 108 288 108 72 828 180 108 324 468 252 84 72 72 288 36 36 168 36 72 72 36 360 324 36 108
is_linear=0
shrinkage=0.05


Tree=45
num_leaves=31
num_cat=0
split_feature=0 0 0 0 0 0 0 0 0 0 0 1 1 6 6 6 6 6 0 6 6 0 0 6 6 6 0 6 2 3
split_gain=2.25766e+11 3.27879e+10 1.35874e+10 2.09333e+09 2.0779e+09 2.00144e+09 1.68245e+09 7.23497e+08 5.19212e+08 3.29632e+08 3.19155e+08 2.58978e+08 1.19076e+08 1.52359e+08 1.06322e+08 1.0029e+08 9.96901e+07 6.45502e+07 6.15033e+07 5.96392e+07 5.71587e+07 5.64301e+07 5.62517e+07 5.35953e+07 5.35257e+07 5.30464e+07 4.94305e+07 4.83576e+07 6.34366e+07 4.50773e+07
threshold=388286.60400000011 840329.43250000023 121294.55000000002 619852.88050000009 208019.18150000004 1048200.1775000001 41777.992500000008 507657.76500000007 1182183.7235000001 256199.82050000003 74959.462500000009 4852.8110000000006 19012.117000000002 0.15000000000000005 0.25000000000000006 0.25000000000000006 0.15000000000000005 0.15000000000000005 684755.53550000011 0.25000000000000006 0.25000000000000006 33295.90400000001 303117.76850000006 0.25000000000000006 0.25000000000000006 0.25000000000000006 55159.639500000012 0.15000000000000005 90.431000000000012 72.187000000000026
decision_type=2 2 2 2 2 2 2 2 2 2 2 2 2 2 2 2 2 2 2 2 2 2 2 2 2 2 2 2 2 2
left_child=2 3 6 7 12 25 11 24 19 -6 20 -1 -4 -14 21 22 -5 -10 -18 -7 26 -13 -11 -9 -2 -3 -8 -12 -29 -22
right_child=1 5 4 16 9 8 10 23 17 15 27 14 13 -15 -16 -17 18 -19 -20 -21 29 -23 -24 -25 -26 -27 -28 28 -30 -31
leaf_value=-430.14178757440482 499.35332031250005 1619.3683593750002 -117.00162116156685 990.33134765625005 95.376036548614508 1939.11015625 -344.65896606445312 786.48590087890625 2158.4693359375001 150.81972045898439 -254.96421915690104 -404.72421061197917 -136.85126647949218 17.441099929809571 -328.66255104758528 330.1282958984375 1058.53984375 2300.4972656250002 1171.7352050781251 2075.6285156250001 -293.8218408203125 -358.29883544921881 259.07449951171878 877.99687500000005 628.68535156250005 1748.1201171875 -289.85393066406249 -219.61965901692707 -130.57149047851564 -212.74306030273439
leaf_weight=252 24 24 108 24 72 24 96 48 11.999999999999998 24 72 144 24 48 132 24 24 24 24 11.999999999999998 60 120 24 24 11.999999999999998 11.999999999999998 72 120 24 24
leaf_count=252 24 24 108 24 72 24 96 48 12 24 72 144 24 48 132 24 24 24 24 12 60 120 24 24 12 12 72 120 24 24
internal_value=1.33029e-06 1277.95 -255.589 864.703 29.4574 1966.69 -338.345 725.481 2118.89 171.025 -266.106 -390.517 -83.7968 -33.9897 -365.302 246.674 1073.54 2253.15 1115.14 1984.62 -304.333 -383.622 204.947 816.99 542.464 1662.29 -321.171 -221.507 -204.778 -270.656
internal_weight=1728 288 1440 180 324 108 1116 108 72 144 468 648 180 72 396 72 72 36 48 36 252 264 48 72 36 36 168 216 144 84
internal_count=1728 288 1440 180 324 108 1116 108 72 144 468 648 180 72 396 72 72 36 48 36 252 264 48 72 36 36 168 216 144 84
is_linear=0
shrinkage=0.05


Tree=46
num_leaves=31
num_cat=0
split_feature=0 0 0 0 1 0 0 0 0 1 0 0 0 6 6 2 0 1 6 0 6 6 6 0 6 6 6 6 6 0
split_gain=2.03754e+11 2.95911e+10 1.22781e+10 1.88923e+09 1.86265e+09 1.8063e+09 1.48713e+09 6.52956e+08 4.68589e+08 4.42324e+08 2.24359e+08 1.7659e+08 1.36923e+08 9.65826e+07 9.2235e+07 9.20362e+07 9.10487e+07 7.91052e+07 7.13549e+07 5.90655e+07 5.905e+07 5.65279e+07 5.59518e+07 5.3e+07 5.08865e+07 5.07562e+07 4.96453e+07 4.95591e+07 4.86017e+07 5.43122e+07
threshold=388286.60400000011 840329.43250000023 137286.37700000001 619852.88050000009 11991.799500000003 1048200.1775000001 240407.42100000003 507657.76500000007 1182183.7235000001 6575.9135000000015 164842.97150000001 303117.76850000006 100590.71350000003 0.15000000000000005 0.25000000000000006 90.431000000000012 684755.53550000011 9241.5975000000017 0.15000000000000005 4747.4170000000004 0.25000000000000006 0.25000000000000006 0.15000000000000005 68725.196500000005 0.15000000000000005 0.15000000000000005 0.15000000000000005 0.15000000000000005 0.25000000000000006 153655.73400000003
decision_type=2 2 2 2 2 2 2 2 2 2 2 2 2 2 2 2 2 2 2 2 2 2 2 2 2 2 2 2 2 2
left_child=2 3 4 7 9 26 10 -2 22 19 28 27 14 17 23 -16 25 -11 -12 -1 -10 -18 -7 -6 -9 -5 -3 -8 -4 -30
right_child=1 5 6 16 12 8 11 24 20 13 18 -13 -14 -15 15 -17 21 -19 -20 -21 -22 -23 -24 -25 -26 -27 -28 -29 29 -31
leaf_value=-431.35158962673614 515.34080403645828 1496.13408203125 -108.11306610107422 879.67109375000007 -321.72718505859376 1797.2316406250002 91.997555541992199 716.69443359375009 2095.2161132812503 -391.54409877232143 -40.842591953277591 286.29012044270837 -153.36354777018229 -310.80305001395095 -210.134329562717 -60.568566894531251 1031.78193359375 -322.92452915736612 64.747162246704107 -386.06486816406255 2231.0583984375003 1164.6915039062501 1929.4623046875001 -241.47148437500002 805.86287841796877 1005.612841796875 1620.6898925781252 179.99530334472658 6.4657043457031254 -123.81313476562501
leaf_weight=108 36 11.999999999999998 72 11.999999999999998 24 11.999999999999998 24 24 24 84 24 36 72 336 72 11.999999999999998 24 84 48 216 11.999999999999998 11.999999999999998 24 144 48 24 24 48 24 11.999999999999998
leaf_count=108 36 12 72 12 24 12 24 24 24 84 24 36 72 336 72 12 24 84 48 216 12 12 24 144 48 24 24 48 24 12
internal_value=-2.16784e-07 1214.05 -242.81 821.468 -315.81 1868.35 49.1913 689.207 2012.94 -355.581 -38.8171 195.872 -214.173 -326.28 -231.547 -188.768 1019.86 -357.234 29.5506 -401.16 2140.5 1076.09 1885.39 -252.937 776.14 963.632 1579.17 150.663 -84.3956 -36.9606
internal_weight=1728 288 1440 180 1152 108 288 108 72 828 180 108 324 504 252 84 72 168 72 324 36 36 36 168 72 36 36 72 108 36
internal_count=1728 288 1440 180 1152 108 288 108 72 828 180 108 324 504 252 84 72 168 72 324 36 36 36 168 72 36 36 72 108 36
is_linear=0
shrinkage=0.05


Tree=47
num_leaves=31
num_cat=0
split_feature=0 0 0 0 0 0 0 0 0 0 0 0 6 4 6 6 6 1 6 1 6 0 6 0 6 0 6 6 6 0
split_gain=1.83888e+11 2.67059e+10 1.1081e+10 1.70503e+09 1.68621e+09 1.63019e+09 1.34438e+09 5.89293e+08 4.22902e+08 3.60755e+08 2.71517e+08 1.56803e+08 1.1178e+08 9.24506e+07 9.04093e+07 8.28186e+07 8.12379e+07 8.99584e+07 5.93474e+07 6.42398e+07 5.53608e+07 5.23525e+07 5.11154e+07 5.08287e+07 4.83069e+07 4.76915e+07 4.63112e+07 4.59251e+07 4.54679e+07 4.2028e+07
threshold=388286.60400000011 840329.43250000023 137286.37700000001 619852.88050000009 55159.639500000012 1048200.1775000001 208019.18150000004 507657.76500000007 1182183.7235000001 19740.918500000003 256199.82050000003 87041.996000000028 0.25000000000000006 37.504500000000007 0.15000000000000005 0.15000000000000005 0.25000000000000006 19012.117000000002 0.15000000000000005 14745.336000000001 0.15000000000000005 4747.4170000000004 0.25000000000000006 684755.53550000011 0.25000000000000006 303117.76850000006 0.15000000000000005 0.15000000000000005 0.25000000000000006 90630.424000000014
decision_type=2 2 2 2 2 2 2 2 2 2 2 2 2 2 2 2 2 2 2 2 2 2 2 2 2 2 2 2 2 2
left_child=2 3 4 7 9 28 16 24 22 21 -8 -6 -11 -14 -12 -5 -4 -18 29 -20 -10 -1 -7 -17 -2 -16 -23 -9 -3 -13
right_child=1 5 6 15 11 8 10 27 20 12 14 18 13 -15 25 23 17 -19 19 -21 -22 26 -24 -25 -26 -27 -28 -29 -30 -31
leaf_value=-409.78401692708331 448.61861572265627 1460.479296875 -87.851308822631836 893.02846679687502 -243.29370442708333 1748.9872070312501 86.10190326372782 680.85971679687509 1945.78515625 -330.00445087139428 144.18013916015624 -301.5924072265625 -242.53197719029018 -319.74333089192714 213.19584960937502 955.33217773437502 -76.63458251953125 60.264443969726564 -201.80031026204426 -127.1251942952474 2077.3155273437501 -399.89007568359375 1875.373828125 1058.236572265625 571.48403320312502 312.87393798828128 -350.77754720052087 765.56976318359375 1579.6795898437501 -196.97506713867188
leaf_weight=108 24 24 96 24 180 24 72 24 11.999999999999998 312 24 11.999999999999998 84 72 24 24 24 24 48 72 24 72 11.999999999999998 24 11.999999999999998 24 144 48 11.999999999999998 48
leaf_count=108 24 24 96 24 180 24 72 24 12 312 24 12 84 72 24 24 24 24 48 72 24 72 12 24 12 24 144 48 12 48
internal_value=-1.6314e-07 1153.35 -230.669 780.394 -300.02 1774.93 46.7317 654.747 1912.29 -340.803 154.759 -210.295 -312.726 -278.168 223.417 968.866 -61.2959 -8.18507 -177.296 -156.995 2033.47 -381.36 1791.12 1006.78 489.574 263.035 -367.148 737.333 1500.21 -217.899
internal_weight=1728 288 1440 180 1152 108 288 108 72 792 144 360 468 156 72 72 144 48 180 120 36 324 36 48 36 48 216 72 36 60
internal_count=1728 288 1440 180 1152 108 288 108 72 792 144 360 468 156 72 72 144 48 180 120 36 324 36 48 36 48 216 72 36 60
is_linear=0
shrinkage=0.05


Tree=48
num_leaves=31
num_cat=0
split_feature=0 0 0 0 1 0 0 0 0 0 0 0 0 0 6 6 6 2 6 2 6 6 2 6 1 6 0 6 6 6
split_gain=1.65959e+11 2.41021e+10 1.00006e+10 1.53879e+09 1.533e+09 1.47124e+09 1.21901e+09 5.31837e+08 3.81669e+08 3.66979e+08 1.85513e+08 1.45052e+08 1.10542e+08 8.54244e+07 8.27745e+07 7.7774e+07 7.37146e+07 6.81851e+07 6.27779e+07 5.29033e+07 5.06113e+07 4.79882e+07 4.67084e+07 4.58932e+07 4.50461e+07 4.47682e+07 4.37487e+07 4.36535e+07 4.32753e+07 4.25766e+07
threshold=388286.60400000011 840329.43250000023 137286.37700000001 619852.88050000009 11991.799500000003 1048200.1775000001 240407.42100000003 507657.76500000007 1182183.7235000001 33295.90400000001 164842.97150000001 303117.76850000006 100590.71350000003 4747.4170000000004 0.15000000000000005 0.25000000000000006 0.15000000000000005 90.431000000000012 0.25000000000000006 76.349000000000018 0.25000000000000006 0.15000000000000005 22.312000000000005 0.15000000000000005 9241.5975000000017 0.25000000000000006 684755.53550000011 0.25000000000000006 0.25000000000000006 0.15000000000000005
decision_type=2 2 2 2 2 2 2 2 2 2 2 2 2 2 2 2 2 2 2 2 2 2 2 2 2 2 2 2 2 2
left_child=2 3 4 7 9 29 10 23 21 13 -4 25 14 -1 19 26 -15 -16 -12 -6 -10 -7 -11 -2 -24 -8 -5 -9 -13 -3
right_child=1 5 6 15 12 8 11 27 20 22 18 28 -14 16 17 -17 -18 -19 -20 -21 -22 -23 24 -25 -26 -27 -28 -29 -30 -31
leaf_value=-389.29482421875002 385.25742187500003 1348.3034179687502 -76.730721367730027 835.94235839843759 -223.85406982421875 1619.9208007812501 108.34351654052735 672.93693847656255 1889.8778320312501 -337.17620442708335 -6.1310537338256843 220.37991943359376 -138.17494710286459 -370.59041503906252 -201.16524319118923 993.91376953125007 -322.5947839355469 -110.13565216064454 92.909567260742193 -311.68947753906252 2015.6396484375 1742.38017578125 -303.50834418402781 505.013916015625 -263.95963948567709 191.97977905273439 931.41123046875009 755.525390625 336.67060546875001 1463.6514648437501
leaf_weight=108 11.999999999999998 11.999999999999998 108 24 60 11.999999999999998 48 48 24 36 48 24 72 120 144 24 240 24 24 24 11.999999999999998 24 108 24 216 24 24 24 11.999999999999998 24
leaf_count=108 12 12 108 24 60 12 48 48 24 36 48 24 72 120 144 24 240 24 24 24 12 24 108 24 216 24 24 24 12 24
internal_value=9.44844e-07 1095.68 -219.136 741.375 -285.019 1686.19 44.3951 622.009 1816.68 -321.099 -35.2854 177.196 -192.813 -350.294 -208.424 920.422 -338.593 -188.161 26.8825 -248.95 1931.8 1701.56 -283.146 465.095 -277.143 136.222 883.677 700.466 259.143 1425.2
internal_weight=1728 288 1440 180 1152 108 288 108 72 828 180 108 324 468 252 72 360 168 72 84 36 36 360 36 324 72 48 72 36 36
internal_count=1728 288 1440 180 1152 108 288 108 72 828 180 108 324 468 252 72 360 168 72 84 36 36 360 36 324 72 48 72 36 36
is_linear=0
shrinkage=0.05


Tree=49
num_leaves=31
num_cat=0
split_feature=0 0 0 0 0 0 0 0 0 0 0 0 6 1 6 0 6 6 6 6 1 6 3 6 6 6 6 6 0 0
split_gain=1.49778e+11 2.17521e+10 9.03046e+09 1.3912e+09 1.38876e+09 1.3278e+09 1.13829e+09 4.79983e+08 3.44457e+08 2.23715e+08 2.08624e+08 1.74662e+08 8.43745e+07 1.23025e+08 7.80225e+07 7.23139e+07 4.74805e+07 4.67397e+07 4.65543e+07 4.53218e+07 4.41076e+07 4.38092e+07 4.37782e+07 4.79355e+07 4.14186e+07 4.05578e+07 3.93972e+07 3.89714e+07 3.74756e+07 3.74047e+07
threshold=388286.60400000011 840329.43250000023 121294.55000000002 208019.18150000004 619852.88050000009 1048200.1775000001 41777.992500000008 507657.76500000007 1182183.7235000001 256199.82050000003 74959.462500000009 19740.918500000003 0.15000000000000005 19012.117000000002 0.15000000000000005 684755.53550000011 0.15000000000000005 0.25000000000000006 0.15000000000000005 0.25000000000000006 9804.0705000000016 0.25000000000000006 36.979000000000006 0.15000000000000005 0.15000000000000005 0.15000000000000005 0.25000000000000006 0.25000000000000006 145818.27200000003 303117.76850000006
decision_type=2 2 2 2 2 2 2 2 2 2 2 2 2 2 2 2 2 2 2 2 2 2 2 2 2 2 2 2 2 2
left_child=2 4 6 12 7 27 11 24 21 -5 18 22 28 -14 -11 25 -10 -13 20 -17 -8 -7 -1 -24 -2 -6 -9 -3 -4 -16
right_child=1 5 3 9 15 8 10 26 16 14 -12 17 13 -15 29 19 -18 -19 -20 -21 -22 -23 23 -25 -26 -27 -28 -29 -30 -31
leaf_value=-365.06612141927087 365.99455566406255 1317.156494140625 -165.27496948242188 77.719189262390145 749.23896484375007 1577.4803222656251 -366.27365722656253 639.29008789062505 1754.001953125 128.7530487060547 -180.16737902605976 -306.02879367404512 -85.596382141113281 17.744166660308839 195.02797241210939 884.84067382812509 1875.81181640625 -265.74348144531251 -231.93623570033483 1003.8493164062501 -262.73333740234375 1694.4861328125 -364.56901367187504 -309.83356201171875 479.76318359375 861.81918945312509 717.74912109375009 1427.5130859375001 -84.614029947916663 283.30397949218752
leaf_weight=144 11.999999999999998 24 24 72 11.999999999999998 24 11.999999999999998 48 11.999999999999998 24 216 216 72 48 24 24 24 108 168 11.999999999999998 72 11.999999999999998 60 120 24 24 24 11.999999999999998 36 24
leaf_count=144 12 24 24 72 12 24 12 48 12 24 216 216 72 48 24 24 24 108 168 12 72 12 60 120 24 24 24 12 36 24
internal_value=-8.67137e-07 1040.9 -208.179 24.2034 704.306 1601.88 -275.645 590.909 1725.85 140.04 -216.225 -318.559 -68.4662 -44.2602 202.362 874.401 1835.21 -292.6 -247.132 924.51 -277.525 1616.48 -344.518 -328.079 441.84 824.292 665.443 1353.94 -116.878 239.166
internal_weight=1728 288 1440 324 180 108 1116 108 72 144 468 648 180 120 72 72 36 324 252 36 84 36 324 180 36 36 72 36 60 48
internal_count=1728 288 1440 324 180 108 1116 108 72 144 468 648 180 120 72 72 36 324 252 36 84 36 324 180 36 36 72 36 60 48
is_linear=0
shrinkage=0.05


Tree=50
num_leaves=31
num_cat=0
split_feature=0 0 0 0 0 0 1 0 0 0 0 0 6 1 6 6 2 6 6 6 2 6 0 6 6 6 6 2 0 0
split_gain=1.35175e+11 1.96313e+10 8.14999e+09 1.25556e+09 1.25336e+09 1.19834e+09 1.03144e+09 4.33184e+08 3.10872e+08 2.46799e+08 2.01903e+08 1.17291e+08 7.89496e+07 8.8025e+07 7.34001e+07 6.52995e+07 6.29567e+07 6.16685e+07 5.15112e+07 4.3378e+07 4.17273e+07 4.11588e+07 3.99641e+07 3.93449e+07 3.74038e+07 3.65149e+07 3.60512e+07 7.10866e+07 3.47018e+07 3.404e+07
threshold=388286.60400000011 840329.43250000023 121294.55000000002 208019.18150000004 619852.88050000009 1048200.1775000001 9241.5975000000017 507657.76500000007 1182183.7235000001 68725.196500000005 256199.82050000003 16052.3765 0.25000000000000006 19012.117000000002 0.25000000000000006 0.15000000000000005 22.312000000000005 0.15000000000000005 0.25000000000000006 0.25000000000000006 30.574000000000002 0.15000000000000005 684755.53550000011 0.25000000000000006 0.15000000000000005 0.15000000000000005 0.25000000000000006 90.431000000000012 303117.76850000006 47382.240000000013
decision_type=2 2 2 2 2 2 2 2 2 2 2 2 2 2 2 2 2 2 2 2 2 2 2 2 2 2 2 2 2 2
left_child=2 4 6 12 7 25 11 23 21 16 -5 -1 -4 -14 28 -6 -8 -13 -18 -10 -19 -7 -17 -2 -9 -3 -11 -28 -12 -20
right_child=1 5 3 10 15 8 9 24 19 26 14 17 13 -15 -16 22 18 20 29 -21 -22 -23 -24 -25 -26 -27 27 -29 -30 -31
leaf_value=-337.53309733072916 382.78696289062503 1215.0303710937501 -88.457899589538584 73.833231735229489 763.34121093750002 1460.0506835937501 -305.6873779296875 581.20537109375005 1704.6385742187501 -189.45421578543528 114.03281250000001 -320.193974609375 -67.661350504557291 55.959544372558597 263.63845214843752 818.72824707031259 -250.98574741908484 -338.8401977539063 -175.46664428710938 1821.0671875 -269.34526095920137 1573.461962890625 909.97441406250005 493.67099609375003 657.65371093750002 1321.8521484375001 -168.11452772352433 -36.668725585937501 199.05949707031252 -239.78469238281252
leaf_weight=216 24 11.999999999999998 120 72 24 11.999999999999998 36 24 24 168 24 120 36 24 24 24 168 24 48 11.999999999999998 216 24 24 11.999999999999998 48 24 72 11.999999999999998 24 36
leaf_count=216 24 12 120 72 24 12 36 24 24 168 24 120 36 24 24 24 168 24 48 12 216 24 24 12 48 24 72 12 24 36
internal_value=4.49463e-07 988.85 -197.77 22.9932 669.091 1521.78 -261.863 561.363 1639.55 -212.218 133.038 -308.405 -65.0429 -18.213 192.244 830.681 -243.837 -290.928 -235.001 1743.45 -276.295 1535.66 864.351 419.748 632.171 1286.24 -176.082 -149.337 156.546 -203.032
internal_weight=1728 288 1440 324 180 108 1116 108 72 540 144 576 180 60 72 72 288 360 252 36 240 36 48 36 72 36 252 84 48 84
internal_count=1728 288 1440 324 180 108 1116 108 72 540 144 576 180 60 72 72 288 360 252 36 240 36 48 36 72 36 252 84 48 84
is_linear=0
shrinkage=0.05


Tree=51
num_leaves=31
num_cat=0
split_feature=0 0 0 0 0 0 0 0 0 0 0 0 0 0 6 6 4 6 6 6 6 6 6 0 6 0 6 6 6 6
split_gain=1.21995e+11 1.77173e+10 7.36742e+09 1.13131e+09 1.13115e+09 1.0815e+09 9.03757e+08 3.90949e+08 2.80562e+08 2.74551e+08 1.37208e+08 1.08612e+08 8.48115e+07 6.73884e+07 6.12368e+07 6.12043e+07 5.62304e+07 8.37792e+07 5.37214e+07 4.07225e+07 3.75465e+07 3.72145e+07 3.56754e+07 3.77681e+07 3.55087e+07 3.42316e+07 3.4202e+07 3.3757e+07 3.34027e+07 3.29686e+07
threshold=388286.60400000011 840329.43250000023 137286.37700000001 63082.982000000011 619852.88050000009 1048200.1775000001 240407.42100000003 507657.76500000007 1182183.7235000001 33295.90400000001 164842.97150000001 303117.76850000006 100590.71350000003 4747.4170000000004 0.25000000000000006 0.25000000000000006 33.389500000000005 0.15000000000000005 0.15000000000000005 0.15000000000000005 0.25000000000000006 0.15000000000000005 0.15000000000000005 145818.27200000003 0.25000000000000006 684755.53550000011 0.25000000000000006 0.15000000000000005 0.25000000000000006 0.15000000000000005
decision_type=2 2 2 2 2 2 2 2 2 2 2 2 2 2 2 2 2 2 2 2 2 2 2 2 2 2 2 2 2 2
left_child=2 4 3 9 7 28 10 24 20 13 22 21 29 -1 25 -15 17 -11 -12 -10 -7 -8 -4 -24 -2 -6 -13 -9 -3 -5
right_child=1 5 6 12 14 8 11 27 19 16 18 26 -14 15 -16 -17 -18 -19 -20 -21 -22 -23 23 -25 -26 -27 -28 -29 -30 -31
leaf_value=-335.31657443576387 363.64760742187502 1187.8766113281251 -106.58168131510418 -204.46990966796875 714.31706542968755 1422.7685546875 66.364996337890631 552.14511718749998 1581.0699218750001 -272.33026733398441 -37.912187576293945 189.10651855468751 -117.36145121256511 -304.86233886718753 854.35883789062507 -261.12867431640626 -258.73165690104167 -191.42753448486329 53.706445217132568 1693.8785156250001 1531.0887695312501 142.61961212158204 5.5919754028320314 -71.227757644653323 468.98745117187502 798.7657470703125 292.48994140625001 624.77104492187505 1290.0448242187501 -166.1057108561198
leaf_weight=108 24 24 36 84 24 24 24 24 11.999999999999998 48 24 24 72 240 24 120 216 96 48 24 11.999999999999998 48 24 48 11.999999999999998 24 11.999999999999998 48 11.999999999999998 168
leaf_count=108 24 24 36 84 24 24 24 24 12 48 24 24 72 240 24 120 216 96 48 24 12 48 24 48 12 24 12 48 12 168
internal_value=5.1834e-07 939.408 -187.882 -244.429 635.636 1445.69 38.31 533.295 1557.58 -275.425 -30.298 152.657 -165.22 -300.676 789.147 -290.284 -242.597 -218.395 23.1669 1656.28 1458.88 117.201 -65.9413 -45.6212 398.761 756.541 223.568 600.562 1221.93 -178.894
internal_weight=1728 288 1440 1152 180 108 288 108 72 828 180 108 324 468 72 360 360 144 72 36 36 72 108 72 36 48 36 72 36 252
internal_count=1728 288 1440 1152 180 108 288 108 72 828 180 108 324 468 72 360 360 144 72 36 36 72 108 72 36 48 36 72 36 252
is_linear=0
shrinkage=0.05


Tree=52
num_leaves=31
num_cat=0
split_feature=0 0 0 1 0 0 0 0 0 1 0 1 0 6 0 6 6 4 4 6 6 1 1 6 1 6 6 6 0 6
split_gain=1.10101e+11 1.59898e+10 6.6491e+09 1.02785e+09 1.02087e+09 9.76052e+08 8.15641e+08 3.52831e+08 2.53207e+08 2.22649e+08 1.2383e+08 9.96316e+07 9.80226e+07 6.77317e+07 5.74812e+07 4.84836e+07 4.04582e+07 5.17721e+07 4.02783e+07 3.71776e+07 3.63721e+07 3.55965e+07 5.45618e+07 3.53019e+07 3.50893e+07 3.40865e+07 3.37347e+07 3.29879e+07 4.06787e+07 3.24372e+07
threshold=388286.60400000011 840329.43250000023 137286.37700000001 11548.453500000001 619852.88050000009 1048200.1775000001 240407.42100000003 507657.76500000007 1182183.7235000001 6575.9135000000015 164842.97150000001 13436.337500000001 303117.76850000006 0.15000000000000005 684755.53550000011 0.15000000000000005 0.25000000000000006 101.94350000000001 25.389500000000002 0.25000000000000006 0.25000000000000006 10484.007500000002 8505.381000000003 0.15000000000000005 2579.4600000000005 0.25000000000000006 0.15000000000000005 0.25000000000000006 153655.73400000003 0.15000000000000005
decision_type=2 2 2 2 2 2 2 2 2 2 2 2 2 2 2 2 2 2 2 2 2 2 2 2 2 2 2 2 2 2
left_child=2 4 3 9 7 -3 10 26 23 24 27 -5 25 18 29 -12 -13 -18 -11 -10 -16 22 -15 -7 -1 -8 -2 -4 -29 -6
right_child=1 5 6 11 14 8 12 -9 19 13 15 16 -14 21 20 -17 17 -19 -20 -21 -22 -23 -24 -25 -26 -27 -28 28 -30 -31
leaf_value=-319.18164333767368 310.37309570312505 1160.8360351562501 -82.1840810139974 -188.45983235677085 637.89409179687505 1315.9097656250001 87.014833068847665 570.53427734374998 1537.532958984375 -307.00169677734374 -36.016577148437499 -152.6142236328125 212.3892822265625 -242.09036763509118 758.82746582031257 51.021123123168948 -45.444958496093754 -140.25111762152778 -251.95450032552085 1645.3197265625001 865.44023437500005 -268.14906616210936 -196.4399694824219 1420.9423828125 -284.27638617621528 159.99434204101564 413.0477294921875 14.017953491210939 -98.729931640625011 738.57492675781259
leaf_weight=108 11.999999999999998 36 72 180 11.999999999999998 11.999999999999998 48 72 24 48 24 120 36 144 24 48 24 36 108 11.999999999999998 11.999999999999998 48 120 24 216 24 24 24 11.999999999999998 24
leaf_count=108 12 36 72 180 12 12 48 72 24 48 24 120 36 144 24 48 24 36 108 12 12 48 120 24 216 24 24 24 12 24
internal_value=-6.39315e-07 892.438 -178.488 -232.208 603.854 1373.41 36.3945 506.63 1479.7 -264.05 -28.7831 -162.156 145.024 -241.992 749.69 22.0086 -135.852 -102.329 -268.892 1573.46 794.365 -228.542 -221.34 1385.93 -295.911 111.341 378.823 -62.6443 -23.5647 705.015
internal_weight=1728 288 1440 1152 180 108 288 108 72 792 180 360 108 468 72 72 180 60 156 36 36 312 264 36 324 72 36 108 36 36
internal_count=1728 288 1440 1152 180 108 288 108 72 792 180 360 108 468 72 72 180 60 156 36 36 312 264 36 324 72 36 108 36 36
is_linear=0
shrinkage=0.05


Tree=53
num_leaves=31
num_cat=0
split_feature=0 0 0 0 0 0 0 0 0 1 0 6 0 4 6 6 1 0 4 6 6 6 6 1 6 6 6 0 6 2
split_gain=9.93657e+10 1.44308e+10 6.00081e+09 9.28198e+08 9.21331e+08 8.80887e+08 7.38828e+08 3.1843e+08 2.28519e+08 2.24105e+08 1.51941e+08 9.19376e+07 7.16591e+07 6.21e+07 6.15962e+07 5.25688e+07 5.3605e+07 5.18767e+07 3.92219e+07 3.49271e+07 3.28259e+07 3.21784e+07 3.20892e+07 3.16681e+07 3.13166e+07 3.04455e+07 2.92746e+07 2.88737e+07 2.83544e+07 5.94381e+07
threshold=388286.60400000011 840329.43250000023 137286.37700000001 63082.982000000011 619852.88050000009 1048200.1775000001 208019.18150000004 507657.76500000007 1182183.7235000001 6575.9135000000015 256199.82050000003 0.25000000000000006 100590.71350000003 37.504500000000007 0.15000000000000005 0.25000000000000006 19012.117000000002 684755.53550000011 20.410000000000004 0.15000000000000005 0.25000000000000006 0.25000000000000006 0.25000000000000006 2579.4600000000005 0.15000000000000005 0.15000000000000005 0.15000000000000005 45843.734500000013 0.15000000000000005 90.431000000000012
decision_type=2 2 2 2 2 2 2 2 2 2 2 2 2 2 2 2 2 2 2 2 2 2 2 2 2 2 2 2 2 2
left_child=2 4 3 9 7 24 15 25 21 23 -8 18 28 27 -12 -4 -17 26 -11 -10 -19 -7 -9 -1 -3 -2 -6 -13 -5 -30
right_child=1 5 6 12 17 8 10 22 19 11 14 13 -14 -15 -16 16 -18 20 -20 -21 -22 -23 -24 -25 -26 -27 -28 -29 29 -31
leaf_value=-303.22256130642364 294.85444335937501 1036.84326171875 -66.870959663391119 -185.1380057198661 605.99941406250002 1283.2087890625 63.298613739013675 518.40449218750007 1425.1397460937501 -275.62822672526039 100.61619567871094 -181.65354527064733 -104.85876973470052 -232.71765950520836 198.72026367187502 -55.624244689941406 50.053129577636724 720.88608398437509 -233.99542846679688 1529.613330078125 822.16826171875005 1383.4872070312501 589.21367187500005 -270.06256781684027 1135.7697265625 392.39533691406251 701.64619140625007 -98.739849853515636 -161.70110032823351 -76.71065979003906
leaf_weight=108 11.999999999999998 11.999999999999998 96 84 11.999999999999998 24 72 48 11.999999999999998 72 24 84 72 72 48 24 24 24 264 24 11.999999999999998 11.999999999999998 24 216 24 24 24 11.999999999999998 144 24
leaf_count=108 12 12 96 84 12 24 72 48 12 72 24 84 72 72 48 24 24 24 264 24 12 12 24 216 24 24 24 12 144 24
internal_value=-5.6514e-07 847.816 -169.563 -220.598 573.662 1304.74 34.5748 481.299 1405.71 -248.673 114.659 -227.816 -148.85 -197.616 166.019 -45.5092 -2.78556 712.205 -242.917 1494.79 754.647 1316.63 542.008 -281.116 1102.79 359.882 669.764 -171.289 -161.419 -149.56
internal_weight=1728 288 1440 1152 180 108 288 108 72 828 144 504 324 168 72 144 48 72 336 36 36 36 72 324 36 36 36 96 252 168
internal_count=1728 288 1440 1152 180 108 288 108 72 828 144 504 324 168 72 144 48 72 336 36 36 36 72 324 36 36 36 96 252 168
is_linear=0
shrinkage=0.05


Tree=54
num_leaves=31
num_cat=0
split_feature=0 0 0 1 0 0 0 0 0 0 0 0 0 6 6 6 6 4 6 3 6 4 6 6 6 6 0 6 6 0
split_gain=8.96776e+10 1.30238e+10 5.41573e+09 8.44109e+08 8.31501e+08 7.95001e+08 6.68412e+08 2.87383e+08 2.06239e+08 1.81023e+08 1.02363e+08 8.37956e+07 8.21596e+07 4.73424e+07 4.30794e+07 4.28335e+07 4.07568e+07 3.98694e+07 3.29729e+07 3.73591e+07 3.1863e+07 3.0796e+07 3.02792e+07 2.97372e+07 2.93449e+07 2.93419e+07 3.04064e+07 2.89605e+07 2.8921e+07 2.87561e+07
threshold=388286.60400000011 840329.43250000023 137286.37700000001 11548.453500000001 619852.88050000009 1048200.1775000001 240407.42100000003 507657.76500000007 1182183.7235000001 19740.918500000003 164842.97150000001 303117.76850000006 87041.996000000028 0.15000000000000005 0.15000000000000005 0.25000000000000006 0.25000000000000006 137.47000000000003 0.15000000000000005 36.979000000000006 0.25000000000000006 37.504500000000007 0.15000000000000005 0.15000000000000005 0.25000000000000006 0.15000000000000005 145818.27200000003 0.25000000000000006 0.25000000000000006 684755.53550000011
decision_type=2 2 2 2 2 2 2 2 2 2 2 2 2 2 2 2 2 2 2 2 2 2 2 2 2 2 2 2 2 2
left_child=2 4 3 9 7 -3 10 28 22 18 25 23 -5 -6 -11 -12 -14 -18 -1 -20 -10 -16 -7 -8 -13 -4 -27 -9 -2 -15
right_child=1 5 6 12 13 8 11 27 20 14 15 24 16 29 21 -17 17 -19 19 -21 -22 -23 -24 -25 -26 26 -28 -29 -30 -31
leaf_value=-289.71026746961809 310.19846191406253 1047.6544921875 -93.799845377604171 -169.97145751953127 619.25688476562505 1185.95380859375 54.598132324218753 492.48427734375002 1386.7875000000001 -239.98734036959138 -7.2466527938842775 161.54831542968751 -139.02254943847657 666.56386718750002 -190.83989359537762 74.562515258789062 -38.633475494384768 -121.83064439561632 -279.12258605957032 -237.27513427734377 1486.5731445312501 -222.35060773577013 1283.2278808593751 122.76292877197267 257.30996093750002 7.4369750976562505 -61.490487289428714 559.75302734374998 405.26591796875005 743.96450195312502
leaf_weight=108 24 36 36 180 24 11.999999999999998 24 48 24 156 48 24 120 24 144 24 24 36 96 120 11.999999999999998 168 24 48 11.999999999999998 24 48 24 11.999999999999998 24
leaf_count=108 24 36 36 180 24 12 24 48 24 156 48 24 120 24 144 24 24 36 96 120 12 168 24 48 12 24 48 24 12 24
internal_value=-1.21682e-06 805.425 -161.085 -209.568 544.978 1239.5 32.8461 457.234 1335.43 -238.423 -26.1566 131.184 -146.085 676.595 -218.534 20.0231 -122.199 -88.5518 -267.153 -255.874 1420.05 -207.807 1250.8 100.041 193.469 -56.9431 -38.5147 514.907 341.888 705.264
internal_weight=1728 288 1440 1152 180 108 288 108 72 792 180 108 360 72 468 72 180 60 324 216 36 312 36 72 36 108 72 72 36 48
internal_count=1728 288 1440 1152 180 108 288 108 72 792 180 108 360 72 468 72 180 60 324 216 36 312 36 72 36 108 72 72 36 48
is_linear=0
shrinkage=0.05


Tree=55
num_leaves=31
num_cat=0
split_feature=0 0 0 0 0 0 0 0 0 0 0 0 6 1 6 6 6 2 6 6 3 6 6 0 6 0 6 2 6 0
split_gain=8.0934e+10 1.1754e+10 4.89145e+09 7.62523e+08 7.5043e+08 7.17488e+08 6.3594e+08 2.59364e+08 1.8613e+08 1.25211e+08 1.13813e+08 9.73169e+07 5.44745e+07 6.86473e+07 5.26225e+07 4.42224e+07 4.30903e+07 4.61298e+07 3.15419e+07 2.99571e+07 2.8872e+07 2.86292e+07 2.75773e+07 2.75514e+07 2.74934e+07 2.67128e+07 2.62629e+07 4.51049e+07 2.61012e+07 2.4476e+07
threshold=388286.60400000011 840329.43250000023 121294.55000000002 208019.18150000004 619852.88050000009 1048200.1775000001 41777.992500000008 507657.76500000007 1182183.7235000001 256199.82050000003 74959.462500000009 16052.3765 0.15000000000000005 19012.117000000002 0.25000000000000006 0.25000000000000006 0.25000000000000006 31.205000000000002 0.25000000000000006 0.15000000000000005 72.187000000000026 0.25000000000000006 0.25000000000000006 145818.27200000003 0.15000000000000005 573241.87500000012 0.25000000000000006 90.431000000000012 0.25000000000000006 684755.53550000011
decision_type=2 2 2 2 2 2 2 2 2 2 2 2 2 2 2 2 2 2 2 2 2 2 2 2 2 2 2 2 2 2
left_child=2 4 6 12 7 21 11 28 22 -5 18 -1 23 -14 -11 29 -13 -18 -8 -10 -20 -3 -7 -4 -9 -26 -12 -28 -2 -6
right_child=1 5 3 9 15 8 10 24 19 14 26 16 13 -15 -16 -17 17 -19 20 -21 -22 -23 -24 -25 25 -27 27 -29 -30 -31
leaf_value=-262.16270345052084 294.68854980468751 963.742919921875 -131.00598754882813 57.132073084513344 579.35280761718752 1157.318798828125 -193.607368687221 445.46669921875002 1284.5433593750001 120.15463714599611 -143.96640370686848 -232.22495727539064 -62.037752914428715 15.156577587127686 210.83135986328125 698.18193359375005 -247.74278971354167 -182.38778754340279 -174.621943359375 1381.2986816406251 -109.73362426757814 1058.3294921875001 1250.1514648437501 -61.845110066731777 473.70939941406255 548.30939941406257 -124.68010294596354 -18.490550231933593 385.00261230468755 650.76123046875
leaf_weight=216 24 24 24 72 24 24 168 24 11.999999999999998 48 144 288 72 48 24 24 36 108 60 24 24 11.999999999999998 11.999999999999998 36 24 24 60 11.999999999999998 11.999999999999998 24
leaf_count=216 24 24 24 72 24 24 168 24 12 48 144 288 72 48 24 24 36 108 60 24 24 12 12 36 24 24 60 12 12 24
internal_value=-1.16119e-06 765.154 -153.031 17.9973 517.73 1177.53 -202.684 434.372 1268.65 103.756 -158.271 -234.76 -50.6098 -31.16 150.38 642.765 -221.059 -198.727 -181.099 1349.05 -156.082 995.272 1188.26 -89.5095 489.162 511.009 -131.638 -106.982 324.793 615.057
internal_weight=1728 288 1440 324 180 108 1116 108 72 144 468 648 180 120 72 72 432 144 252 36 84 36 36 60 72 48 216 72 36 48
internal_count=1728 288 1440 324 180 108 1116 108 72 144 468 648 180 120 72 72 432 144 252 36 84 36 36 60 72 48 216 72 36 48
is_linear=0
shrinkage=0.05


Tree=56
num_leaves=31
num_cat=0
split_feature=0 0 0 0 0 0 1 0 0 0 0 0 6 1 6 2 6 0 6 2 6 6 6 0 6 6 0 6 6 6
split_gain=7.30429e+10 1.0608e+10 4.41453e+09 6.88177e+08 6.77263e+08 6.47533e+08 5.81751e+08 2.34076e+08 1.67983e+08 1.31625e+08 1.1594e+08 6.42058e+07 4.91632e+07 6.19542e+07 4.55026e+07 4.2825e+07 4.18998e+07 4.1236e+07 3.26403e+07 2.83623e+07 2.73076e+07 2.68588e+07 2.63418e+07 2.60899e+07 2.59716e+07 2.58396e+07 2.48651e+07 2.48137e+07 2.47973e+07 2.43177e+07
threshold=388286.60400000011 840329.43250000023 121294.55000000002 208019.18150000004 619852.88050000009 1048200.1775000001 9241.5975000000017 507657.76500000007 1182183.7235000001 68725.196500000005 303117.76850000006 16052.3765 0.15000000000000005 19012.117000000002 0.15000000000000005 22.312000000000005 0.15000000000000005 684755.53550000011 0.25000000000000006 30.574000000000002 0.25000000000000006 0.15000000000000005 0.25000000000000006 256199.82050000003 0.15000000000000005 0.15000000000000005 145818.27200000003 0.25000000000000006 0.15000000000000005 0.15000000000000005
decision_type=2 2 2 2 2 2 2 2 2 2 2 2 2 2 2 2 2 2 2 2 2 2 2 2 2 2 2 2 2 2
left_child=2 4 6 12 7 21 11 28 24 15 14 -1 26 -14 -5 -8 -13 -6 -17 -18 -10 -3 -19 -16 -7 -12 -4 -9 -2 -11
right_child=1 5 3 10 17 8 9 27 20 29 25 16 13 -15 23 18 19 22 -20 -21 -22 -23 -24 -25 -26 -27 -28 -29 -30 -31
leaf_value=-249.05457085503474 249.86735839843752 884.43125000000009 -124.45568237304688 26.76790008544922 572.787841796875 1068.790234375 -229.36905924479166 443.94814453125002 1250.80205078125 -150.84180036272321 116.36958007812501 -238.69621337890626 -58.935866673787444 14.398748779296875 74.33188171386719 -183.79395228794644 -254.07614746093751 618.22319335937505 -145.62125592912946 -196.78154907226565 1343.1795898437501 976.04667968750005 708.95249023437509 138.17977294921874 1158.8797363281251 206.22983398437501 -58.75285135904948 506.21489257812505 337.89667968750001 -117.89320573352632
leaf_weight=216 11.999999999999998 11.999999999999998 24 36 36 11.999999999999998 36 48 24 84 11.999999999999998 120 72 48 48 168 24 24 84 216 11.999999999999998 24 11.999999999999998 24 24 24 36 24 24 168
leaf_count=216 12 12 24 36 36 12 36 48 24 84 12 120 72 48 48 168 24 24 84 216 12 24 12 24 24 24 36 24 24 168
internal_value=1.18326e-07 726.896 -145.379 17.0974 491.843 1118.65 -192.55 412.654 1205.22 -155.266 98.5683 -227.503 -48.0793 -29.602 72.6656 -178.357 -214.573 610.627 -171.07 -202.511 1281.59 945.508 648.466 95.6145 1128.85 176.276 -85.034 464.704 308.554 -128.876
internal_weight=1728 288 1440 324 180 108 1116 108 72 540 144 576 180 120 108 288 360 72 252 240 36 36 36 72 36 36 60 72 36 252
internal_count=1728 288 1440 324 180 108 1116 108 72 540 144 576 180 120 108 288 360 72 252 240 36 36 36 72 36 36 60 72 36 252
is_linear=0
shrinkage=0.05


Tree=57
num_leaves=31
num_cat=0
split_feature=0 0 0 0 0 0 1 0 0 0 0 0 0 6 4 6 6 6 2 6 3 0 6 6 6 6 6 4 6 0
split_gain=6.59213e+10 9.5737e+09 3.98669e+09 7.37573e+08 6.16745e+08 5.84399e+08 4.43918e+08 1.51604e+08 1.20055e+08 1.06366e+08 1.04636e+08 8.50172e+07 5.86343e+07 5.5633e+07 5.10073e+07 6.68919e+07 4.23263e+07 3.94331e+07 3.47674e+07 3.38953e+07 3.08228e+07 2.6201e+07 2.56947e+07 2.45375e+07 2.40091e+07 2.36335e+07 2.33202e+07 2.32705e+07 2.23796e+07 2.16795e+07
threshold=388286.60400000011 840329.43250000023 100590.71350000003 208019.18150000004 573241.87500000012 1048200.1775000001 9241.5975000000017 1182183.7235000001 619852.88050000009 507657.76500000007 303117.76850000006 63082.982000000011 4747.4170000000004 0.15000000000000005 99.63600000000001 0.25000000000000006 0.25000000000000006 0.15000000000000005 22.312000000000005 0.25000000000000006 64.121000000000009 47382.240000000013 0.15000000000000005 0.25000000000000006 0.15000000000000005 0.25000000000000006 0.15000000000000005 39.486500000000014 0.15000000000000005 684755.53550000011
decision_type=2 2 2 2 2 2 2 2 2 2 2 2 2 2 2 2 2 2 2 2 2 2 2 2 2 2 2 2 2 2
left_child=2 4 6 14 9 23 12 25 24 28 16 18 -1 27 15 -4 -5 -10 -8 -20 -15 -21 -9 -3 -6 -7 -12 -14 -2 -19
right_child=1 5 3 10 8 7 11 22 17 -11 26 -13 13 20 -16 -17 -18 29 19 21 -22 -23 -24 -25 -26 -27 -28 -29 -30 -31
leaf_value=-249.33647460937502 237.37399902343751 869.04379882812509 -55.975731468200685 46.898951212565109 410.52094726562501 1043.7611328125001 -217.90061035156251 1157.776171875 527.76591796875005 414.67020670572924 110.55109863281251 -131.33767302982392 -248.11141052246094 -206.75198432074654 -76.745806206597223 27.498268000284835 113.29917805989584 572.65791015625007 -178.83248596191407 -115.48819732666016 -172.70167541503906 -179.4717956542969 1247.3841796875001 956.61074218750002 497.13984375000001 1129.69990234375 195.91834106445313 -208.41751464843753 321.00184326171876 639.86330566406252
leaf_weight=108 11.999999999999998 24 72 72 11.999999999999998 24 36 11.999999999999998 24 36 11.999999999999998 252 96 216 108 36 36 24 144 48 96 24 24 11.999999999999998 24 11.999999999999998 24 60 24 24
leaf_count=108 12 24 72 72 12 24 36 12 24 36 12 252 96 216 108 36 36 24 144 48 96 24 24 12 24 12 24 60 24 24
internal_value=1.23624e-08 690.551 -138.11 5.98691 467.251 1062.72 -186.143 1144.96 542.819 353.898 93.6399 -151.873 -216.128 -208.465 -52.4484 -28.1511 69.0324 580.096 -172.409 -164.827 -196.275 -136.816 1217.51 898.233 468.267 1072.41 167.463 -232.845 293.126 606.261
internal_weight=1728 288 1440 360 180 108 1080 72 108 72 144 504 576 468 216 108 108 72 252 216 312 72 36 36 36 36 36 156 36 48
internal_count=1728 288 1440 360 180 108 1080 72 108 72 144 504 576 468 216 108 108 72 252 216 312 72 36 36 36 36 36 156 36 48
is_linear=0
shrinkage=0.05


Tree=58
num_leaves=31
num_cat=0
split_feature=0 0 0 0 0 0 1 0 0 0 0 0 1 6 6 4 6 2 6 6 3 2 6 6 6 6 2 6 4 6
split_gain=5.94939e+10 8.64026e+09 3.59827e+09 5.59715e+08 5.56613e+08 5.2742e+08 4.73376e+08 1.36823e+08 1.10162e+08 1.08349e+08 9.70994e+07 9.59951e+07 5.36301e+07 5.2454e+07 4.24875e+07 4.42642e+07 4.18867e+07 3.79603e+07 3.5749e+07 2.72327e+07 2.6337e+07 2.59478e+07 2.34029e+07 2.3036e+07 2.26224e+07 2.26039e+07 4.11489e+07 2.22773e+07 2.16542e+07 2.12588e+07
threshold=388286.60400000011 840329.43250000023 121294.55000000002 208019.18150000004 573241.87500000012 1048200.1775000001 9241.5975000000017 1182183.7235000001 74959.462500000009 619852.88050000009 256199.82050000003 507657.76500000007 4852.8110000000006 0.15000000000000005 0.25000000000000006 99.63600000000001 0.25000000000000006 22.312000000000005 0.25000000000000006 0.15000000000000005 76.597500000000011 106.31000000000002 0.25000000000000006 0.15000000000000005 0.25000000000000006 0.25000000000000006 90.431000000000012 0.15000000000000005 49.236500000000007 0.25000000000000006
decision_type=2 2 2 2 2 2 2 2 2 2 2 2 2 2 2 2 2 2 2 2 2 2 2 2 2 2 2 2 2 2
left_child=2 4 6 14 11 23 12 27 17 24 -5 29 -1 28 -4 -16 -12 -8 -11 20 -19 -21 -9 -3 -6 -10 -27 -7 -14 -2
right_child=1 5 3 10 9 7 8 22 25 18 16 -13 13 -15 15 -17 -18 19 -20 21 -22 -23 -24 -25 -26 26 -28 -29 -30 -31
leaf_value=-222.62141868954615 251.30061035156251 796.75747070312502 -60.473015670776363 47.899990081787109 416.82673339843751 963.16259765625 -207.00557047526041 1128.1329589843751 -123.93775634765626 526.17824707031252 103.04922637939454 393.93670247395835 -236.14910481770835 -177.64097968207466 26.123354848225912 -61.539405822753906 183.94910278320313 -159.17139689127606 600.91630859375005 -134.72858712332589 -219.65206298828127 -190.30757446289064 1213.6513671875 881.60297851562507 500.90712890625002 -106.53047526041667 -5.1044792175292972 1046.5992187500001 -188.65548502604167 332.80756835937501
leaf_weight=252 24 11.999999999999998 120 72 24 11.999999999999998 36 24 144 48 48 36 72 216 36 24 24 72 24 168 24 24 11.999999999999998 24 11.999999999999998 60 11.999999999999998 24 36 11.999999999999998
leaf_count=252 24 12 120 72 24 12 36 24 144 48 48 36 72 216 36 24 24 72 24 168 24 24 12 24 12 60 12 24 36 12
internal_value=-2.52547e-07 656.024 -131.205 15.4836 443.888 1009.58 -173.792 1087.71 -140.159 515.678 88.9579 336.203 -205.322 -191.867 -43.2959 -8.94175 130.016 -158.599 551.091 -152.548 -174.292 -141.676 1156.64 853.321 444.854 -112.501 -89.6261 1018.79 -220.318 278.47
internal_weight=1728 288 1440 324 180 108 1116 72 540 108 144 72 576 324 180 60 72 324 72 288 96 192 36 36 36 216 72 36 108 36
internal_count=1728 288 1440 324 180 108 1116 72 540 108 144 72 576 324 180 60 72 324 72 288 96 192 36 36 36 216 72 36 108 36
is_linear=0
shrinkage=0.05


Tree=59
num_leaves=31
num_cat=0
split_feature=0 0 0 0 0 0 1 0 0 0 0 0 0 6 6 4 6 6 2 6 3 1 6 0 6 6 6 6 0 6
split_gain=5.36933e+10 7.79784e+09 3.25609e+09 5.98053e+08 5.02343e+08 4.75996e+08 3.59987e+08 1.23483e+08 1.01261e+08 8.89863e+07 8.66356e+07 6.85578e+07 5.00554e+07 4.60296e+07 4.1784e+07 4.13416e+07 5.79339e+07 3.81873e+07 2.82702e+07 2.92513e+07 2.6125e+07 2.26803e+07 2.20393e+07 2.1232e+07 2.10301e+07 2.0303e+07 2.02533e+07 2.00098e+07 1.99813e+07 1.98417e+07
threshold=388286.60400000011 840329.43250000023 100590.71350000003 208019.18150000004 573241.87500000012 1048200.1775000001 9241.5975000000017 1182183.7235000001 684755.53550000011 303117.76850000006 507657.76500000007 63082.982000000011 4747.4170000000004 0.15000000000000005 0.15000000000000005 99.63600000000001 0.15000000000000005 0.15000000000000005 22.312000000000005 0.25000000000000006 64.121000000000009 12794.753500000003 0.15000000000000005 619852.88050000009 0.25000000000000006 0.25000000000000006 0.25000000000000006 0.15000000000000005 256199.82050000003 0.15000000000000005
decision_type=2 2 2 2 2 2 2 2 2 2 2 2 2 2 2 2 2 2 2 2 2 2 2 2 2 2 2 2 2 2
left_child=2 4 6 15 10 24 12 26 14 17 -2 18 -1 -14 -6 16 -4 -5 -8 -20 -15 -21 -9 -16 -3 -10 -7 -11 -19 -13
right_child=1 5 3 9 8 7 11 22 25 27 -12 29 13 20 23 -17 -18 28 19 21 -22 -23 -24 -25 -26 -27 -28 -29 -30 -31
leaf_value=-225.73858235677085 264.54612630208334 783.63261718750005 -76.952368164062506 19.770403035481774 401.79294433593753 941.32900390625002 -196.65530192057292 1043.4806640625 531.81240234375002 99.871081542968753 374.2398681640625 -138.59356340680804 -210.15096998948317 -186.53277248806424 449.33950195312502 -68.911977810329859 0.73148468335469563 64.215334320068365 -161.80777486165366 -135.32566650390626 -155.18454437255861 -60.025701904296881 1126.4703613281251 515.84765625 864.70000000000005 611.46586914062505 1020.8849609375001 178.94746704101564 120.09087524414063 -108.83132684798468
leaf_weight=108 36 24 36 36 24 24 36 11.999999999999998 24 11.999999999999998 36 84 156 216 24 108 72 48 144 60 96 11.999999999999998 24 24 11.999999999999998 11.999999999999998 11.999999999999998 24 24 168
leaf_count=108 36 24 36 36 24 24 36 12 24 12 36 84 156 216 24 108 72 48 144 60 96 12 24 24 12 12 12 24 24 168
internal_value=-7.02231e-07 623.222 -124.644 5.58148 421.694 959.103 -168.053 1033.33 489.895 84.51 319.393 -137.193 -195.056 -187.975 455.66 -47.0376 -25.1631 61.8171 -155.634 -148.797 -176.887 -122.776 1098.81 482.594 810.655 558.364 967.848 152.589 82.8405 -118.752
internal_weight=1728 288 1440 360 180 108 1080 72 108 144 72 504 576 468 72 216 108 108 252 216 312 72 36 48 36 36 36 36 72 252
internal_count=1728 288 1440 360 180 108 1080 72 108 144 72 504 576 468 72 216 108 108 252 216 312 72 36 48 36 36 36 36 72 252
is_linear=0
shrinkage=0.05


Tree=60
num_leaves=31
num_cat=0
split_feature=0 0 0 0 0 0 1 0 0 0 0 0 6 0 6 3 6 0 2 6 2 6 4 6 6 6 0 6 6 6
split_gain=4.84582e+10 7.03755e+09 2.93862e+09 5.39743e+08 4.53365e+08 4.29587e+08 3.24889e+08 1.11443e+08 9.1388e+07 8.03101e+07 7.81886e+07 6.18734e+07 4.5725e+07 3.79279e+07 3.771e+07 3.72644e+07 3.47389e+07 3.37651e+07 2.55139e+07 2.76482e+07 2.29725e+07 2.09258e+07 3.14303e+07 2.00561e+07 1.97577e+07 1.91861e+07 1.91619e+07 1.9109e+07 1.85013e+07 1.8428e+07
threshold=388286.60400000011 840329.43250000023 100590.71350000003 208019.18150000004 573241.87500000012 1048200.1775000001 9241.5975000000017 1182183.7235000001 684755.53550000011 303117.76850000006 507657.76500000007 63082.982000000011 0.25000000000000006 164842.97150000001 0.15000000000000005 64.121000000000009 0.25000000000000006 18495.691000000003 22.312000000000005 0.15000000000000005 106.31000000000002 0.25000000000000006 99.63600000000001 0.25000000000000006 0.15000000000000005 0.25000000000000006 619852.88050000009 0.15000000000000005 0.25000000000000006 0.25000000000000006
decision_type=2 2 2 2 2 2 2 2 2 2 2 2 2 2 2 2 2 2 2 2 2 2 2 2 2 2 2 2 2 2
left_child=2 4 6 13 10 24 12 27 14 16 25 18 17 21 -6 -14 -5 -1 -8 -20 -21 -4 -23 -9 -3 -2 -16 -7 -11 -13
right_child=1 5 3 9 8 7 11 23 -10 28 -12 29 15 -15 26 -17 -18 -19 19 20 -22 22 -24 -25 -26 -27 -28 -29 -30 -31
leaf_value=-212.07603846958705 225.50827636718751 717.73798828125007 -66.110429687500002 38.67457682291667 381.70330810546875 867.93808593750009 -186.82253417968752 1017.4775390625 530.44537760416677 119.613525390625 355.52787272135419 -122.37526070731026 -178.09777933756513 2.1640955924987795 426.87252197265627 -127.22730407714845 98.829703776041669 -182.18862643771703 -166.65555419921876 -119.77689086914063 -173.36386108398438 14.375473022460938 -59.493716430664065 1096.6453125 796.31452636718757 302.93986816406249 490.05527343750003 945.21391601562505 195.65067138671876 -93.692882474263513
leaf_weight=168 24 11.999999999999998 120 72 24 11.999999999999998 36 24 36 24 36 168 144 36 24 48 36 216 72 120 24 24 36 11.999999999999998 24 11.999999999999998 24 24 11.999999999999998 84
leaf_count=168 24 12 120 72 24 12 36 24 36 24 36 168 144 36 24 48 36 216 72 120 24 24 36 12 24 12 24 24 12 84
internal_value=2.84557e-07 592.061 -118.412 5.3024 400.609 911.148 -159.65 981.661 465.4 80.2845 303.423 -130.333 -185.303 -44.6857 432.877 -165.38 58.7263 -195.264 -147.852 -141.357 -128.708 -54.0556 -29.946 1043.87 770.122 251.319 458.464 919.455 144.959 -112.814
internal_weight=1728 288 1440 360 180 108 1080 72 108 144 72 504 576 216 72 192 108 384 252 216 144 180 60 36 36 36 48 36 36 252
internal_count=1728 288 1440 360 180 108 1080 72 108 144 72 504 576 216 72 192 108 384 252 216 144 180 60 36 36 36 48 36 36 252
is_linear=0
shrinkage=0.05


Tree=61
num_leaves=31
num_cat=0
split_feature=0 0 0 1 0 0 0 0 0 0 0 1 0 6 6 6 6 2 1 4 6 6 6 6 6 6 6 0 6 6
split_gain=4.37335e+10 6.35139e+09 2.65403e+09 4.18495e+08 4.10196e+08 3.87702e+08 3.42437e+08 1.38922e+08 1.00578e+08 9.3517e+07 4.93058e+07 4.56247e+07 4.19253e+07 3.24674e+07 2.91385e+07 2.80728e+07 2.55192e+07 2.71559e+07 2.38958e+07 2.30176e+07 1.9483e+07 1.89043e+07 1.82278e+07 1.80238e+07 1.73561e+07 1.72964e+07 1.71565e+07 1.62811e+07 1.62428e+07 1.61152e+07
threshold=388286.60400000011 840329.43250000023 137286.37700000001 11548.453500000001 619852.88050000009 1048200.1775000001 240407.42100000003 507657.76500000007 1182183.7235000001 31159.647000000004 164842.97150000001 13436.337500000001 303117.76850000006 0.25000000000000006 0.15000000000000005 0.25000000000000006 0.15000000000000005 90.431000000000012 7458.433500000001 101.94350000000001 0.15000000000000005 0.15000000000000005 0.15000000000000005 0.25000000000000006 0.25000000000000006 0.25000000000000006 0.15000000000000005 3304.2185000000004 0.25000000000000006 0.15000000000000005
decision_type=2 2 2 2 2 2 2 2 2 2 2 2 2 2 2 2 2 2 2 2 2 2 2 2 2 2 2 2 2 2
left_child=2 4 3 9 7 23 10 22 24 13 29 28 25 27 -12 -6 17 -13 -15 -18 -9 -10 -2 -3 -7 -8 -14 -1 -5 -4
right_child=1 5 6 11 15 8 12 20 21 -11 14 16 26 18 -16 -17 19 -19 -20 -21 -22 -23 -24 -25 -26 -27 -28 -29 -30 -31
leaf_value=-231.55488281250001 188.43754882812502 706.59968261718757 -67.644486490885413 -130.15292968750001 450.94541015625003 848.93374023437502 54.297637176513675 322.2654907226563 940.43281250000007 -147.928466796875 -31.896829986572268 -93.738146972656253 88.8968505859375 -172.15752075195314 35.578231787681581 517.17512207031257 -43.800391578674322 -177.83237304687501 -117.50424804687501 -88.499981011284717 377.43999633789065 1017.29375 263.91053466796876 781.64931640625002 922.57998046875002 106.28380126953125 162.11848754882814 -188.54177135120739 -98.291148681640635 -26.67298215230306
leaf_weight=24 11.999999999999998 24 36 120 48 24 48 24 11.999999999999998 360 24 48 11.999999999999998 120 48 24 48 11.999999999999998 24 72 48 24 24 11.999999999999998 11.999999999999998 24 24 264 60 72
leaf_count=24 12 24 36 120 48 24 48 24 12 360 24 48 12 120 48 24 48 12 24 72 48 24 24 12 12 24 24 264 60 72
internal_value=-5.55206e-07 562.458 -112.492 -146.432 380.579 865.591 23.2683 318.95 932.578 -166.749 -18.9635 -101.732 93.6547 -182.434 13.0865 473.022 -83.9324 -110.557 -163.049 -70.6201 359.048 991.673 238.753 731.616 873.482 71.6264 137.711 -192.126 -119.532 -40.3302
internal_weight=1728 288 1440 1152 180 108 288 108 72 792 180 360 108 432 72 72 180 60 144 120 72 36 36 36 36 72 36 288 180 108
internal_count=1728 288 1440 1152 180 108 288 108 72 792 180 360 108 432 72 72 180 60 144 120 72 36 36 36 36 72 36 288 180 108
is_linear=0
shrinkage=0.05


Tree=62
num_leaves=31
num_cat=0
split_feature=0 0 0 0 0 0 1 0 0 0 0 0 6 1 6 6 4 6 4 2 6 0 6 6 6 3 6 6 6 6
split_gain=3.94695e+10 5.73213e+09 2.39672e+09 4.40446e+08 3.73765e+08 3.49901e+08 2.66608e+08 9.07712e+07 7.74848e+07 6.90116e+07 6.22511e+07 5.10768e+07 4.09854e+07 4.08873e+07 3.20042e+07 3.07755e+07 3.0508e+07 4.69969e+07 2.39813e+07 2.25244e+07 2.45863e+07 2.15719e+07 1.71875e+07 1.69462e+07 1.67548e+07 1.67166e+07 1.64505e+07 1.63916e+07 1.60437e+07 1.53569e+07
threshold=388286.60400000011 840329.43250000023 100590.71350000003 208019.18150000004 573241.87500000012 1048200.1775000001 9241.5975000000017 1182183.7235000001 684755.53550000011 256199.82050000003 507657.76500000007 63082.982000000011 0.15000000000000005 4852.8110000000006 0.15000000000000005 0.15000000000000005 99.63600000000001 0.15000000000000005 49.236500000000007 22.312000000000005 0.15000000000000005 47382.240000000013 0.25000000000000006 0.15000000000000005 0.25000000000000006 76.597500000000011 0.15000000000000005 0.15000000000000005 0.15000000000000005 0.15000000000000005
decision_type=2 2 2 2 2 2 2 2 2 2 2 2 2 2 2 2 2 2 2 2 2 2 2 2 2 2 2 2 2 2
left_child=2 4 6 16 10 23 12 27 14 28 26 19 18 -14 -6 -11 17 -4 -1 -8 25 -22 -9 -3 -10 -21 -2 -7 -5 -13
right_child=1 5 3 9 8 7 11 22 24 15 -12 29 13 -15 -16 -17 -18 -19 -20 20 21 -23 -24 -25 -26 -27 -28 -29 -30 -31
leaf_value=-196.41171976725263 179.01567382812502 646.52109375000009 -68.150706990559897 4.6020332336425787 343.28786621093752 782.094482421875 -170.08497721354169 917.66049804687509 456.15224609375002 60.978741455078129 319.7990641276042 -119.09015154157368 -176.41640537806921 -143.52756483289932 414.00320434570312 130.32337493896486 -59.087427775065102 1.8172206719716391 -155.60276184082034 -134.18679504394532 -101.75386123657228 -142.80628356933593 990.94833984375009 719.29255371093757 528.51157226562498 -185.29425048828125 250.71501464843752 853.66533203125005 54.670238113403322 -92.906663821992424
leaf_weight=144 11.999999999999998 11.999999999999998 36 24 24 11.999999999999998 36 24 24 24 36 84 168 216 48 48 108 72 48 48 96 48 11.999999999999998 24 11.999999999999998 24 24 24 48 168
leaf_count=144 12 12 36 24 24 12 36 24 24 24 36 84 168 216 48 48 108 72 48 48 96 48 12 24 12 24 24 24 48 168
internal_value=2.07733e-07 534.335 -106.867 4.86001 361.55 822.311 -144.109 885.949 420.378 72.5947 273.307 -117.552 -167.347 -157.916 390.431 107.208 -40.2964 -21.5054 -186.209 -133.469 -127.366 -115.438 942.09 695.035 480.272 -151.223 226.815 829.808 37.9808 -101.634
internal_weight=1728 288 1440 360 180 108 1080 72 108 144 72 504 576 384 72 72 216 108 192 252 216 144 36 36 36 72 36 36 72 252
internal_count=1728 288 1440 360 180 108 1080 72 108 144 72 504 576 384 72 72 216 108 192 252 216 144 36 36 36 72 36 36 72 252
is_linear=0
shrinkage=0.05


Tree=63
num_leaves=31
num_cat=0
split_feature=0 0 0 1 0 0 0 0 0 0 0 0 0 6 6 4 6 6 0 6 1 6 0 6 6 4 6 6 6 6
split_gain=3.56212e+10 5.17325e+09 2.16395e+09 3.43763e+08 3.39745e+08 3.15786e+08 2.80492e+08 1.11696e+08 8.1921e+07 7.65294e+07 4.0869e+07 3.83723e+07 3.57802e+07 2.55485e+07 2.54966e+07 2.5037e+07 2.4457e+07 2.11632e+07 2.0824e+07 1.89759e+07 2.17544e+07 1.76712e+07 1.6354e+07 1.62157e+07 1.56266e+07 1.55643e+07 1.5447e+07 1.50903e+07 1.48729e+07 1.46807e+07
threshold=388286.60400000011 840329.43250000023 137286.37700000001 11548.453500000001 619852.88050000009 1048200.1775000001 240407.42100000003 507657.76500000007 1182183.7235000001 19740.918500000003 164842.97150000001 87041.996000000028 303117.76850000006 0.25000000000000006 0.25000000000000006 137.47000000000003 0.15000000000000005 0.25000000000000006 3304.2185000000004 0.25000000000000006 7848.9580000000014 0.25000000000000006 93897.382000000027 0.15000000000000005 0.25000000000000006 37.504500000000007 0.25000000000000006 0.25000000000000006 0.25000000000000006 0.25000000000000006
decision_type=2 2 2 2 2 2 2 2 2 2 2 2 2 2 2 2 2 2 2 2 2 2 2 2 2 2 2 2 2 2
left_child=2 4 3 9 7 26 10 24 28 18 -4 -5 29 22 -12 -15 -6 -11 -1 -20 -21 -9 -13 -10 -2 -19 -3 -14 -7 -8
right_child=1 5 6 11 16 8 12 21 23 17 14 13 27 15 -16 -17 -18 25 19 20 -22 -23 -24 -25 -26 -27 -28 -29 -30 -31
leaf_value=-205.1175577799479 192.18089599609377 637.12434082031257 -36.612004682752818 -107.98223205566406 386.39161376953126 765.59309082031257 48.450576019287112 305.82484741210936 847.52812500000005 -145.17107309194714 -9.0188889503479004 -111.26073455810547 102.57491149902344 -9.1365642547607422 54.098776245117193 -75.066138373480911 448.20914916992189 -105.55726928710938 -173.85834732055665 -155.62867780412947 -83.659143066406259 358.37124023437502 -73.582934570312503 918.7138671875 262.06159667968751 -137.23774937220983 706.60219726562502 171.24604492187501 833.76777343750007 96.344772338867188
leaf_weight=36 24 24 108 180 24 24 48 48 11.999999999999998 312 48 48 24 24 24 36 48 72 192 84 11.999999999999998 24 72 24 11.999999999999998 84 11.999999999999998 11.999999999999998 11.999999999999998 24
leaf_count=36 24 24 108 180 24 24 48 48 12 312 48 48 24 24 24 36 48 72 192 84 12 24 72 24 12 84 12 12 12 24
internal_value=-1.67776e-08 507.619 -101.524 -132.17 343.472 781.196 21.0626 287.385 841.652 -150.585 -17.1591 -91.6582 84.7653 -75.3341 12.0203 -48.6943 427.603 -137.653 -169.265 -164.783 -146.632 323.34 -88.6541 894.985 215.474 -122.616 660.284 125.465 788.318 64.4153
internal_weight=1728 288 1440 1152 180 108 288 108 72 792 180 360 108 180 72 60 72 468 324 288 96 72 120 36 36 156 36 36 36 72
internal_count=1728 288 1440 1152 180 108 288 108 72 792 180 360 108 180 72 60 72 468 324 288 96 72 120 36 36 156 36 36 36 72
is_linear=0
shrinkage=0.05


Tree=64
num_leaves=31
num_cat=0
split_feature=0 0 0 0 0 0 0 0 0 0 0 0 0 0 6 6 4 6 6 6 0 1 1 6 6 6 6 6 6 0
split_gain=3.21481e+10 4.66885e+09 1.95296e+09 3.11712e+08 3.08178e+08 2.84997e+08 2.53144e+08 7.39337e+07 7.01095e+07 6.57239e+07 4.95307e+07 3.68843e+07 3.42265e+07 3.22916e+07 2.84019e+07 2.7613e+07 4.48394e+07 2.70211e+07 2.37604e+07 2.30107e+07 2.1719e+07 1.9931e+07 1.84552e+07 1.47289e+07 1.45351e+07 1.44489e+07 1.4103e+07 1.40611e+07 1.37624e+07 1.36407e+07
threshold=388286.60400000011 840329.43250000023 137286.37700000001 55159.639500000012 573241.87500000012 1048200.1775000001 240407.42100000003 1182183.7235000001 33295.90400000001 684755.53550000011 507657.76500000007 164842.97150000001 87041.996000000028 303117.76850000006 0.25000000000000006 0.15000000000000005 37.504500000000007 0.15000000000000005 0.15000000000000005 0.25000000000000006 90630.424000000014 4852.8110000000006 14745.336000000001 0.25000000000000006 0.15000000000000005 0.25000000000000006 0.25000000000000006 0.15000000000000005 0.15000000000000005 3304.2185000000004
decision_type=2 2 2 2 2 2 2 2 2 2 2 2 2 2 2 2 2 2 2 2 2 2 2 2 2 2 2 2 2 2
left_child=2 4 3 8 10 24 11 27 14 17 26 -4 -5 28 29 -10 -17 -6 20 -13 -14 -16 -20 -9 -3 -11 -2 -7 -8 -1
right_child=1 5 6 12 9 7 13 23 15 25 -12 19 18 -15 21 16 -18 -19 22 -21 -22 -23 -24 -25 -26 -27 -28 -29 -30 -31
leaf_value=-200.40056152343752 182.57185058593751 582.33881835937507 -34.781404368082683 -102.40144571940105 308.81807861328127 704.71010742187502 30.27980651855469 827.62141113281257 -145.86064860026042 412.4796020507813 287.64208984375 -8.5679448246955872 -157.4232177734375 119.19202473958333 -154.60151018415181 -94.520415649414076 -140.36632385253907 373.79534912109375 -82.737199910481777 51.393833923339848 -82.216827392578125 -118.75133870442708 -42.712026214599611 895.46523437500002 649.73479003906255 479.675537109375 248.95852050781252 770.99807128906252 76.651911926269534 -161.16652374267579
leaf_weight=24 24 11.999999999999998 108 180 24 11.999999999999998 24 24 108 24 36 48 11.999999999999998 36 84 120 96 48 48 24 48 72 72 11.999999999999998 24 11.999999999999998 11.999999999999998 24 48 288
leaf_count=24 24 12 108 180 24 12 24 24 108 24 36 48 12 36 84 120 96 48 48 24 48 72 72 12 24 12 12 24 48 288
internal_value=1.68328e-07 482.238 -96.4475 -125.562 326.299 742.136 20.0094 799.569 -143.097 379.717 246.171 -16.3011 -86.9844 80.527 -155.475 -125.218 -114.896 352.136 -71.5674 11.4193 -97.2581 -138.055 -58.7221 850.236 627.269 434.878 204.701 748.902 61.1945 -164.185
internal_weight=1728 288 1440 1152 180 108 288 72 792 108 72 180 360 108 468 324 216 72 180 72 60 156 120 36 36 36 36 36 72 312
internal_count=1728 288 1440 1152 180 108 288 72 792 108 72 180 360 108 468 324 216 72 180 72 60 156 120 36 36 36 36 36 72 312
is_linear=0
shrinkage=0.05


Tree=65
num_leaves=31
num_cat=0
split_feature=0 0 0 0 0 0 0 0 0 0 0 0 6 0 6 4 6 0 3 6 6 2 6 6 0 6 6 6 6 0
split_gain=2.90137e+10 4.21364e+09 1.76255e+09 2.81939e+08 2.81378e+08 2.57209e+08 2.28462e+08 8.97929e+07 7.21413e+07 6.67252e+07 3.32881e+07 2.91432e+07 2.56327e+07 2.31628e+07 2.15562e+07 3.291e+07 2.1547e+07 2.03571e+07 1.85404e+07 1.54335e+07 1.41402e+07 4.24101e+07 1.39098e+07 1.3633e+07 2.00552e+07 1.3619e+07 1.33987e+07 1.32382e+07 1.30402e+07 1.29257e+07
threshold=388286.60400000011 840329.43250000023 137286.37700000001 63082.982000000011 619852.88050000009 1048200.1775000001 240407.42100000003 507657.76500000007 33295.90400000001 1182183.7235000001 164842.97150000001 303117.76850000006 0.25000000000000006 93897.382000000027 0.25000000000000006 37.504500000000007 0.15000000000000005 684755.53550000011 30.154500000000002 0.25000000000000006 0.25000000000000006 90.431000000000012 0.15000000000000005 0.25000000000000006 153655.73400000003 0.25000000000000006 0.15000000000000005 0.25000000000000006 0.25000000000000006 18495.691000000003
decision_type=2 2 2 2 2 2 2 2 2 2 2 2 2 2 2 2 2 2 2 2 2 2 2 2 2 2 2 2 2 2
left_child=2 4 3 8 7 27 10 26 12 -7 23 -8 29 20 -10 -16 -12 -6 -14 -9 -5 -22 -11 -4 -25 -13 -2 -3 -19 -1
right_child=1 5 6 13 17 9 11 19 14 22 16 25 18 -15 15 -17 -18 28 -20 -21 21 -23 -24 24 -26 -27 -28 -29 -30 -31
leaf_value=-165.39735892159601 151.32725830078127 574.46628417968748 -45.603756968180342 -98.240317789713544 359.96119791666666 711.45696614583335 58.134816487630218 274.80988769531251 -126.58085571289062 763.77060546875009 -27.833928680419923 91.486569213867199 -162.62324625651044 -60.834809592918113 -74.44199707031251 -126.81090454101565 30.189489415287973 391.85561523437502 -121.71129455566407 323.916748046875 -88.263815917968756 14.704737854003907 829.70102539062509 18.469158554077151 -60.696783447265631 156.72413330078126 216.03493041992189 638.78535156250007 455.69174804687503 -144.98289591471357
leaf_weight=168 11.999999999999998 24 72 144 36 36 72 48 240 11.999999999999998 24 24 36 108 60 60 48 24 120 24 60 11.999999999999998 24 24 11.999999999999998 11.999999999999998 24 11.999999999999998 11.999999999999998 144
leaf_count=168 12 24 72 144 36 36 72 48 240 12 24 24 36 108 60 60 48 24 120 24 60 12 24 24 12 12 24 12 12 144
internal_value=-3.35911e-07 458.126 -91.6252 -119.284 309.984 705.029 19.009 258.941 -134.757 759.591 -15.4861 76.5007 -147.701 -79.7412 -117.929 -100.626 10.8484 386.548 -131.153 291.179 -89.1943 -71.1024 807.724 -33.0423 -7.91949 113.232 194.466 595.906 413.134 -155.975
internal_weight=1728 288 1440 1152 180 108 288 108 828 72 180 108 468 324 360 120 72 72 156 72 216 72 36 108 36 36 36 36 36 312
internal_count=1728 288 1440 1152 180 108 288 108 828 72 180 108 468 324 360 120 72 72 156 72 216 72 36 108 36 36 36 36 36 312
is_linear=0
shrinkage=0.05


Tree=66
num_leaves=31
num_cat=0
split_feature=0 0 0 0 0 0 0 0 0 0 0 6 1 4 1 6 6 6 1 6 4 2 1 6 6 6 6 0 6 0
split_gain=2.61849e+10 3.80281e+09 1.5919e+09 2.95249e+08 2.54133e+08 2.32132e+08 1.80607e+08 6.02194e+07 5.28921e+07 4.79023e+07 3.93831e+07 3.35906e+07 3.58404e+07 3.44778e+07 3.33668e+07 2.49565e+07 2.3904e+07 2.28868e+07 3.38051e+07 2.24362e+07 2.0802e+07 2.07743e+07 1.42482e+07 1.36746e+07 1.27447e+07 1.26217e+07 1.24673e+07 1.23036e+07 1.20923e+07 1.18365e+07
threshold=388286.60400000011 840329.43250000023 100590.71350000003 208019.18150000004 573241.87500000012 1048200.1775000001 38531.177500000013 1182183.7235000001 684755.53550000011 256199.82050000003 507657.76500000007 0.15000000000000005 12485.131000000003 99.099000000000018 2579.4600000000005 0.15000000000000005 0.15000000000000005 0.25000000000000006 19012.117000000002 0.25000000000000006 49.236500000000007 90.431000000000012 7848.9580000000014 0.25000000000000006 0.25000000000000006 0.25000000000000006 0.15000000000000005 27705.340000000004 0.15000000000000005 153655.73400000003
decision_type=2 2 2 2 2 2 2 2 2 2 2 2 2 2 2 2 2 2 2 2 2 2 2 2 2 2 2 2 2 2
left_child=2 4 6 17 10 26 14 24 16 -5 28 13 -13 -8 -1 -11 -6 29 -19 27 22 -14 -21 -23 -7 -9 -3 -16 -2 -4
right_child=1 5 3 9 8 7 11 25 -10 15 -12 12 21 -15 19 -17 -18 18 -20 20 -22 23 -24 -25 -26 -27 -28 -29 -30 -31
leaf_value=-160.49657524956598 143.76088867187499 524.49858398437505 -54.604681968688965 30.630978393554688 277.50789794921877 654.847900390625 -138.34723815917968 746.40354003906259 392.47762044270837 46.676838684082036 258.70103352864584 -100.2313707624163 -74.730812581380221 -91.195684814453131 -145.61724700927735 109.12239990234376 338.62247924804689 -34.168510341644286 38.509135437011722 -115.103950718471 -142.77122497558594 -61.513818359374994 -77.507314046223968 13.969500732421873 717.95659179687505 809.20693359375002 586.916748046875 -126.28311106363934 205.23319091796876 -24.195377373695376
leaf_weight=108 11.999999999999998 11.999999999999998 96 72 24 24 72 24 36 24 36 168 120 84 192 48 48 48 24 84 48 12 36 12 11.999999999999998 11.999999999999998 24 144 24 48
leaf_count=108 12 12 96 72 24 24 72 24 36 24 36 168 120 84 192 48 48 48 24 84 48 12 36 12 12 12 24 144 24 48
internal_value=1.8919e-07 435.219 -87.0439 4.01181 294.485 669.778 -117.396 721.611 342.993 59.4691 221.722 -94.014 -84.542 -112.958 -135.276 88.3072 318.251 -32.9597 -9.94263 -129.872 -114.952 -66.2377 -103.825 -23.7722 675.884 767.338 566.111 -137.331 184.742 -44.4682
internal_weight=1728 288 1440 360 180 108 1080 72 108 144 72 468 312 156 612 72 72 216 72 504 168 144 120 24 36 36 36 336 36 144
internal_count=1728 288 1440 360 180 108 1080 72 108 144 72 468 312 156 612 72 72 216 72 504 168 144 120 24 36 36 36 336 36 144
is_linear=0
shrinkage=0.05


Tree=67
num_leaves=31
num_cat=0
split_feature=0 0 0 0 1 0 0 0 0 1 6 1 6 4 0 0 0 6 0 6 4 6 6 6 6 6 6 6 6 6
split_gain=2.36318e+10 3.43204e+09 1.43718e+09 2.33133e+08 2.29819e+08 2.09499e+08 1.86981e+08 7.21468e+07 5.43481e+07 5.21381e+07 2.90452e+07 3.8266e+07 2.79226e+07 3.94219e+07 2.48726e+07 2.40688e+07 1.95452e+07 1.86185e+07 1.75552e+07 1.60266e+07 1.78936e+07 1.34763e+07 1.21436e+07 1.20623e+07 1.19321e+07 1.16797e+07 1.16436e+07 1.14866e+07 1.13889e+07 1.1345e+07
threshold=388286.60400000011 840329.43250000023 137286.37700000001 619852.88050000009 11548.453500000001 1048200.1775000001 240407.42100000003 507657.76500000007 1182183.7235000001 7848.9580000000014 0.15000000000000005 19012.117000000002 0.25000000000000006 101.94350000000001 303117.76850000006 93897.382000000027 4747.4170000000004 0.15000000000000005 145818.27200000003 0.25000000000000006 37.504500000000007 0.25000000000000006 0.25000000000000006 0.15000000000000005 0.15000000000000005 0.25000000000000006 0.15000000000000005 0.25000000000000006 0.25000000000000006 0.25000000000000006
decision_type=2 2 2 2 2 2 2 2 2 2 2 2 2 2 2 2 2 2 2 2 2 2 2 2 2 2 2 2 2 2
left_child=2 3 4 7 9 29 10 27 23 16 18 -12 15 -14 22 -6 -1 -5 -4 -11 -21 -9 -8 -7 -10 -16 -18 -2 -13 -3
right_child=1 5 6 17 12 8 14 21 24 19 11 28 13 -15 25 -17 26 -19 -20 20 -22 -23 -24 -25 -26 -27 -28 -29 -30 -31
leaf_value=-152.85557183159722 155.53435668945315 517.95759277343757 -96.492114257812503 313.4945068359375 -94.755136108398446 601.15932617187502 37.734748458862306 246.90022583007814 688.26191406250007 -116.13030944824219 -34.374664306640625 3.3736788749694826 -11.073788452148438 -73.610967872256325 83.017254638671886 -60.202406311035162 -141.69920247395834 367.43098144531251 -28.87791633605957 -74.443442382812506 -113.0586462402344 292.78782958984374 81.294363403320318 662.55522460937505 749.32570800781252 143.43181152343752 -121.59216410319011 215.44719238281252 43.14544677734375 577.500244140625
leaf_weight=108 24 24 11.999999999999998 24 168 11.999999999999998 48 48 11.999999999999998 240 48 36 36 84 24 72 108 48 48 60 60 24 24 24 24 11.999999999999998 216 11.999999999999998 36 11.999999999999998
leaf_count=108 24 24 12 24 168 12 48 48 12 240 48 36 36 84 24 72 108 48 48 60 60 24 24 24 24 12 216 12 36 12
internal_value=-7.923e-07 413.458 -82.6917 279.76 -107.667 636.289 17.2104 233.299 685.531 -122.724 -13.9963 0.205872 -74.5428 -54.8498 69.2216 -84.3893 -134.435 349.452 -42.4008 -108.671 -93.751 262.196 52.2546 642.09 728.971 103.155 -128.295 175.505 23.2596 537.805
internal_weight=1728 288 1440 180 1152 108 288 108 72 792 180 120 360 120 108 240 432 72 60 360 120 72 72 36 36 36 324 36 72 36
internal_count=1728 288 1440 180 1152 108 288 108 72 792 180 120 360 120 108 240 432 72 60 360 120 72 72 36 36 36 324 36 72 36
is_linear=0
shrinkage=0.05


Tree=68
num_leaves=31
num_cat=0
split_feature=0 0 0 0 0 0 1 0 0 0 0 6 1 6 6 4 4 6 2 6 0 3 6 3 6 6 6 6 6 6
split_gain=2.13277e+10 3.09741e+09 1.29802e+09 2.41548e+08 2.10403e+08 1.89073e+08 1.48732e+08 6.51125e+07 4.90491e+07 3.94794e+07 2.91688e+07 2.87242e+07 2.43395e+07 2.15471e+07 1.88511e+07 2.81789e+07 1.80093e+07 1.76262e+07 1.56387e+07 1.54595e+07 1.58208e+07 1.49319e+07 1.2282e+07 1.12981e+07 1.09207e+07 1.08156e+07 1.07426e+07 1.06939e+07 1.03666e+07 1.01056e+07
threshold=388286.60400000011 840329.43250000023 100590.71350000003 208019.18150000004 619852.88050000009 1048200.1775000001 9241.5975000000017 507657.76500000007 1182183.7235000001 256199.82050000003 63082.982000000011 0.15000000000000005 4852.8110000000006 0.15000000000000005 0.25000000000000006 99.63600000000001 49.236500000000007 0.25000000000000006 22.312000000000005 0.15000000000000005 47382.240000000013 76.597500000000011 0.15000000000000005 31.992000000000001 0.25000000000000006 0.25000000000000006 0.15000000000000005 0.15000000000000005 0.25000000000000006 0.15000000000000005
decision_type=2 2 2 2 2 2 2 2 2 2 2 2 2 2 2 2 2 2 2 2 2 2 2 2 2 2 2 2 2 2
left_child=2 4 6 14 7 27 11 28 24 26 18 16 23 -11 -4 -16 -1 -6 -8 21 -21 -20 -9 -13 -7 -10 -5 -3 -2 -12
right_child=1 5 3 9 17 8 10 22 25 13 29 12 -14 -15 15 -17 -18 -19 19 20 -22 -23 -24 -25 -26 -27 -28 -29 -30 -31
leaf_value=-147.95282796223958 147.75763549804688 472.37578125000005 -40.220095082124075 0.33284988403320315 314.48638305664065 590.51262207031255 -128.6673583984375 219.88157958984377 673.1436767578125 41.324196624755864 -88.259991455078136 -150.20103149414064 -104.32422044542101 99.347802734375009 22.393970171610516 -40.16591033935547 -112.58833618164063 366.96590576171877 -95.888433837890631 -71.894544792175296 -107.05130615234376 -144.19073486328125 263.68864746093749 -121.498779296875 648.93100585937509 731.2802734375 41.302653503417972 530.1844482421875 204.67484130859376 -67.019911012195408
leaf_weight=144 24 11.999999999999998 144 24 48 24 36 24 24 24 84 48 216 48 36 36 48 24 48 96 48 24 48 120 11.999999999999998 11.999999999999998 48 24 11.999999999999998 168
leaf_count=144 24 12 144 24 48 24 36 24 24 24 84 48 216 48 36 36 48 24 48 96 48 24 48 120 12 12 48 24 12 168
internal_value=-5.94943e-08 392.786 -78.5571 3.6653 265.772 604.474 -105.965 221.634 651.254 53.8263 -86.1285 -123.321 -115.426 80.0066 -29.7754 -8.88597 -139.112 331.98 -98.1571 -93.072 -83.6135 -111.989 249.086 -129.699 609.985 692.523 27.6461 510.915 166.73 -74.0999
internal_weight=1728 288 1440 360 180 108 1080 108 72 144 504 576 384 72 216 72 192 72 252 216 144 72 72 168 36 36 72 36 36 252
internal_count=1728 288 1440 360 180 108 1080 108 72 144 504 576 384 72 216 72 192 72 252 216 144 72 72 168 36 36 72 36 36 252
is_linear=0
shrinkage=0.05


Tree=69
num_leaves=31
num_cat=0
split_feature=0 0 0 0 0 0 0 0 0 0 0 6 6 1 1 0 1 6 0 6 4 3 6 4 4 6 6 6 6 6
split_gain=1.92483e+10 2.79542e+09 1.17282e+09 1.91639e+08 1.89875e+08 1.70638e+08 1.52781e+08 4.42668e+07 4.32002e+07 4.21498e+07 2.75059e+07 2.4746e+07 2.44949e+07 3.2523e+07 2.23772e+07 2.12486e+07 2.09902e+07 1.89299e+07 1.55945e+07 1.52148e+07 1.68569e+07 1.4305e+07 1.65954e+07 1.3788e+07 1.05318e+07 1.03478e+07 1.0314e+07 1.02775e+07 1.02359e+07 1.00149e+07
threshold=388286.60400000011 840329.43250000023 137286.37700000001 573241.87500000012 55159.639500000012 1048200.1775000001 240407.42100000003 1182183.7235000001 19740.918500000003 684755.53550000011 507657.76500000007 0.25000000000000006 0.15000000000000005 19012.117000000002 12794.753500000003 303117.76850000006 13436.337500000001 0.15000000000000005 145818.27200000003 0.15000000000000005 99.63600000000001 36.979000000000006 0.25000000000000006 101.94350000000001 37.504500000000007 0.15000000000000005 0.25000000000000006 0.25000000000000006 0.15000000000000005 0.25000000000000006
decision_type=2 2 2 2 2 2 2 2 2 2 2 2 2 2 2 2 2 2 2 2 2 2 2 2 2 2 2 2 2 2
left_child=2 3 4 10 8 -3 12 25 21 17 -2 -10 18 -14 24 26 -6 -5 -4 20 -18 -1 -23 -21 -13 -7 -8 -11 -9 -17
right_child=1 5 6 9 16 7 15 28 11 27 -12 14 13 -15 -16 29 19 -19 -20 23 -22 22 -24 -25 -26 -27 -28 -29 -30 -31
leaf_value=-136.65761667887372 158.39353434244794 485.369140625 -89.656500244140631 236.263427734375 -79.155946858723965 541.57573242187505 33.569167709350587 620.191650390625 -109.29043039175181 319.89150390625002 220.20186360677087 -76.845451863606783 -31.42828016281128 21.7053094069163 -19.301132202148438 75.349594116210938 -128.57192382812499 290.64910888671875 -25.929927062988284 -23.972787475585939 -62.316164398193365 -126.24977905273438 -94.044012451171881 -58.568617587619364 -103.88936055501301 598.44135742187507 73.713381958007815 376.56342773437501 676.74880371093752 131.29282226562501
leaf_weight=144 36 36 11.999999999999998 24 180 11.999999999999998 48 11.999999999999998 312 24 36 72 48 72 11.999999999999998 24 11.999999999999998 48 48 48 48 120 60 72 72 24 24 11.999999999999998 24 11.999999999999998
leaf_count=144 36 36 12 24 180 12 48 12 312 24 36 72 48 72 12 24 12 48 48 48 48 120 60 72 72 24 24 12 24 12
internal_value=-4.83681e-07 373.146 -74.6293 252.484 -97.1911 574.251 15.6182 618.691 -110.877 294.608 189.298 -101.161 -12.5905 0.451874 -84.9008 62.6328 -67.0826 272.521 -38.6752 -55.0093 -75.5673 -124.911 -115.515 -44.7303 -90.3674 579.486 46.9506 338.782 657.896 93.9973
internal_weight=1728 288 1440 180 1152 108 288 72 792 108 72 468 180 120 156 108 360 72 60 180 60 324 180 120 144 36 72 36 36 36
internal_count=1728 288 1440 180 1152 108 288 72 792 108 72 468 180 120 156 108 360 72 60 180 60 324 180 120 144 36 72 36 36 36
is_linear=0
shrinkage=0.05


Tree=70
num_leaves=31
num_cat=0
split_feature=0 0 0 0 0 0 0 0 1 0 6 4 6 1 0 4 0 6 0 0 6 4 6 6 2 6 6 6 6 6
split_gain=1.73716e+10 2.52286e+09 1.05847e+09 1.74176e+08 1.71642e+08 1.54001e+08 1.37885e+08 5.23426e+07 4.41227e+07 3.99508e+07 2.44352e+07 2.60801e+07 2.21066e+07 2.9352e+07 1.91769e+07 1.62508e+07 1.60389e+07 1.46595e+07 1.40741e+07 1.40045e+07 1.6092e+07 1.49666e+07 1.14703e+07 1.11921e+07 1.08775e+07 1.4117e+07 9.84896e+06 9.7224e+06 9.35742e+06 9.30836e+06
threshold=388286.60400000011 840329.43250000023 137286.37700000001 619852.88050000009 63082.982000000011 1048200.1775000001 240407.42100000003 507657.76500000007 7848.9580000000014 1182183.7235000001 0.15000000000000005 37.504500000000007 0.15000000000000005 19012.117000000002 303117.76850000006 25.389500000000002 3304.2185000000004 0.15000000000000005 145818.27200000003 87041.996000000028 0.25000000000000006 137.47000000000003 0.25000000000000006 0.25000000000000006 31.992000000000001 0.15000000000000005 0.15000000000000005 0.25000000000000006 0.25000000000000006 0.25000000000000006
decision_type=2 2 2 2 2 2 2 2 2 2 2 2 2 2 2 2 2 2 2 2 2 2 2 2 2 2 2 2 2 2
left_child=2 3 4 7 8 27 12 26 16 28 15 22 18 -14 29 -10 -1 -5 -4 -6 -21 -22 -12 -9 -18 -26 -2 -3 -7 -8
right_child=1 5 6 17 19 9 14 23 10 -11 11 -13 13 -15 -16 -17 24 -19 -20 20 21 -23 -24 -25 25 -27 -28 -29 -30 -31
leaf_value=-147.40826416015625 113.48857421875 442.72724609375001 -85.173675537109375 268.19160156250001 -73.10067545572916 532.486572265625 31.890708541870119 210.37451477050783 -138.56273600260417 625.0015787760417 -83.332273356119799 -100.78194213867188 -29.856866002082825 20.620043400923411 89.297471110026038 -99.170779418945315 -130.12940266927083 316.05121459960941 -24.633431243896485 -62.751980895996098 -0.4539337158203125 -51.428133816189238 -55.109090932210293 252.19273681640627 -123.40390625000001 -101.26405707465278 168.96649780273438 497.84755859375002 586.56240234375002 70.027713012695315
leaf_weight=36 11.999999999999998 24 11.999999999999998 24 144 24 48 48 36 36 72 120 48 72 36 96 72 48 48 120 24 36 72 24 108 216 24 11.999999999999998 11.999999999999998 24
leaf_count=36 12 24 12 24 144 24 48 48 36 36 72 120 48 72 36 96 72 48 48 120 24 36 72 24 108 216 24 12 12 24
internal_value=-4.05698e-07 354.489 -70.8978 239.86 -92.3316 545.538 14.8373 199.701 -104.405 587.757 -92.3492 -83.5667 -11.961 0.42928 59.5012 -109.914 -115.455 300.098 -36.7415 -61.4785 -52.1808 -31.0385 -69.2207 224.314 -112.55 -108.644 150.474 461.101 550.512 44.603
internal_weight=1728 288 1440 180 1152 108 288 108 828 72 396 264 180 120 108 132 432 72 60 324 180 60 144 72 396 324 36 36 36 72
internal_count=1728 288 1440 180 1152 108 288 108 828 72 396 264 180 120 108 132 432 72 60 324 180 60 144 72 396 324 36 36 36 72
is_linear=0
shrinkage=0.05


Tree=71
num_leaves=31
num_cat=0
split_feature=0 0 0 0 0 0 0 0 0 0 6 4 1 0 0 6 6 6 4 2 6 4 6 6 6 6 6 6 0 6
split_gain=1.56778e+10 2.27688e+09 9.57116e+08 1.7884e+08 1.58167e+08 1.38986e+08 1.12245e+08 3.60556e+07 3.57848e+07 2.97385e+07 2.37031e+07 2.42578e+07 2.26427e+07 2.19972e+07 2.18005e+07 1.82805e+07 1.59662e+07 1.56587e+07 1.61673e+07 1.50472e+07 1.48129e+07 2.24027e+07 9.95681e+06 9.26766e+06 9.17299e+06 8.88869e+06 8.87737e+06 8.86773e+06 8.42421e+06 8.12048e+06
threshold=388286.60400000011 840329.43250000023 100590.71350000003 208019.18150000004 573241.87500000012 1048200.1775000001 38531.177500000013 1182183.7235000001 684755.53550000011 256199.82050000003 0.15000000000000005 99.099000000000018 12485.131000000003 4747.4170000000004 507657.76500000007 0.15000000000000005 0.15000000000000005 0.25000000000000006 49.236500000000007 90.431000000000012 0.25000000000000006 99.63600000000001 0.25000000000000006 0.25000000000000006 0.15000000000000005 0.15000000000000005 0.15000000000000005 0.25000000000000006 27705.340000000004 0.15000000000000005
decision_type=2 2 2 2 2 2 2 2 2 2 2 2 2 2 2 2 2 2 2 2 2 2 2 2 2 2 2 2 2 2
left_child=2 4 6 20 14 24 13 26 16 29 11 -8 -12 -1 25 -11 -6 28 -19 -14 -4 -22 -21 -9 -3 -2 -7 -10 -15 -5
right_child=1 5 3 9 8 7 10 23 27 15 12 -13 19 17 -16 -17 -18 18 -20 22 21 -23 -24 -25 -26 -27 -28 -29 -30 -31
leaf_value=-125.4611809624566 107.8141357421875 402.35214843750003 -34.781501289208727 -0.056204986572265629 212.48610229492189 487.87260742187505 -109.66469014485676 575.81291503906255 289.29084472656251 33.505311584472658 -76.968511308942539 -70.114141845703131 -57.177357076009116 -113.68363952636719 197.97608235677083 86.949932861328136 262.43328247070315 -78.321824035644539 -112.65639190673829 -46.013137817382812 20.884845455487572 -34.895804341634111 18.397047424316405 629.62875976562509 455.89240722656251 160.51817626953127 540.54306640624998 341.93271484375003 -97.685393778483075 35.56437530517578
leaf_weight=108 11.999999999999998 11.999999999999998 144 24 24 11.999999999999998 72 24 24 24 168 84 120 192 36 48 48 120 48 12 36 36 12 11.999999999999998 24 24 24 11.999999999999998 144 48
leaf_count=108 12 12 144 24 24 12 72 24 24 24 168 84 120 192 36 48 48 120 48 12 36 36 12 12 24 24 24 12 144 48
internal_value=-1.86485e-07 336.765 -67.3529 3.25149 227.867 518.261 -90.8877 558.369 266.136 46.413 -72.4548 -88.3682 -64.498 -104.983 170.463 69.1351 245.784 -100.595 -88.1317 -49.9491 -25.5228 -7.00548 -13.808 593.752 438.046 142.95 522.986 306.838 -106.827 23.6908
internal_weight=1728 288 1440 360 180 108 1080 72 108 144 468 156 312 612 72 72 72 504 168 144 216 72 24 36 36 36 36 36 336 72
internal_count=1728 288 1440 360 180 108 1080 72 108 144 468 156 312 612 72 72 72 504 168 144 216 72 24 36 36 36 36 36 336 72
is_linear=0
shrinkage=0.05


Tree=72
num_leaves=31
num_cat=0
split_feature=0 0 0 0 0 0 0 0 0 0 6 4 1 1 6 6 1 2 6 4 6 6 0 6 6 6 6 1 6 2
split_gain=1.41493e+10 2.05489e+09 8.63797e+08 1.61403e+08 1.44169e+08 1.25435e+08 1.01301e+08 4.20734e+07 3.25402e+07 2.6839e+07 2.13921e+07 2.18927e+07 2.0435e+07 1.99872e+07 1.71937e+07 1.36281e+07 2.36637e+07 1.35801e+07 1.30628e+07 1.40419e+07 1.27432e+07 9.78587e+06 9.73064e+06 8.98602e+06 8.78104e+06 8.44335e+06 8.33161e+06 8.27081e+06 8.0177e+06 7.75556e+06
threshold=388286.60400000011 840329.43250000023 100590.71350000003 208019.18150000004 619852.88050000009 1048200.1775000001 38531.177500000013 507657.76500000007 1182183.7235000001 256199.82050000003 0.15000000000000005 99.099000000000018 12485.131000000003 2579.4600000000005 0.25000000000000006 0.15000000000000005 19012.117000000002 90.431000000000012 0.25000000000000006 49.236500000000007 0.25000000000000006 0.25000000000000006 145818.27200000003 0.25000000000000006 0.15000000000000005 0.25000000000000006 0.25000000000000006 7848.9580000000014 0.25000000000000006 106.31000000000002
decision_type=2 2 2 2 2 2 2 2 2 2 2 2 2 2 2 2 2 2 2 2 2 2 2 2 2 2 2 2 2 2
left_child=2 4 6 15 7 26 13 25 28 -5 11 -8 29 -1 -11 22 -17 -14 -15 27 -6 -9 -4 -19 -10 -2 -3 -20 -7 -12
right_child=1 5 3 9 20 8 10 21 24 14 12 -13 17 18 -16 16 -18 23 19 -21 -22 -23 -24 -25 -26 -27 -28 -29 -30 -31
leaf_value=-119.25400933159722 118.68039550781251 399.13477783203126 -60.389278157552091 22.506306711832682 256.40353393554688 480.15185546875 -104.18145650227865 188.96989135742189 529.14130859375007 48.401123046875 -68.734312184651699 -66.608432878766749 -54.318489354451494 -101.24341169084822 100.23267211914063 -29.698288279771806 13.298562049865723 -43.712478637695312 -83.618762207031253 -107.02357482910156 301.02557373046875 228.07285156250001 -23.626818084716799 17.477194213867186 581.52524414062498 170.04718017578125 450.16054687500002 -54.974096679687506 530.20712890624998 -99.43472595214844
leaf_weight=108 24 24 36 72 48 24 72 48 11.999999999999998 48 144 84 120 336 24 96 48 12 84 48 24 24 36 12 24 11.999999999999998 11.999999999999998 36 11.999999999999998 24
leaf_count=108 24 24 36 72 48 24 72 48 12 48 144 84 120 336 24 96 48 12 84 48 24 24 36 12 24 12 12 36 12 24
internal_value=-6.19778e-07 319.926 -63.9853 3.08891 216.473 492.348 -86.3433 179.937 530.45 44.0923 -68.832 -83.9498 -61.2731 -99.7343 65.6783 -24.2467 -15.366 -47.4517 -95.5515 -84.1677 271.278 202.004 -42.008 -13.1176 564.064 135.803 416.143 -75.0254 496.837 -73.1201
internal_weight=1728 288 1440 360 180 108 1080 108 72 144 468 156 312 612 72 216 144 144 504 168 72 72 72 24 36 36 36 120 36 168
internal_count=1728 288 1440 360 180 108 1080 108 72 144 468 156 312 612 72 216 144 144 504 168 72 72 72 24 36 36 36 120 36 168
is_linear=0
shrinkage=0.05


Tree=73
num_leaves=31
num_cat=0
split_feature=0 0 0 0 0 0 1 0 0 0 6 0 0 2 6 4 6 3 6 4 0 6 2 4 6 6 6 6 6 6
split_gain=1.27697e+10 1.85454e+09 7.79577e+08 1.45666e+08 1.30566e+08 1.13205e+08 9.23734e+07 3.03959e+07 2.93675e+07 2.51663e+07 2.06966e+07 1.72622e+07 1.62093e+07 1.54557e+07 1.47359e+07 1.46686e+07 1.38788e+07 1.32836e+07 1.27023e+07 1.91395e+07 1.23918e+07 8.48408e+06 1.4057e+07 8.93904e+06 8.10989e+06 7.95054e+06 7.94105e+06 7.86858e+06 7.62012e+06 7.61609e+06
threshold=388286.60400000011 840329.43250000023 100590.71350000003 208019.18150000004 573241.87500000012 1048200.1775000001 9241.5975000000017 684755.53550000011 1182183.7235000001 303117.76850000006 0.15000000000000005 507657.76500000007 74959.462500000009 30.574000000000002 0.25000000000000006 49.236500000000007 0.25000000000000006 78.673500000000004 0.25000000000000006 99.63600000000001 3304.2185000000004 0.15000000000000005 90.431000000000012 101.94350000000001 0.25000000000000006 0.15000000000000005 0.25000000000000006 0.15000000000000005 0.25000000000000006 0.15000000000000005
decision_type=2 2 2 2 2 2 2 2 2 2 2 2 2 2 2 2 2 2 2 2 2 2 2 2 2 2 2 2 2 2
left_child=2 4 6 18 11 27 10 16 29 14 15 28 17 -12 -5 -1 -6 -8 -4 -20 -15 23 -23 -14 -24 -11 -10 -3 -2 -7
right_child=1 5 3 9 7 8 12 -9 26 25 13 -13 21 20 -16 -17 -18 -19 19 -21 -22 22 24 -25 -26 -27 -28 -29 -30 -31
leaf_value=-117.08728586832683 112.74637451171876 362.27780761718753 -31.608074986934664 16.759956359863281 206.14036865234377 439.47138671875001 -67.665586344401035 277.93234863281253 519.25559082031248 44.861807250976568 -115.54255981445313 177.97706298828126 -108.31341552734375 -119.83224487304688 55.938921101888027 -85.170986938476574 252.70816650390626 -92.017566935221353 19.892289145787558 -31.666100056966144 -82.548184438852161 -55.244207636515299 -41.52685546875 -60.0653678894043 16.603334045410154 94.706991577148443 569.071044921875 411.86540527343755 161.54482421875002 488.25693359375003
leaf_weight=144 24 11.999999999999998 144 72 48 11.999999999999998 252 36 24 11.999999999999998 48 36 11.999999999999998 24 36 48 24 72 36 36 312 96 12 48 12 24 11.999999999999998 24 11.999999999999998 24
leaf_count=144 24 12 144 72 48 12 252 36 24 12 48 36 12 24 36 48 24 72 36 36 312 96 12 48 12 24 12 24 12 24
internal_value=-9.29391e-08 303.93 -60.786 2.93447 205.65 467.731 -82.0262 240.419 503.928 41.8877 -95.7046 153.495 -66.3937 -89.0027 29.8196 -109.108 221.663 -73.0771 -23.0344 -5.88691 -85.2113 -54.3635 -46.6877 -69.715 -12.4618 78.0919 535.861 395.336 129.013 471.995
internal_weight=1728 288 1440 360 180 108 1080 108 72 144 576 72 504 384 108 192 72 324 216 72 336 180 120 60 24 36 36 36 36 36
internal_count=1728 288 1440 360 180 108 1080 108 72 144 576 72 504 384 108 192 72 324 216 72 336 180 120 60 24 36 36 36 36 36
is_linear=0
shrinkage=0.05


Tree=74
num_leaves=31
num_cat=0
split_feature=0 0 0 0 0 0 0 0 1 0 0 6 1 6 6 4 0 0 6 6 0 0 2 6 2 4 6 6 6 6
split_gain=1.15247e+10 1.67372e+09 7.04246e+08 1.19313e+08 1.14324e+08 1.02167e+08 9.35073e+07 3.38165e+07 2.74824e+07 2.65042e+07 1.72121e+07 1.65573e+07 2.11976e+07 1.37624e+07 1.22284e+07 1.28736e+07 1.16013e+07 1.12222e+07 1.12157e+07 1.09074e+07 1.30324e+07 1.26045e+07 1.01164e+07 9.61826e+06 1.16386e+07 8.7456e+06 8.48127e+06 7.5332e+06 7.23968e+06 7.13961e+06
threshold=388286.60400000011 840329.43250000023 137286.37700000001 619852.88050000009 38531.177500000013 1048200.1775000001 240407.42100000003 507657.76500000007 13436.337500000001 1182183.7235000001 4747.4170000000004 0.15000000000000005 19012.117000000002 0.15000000000000005 0.25000000000000006 49.236500000000007 303117.76850000006 145818.27200000003 0.15000000000000005 0.15000000000000005 47382.240000000013 44158.321000000004 106.31000000000002 0.15000000000000005 90.431000000000012 101.94350000000001 0.15000000000000005 0.15000000000000005 0.15000000000000005 0.25000000000000006
decision_type=2 2 2 2 2 2 2 2 2 2 2 2 2 2 2 2 2 2 2 2 2 2 2 2 2 2 2 2 2 2
left_child=2 3 4 7 10 29 11 28 19 -7 -1 17 -13 -8 -12 -16 -15 -4 -5 20 21 -6 -21 24 -10 -25 -9 -11 -2 -3
right_child=1 5 6 18 8 9 13 26 23 27 14 12 -14 16 15 -17 -18 -19 -20 22 -22 -23 -24 25 -26 -27 -28 -29 -30 -31
leaf_value=-108.13958129882813 90.852093505859386 359.824462890625 -74.5760498046875 217.31560058593752 -73.304446411132815 448.39534505208331 23.725112915039062 157.64415283203127 -47.844229125976568 476.72148437500005 -91.651111057826455 -24.897058749198916 17.998961416880288 47.395816040039065 -66.375945434570312 -97.014190673828125 89.971643066406259 -20.516270256042482 259.17788085937502 -56.861577521430128 -65.291824340820312 -124.54836425781251 -91.079708862304699 -17.804963684082033 -102.89774169921876 -45.357937961154519 194.04742736816408 525.24082031249998 138.41679687500002 407.05927734375001
leaf_weight=108 11.999999999999998 24 11.999999999999998 24 24 36 36 24 48 11.999999999999998 336 48 72 48 120 48 24 48 48 216 72 24 24 48 11.999999999999998 72 48 24 24 11.999999999999998
leaf_count=108 12 24 12 24 24 36 36 24 48 12 336 48 72 48 120 48 24 48 48 216 72 24 24 48 12 72 48 24 24 12
internal_value=1.69984e-08 288.733 -57.7467 195.367 -75.2299 444.344 12.1861 162.129 -58.4615 478.732 -90.0256 -9.88237 0.840553 48.9669 -86.144 -75.1297 61.5878 -31.3282 245.224 -66.4375 -78.7457 -98.9264 -60.2834 -42.5095 -58.8549 -34.3367 181.913 509.068 122.562 375.569
internal_weight=1728 288 1440 180 1152 108 288 108 540 72 612 180 120 108 504 168 72 60 72 360 120 48 240 180 60 120 72 36 36 36
internal_count=1728 288 1440 180 1152 108 288 108 540 72 612 180 120 108 504 168 72 60 72 360 120 48 240 180 60 120 72 36 36 36
is_linear=0
shrinkage=0.05


Tree=75
num_leaves=31
num_cat=0
split_feature=0 0 0 0 1 0 0 0 0 0 6 6 1 0 2 4 0 6 6 0 4 6 6 6 6 6 6 6 0 0
split_gain=1.0401e+10 1.51053e+09 6.35582e+08 1.07802e+08 1.04199e+08 9.2206e+07 8.43904e+07 2.7209e+07 2.58319e+07 2.392e+07 1.76114e+07 1.53675e+07 1.67367e+07 1.36548e+07 1.30424e+07 1.27432e+07 1.27276e+07 1.19896e+07 1.08905e+07 1.03189e+07 9.58285e+06 6.98844e+06 6.87352e+06 6.86458e+06 6.80413e+06 6.74983e+06 6.53381e+06 6.52658e+06 6.43858e+06 7.08681e+06
threshold=388286.60400000011 840329.43250000023 137286.37700000001 573241.87500000012 9241.5975000000017 1048200.1775000001 240407.42100000003 87041.996000000028 684755.53550000011 1182183.7235000001 0.15000000000000005 0.25000000000000006 19012.117000000002 507657.76500000007 30.574000000000002 49.236500000000007 303117.76850000006 0.15000000000000005 0.25000000000000006 3304.2185000000004 137.47000000000003 0.25000000000000006 0.15000000000000005 0.25000000000000006 0.25000000000000006 0.15000000000000005 0.15000000000000005 0.15000000000000005 41777.992500000008 37405.976000000002
decision_type=2 2 2 2 2 2 2 2 2 2 2 2 2 2 2 2 2 2 2 2 2 2 2 2 2 2 2 2 2 2
left_child=2 3 4 13 10 25 11 28 17 22 15 -4 -13 26 -12 -1 27 -5 -9 -16 -20 -10 -7 -18 -11 -3 -2 -8 29 -6
right_child=1 5 6 8 7 9 16 18 21 24 14 12 -14 -15 19 -17 23 -19 20 -21 -22 -23 -24 -25 -26 -27 -28 -29 -30 -31
leaf_value=-106.30719146728516 86.309490966796886 326.17268066406251 -19.71873127937317 171.04644775390625 -65.112124633789065 395.07807617187501 13.092055892944337 -49.0088265991211 236.19718017578126 468.24375000000003 -104.70362396240235 -21.069901943206787 32.834431966145836 159.98256022135419 -108.43365478515625 -76.559214782714847 55.354164123535156 214.32887268066406 1.5535766601562502 -74.410635493351876 -39.234764268663199 282.92927246093751 441.42431640625 101.67025146484376 514.35546875 372.10003662109375 131.49595947265627 45.026024627685551 -59.853355534871426 -92.282128906250009
leaf_weight=144 11.999999999999998 11.999999999999998 120 24 72 11.999999999999998 24 120 24 24 48 24 36 36 24 48 24 48 24 312 36 11.999999999999998 24 11.999999999999998 11.999999999999998 24 24 48 288 36
leaf_count=144 12 12 120 24 72 12 24 120 24 24 48 24 36 36 24 48 24 48 24 312 36 12 24 12 12 24 24 48 288 36
internal_value=-3.28709e-07 274.297 -54.8594 185.599 -71.4684 422.127 11.5768 -56.4309 217.192 454.795 -86.5059 -9.38825 11.2727 138.208 -80.3237 -98.8702 46.5185 199.901 -40.3124 -76.8409 -22.9194 251.775 425.976 70.7929 483.614 356.791 116.434 34.3814 -63.7576 -74.1688
internal_weight=1728 288 1440 180 1152 108 288 576 108 72 576 180 60 72 384 192 108 72 180 336 60 36 36 36 36 36 36 72 396 108
internal_count=1728 288 1440 180 1152 108 288 576 108 72 576 180 60 72 384 192 108 72 180 336 60 36 36 36 36 36 36 72 396 108
is_linear=0
shrinkage=0.05


Tree=76
num_leaves=31
num_cat=0
split_feature=0 0 0 0 0 0 1 0 0 0 6 6 6 1 2 3 4 6 1 4 6 0 6 2 1 0 6 6 6 6
split_gain=9.38691e+09 1.36325e+09 5.74758e+08 1.08244e+08 9.87261e+07 8.32159e+07 6.90533e+07 2.71786e+07 2.15878e+07 1.90936e+07 1.58943e+07 1.29349e+07 1.28835e+07 1.64844e+07 1.79916e+07 1.23665e+07 1.15007e+07 9.89215e+06 1.64807e+07 9.57407e+06 9.47204e+06 7.66472e+06 7.63196e+06 7.44878e+06 7.1568e+06 6.73088e+06 6.53026e+06 6.4629e+06 6.2064e+06 6.11797e+06
threshold=388286.60400000011 840329.43250000023 100590.71350000003 208019.18150000004 619852.88050000009 1048200.1775000001 9241.5975000000017 507657.76500000007 1182183.7235000001 256199.82050000003 0.15000000000000005 0.25000000000000006 0.25000000000000006 12485.131000000003 76.349000000000018 64.121000000000009 49.236500000000007 0.15000000000000005 19012.117000000002 99.099000000000018 0.25000000000000006 153655.73400000003 0.25000000000000006 30.574000000000002 10279.872000000001 3304.2185000000004 0.25000000000000006 0.15000000000000005 0.25000000000000006 0.25000000000000006
decision_type=2 2 2 2 2 2 2 2 2 2 2 2 2 2 2 2 2 2 2 2 2 2 2 2 2 2 2 2 2 2
left_child=2 4 6 17 7 29 10 28 26 -5 16 -11 19 -14 -15 23 -1 21 -19 24 -6 -4 -9 -12 -8 -25 -7 -10 -2 -3
right_child=1 5 3 9 20 8 12 22 27 11 15 -13 13 14 -16 -17 -18 18 -20 -21 -22 -23 -24 25 -26 -27 -28 -29 -30 -31
leaf_value=-100.99183197021485 95.932196044921881 324.37641601562501 -46.456872558593751 17.968848164876302 208.84707946777345 389.61872558593751 -54.613826751708984 152.30941772460938 429.47324218750003 39.396908950805667 -99.468443298339849 84.353295898437509 -59.096598434448246 -45.121230824788412 7.8994673490524292 -60.766155242919922 -72.731254577636719 -24.183821177482606 11.698687934875489 -54.050755964006697 247.31793212890625 -11.850329017639162 186.8419189453125 -103.01197509765626 -77.457867736816411 -75.100748019748266 434.79291992187501 474.413818359375 139.97194824218749 368.10129394531253
leaf_weight=144 24 24 48 72 48 24 48 48 11.999999999999998 48 48 24 96 48 24 96 48 96 48 168 24 24 24 24 120 216 11.999999999999998 24 11.999999999999998 11.999999999999998
leaf_count=144 24 24 48 72 48 24 48 48 12 48 48 24 96 48 24 96 48 96 48 168 24 24 24 24 120 216 12 24 12 12
internal_value=-1.23073e-07 260.582 -52.1164 2.59678 176.319 401.021 -70.3541 146.084 432.055 36.1756 -82.1806 54.3824 -56.8382 -45.5328 -27.4477 -76.3075 -93.9267 -19.7891 -12.223 -62.4909 221.671 -34.9214 163.82 -81.488 -70.931 -77.8919 404.677 459.434 110.612 338.951
internal_weight=1728 288 1440 360 180 108 1080 108 72 144 576 72 504 168 72 384 192 216 144 336 72 72 72 288 168 240 36 36 36 36
internal_count=1728 288 1440 360 180 108 1080 108 72 144 576 72 504 168 72 384 192 216 144 336 72 72 72 288 168 240 36 36 36 36
is_linear=0
shrinkage=0.05


Tree=77
num_leaves=31
num_cat=0
split_feature=0 0 0 0 0 0 1 0 0 0 6 6 1 2 6 3 4 6 4 0 4 6 2 1 0 6 1 6 6 6
split_gain=8.47168e+09 1.23034e+09 5.18719e+08 9.76899e+07 8.91003e+07 7.51024e+07 6.23206e+07 2.45287e+07 1.9483e+07 1.74732e+07 1.43446e+07 1.16273e+07 1.48772e+07 1.62375e+07 1.15204e+07 1.11608e+07 1.03794e+07 9.18016e+06 1.41997e+07 8.83524e+06 8.6406e+06 6.88785e+06 6.72252e+06 6.45901e+06 6.07461e+06 5.89358e+06 5.85335e+06 5.83277e+06 5.7903e+06 5.77238e+06
threshold=388286.60400000011 840329.43250000023 100590.71350000003 208019.18150000004 619852.88050000009 1048200.1775000001 9241.5975000000017 507657.76500000007 1182183.7235000001 303117.76850000006 0.15000000000000005 0.25000000000000006 12485.131000000003 76.349000000000018 0.15000000000000005 64.121000000000009 49.236500000000007 0.25000000000000006 99.63600000000001 684755.53550000011 99.099000000000018 0.25000000000000006 30.574000000000002 10279.872000000001 3304.2185000000004 0.25000000000000006 10484.007500000002 0.15000000000000005 0.15000000000000005 0.25000000000000006
decision_type=2 2 2 2 2 2 2 2 2 2 2 2 2 2 2 2 2 2 2 2 2 2 2 2 2 2 2 2 2 2
left_child=2 4 6 17 7 28 10 -2 25 14 16 20 26 -14 -5 22 -1 -4 -19 -6 23 -9 -12 -8 -24 -7 -13 -10 -3 -21
right_child=1 5 3 9 19 8 11 21 27 -11 15 12 13 -15 -16 -17 -18 18 -20 29 -22 -23 24 -25 -26 -27 -28 -29 -30 -31
leaf_value=-95.942239888509121 105.08150838216146 293.64523925781253 -26.088406252861024 1.2166877746582032 193.07204589843752 370.13779296875003 -51.88313446044922 144.69394531250001 407.99956054687505 64.534098307291671 -94.495024108886724 -43.795468139648442 -42.865170033772785 7.5044938087463384 35.858265050252278 -57.72784690856934 -69.094690704345709 17.982451502482096 -26.42675298055013 213.94495849609376 -51.348218209402901 177.49982910156251 -97.861373901367188 -73.584973144531247 -71.345710584852426 413.05332031250003 -68.488065338134774 450.693115234375 336.1830932617188 256.41691894531249
leaf_weight=144 36 11.999999999999998 144 36 36 24 48 48 11.999999999999998 36 48 48 48 24 72 96 48 36 36 24 168 24 24 120 216 11.999999999999998 48 24 24 11.999999999999998
leaf_count=144 36 12 144 36 36 24 48 48 12 36 48 48 48 24 72 96 48 36 36 24 168 24 24 120 216 12 48 24 24 12
internal_value=1.95812e-07 247.553 -49.5106 2.46694 167.503 380.97 -66.8364 138.78 410.452 34.3668 -78.0715 -53.9963 -43.2561 -26.0753 24.3111 -72.4921 -89.2304 -18.7997 -4.22215 210.587 -59.3663 155.629 -77.4136 -67.3844 -73.9973 384.443 -56.1418 436.462 322.004 228.102
internal_weight=1728 288 1440 360 180 108 1080 108 72 144 576 504 168 72 108 384 192 216 72 72 336 72 288 168 240 36 96 36 36 36
internal_count=1728 288 1440 360 180 108 1080 108 72 144 576 504 168 72 108 384 192 216 72 72 336 72 288 168 240 36 96 36 36 36
is_linear=0
shrinkage=0.05


Tree=78
num_leaves=31
num_cat=0
split_feature=0 0 0 0 0 0 1 0 0 0 6 6 1 2 6 6 3 0 4 6 4 0 2 6 4 4 1 6 6 6
split_gain=7.64569e+09 1.11038e+09 4.68144e+08 8.84172e+07 8.15108e+07 6.77799e+07 5.62444e+07 1.9566e+07 1.75834e+07 1.65442e+07 1.2946e+07 1.04937e+07 1.34266e+07 1.46543e+07 1.03946e+07 1.01357e+07 1.00726e+07 9.42658e+06 9.3674e+06 8.65102e+06 7.79814e+06 6.91418e+06 6.06707e+06 5.89318e+06 8.55402e+06 7.01234e+06 5.82926e+06 5.60128e+06 5.59832e+06 5.58525e+06
threshold=388286.60400000011 840329.43250000023 100590.71350000003 240407.42100000003 573241.87500000012 1048200.1775000001 9241.5975000000017 684755.53550000011 1182183.7235000001 164842.97150000001 0.15000000000000005 0.25000000000000006 12485.131000000003 76.349000000000018 0.25000000000000006 0.15000000000000005 64.121000000000009 507657.76500000007 49.236500000000007 0.25000000000000006 99.099000000000018 256199.82050000003 30.574000000000002 0.15000000000000005 99.63600000000001 122.55800000000001 10279.872000000001 0.25000000000000006 0.15000000000000005 0.25000000000000006
decision_type=2 2 2 2 2 2 2 2 2 2 2 2 2 2 2 2 2 2 2 2 2 2 2 2 2 2 2 2 2 2
left_child=2 4 6 9 17 -3 10 15 28 23 18 20 -13 -14 -5 -6 22 27 -1 -11 26 -16 -12 25 -25 -4 -8 -2 -7 -18
right_child=1 5 3 14 7 8 11 -9 -10 19 16 12 13 -15 21 -17 29 -19 -20 -21 -22 -23 -24 24 -26 -27 -28 -29 -30 -31
leaf_value=-91.145127868652352 85.881509399414071 305.90361328124999 -48.731886800130212 29.22593828837077 145.02106323242188 337.33632812500002 -49.288977050781256 216.69716389973962 414.63882649739583 -5.8770613193511965 -89.770269775390631 -53.334678649902344 -40.721911366780603 7.1292692661285404 31.142706298828127 184.81675415039064 -66.901690673828128 136.01095784505208 -65.639957427978516 30.888701629638675 -48.78080771309989 77.625823974609375 -70.297413024902355 0.76621079444885254 -26.483313878377277 -13.840338706970215 -69.905725097656259 127.71927490234376 379.16303710937501 -42.781219482421875
leaf_weight=144 24 36 36 72 24 11.999999999999998 48 36 36 48 48 96 48 24 11.999999999999998 48 48 36 48 24 168 24 240 48 72 24 120 11.999999999999998 24 48
leaf_count=144 24 36 36 72 24 12 48 36 36 48 48 96 48 24 12 48 48 36 48 24 168 24 240 48 72 24 120 12 24 48
internal_value=-4.16129e-07 235.175 -47.035 2.34359 159.128 361.921 -63.4946 186.6 389.93 -13.8782 -74.168 -51.2965 -41.0933 -24.7715 40.1944 171.552 -68.8675 117.919 -84.7688 6.37819 -56.398 62.1315 -73.5429 -21.9808 -15.5835 -34.7753 -64.0152 99.8274 365.221 -54.8415
internal_weight=1728 288 1440 360 180 108 1080 108 72 252 576 504 168 72 108 72 384 72 192 72 336 36 288 180 120 60 168 36 36 96
internal_count=1728 288 1440 360 180 108 1080 108 72 252 576 504 168 72 108 72 384 72 192 72 336 36 288 180 120 60 168 36 36 96
is_linear=0
shrinkage=0.05


Tree=79
num_leaves=31
num_cat=0
split_feature=0 0 0 0 0 0 1 0 0 6 0 6 0 1 2 4 6 6 4 6 3 3 6 6 2 2 6 6 6 0
split_gain=6.90024e+09 1.00212e+09 4.225e+08 7.98202e+07 7.36844e+07 6.11713e+07 5.07605e+07 1.97198e+07 1.5869e+07 1.50372e+07 1.28966e+07 1.16838e+07 9.73751e+06 9.16306e+06 8.85226e+06 8.45408e+06 8.11812e+06 7.73134e+06 1.17075e+07 6.35782e+06 1.09173e+07 9.18338e+06 6.08025e+06 5.61256e+06 9.65326e+06 6.28359e+06 5.54185e+06 5.32168e+06 5.24237e+06 5.19431e+06
threshold=388286.60400000011 840329.43250000023 100590.71350000003 208019.18150000004 619852.88050000009 1048200.1775000001 9241.5975000000017 507657.76500000007 1182183.7235000001 0.15000000000000005 256199.82050000003 0.15000000000000005 74959.462500000009 4852.8110000000006 22.312000000000005 49.236500000000007 0.15000000000000005 0.25000000000000006 99.63600000000001 0.15000000000000005 76.597500000000011 25.237500000000004 0.15000000000000005 0.15000000000000005 90.431000000000012 90.431000000000012 0.25000000000000006 0.15000000000000005 0.25000000000000006 153655.73400000003
decision_type=2 2 2 2 2 2 2 2 2 2 2 2 2 2 2 2 2 2 2 2 2 2 2 2 2 2 2 2 2 2
left_child=2 4 6 17 7 28 11 27 -7 -5 -11 15 14 -13 -8 -1 -6 29 -19 20 -16 -21 -9 25 -25 -14 -10 -2 -3 -4
right_child=1 5 3 9 16 8 12 22 26 10 -12 13 23 -15 19 -17 -18 18 -20 21 -22 -23 -24 24 -26 -27 -28 -29 -30 -31
leaf_value=-86.587870788574222 67.649255371093759 277.11671142578126 -30.400737667083742 8.2114313125610359 166.60799560546877 346.95977376302085 -77.287748209635424 119.61024780273438 380.0351440429688 24.160293769836429 60.812680053710942 -74.18199288504465 -43.803155517578126 -58.612502458360467 -51.761038208007818 -62.357958984375003 202.2233825683594 16.542976888020835 -23.78124974568685 -64.676779174804693 -90.700540161132821 -39.423368581136067 150.43294982910157 -40.254928080240887 -4.8016601562500005 -84.254986572265636 421.650390625 108.42946472167969 317.59189453125003 -10.256131982803346
leaf_weight=144 11.999999999999998 24 96 48 24 36 36 24 24 48 48 168 48 216 72 48 48 36 36 48 24 144 48 96 24 11.999999999999998 11.999999999999998 24 11.999999999999998 48
leaf_count=144 12 24 96 48 24 36 36 24 24 48 48 168 48 216 72 48 48 36 36 48 24 144 48 96 24 12 12 24 12 48
internal_value=9.58089e-08 223.416 -44.6833 2.22641 151.171 343.825 -60.3199 125.051 370.433 31.0615 42.4865 -70.4596 -48.7316 -65.4242 -53.9118 -80.5304 190.352 -16.997 -3.61914 -50.9898 -61.4959 -45.7367 140.159 -39.4074 -33.1643 -51.8935 393.907 94.8361 290.608 -23.6859
internal_weight=1728 288 1440 360 180 108 1080 108 72 144 96 576 504 384 324 192 72 216 72 288 96 192 72 180 120 60 36 36 36 144
internal_count=1728 288 1440 360 180 108 1080 108 72 144 96 576 504 384 324 192 72 216 72 288 96 192 72 180 120 60 36 36 36 144
is_linear=0
shrinkage=0.05


Tree=80
num_leaves=31
num_cat=0
split_feature=0 0 0 0 0 0 1 0 0 0 6 3 6 0 6 1 2 0 6 0 4 6 6 4 4 4 6 6 2 3
split_gain=6.22747e+09 9.04411e+08 3.81306e+08 7.2661e+07 6.73719e+07 5.52071e+07 4.58114e+07 1.66402e+07 1.43218e+07 1.33728e+07 1.10216e+07 9.67834e+06 9.10032e+06 9.03093e+06 8.96629e+06 1.14022e+07 1.2703e+07 8.38579e+06 7.72357e+06 7.42275e+06 6.46755e+06 5.05248e+06 5.04905e+06 7.22699e+06 6.13779e+06 5.01621e+06 5.00152e+06 4.98606e+06 6.48314e+06 6.32242e+06
threshold=388286.60400000011 840329.43250000023 100590.71350000003 240407.42100000003 573241.87500000012 1048200.1775000001 9241.5975000000017 684755.53550000011 1182183.7235000001 164842.97150000001 0.25000000000000006 64.121000000000009 0.25000000000000006 303117.76850000006 0.25000000000000006 12485.131000000003 76.349000000000018 18495.691000000003 0.15000000000000005 507657.76500000007 99.099000000000018 0.15000000000000005 0.15000000000000005 99.63600000000001 122.55800000000001 37.504500000000007 0.25000000000000006 0.15000000000000005 63.551500000000011 76.597500000000011
decision_type=2 2 2 2 2 2 2 2 2 2 2 2 2 2 2 2 2 2 2 2 2 2 2 2 2 2 2 2 2 2
left_child=2 4 6 9 19 -3 10 12 21 22 17 -12 -6 -5 20 25 -17 -1 -11 -2 27 -7 24 -24 -4 -16 -10 29 -29 -8
right_child=1 5 3 13 7 8 14 -9 26 18 11 -13 -14 -15 15 16 -18 -19 -20 -21 -22 -23 23 -25 -26 -27 -28 28 -30 -31
leaf_value=-80.205392020089292 90.094256591796878 276.07801920572916 -44.775254821777345 26.204290771484377 142.14170837402344 303.12153320312501 -50.722016398111982 196.34473063151043 361.03338623046875 -17.53816909790039 -63.636562601725259 -37.711533355712895 179.85014038085939 56.875485229492192 -33.389207967122395 -36.673068745930991 7.8784316152334215 -65.31088222927518 17.20097646713257 122.20247395833333 -44.07377079554967 342.85689697265627 1.0743440389633179 -23.972469965616863 -12.131899690628053 -56.99760681152344 400.56787109375 -83.358972167968759 -43.66310145060222 -78.441137695312506
leaf_weight=168 36 36 36 72 48 11.999999999999998 36 36 24 24 144 48 24 36 36 48 24 216 48 36 168 24 48 72 24 60 11.999999999999998 11.999999999999998 72 48
leaf_count=168 36 36 36 72 48 12 36 36 24 24 144 48 24 36 36 48 24 216 48 36 168 24 48 72 24 60 12 12 72 48
internal_value=-5.63899e-08 212.246 -42.4491 2.11509 143.613 326.634 -57.3039 168.589 351.912 -12.5904 -66.9366 -57.1553 154.711 36.428 -46.295 -36.8636 -21.8226 -71.8272 5.62126 106.148 -51.0107 329.612 -19.8751 -13.9537 -31.7179 -48.1445 374.212 -57.9477 -49.3339 -66.5615
internal_weight=1728 288 1440 360 180 108 1080 108 72 252 576 192 72 108 504 168 72 384 72 72 336 36 180 120 60 96 36 168 84 84
internal_count=1728 288 1440 360 180 108 1080 108 72 252 576 192 72 108 504 168 72 384 72 72 336 36 180 120 60 96 36 168 84 84
is_linear=0
shrinkage=0.05


Tree=81
num_leaves=31
num_cat=0
split_feature=0 0 0 0 0 0 1 0 0 0 0 6 2 6 0 2 6 6 0 2 6 1 6 6 4 6 6 6 6 4
split_gain=5.62029e+09 8.16231e+08 3.44129e+08 6.55765e+07 6.09204e+07 4.98244e+07 4.13448e+07 1.58542e+07 1.29254e+07 1.20689e+07 1.03697e+07 9.4267e+06 9.18768e+06 8.78497e+06 8.26106e+06 7.16132e+06 7.12389e+06 7.04994e+06 5.52703e+06 5.38979e+06 5.70297e+06 6.90574e+06 5.36566e+06 4.96732e+06 4.83817e+06 4.80282e+06 4.80021e+06 4.75063e+06 4.65515e+06 6.97869e+06
threshold=388286.60400000011 840329.43250000023 100590.71350000003 240407.42100000003 619852.88050000009 1048200.1775000001 9241.5975000000017 507657.76500000007 1182183.7235000001 164842.97150000001 3304.2185000000004 0.25000000000000006 31.205000000000002 0.25000000000000006 74959.462500000009 22.312000000000005 0.15000000000000005 0.25000000000000006 256199.82050000003 78.163500000000013 0.15000000000000005 12794.753500000003 0.25000000000000006 0.15000000000000005 6.4535000000000009 0.15000000000000005 0.25000000000000006 0.15000000000000005 0.25000000000000006 122.55800000000001
decision_type=2 2 2 2 2 2 2 2 2 2 2 2 2 2 2 2 2 2 2 2 2 2 2 2 2 2 2 2 2 2
left_child=2 4 6 9 7 23 10 25 26 28 -1 -12 -13 -5 15 -8 -6 -11 -15 20 21 -17 -9 -3 -14 -2 -7 -10 -4 -30
right_child=1 5 3 13 16 8 14 22 27 17 11 12 24 18 -16 19 -18 -19 -20 -21 -22 -23 -24 -25 -26 -27 -28 -29 29 -31
leaf_value=-89.572676595052087 59.762078857421876 236.008056640625 -24.567099871635438 24.523072942097983 149.81543579101563 300.22095947265626 -69.7767333984375 116.57631835937501 329.814208984375 -5.7230210304260254 -66.528866984049486 -75.107590738932288 -16.470152282714846 27.067340087890628 -35.391961602105035 -46.738977050781251 183.17870178222657 27.466636657714844 68.626904296874997 -57.970774332682289 -36.429492894808455 -88.28936767578125 145.53118286132812 275.40714111328128 -49.630135276100852 98.503271484375006 338.95163574218753 368.34433593750003 6.4131572087605795 -28.39456481933594
leaf_weight=36 11.999999999999998 11.999999999999998 120 72 24 24 36 48 11.999999999999998 48 360 36 11.999999999999998 11.999999999999998 180 60 48 24 24 72 144 11.999999999999998 24 24 132 24 11.999999999999998 24 36 24
leaf_count=36 12 12 120 72 24 24 36 48 12 48 360 36 12 12 180 60 48 24 24 72 144 12 24 24 132 24 12 24 36 24
internal_value=-3.94605e-07 201.633 -40.3267 2.00934 136.432 310.302 -54.4387 112.682 334.316 -11.9609 -63.5898 -61.8576 -52.515 34.6066 -43.9803 -48.7516 172.058 5.3402 54.7737 -46.1235 -42.1743 -53.664 126.228 262.274 -46.8668 85.5895 313.131 355.501 -18.8814 -7.50993
internal_weight=1728 288 1440 360 180 108 1080 108 72 252 576 540 180 108 504 324 72 72 36 288 216 72 72 36 144 36 36 36 180 60
internal_count=1728 288 1440 360 180 108 1080 108 72 252 576 540 180 108 504 324 72 72 36 288 216 72 72 36 144 36 36 36 180 60
is_linear=0
shrinkage=0.05


Tree=82
num_leaves=31
num_cat=0
split_feature=0 0 0 0 0 0 0 0 6 0 6 1 4 0 2 0 6 2 6 6 2 0 0 3 1 6 6 6 6 6
split_gain=5.07231e+09 7.36648e+08 3.10982e+08 6.74116e+07 5.57004e+07 4.49665e+07 3.14644e+07 1.41603e+07 1.25821e+07 1.16652e+07 1.02848e+07 1.2963e+07 1.02834e+07 1.00875e+07 8.62022e+06 8.14042e+06 7.69823e+06 7.23541e+06 7.16174e+06 6.97453e+06 7.59932e+06 5.83626e+06 5.51733e+06 4.99583e+06 4.98705e+06 4.77378e+06 4.56209e+06 4.49196e+06 4.33219e+06 4.28744e+06
threshold=388286.60400000011 840329.43250000023 93897.382000000027 208019.18150000004 573241.87500000012 1048200.1775000001 33295.90400000001 684755.53550000011 0.15000000000000005 1182183.7235000001 0.15000000000000005 12485.131000000003 99.099000000000018 256199.82050000003 76.349000000000018 3304.2185000000004 0.25000000000000006 22.312000000000005 0.25000000000000006 0.25000000000000006 31.992000000000001 507657.76500000007 164842.97150000001 62.127500000000005 7848.9580000000014 0.25000000000000006 0.25000000000000006 0.25000000000000006 0.25000000000000006 0.15000000000000005
decision_type=2 2 2 2 2 2 2 2 2 2 2 2 2 2 2 2 2 2 2 2 2 2 2 2 2 2 2 2 2 2
left_child=2 4 6 22 21 27 15 16 -5 28 12 17 -8 -10 -13 -1 -6 -12 -16 -17 -21 26 -4 -19 -22 -9 -2 -3 -7 -11
right_child=1 5 3 8 7 9 10 25 13 29 11 14 -14 -15 18 19 -18 23 -20 20 24 -23 -24 -25 -26 -27 -28 -29 -30 -31
leaf_value=-85.094045003255218 68.724118041992185 236.67158203125001 -19.197574050338179 5.8059587478637695 127.95779113769532 285.20991210937501 -64.45034484863281 165.04998168945315 20.950472068786624 313.32351074218752 -72.441647338867185 -37.388102722167972 -41.124497331891746 53.366302490234375 -29.346733093261719 -64.83932622273764 162.6398864746094 -50.862162780761722 9.2800461292266849 -77.046279907226562 -49.623245917426217 109.78095092773438 1.9449351628621419 -36.434425048828125 -15.646644592285156 203.67387695312502 106.48195800781251 274.1380615234375 322.00405273437502 349.9271240234375
leaf_weight=36 24 24 216 48 48 24 108 24 48 11.999999999999998 24 72 84 48 24 288 24 120 24 24 108 36 36 120 11.999999999999998 11.999999999999998 11.999999999999998 11.999999999999998 11.999999999999998 24
leaf_count=36 24 24 216 48 48 24 108 24 48 12 24 72 84 48 24 288 24 120 24 24 108 36 36 120 12 12 12 12 12 24
internal_value=-2.66455e-07 191.552 -38.3103 -0.582745 129.611 294.787 -52.6208 152.321 26.7076 317.6 -44.7966 -40.0722 -54.2453 37.1584 -26.4462 -62.2506 139.518 -46.2659 -10.0333 -60.347 -51.3624 95.5455 -16.1772 -43.6483 -46.2256 177.925 81.3101 249.16 297.475 337.726
internal_weight=1728 288 1440 396 180 108 1044 108 144 72 576 384 192 96 120 468 72 264 48 432 144 72 252 240 120 36 36 36 36 36
internal_count=1728 288 1440 396 180 108 1044 108 144 72 576 384 192 96 120 468 72 264 48 432 144 72 252 240 120 36 36 36 36 36
is_linear=0
shrinkage=0.05


Tree=83
num_leaves=31
num_cat=0
split_feature=0 0 0 0 1 0 0 0 0 6 2 0 6 1 4 0 0 6 6 6 4 4 6 6 6 6 6 6 6 6
split_gain=4.57776e+09 6.64825e+08 2.81554e+08 5.03532e+07 4.6637e+07 4.05823e+07 3.82937e+07 1.46337e+07 1.27472e+07 1.17669e+07 1.18982e+07 1.05278e+07 8.9639e+06 1.10626e+07 8.04627e+06 7.67758e+06 7.66196e+06 6.1459e+06 6.06293e+06 5.28112e+06 6.88473e+06 6.72899e+06 4.89394e+06 4.41668e+06 4.26144e+06 4.11729e+06 4.11512e+06 4.07367e+06 3.90777e+06 3.83606e+06
threshold=388286.60400000011 840329.43250000023 137286.37700000001 619852.88050000009 11991.799500000003 1048200.1775000001 240407.42100000003 16052.3765 507657.76500000007 0.15000000000000005 76.349000000000018 1182183.7235000001 0.15000000000000005 19012.117000000002 101.94350000000001 145818.27200000003 303117.76850000006 0.25000000000000006 0.15000000000000005 0.25000000000000006 37.504500000000007 13.022000000000002 0.15000000000000005 0.15000000000000005 0.15000000000000005 0.25000000000000006 0.15000000000000005 0.25000000000000006 0.25000000000000006 0.25000000000000006
decision_type=2 2 2 2 2 2 2 2 2 2 2 2 2 2 2 2 2 2 2 2 2 2 2 2 2 2 2 2 2 2
left_child=2 3 4 8 7 24 12 23 25 10 -6 26 15 -14 17 -4 -8 -11 -5 21 -21 -9 -10 -1 -3 -2 -7 -13 -15 -18
right_child=1 5 6 18 9 11 16 19 22 14 -12 27 13 28 -16 -17 29 -19 -20 20 -22 -23 -24 -25 -26 -27 -28 -29 -30 -31
leaf_value=-75.042473347981783 65.287915039062497 212.37407226562502 -57.850421142578128 134.99947509765624 -35.971517290387837 258.69392089843751 21.943809827168785 -70.662924194335943 95.248846435546881 -25.589810180664063 -75.890222167968759 308.94647216796875 -17.002641916275024 2.3374616622924806 -31.452969021267361 -13.136106348037721 38.653770446777344 3.6265828450520838 165.77824707031252 -33.48231582641602 -51.884992133246534 -50.733108825683594 122.90166015625 -59.875546264648442 248.86655273437501 101.15786132812501 294.55439453125001 344.62590332031255 25.634380086263022 73.277008056640625
leaf_weight=72 24 11.999999999999998 11.999999999999998 24 84 11.999999999999998 72 48 24 36 24 24 48 36 144 48 24 36 48 96 108 360 48 144 24 11.999999999999998 24 11.999999999999998 36 11.999999999999998
leaf_count=72 24 12 12 24 84 12 72 48 24 36 24 24 48 36 144 48 24 36 48 96 108 360 48 144 24 12 24 12 36 12
internal_value=2.04422e-07 181.974 -36.3948 123.13 -47.4493 280.048 7.82323 -53.7425 101.538 -31.3669 -44.8423 301.72 -6.29933 1.5905 -24.6292 -22.079 31.3608 -10.9816 155.519 -49.7935 -43.2249 -53.0778 113.684 -64.9312 236.702 77.2446 282.601 320.84 13.9859 50.1948
internal_weight=1728 288 1440 180 1152 108 288 828 108 324 108 72 180 120 216 60 108 72 72 612 204 408 72 216 36 36 36 36 72 36
internal_count=1728 288 1440 180 1152 108 288 828 108 324 108 72 180 120 216 60 108 72 72 612 204 408 72 216 36 36 36 36 72 36
is_linear=0
shrinkage=0.05


Tree=84
num_leaves=31
num_cat=0
split_feature=0 0 0 0 0 0 1 0 6 0 6 2 6 1 2 6 4 0 0 0 6 4 2 0 0 6 6 6 4 6
split_gain=4.13143e+09 6.00005e+08 2.54418e+08 5.4709e+07 4.6064e+07 3.66255e+07 2.60962e+07 1.20575e+07 1.12358e+07 9.50137e+06 8.37011e+06 7.04068e+06 7.03266e+06 7.7814e+06 9.6749e+06 6.64303e+06 6.55161e+06 6.45848e+06 5.2794e+06 5.07663e+06 4.71089e+06 1.07559e+07 4.64032e+06 4.5815e+06 4.38843e+06 4.12953e+06 3.91182e+06 3.84883e+06 3.81372e+06 3.71389e+06
threshold=388286.60400000011 840329.43250000023 93897.382000000027 208019.18150000004 573241.87500000012 1048200.1775000001 9241.5975000000017 684755.53550000011 0.25000000000000006 1182183.7235000001 0.15000000000000005 30.574000000000002 0.25000000000000006 12485.131000000003 76.349000000000018 0.25000000000000006 49.236500000000007 303117.76850000006 3304.2185000000004 256199.82050000003 0.15000000000000005 99.63600000000001 52.25350000000001 507657.76500000007 145818.27200000003 0.25000000000000006 0.15000000000000005 0.25000000000000006 37.504500000000007 0.15000000000000005
decision_type=2 2 2 2 2 2 2 2 2 2 2 2 2 2 2 2 2 2 2 2 2 2 2 2 2 2 2 2 2 2
left_child=2 4 6 20 23 27 10 15 17 29 16 -12 -8 28 -15 -6 22 -5 -13 -10 24 -22 -1 26 -4 -9 -2 -3 -14 -7
right_child=1 5 3 8 7 9 12 25 19 -11 11 18 13 14 -16 -17 -18 -19 -20 -21 21 -23 -24 -25 -26 -27 -28 -29 -30 -31
leaf_value=-60.915087454659606 50.073373413085939 213.30699462890627 -34.064535903930668 6.7709381103515627 115.07330017089845 245.75922851562501 -43.0829085129958 149.27803955078124 27.625494384765627 304.79763997395838 -68.295124816894528 -70.421173095703125 -26.043413798014328 -32.349068705240889 8.6347149848937992 147.2908935546875 -47.170750427246098 36.721083068847655 -46.085194690410908 60.146722412109376 4.9433299382527673 -20.621731917063396 -79.12089111328126 98.607700602213541 -10.970887629191083 185.20126953125001 85.036816406250011 247.98781738281252 -46.628534545898439 279.82667236328126
leaf_weight=84 11.999999999999998 24 48 72 48 11.999999999999998 312 24 24 36 48 24 36 36 24 24 48 24 312 24 72 96 60 36 36 11.999999999999998 24 11.999999999999998 60 24
leaf_count=84 12 24 48 72 48 12 312 24 24 36 48 24 36 36 24 24 48 24 312 24 72 96 60 36 36 12 24 12 60 24
internal_value=1.3687e-08 172.875 -34.5751 -0.45068 116.973 266.045 -47.5188 137.626 24.1344 286.634 -54.6444 -50.3824 -38.7489 -30.0808 -15.9556 125.812 -63.1683 14.2585 -47.8235 43.8861 -14.4993 -9.66528 -68.5008 85.995 -24.1673 161.252 73.3823 224.867 -38.9091 268.471
internal_weight=1728 288 1440 396 180 108 1044 108 144 72 576 384 468 156 60 72 192 96 336 48 252 168 144 72 84 36 36 36 96 36
internal_count=1728 288 1440 396 180 108 1044 108 144 72 576 384 468 156 60 72 192 96 336 48 252 168 144 72 84 36 36 36 96 36
is_linear=0
shrinkage=0.05


Tree=85
num_leaves=31
num_cat=0
split_feature=0 0 0 0 0 0 0 0 6 0 0 3 0 2 6 6 4 6 0 6 2 0 0 6 4 0 2 6 6 6
split_gain=3.72861e+09 5.41504e+08 2.29612e+08 4.9408e+07 4.16059e+07 3.30545e+07 2.36554e+07 1.02502e+07 9.47366e+06 8.97628e+06 8.57499e+06 8.43599e+06 7.71841e+06 6.5452e+06 7.31928e+06 6.52805e+06 6.32046e+06 5.67552e+06 5.39136e+06 5.15765e+06 4.60448e+06 4.58045e+06 4.55375e+06 4.2824e+06 4.01103e+06 3.96073e+06 5.42397e+06 3.67649e+06 3.65598e+06 3.53041e+06
threshold=388286.60400000011 840329.43250000023 93897.382000000027 240407.42100000003 619852.88050000009 1048200.1775000001 38531.177500000013 507657.76500000007 0.15000000000000005 164842.97150000001 1182183.7235000001 72.187000000000026 3304.2185000000004 30.574000000000002 0.25000000000000006 0.15000000000000005 99.099000000000018 0.15000000000000005 303117.76850000006 0.15000000000000005 106.31000000000002 35745.162000000004 87041.996000000028 0.15000000000000005 6.4535000000000009 44158.321000000004 106.31000000000002 0.25000000000000006 0.15000000000000005 0.15000000000000005
decision_type=2 2 2 2 2 2 2 2 2 2 2 2 2 2 2 2 2 2 2 2 2 2 2 2 2 2 2 2 2 2
left_child=2 4 6 9 7 28 12 29 16 -4 -7 20 -1 -14 21 -5 25 -11 -17 -6 -10 -15 -13 -9 -16 -8 -27 -12 -3 -2
right_child=1 5 3 15 19 10 8 23 11 17 27 22 13 14 24 18 -18 -19 -20 -21 -22 -23 -24 -25 -26 26 -28 -29 -30 -31
leaf_value=-73.926727294921875 47.569705200195315 191.09002685546875 -16.339774774622036 11.027923774719239 121.64071044921876 255.04731445312501 -40.546606445312506 85.144378662109375 -34.073460497174942 -15.807077789306641 278.25927734375 -25.134271923700968 -61.157615831163199 -54.506811246004979 -10.885935974121095 27.430126953125001 -36.180824279785156 13.972117042541505 56.45425720214844 150.02879028320314 -57.486120605468756 -37.715732574462891 0.014590454101562501 111.01183013916017 -40.973608398437506 -75.127522786458343 -36.311813354492188 312.15473632812501 224.89084472656251 80.78497314453125
leaf_weight=36 11.999999999999998 11.999999999999998 216 36 24 36 24 24 168 24 24 72 108 264 11.999999999999998 48 72 48 24 48 24 48 24 48 144 36 11.999999999999998 11.999999999999998 24 24
leaf_count=36 12 12 216 36 24 36 24 24 168 24 24 72 108 264 12 48 72 48 24 48 24 48 24 48 144 36 12 12 24 24
internal_value=3.02438e-08 164.232 -32.8463 -0.428147 111.125 252.743 -45.1429 91.4973 -36.1847 -11.2434 272.303 -30.949 -51.4663 -50.0625 -47.5021 28.4125 -46.656 4.04572 37.1048 140.566 -37 -51.9236 -18.8471 102.389 -38.6592 -57.1313 -65.4236 289.558 213.624 69.7132
internal_weight=1728 288 1440 396 180 108 1044 108 432 288 72 288 612 576 468 108 144 72 72 72 192 312 96 72 156 72 48 36 36 36
internal_count=1728 288 1440 396 180 108 1044 108 432 288 72 288 612 576 468 108 144 72 72 72 192 312 96 72 156 72 48 36 36 36
is_linear=0
shrinkage=0.05


Tree=86
num_leaves=31
num_cat=0
split_feature=0 0 0 0 0 0 1 0 6 0 6 6 1 2 3 0 2 6 0 6 4 0 0 0 6 6 6 6 6 4
split_gain=3.36507e+09 4.88707e+08 2.07225e+08 4.46828e+07 3.81062e+07 2.98317e+07 2.17048e+07 1.02737e+07 9.65973e+06 7.73893e+06 7.06241e+06 6.0318e+06 6.47621e+06 8.3209e+06 5.96965e+06 7.7275e+06 5.86812e+06 5.73259e+06 5.40202e+06 4.30131e+06 8.8005e+06 4.27207e+06 4.16466e+06 3.59022e+06 3.5735e+06 3.5285e+06 3.492e+06 3.35342e+06 3.29953e+06 3.29427e+06
threshold=388286.60400000011 840329.43250000023 93897.382000000027 208019.18150000004 573241.87500000012 1048200.1775000001 9241.5975000000017 684755.53550000011 0.25000000000000006 1182183.7235000001 0.15000000000000005 0.25000000000000006 12485.131000000003 76.349000000000018 65.925000000000011 18495.691000000003 30.574000000000002 0.25000000000000006 303117.76850000006 0.25000000000000006 99.63600000000001 256199.82050000003 3304.2185000000004 507657.76500000007 0.25000000000000006 0.25000000000000006 0.15000000000000005 0.25000000000000006 0.15000000000000005 37.504500000000007
decision_type=2 2 2 2 2 2 2 2 2 2 2 2 2 2 2 2 2 2 2 2 2 2 2 2 2 2 2 2 2 2
left_child=2 4 6 19 23 28 10 17 18 25 14 -8 29 -14 15 -1 -12 -6 -5 -4 -21 -10 -18 27 -9 -7 -11 -2 -3 -13
right_child=1 5 3 8 7 9 11 24 21 26 16 12 13 -15 -16 -17 22 -19 -20 20 -22 -23 -24 -25 -26 -27 -28 -29 -30 -31
leaf_value=-64.998569742838541 55.436897277832031 181.5355224609375 -17.722004740578789 5.8067152976989753 103.47181243896485 231.2261962890625 -38.901454690786515 135.02240600585938 25.209163665771484 253.05715332031252 -61.822486877441406 -22.956551106770835 -29.176927185058595 8.8309708595275875 -75.56686604817709 -42.675914655412953 -63.203778076171879 133.40033569335938 33.197973632812499 14.822810236612955 -17.880470403035485 55.042277526855472 -41.589205228365387 88.557851155598968 168.43977050781251 264.43244628906251 286.09123535156249 87.808880615234386 213.64631347656251 -42.088465576171878
leaf_weight=72 24 11.999999999999998 168 72 48 24 312 24 24 11.999999999999998 48 36 36 24 36 84 24 24 24 36 48 24 312 36 11.999999999999998 11.999999999999998 24 11.999999999999998 24 60
leaf_count=72 24 12 168 72 48 24 312 24 24 12 48 36 36 24 36 84 24 24 24 36 48 24 312 36 12 12 24 12 24 60
internal_value=3.2628e-07 156.02 -31.204 -0.406739 105.569 240.106 -42.8857 124.353 21.8116 258.687 -49.3842 -34.8877 -26.8601 -13.9738 -57.214 -52.9787 -45.4693 113.448 12.6545 -13.1029 -3.86478 40.1257 -43.1331 77.3927 146.162 242.295 275.08 66.2276 202.943 -34.914
internal_weight=1728 288 1440 396 180 108 1044 108 144 72 576 468 156 60 192 156 384 72 96 252 84 48 336 72 36 36 36 36 36 96
internal_count=1728 288 1440 396 180 108 1044 108 144 72 576 468 156 60 192 156 384 72 96 252 84 48 336 72 36 36 36 36 36 96
is_linear=0
shrinkage=0.05


Tree=87
num_leaves=31
num_cat=0
split_feature=0 0 0 0 0 0 0 0 0 6 4 0 6 1 0 6 6 4 1 6 6 2 0 6 6 6 6 6 4 0
split_gain=3.03698e+09 4.41058e+08 1.87184e+08 3.43909e+07 3.27192e+07 2.69231e+07 2.59706e+07 1.02208e+07 9.272e+06 7.22641e+06 8.43572e+06 6.98438e+06 6.81627e+06 9.84009e+06 7.77154e+06 6.14162e+06 5.29675e+06 4.32792e+06 3.78806e+06 3.4505e+06 3.3962e+06 6.06111e+06 3.2723e+06 3.22509e+06 3.18446e+06 3.15153e+06 3.13481e+06 2.83325e+06 2.57819e+06 2.53122e+06
threshold=388286.60400000011 840329.43250000023 137286.37700000001 573241.87500000012 63082.982000000011 1048200.1775000001 256199.82050000003 16052.3765 684755.53550000011 0.25000000000000006 37.504500000000007 1182183.7235000001 0.15000000000000005 19012.117000000002 145818.27200000003 0.15000000000000005 0.15000000000000005 13.022000000000002 7848.9580000000014 0.15000000000000005 0.25000000000000006 90.431000000000012 3304.2185000000004 0.25000000000000006 0.25000000000000006 0.15000000000000005 0.25000000000000006 0.25000000000000006 140.45600000000005 19740.918500000003
decision_type=2 2 2 2 2 2 2 2 2 2 2 2 2 2 2 2 2 2 2 2 2 2 2 2 2 2 2 2 2 2
left_child=2 3 4 19 7 26 12 22 16 17 18 24 14 -14 -4 -8 -5 -9 -11 -2 28 -22 -1 -10 -7 -13 -3 -15 -6 -12
right_child=1 5 6 8 20 11 15 9 23 10 29 25 13 27 -16 -17 -18 -19 -20 -21 21 -23 -24 -25 -26 -27 -28 -29 -30 -31
leaf_value=-67.040289306640631 58.043464660644531 182.36257324218752 -51.551586914062504 88.596694946289062 -31.726312582833426 219.66489257812501 11.764352321624756 -58.572954559326178 128.27128295898439 -36.601250203450519 -65.209454345703122 240.404296875 -14.462290287017822 4.6744918346405031 -7.4734318542480471 42.742213821411134 117.36503448486329 -42.589610951741541 -16.736969025929771 81.262870788574219 -22.134985558191936 15.555490112304689 -50.526911824544271 160.01777343750001 251.2108154296875 271.78666992187499 213.66157226562501 21.853857803344727 -18.586796951293945 -40.660089111328126
leaf_weight=36 24 24 11.999999999999998 24 168 24 24 48 24 36 11.999999999999998 11.999999999999998 48 48 60 48 48 360 72 48 96 11.999999999999998 180 11.999999999999998 11.999999999999998 24 11.999999999999998 48 48 84
leaf_count=36 24 24 12 24 168 24 24 48 24 36 12 12 48 48 60 48 48 360 72 48 96 12 180 12 12 24 12 48 48 84
internal_value=-4.45931e-08 148.219 -29.6438 100.29 -38.6573 228.101 6.41013 -43.9284 118.135 -40.6282 -32.9444 245.753 -2.25858 4.02202 -14.8198 32.4163 107.776 -44.47 -23.3584 73.5231 -25.1867 -17.9472 -53.2791 138.853 230.18 261.326 192.796 13.2642 -28.8064 -43.7288
internal_weight=1728 288 1440 180 1152 108 288 828 108 612 204 72 216 144 72 72 72 408 108 72 324 108 216 36 36 36 36 96 216 96
internal_count=1728 288 1440 180 1152 108 288 828 108 612 204 72 216 144 72 72 72 408 108 72 324 108 216 36 36 36 36 96 216 96
is_linear=0
shrinkage=0.05


Tree=88
num_leaves=31
num_cat=0
split_feature=0 0 0 0 0 0 0 0 0 6 6 2 0 6 3 6 4 6 6 0 6 6 6 6 2 2 6 4 0 0
split_gain=2.74305e+09 3.11934e+08 2.46108e+08 5.07575e+07 2.96826e+07 2.42981e+07 1.58671e+07 9.22425e+06 7.5571e+06 6.84647e+06 6.52183e+06 7.71516e+06 6.30341e+06 5.54911e+06 5.10887e+06 4.01948e+06 3.90595e+06 3.41468e+06 3.09884e+06 3.06808e+06 3.02487e+06 2.99445e+06 2.82916e+06 2.73238e+06 6.85653e+06 2.97741e+06 2.61975e+06 5.71199e+06 2.57698e+06 2.52218e+06
threshold=507657.76500000007 840329.43250000023 164842.97150000001 63082.982000000011 303117.76850000006 1048200.1775000001 619852.88050000009 16052.3765 93897.382000000027 0.15000000000000005 0.25000000000000006 31.205000000000002 1182183.7235000001 0.25000000000000006 30.154500000000002 0.15000000000000005 13.022000000000002 0.25000000000000006 0.15000000000000005 45843.734500000013 0.15000000000000005 0.25000000000000006 0.25000000000000006 0.15000000000000005 90.431000000000012 90.431000000000012 0.25000000000000006 122.55800000000001 684755.53550000011 256199.82050000003
decision_type=2 2 2 2 2 2 2 2 2 2 2 2 2 2 2 2 2 2 2 2 2 2 2 2 2 2 2 2 2 2
left_child=2 6 3 7 9 22 17 18 23 -4 16 -12 20 -6 -13 -8 -9 -2 -1 -16 -7 -14 -3 25 -25 -5 -10 -28 -17 -11
right_child=1 5 4 8 13 12 15 10 26 29 11 14 21 -15 19 28 -18 -19 -20 -21 -22 -23 -24 24 -26 -27 27 -29 -30 -31
leaf_value=-59.084685262044275 79.987747192382812 173.24444580078125 -5.2429862499237068 -30.608813781738281 39.678902053833013 198.17434082031252 104.17462463378907 -55.644309234619143 -17.870431645711264 13.205402851104736 -48.826709747314453 -47.123847961425781 238.06282958984377 69.124588012695312 -24.455853424072266 117.65018920898439 -40.460130360921227 103.08630981445313 -46.380434417724615 2.0602033615112307 228.91960449218752 268.65310058593752 202.97849121093751 -28.105793457031254 1.169894027709961 -57.891644287109379 7.8936171213785817 -20.272533840603302 140.8206787109375 31.921779632568359
leaf_weight=72 48 24 48 60 48 11.999999999999998 24 48 144 72 48 24 24 24 120 24 360 24 144 11.999999999999998 24 11.999999999999998 11.999999999999998 120 24 11.999999999999998 36 36 24 24
leaf_count=72 48 24 48 60 48 12 24 48 144 72 48 24 24 24 120 24 360 24 144 12 24 12 12 120 24 12 36 36 24 24
internal_value=-1.82346e-07 152.461 -26.0299 -34.4833 23.2816 216.696 104.285 -41.732 -20.5899 10.1753 -38.5967 -31.2972 233.465 49.4941 -25.9035 120.882 -42.2465 87.6873 -50.6152 -22.0453 218.671 248.26 183.156 -27.203 -23.2265 -35.156 -13.9768 -6.18946 129.235 17.8845
internal_weight=1728 252 1476 1260 216 108 144 828 432 144 612 204 72 72 156 72 408 72 216 132 36 36 36 216 144 72 216 72 48 96
internal_count=1728 252 1476 1260 216 108 144 828 432 144 612 204 72 72 156 72 408 72 216 132 36 36 36 216 144 72 216 72 48 96
is_linear=0
shrinkage=0.05


Tree=89
num_leaves=31
num_cat=0
split_feature=0 0 0 0 0 0 0 0 6 6 1 4 3 2 0 0 2 6 3 6 0 6 6 0 2 6 3 0 6 6
split_gain=2.47589e+09 3.58638e+08 1.52618e+08 2.94904e+07 2.81768e+07 2.19291e+07 1.95615e+07 6.76074e+06 6.53821e+06 6.49558e+06 9.42592e+06 6.42366e+06 6.0394e+06 5.98965e+06 5.68883e+06 5.5871e+06 5.2596e+06 5.38003e+06 4.55925e+06 4.47755e+06 4.03272e+06 3.66864e+06 3.59596e+06 3.4409e+06 4.7057e+06 3.18917e+06 3.11731e+06 2.84628e+06 2.72994e+06 2.70249e+06
threshold=388286.60400000011 840329.43250000023 100590.71350000003 240407.42100000003 619852.88050000009 1048200.1775000001 38531.177500000013 507657.76500000007 0.15000000000000005 0.15000000000000005 19012.117000000002 99.099000000000018 25.237500000000004 76.349000000000018 1182183.7235000001 3304.2185000000004 30.574000000000002 0.15000000000000005 43.781500000000008 0.25000000000000006 145818.27200000003 0.25000000000000006 0.25000000000000006 44158.321000000004 106.31000000000002 0.15000000000000005 62.127500000000005 256199.82050000003 0.15000000000000005 0.25000000000000006
decision_type=2 2 2 2 2 2 2 2 2 2 2 2 2 2 2 2 2 2 2 2 2 2 2 2 2 2 2 2 2 2
left_child=2 4 6 9 7 -3 15 -2 11 20 -11 23 -10 -14 28 -1 -17 18 -18 -5 -4 -6 -15 -8 -25 -9 -19 -21 -7 -16
right_child=1 5 3 19 21 14 8 25 12 10 -12 -13 13 22 29 16 17 26 -20 27 -22 -23 -24 24 -26 -27 -28 -29 -30 -31
leaf_value=-61.157515462239587 56.76531982421875 173.99800618489584 -31.943279012044272 16.089053599039712 106.85702819824219 188.265625 -32.327354431152344 68.421029663085946 -40.604071807861331 -12.520904803276062 11.411407979329427 -27.432911682128907 -24.873709346629955 -19.032541275024414 226.15969238281252 -50.799712795681423 -36.90734786987305 -38.099695587158202 -54.053759329659606 17.80305633544922 -9.8053600311279308 130.79915161132814 8.3382073402404782 -64.553025309244788 -28.398663330078126 90.743843078613281 -27.271024990081788 47.626895141601565 217.4736328125 255.220458984375
leaf_weight=36 36 36 36 72 48 11.999999999999998 24 24 48 96 72 84 216 24 24 108 72 216 84 11.999999999999998 48 24 24 36 11.999999999999998 48 96 24 24 11.999999999999998
leaf_count=36 36 36 36 72 48 12 24 24 48 96 72 84 216 24 24 108 72 216 84 12 48 24 24 36 12 48 96 24 24 12
internal_value=1.58063e-07 133.829 -26.7657 1.42804 90.6093 205.861 -36.1636 74.457 -28.4686 -7.94048 -2.2642 -36.8264 -24.2897 -21.3234 221.792 -42.0481 -40.8538 -38.5585 -46.14 23.2879 -19.293 114.838 -5.34717 -47.7854 -55.5144 83.3029 -34.7678 37.6856 207.738 235.847
internal_weight=1728 288 1440 360 180 108 1080 108 468 252 168 156 312 264 72 612 576 468 156 108 84 72 48 72 48 72 312 36 36 36
internal_count=1728 288 1440 360 180 108 1080 108 468 252 168 156 312 264 72 612 576 468 156 108 84 72 48 72 48 72 312 36 36 36
is_linear=0
shrinkage=0.05


Tree=90
num_leaves=31
num_cat=0
split_feature=0 0 0 0 0 0 0 0 6 1 6 0 6 6 2 3 2 6 0 0 2 0 6 0 6 6 6 6 4 6
split_gain=2.23449e+09 3.23671e+08 1.38092e+08 2.98322e+07 2.57536e+07 1.9791e+07 1.48653e+07 7.16867e+06 5.22957e+06 8.80335e+06 5.19148e+06 5.13417e+06 4.3562e+06 4.29212e+06 5.17541e+06 7.04696e+06 4.23756e+06 4.20488e+06 3.62935e+06 3.62154e+06 3.17791e+06 3.13423e+06 2.78051e+06 2.69984e+06 2.68738e+06 2.59369e+06 2.56683e+06 2.51704e+06 2.47567e+06 3.80262e+06
threshold=388286.60400000011 840329.43250000023 93897.382000000027 240407.42100000003 573241.87500000012 1048200.1775000001 35745.162000000004 684755.53550000011 0.25000000000000006 19012.117000000002 0.15000000000000005 1182183.7235000001 0.25000000000000006 0.25000000000000006 31.205000000000002 76.597500000000011 31.992000000000001 0.15000000000000005 303117.76850000006 18495.691000000003 106.31000000000002 153655.73400000003 0.15000000000000005 3304.2185000000004 0.15000000000000005 0.25000000000000006 0.15000000000000005 0.25000000000000006 99.099000000000018 0.15000000000000005
decision_type=2 2 2 2 2 2 2 2 2 2 2 2 2 2 2 2 2 2 2 2 2 2 2 2 2 2 2 2 2 2
left_child=2 4 6 8 22 24 10 12 21 -10 19 25 -6 28 -15 20 -12 -5 -19 -1 -16 -4 -2 -18 -3 -7 -13 -9 29 -8
right_child=1 5 3 17 7 11 13 27 9 -11 16 26 -14 14 15 -17 23 18 -20 -21 -22 -23 -24 -25 -26 -27 -28 -29 -30 -31
leaf_value=-55.65690569196429 49.019969177246097 145.97849121093751 -18.403321685791017 8.1710815111796062 83.715689086914068 187.86081542968751 -43.266666793823248 110.38998413085938 -10.890587717692057 20.384799957275391 -51.305120086669923 205.1729736328125 109.80507812500001 -33.279076894124351 -18.8295290629069 7.9212965011596683 -51.314674377441406 21.161870574951173 44.975440979003906 -40.974674551827569 -46.621759033203126 -5.2077180226643884 69.863528442382815 -33.798972285877575 174.95791015625002 216.33061523437502 233.49493408203125 138.43590087890627 -27.918933323451451 -29.193535137176514
leaf_weight=84 24 11.999999999999998 120 36 48 24 96 24 60 36 48 11.999999999999998 24 72 72 24 24 48 24 84 11.999999999999998 72 48 264 24 11.999999999999998 24 11.999999999999998 168 96
leaf_count=84 24 12 120 36 48 24 96 24 60 36 48 12 24 72 72 24 24 48 24 84 12 72 48 264 24 12 24 12 168 96
internal_value=9.38221e-08 127.137 -25.4274 -0.286862 86.0789 195.568 -34.9635 101.521 -8.69075 0.837683 -41.1392 210.703 92.4122 -29.1995 -22.8954 -15.9729 -37.551 22.1235 29.0997 -48.3158 -22.7998 -13.455 62.9157 -35.2586 165.298 197.351 224.054 119.739 -32.3516 -36.2301
internal_weight=1728 288 1440 396 180 108 1044 108 288 96 504 72 72 540 180 108 336 108 72 168 84 192 72 288 36 36 36 36 360 192
internal_count=1728 288 1440 396 180 108 1044 108 288 96 504 72 72 540 180 108 336 108 72 168 84 192 72 288 36 36 36 36 360 192
is_linear=0
shrinkage=0.05


Tree=91
num_leaves=31
num_cat=0
split_feature=0 0 0 0 0 0 0 0 0 6 6 2 6 6 3 4 6 0 6 0 6 0 6 2 4 0 1 6 4 6
split_gain=2.01837e+09 2.28766e+08 1.80118e+08 3.78716e+07 2.2236e+07 1.78614e+07 1.17272e+07 6.98324e+06 5.54737e+06 5.43378e+06 5.0932e+06 6.10976e+06 4.65627e+06 4.50487e+06 4.07267e+06 3.37677e+06 3.24937e+06 3.10097e+06 2.68246e+06 2.45151e+06 2.42536e+06 2.19886e+06 2.09761e+06 5.40048e+06 2.17068e+06 2.04273e+06 2.03193e+06 2.0133e+06 4.73034e+06 1.8058e+06
threshold=507657.76500000007 840329.43250000023 164842.97150000001 63082.982000000011 303117.76850000006 1048200.1775000001 619852.88050000009 16052.3765 93897.382000000027 0.25000000000000006 0.25000000000000006 31.205000000000002 0.25000000000000006 0.15000000000000005 30.154500000000002 13.022000000000002 0.15000000000000005 1182183.7235000001 0.25000000000000006 3304.2185000000004 0.15000000000000005 573241.87500000012 0.15000000000000005 90.431000000000012 99.099000000000018 684755.53550000011 7848.9580000000014 0.25000000000000006 122.55800000000001 0.15000000000000005
decision_type=2 2 2 2 2 2 2 2 2 2 2 2 2 2 2 2 2 2 2 2 2 2 2 2 2 2 2 2 2 2
left_child=2 6 3 7 9 20 18 19 22 29 15 -12 17 -6 -13 -9 -8 -7 -2 -1 -3 -20 24 -24 -5 -18 -16 -10 -29 -4
right_child=1 5 4 8 13 12 16 10 27 -11 11 14 -14 -15 26 -17 25 -19 21 -21 -22 -23 23 -25 -26 -27 -28 28 -30 -31
leaf_value=-55.461534627278652 68.430302429199216 138.6795654296875 -5.2120132684707645 -49.6060791015625 24.857446289062501 178.4677734375 88.770397949218761 -48.776103973388672 -15.306626375516258 22.249276924133301 -42.242303466796876 -40.789543151855469 218.14937744140627 51.38828811645508 -26.604712295532227 -34.65790845235189 100.98825988769532 203.8850036621094 73.768756103515614 -41.168455810546874 166.21002197265625 104.03741455078124 -24.071363983154299 1.9105632781982422 -26.310780944824216 121.61758422851562 -13.708817849840438 7.7493825276692707 -17.882452816433378 8.503076362609864
leaf_weight=36 48 11.999999999999998 48 11.999999999999998 24 24 24 48 144 48 48 24 24 48 48 360 24 24 12 180 24 12 120 24 60 24 84 36 36 48
leaf_count=36 48 12 48 12 24 24 24 48 144 48 48 24 24 48 48 360 24 24 12 180 24 12 120 24 60 24 84 36 36 48
internal_value=-1.47246e-07 130.78 -22.3283 -29.5601 19.8572 185.789 89.5233 -35.8215 -17.5592 8.51345 -33.0935 -26.6429 200.167 42.5447 -21.8431 -36.3189 103.792 191.176 75.2546 -43.5506 157.033 88.9031 -23.2251 -19.741 -30.1933 111.303 -18.3982 -11.8933 -5.06654 1.64553
internal_weight=1728 252 1476 1260 216 108 144 828 432 144 612 204 72 72 156 408 72 48 72 216 36 24 216 144 72 48 132 216 72 96
internal_count=1728 252 1476 1260 216 108 144 828 432 144 612 204 72 72 156 408 72 48 72 216 36 24 216 144 72 48 132 216 72 96
is_linear=0
shrinkage=0.05


Tree=92
num_leaves=31
num_cat=0
split_feature=0 0 0 0 0 0 1 0 6 3 0 6 1 6 2 6 6 1 2 6 0 4 0 1 6 6 0 4 6 6
split_gain=1.82164e+09 2.63193e+08 1.12208e+08 2.45284e+07 2.08346e+07 1.61199e+07 1.25012e+07 5.00702e+06 4.55876e+06 4.77101e+06 5.06396e+06 4.44854e+06 8.57866e+06 4.42565e+06 3.94497e+06 3.49691e+06 3.34814e+06 3.78829e+06 5.14819e+06 2.93256e+06 2.92596e+06 2.90679e+06 3.08846e+06 2.88343e+06 2.52115e+06 2.42286e+06 2.33433e+06 2.32749e+06 4.49409e+06 2.30431e+06
threshold=388286.60400000011 840329.43250000023 93897.382000000027 240407.42100000003 619852.88050000009 1048200.1775000001 9241.5975000000017 507657.76500000007 0.15000000000000005 65.925000000000011 18495.691000000003 0.15000000000000005 19012.117000000002 0.15000000000000005 30.574000000000002 0.25000000000000006 0.25000000000000006 11991.799500000003 76.349000000000018 0.15000000000000005 1182183.7235000001 122.55800000000001 145818.27200000003 10484.007500000002 0.15000000000000005 0.25000000000000006 256199.82050000003 25.389500000000002 0.15000000000000005 0.25000000000000006
decision_type=2 2 2 2 2 2 2 2 2 2 2 2 2 2 2 2 2 2 2 2 2 2 2 2 2 2 2 2 2 2
left_child=2 4 6 11 7 29 8 25 9 10 -1 21 -13 -7 -10 -5 27 23 -19 -6 -15 22 -4 -18 -9 -2 -17 28 -8 -3
right_child=1 5 3 15 19 13 16 24 14 -11 -12 12 -14 20 -16 26 17 18 -20 -21 -22 -23 -24 -25 -26 -27 -28 -29 -30 -31
leaf_value=-48.721078491210939 39.481951904296878 140.23667602539064 -38.088182067871095 13.66259903907776 84.331878662109375 172.62799072265625 -53.902188110351567 58.26007080078125 -46.749400329589847 -59.184304809570314 -30.65052730015346 -11.709184697469077 10.121811683972677 186.57973632812502 -31.425573737280715 14.74234619140625 -18.694826316833495 -20.541850662231447 7.8201883316040046 105.73777923583985 211.26931762695312 -8.00433750152588 -12.722280502319336 -37.414244588216143 78.107719421386719 66.998205566406256 41.75117645263672 -26.633645768599077 -23.303679656982425 167.07127685546877
leaf_weight=72 24 24 24 72 24 24 24 24 48 36 84 120 72 24 336 11.999999999999998 48 48 24 48 24 48 24 36 48 11.999999999999998 24 264 24 11.999999999999998
leaf_count=72 24 24 24 72 24 24 24 24 48 36 84 120 72 24 336 12 48 48 24 48 24 48 24 36 48 12 24 264 24 12
internal_value=8.75305e-08 114.793 -22.9586 -0.296332 77.7685 176.5 -31.5546 63.8792 -36.4864 -42.7771 -38.9908 -7.91664 -3.52256 190.159 -33.3411 20.0245 -25.4846 -19.5038 -11.0878 98.6025 198.925 -16.7048 -25.4052 -26.7174 71.4918 48.654 32.7482 -28.4751 -38.6029 149.182
internal_weight=1728 288 1440 396 180 108 1044 108 576 192 156 288 192 72 384 108 468 156 72 72 48 96 48 84 72 36 36 312 48 36
internal_count=1728 288 1440 396 180 108 1044 108 576 192 156 288 192 72 384 108 468 156 72 72 48 96 48 84 72 36 36 312 48 36
is_linear=0
shrinkage=0.05


Tree=93
num_leaves=31
num_cat=0
split_feature=0 0 0 0 0 0 1 0 6 6 1 0 4 6 6 0 6 1 2 0 2 1 0 3 6 1 0 6 6 6
split_gain=1.64403e+09 2.37531e+08 1.01267e+08 2.21368e+07 1.9071e+07 1.45482e+07 1.12823e+07 5.61254e+06 4.27465e+06 4.06872e+06 6.74096e+06 4.04353e+06 3.92236e+06 3.50823e+06 3.20673e+06 3.10561e+06 3.0217e+06 3.41893e+06 4.64624e+06 2.84727e+06 2.81093e+06 2.60229e+06 2.352e+06 2.27484e+06 2.4653e+06 2.23264e+06 3.05118e+06 2.12722e+06 2.07964e+06 2.05578e+06
threshold=388286.60400000011 840329.43250000023 93897.382000000027 240407.42100000003 573241.87500000012 1048200.1775000001 9241.5975000000017 684755.53550000011 0.25000000000000006 0.25000000000000006 19012.117000000002 1182183.7235000001 6.4535000000000009 0.15000000000000005 0.15000000000000005 18495.691000000003 0.25000000000000006 11991.799500000003 76.349000000000018 256199.82050000003 31.205000000000002 10484.007500000002 153655.73400000003 67.669000000000025 0.15000000000000005 10279.872000000001 55159.639500000012 0.15000000000000005 0.25000000000000006 0.15000000000000005
decision_type=2 2 2 2 2 2 2 2 2 2 2 2 2 2 2 2 2 2 2 2 2 2 2 2 2 2 2 2 2 2
left_child=2 4 6 9 27 28 8 13 15 22 -11 29 -10 -6 -5 -1 25 21 -19 -16 -14 -18 -4 -17 -25 -8 -27 -2 -3 -7
right_child=1 5 3 14 7 11 16 -9 12 10 -12 -13 20 -15 19 23 17 18 -20 -21 -22 -23 -24 24 -26 26 -28 -29 -30 -31
leaf_value=-42.806408909388949 41.793223571777347 133.22484130859377 -16.009712667465209 6.8388408104578664 63.500247192382815 151.90450439453124 -19.329110972086589 103.28813883463543 -0.8923187255859375 -9.3791131464640305 17.988671112060548 192.50012613932293 -42.912297566731773 86.913093566894531 11.053922271728517 -30.999508884974887 -17.760085105895996 -19.514759063720703 7.4291788578033451 32.146227645874028 -27.291667938232422 -35.543532307942705 -4.578768563270569 -54.673257446289064 -32.010411071777348 -36.272668647766118 -24.76486021677653 60.024462890625003 158.71771240234375 177.25075073242189
leaf_weight=168 24 24 120 36 24 11.999999999999998 72 36 11.999999999999998 60 36 36 36 48 24 168 48 48 24 48 144 36 72 24 24 96 144 48 11.999999999999998 24
leaf_count=168 24 24 120 36 24 12 72 36 12 60 36 36 36 48 24 168 48 48 24 48 144 36 72 24 24 96 144 48 12 24
internal_value=-1.11648e-07 109.053 -21.8106 -0.281516 73.8801 167.675 -29.9768 87.1686 -34.6621 -7.5208 0.883806 180.651 -28.5706 79.1088 19.0233 -37.7078 -24.2104 -18.5286 -10.5334 25.1155 -30.4158 -25.3816 -11.7231 -33.7422 -43.3418 -27.0513 -29.368 53.9474 141.722 168.802
internal_weight=1728 288 1440 396 180 108 1044 108 576 288 96 72 192 72 108 384 468 156 72 72 180 84 192 216 48 312 240 72 36 36
internal_count=1728 288 1440 396 180 108 1044 108 576 288 96 72 192 72 108 384 468 156 72 72 180 84 192 216 48 312 240 72 36 36
is_linear=0
shrinkage=0.05


Tree=94
num_leaves=31
num_cat=0
split_feature=0 0 0 0 0 0 0 0 6 0 6 2 6 6 3 6 0 4 0 0 6 6 6 2 4 6 4 4 0 1
split_gain=1.48515e+09 1.67771e+08 1.31771e+08 2.79923e+07 1.6859e+07 1.31297e+07 8.68804e+06 5.37584e+06 4.24604e+06 4.07419e+06 4.01093e+06 4.67975e+06 3.88881e+06 3.64557e+06 3.3001e+06 3.13856e+06 2.64732e+06 2.50427e+06 2.35138e+06 2.26303e+06 2.04623e+06 1.9754e+06 1.70494e+06 4.36005e+06 1.94943e+06 1.60966e+06 3.92406e+06 3.76602e+06 1.59459e+06 1.4938e+06
threshold=507657.76500000007 840329.43250000023 164842.97150000001 63082.982000000011 303117.76850000006 1048200.1775000001 684755.53550000011 16052.3765 0.15000000000000005 93897.382000000027 0.25000000000000006 31.205000000000002 0.25000000000000006 0.25000000000000006 30.154500000000002 0.15000000000000005 573241.87500000012 13.022000000000002 1182183.7235000001 3304.2185000000004 0.25000000000000006 0.15000000000000005 0.15000000000000005 90.431000000000012 99.099000000000018 0.15000000000000005 122.55800000000001 99.63600000000001 145818.27200000003 7848.9580000000014
decision_type=2 2 2 2 2 2 2 2 2 2 2 2 2 2 2 2 2 2 2 2 2 2 2 2 2 2 2 2 2 2
left_child=2 6 3 7 8 21 15 19 -4 22 17 -12 18 -6 -13 -2 -17 -9 -7 -1 -8 -3 24 -24 -5 26 28 -27 -11 -16
right_child=1 5 4 9 13 12 20 10 -10 25 11 14 -14 -15 29 16 -18 -19 -20 -21 -22 -23 23 -25 -26 27 -28 -29 -30 -31
leaf_value=-48.947180175781256 57.706744384765628 118.072509765625 -5.090396876633168 -44.555850219726565 28.728431701660156 152.33530883789064 89.694635009765634 -41.918345642089847 13.122829437255859 -35.383287048339845 -36.256250762939452 -35.45819091796875 188.05191040039062 52.595162963867189 -22.338614845275881 62.229211425781251 82.567439270019534 -29.760147908528651 174.46831665039065 -35.21452626546224 114.98193359375 142.91825561523439 -20.626604919433596 2.7187641143798831 -22.479674377441409 4.3218293547630315 -4.5969319661458341 -12.831030360857646 -13.060423278808594 -11.281464603969029
leaf_weight=36 36 11.999999999999998 48 11.999999999999998 48 24 24 48 96 24 48 24 24 24 48 24 48 360 24 180 11.999999999999998 24 120 24 60 48 36 96 11.999999999999998 84
leaf_count=36 36 12 48 12 48 24 24 48 96 24 48 24 24 24 48 24 48 360 24 180 12 24 120 24 60 48 36 96 12 84
internal_value=-1.69846e-08 112.183 -19.1532 -25.3387 16.9292 159.291 76.8516 -30.7218 7.05175 -15.0212 -28.3283 -22.6039 171.619 36.684 -18.4032 69.7609 75.788 -31.1905 163.402 -37.5033 98.1237 134.636 -19.8768 -16.7357 -26.159 -10.1655 -16.2696 -7.11341 -27.9423 -15.3022
internal_weight=1728 252 1476 1260 216 108 144 828 144 432 612 204 72 72 156 108 72 408 48 216 36 36 216 144 72 216 72 144 36 132
internal_count=1728 252 1476 1260 216 108 144 828 144 432 612 204 72 72 156 108 72 408 48 216 36 36 216 144 72 216 72 144 36 132
is_linear=0
shrinkage=0.05


Tree=95
num_leaves=31
num_cat=0
split_feature=0 0 0 0 0 0 0 0 6 0 6 2 6 6 3 0 6 4 6 0 6 0 6 2 2 6 4 3 3 3
split_gain=1.34035e+09 1.51413e+08 1.18923e+08 2.5263e+07 1.52152e+07 1.18496e+07 8.01108e+06 4.85169e+06 4.03228e+06 3.67696e+06 3.61986e+06 4.22347e+06 3.60447e+06 3.33401e+06 2.97834e+06 2.35272e+06 2.32442e+06 2.26011e+06 2.08863e+06 2.04238e+06 1.78279e+06 1.67193e+06 1.53871e+06 3.93494e+06 1.75936e+06 1.47543e+06 3.79507e+06 1.41089e+06 2.11264e+06 1.88716e+06
threshold=507657.76500000007 840329.43250000023 164842.97150000001 63082.982000000011 303117.76850000006 1048200.1775000001 619852.88050000009 16052.3765 0.25000000000000006 93897.382000000027 0.25000000000000006 31.205000000000002 0.15000000000000005 0.15000000000000005 30.154500000000002 1182183.7235000001 0.25000000000000006 13.022000000000002 0.25000000000000006 3304.2185000000004 0.15000000000000005 573241.87500000012 0.15000000000000005 90.431000000000012 90.431000000000012 0.25000000000000006 122.55800000000001 76.597500000000011 72.187000000000026 67.669000000000025
decision_type=2 2 2 2 2 2 2 2 2 2 2 2 2 2 2 2 2 2 2 2 2 2 2 2 2 2 2 2 2 2
left_child=2 6 3 7 8 20 18 19 -4 22 17 -12 -7 -6 -13 -14 -8 -9 -2 -1 -3 -20 24 -24 -5 -11 -27 28 29 -19
right_child=1 5 4 9 13 12 16 10 -10 25 11 14 15 -15 -16 -17 -18 27 21 -21 -22 -23 23 -25 -26 26 -28 -29 -30 -31
leaf_value=-46.499820963541673 55.194076538085938 112.16888427734375 0.78288049697875983 -21.355690917968751 19.633737945556643 147.21638183593751 78.449798583984375 -39.822428131103521 18.531738090515137 -12.579259030024211 -34.443436813354495 -33.685281372070314 159.8785339355469 42.457843017578128 -14.537134059992704 182.01785278320312 97.507369995117188 -26.661433906555175 60.062249755859369 -33.453800048828121 135.77234497070313 86.456134033203114 -19.59527458190918 2.5828254699707034 -42.328057861328126 7.6661381085713707 -15.292364417182075 -34.532444508870441 -12.50398178100586 -41.366453552246099
leaf_weight=36 48 11.999999999999998 96 60 24 24 48 48 48 144 48 24 24 48 132 24 24 240 12 180 24 12 120 24 11.999999999999998 36 36 72 24 24
leaf_count=36 48 12 96 60 24 24 48 48 48 144 48 24 24 48 132 24 24 240 12 180 24 12 120 24 12 36 36 72 24 24
internal_value=5.98806e-08 106.574 -18.1955 -24.0718 16.0827 151.327 73.0091 -29.1857 6.69917 -14.2701 -26.9119 -21.4737 163.038 34.8498 -17.483 170.948 84.8023 -29.631 61.2158 -35.6281 127.905 73.2592 -18.883 -15.8989 -24.8511 -9.65721 -3.81311 -28.2721 -26.7071 -27.9983
internal_weight=1728 252 1476 1260 216 108 144 828 144 432 612 204 72 72 156 48 72 408 72 216 36 24 216 144 72 216 72 360 288 264
internal_count=1728 252 1476 1260 216 108 144 828 144 432 612 204 72 72 156 48 72 408 72 216 36 24 216 144 72 216 72 360 288 264
is_linear=0
shrinkage=0.05


Tree=96
num_leaves=31
num_cat=0
split_feature=0 0 0 0 0 0 0 6 1 2 4 6 1 2 6 6 0 2 6 3 0 0 6 6 0 0 0 0 6 0
split_gain=1.21067e+09 1.74029e+08 7.41884e+07 1.47906e+07 1.40125e+07 1.06943e+07 1.01904e+07 3.98842e+06 4.41529e+06 3.96179e+06 3.94861e+06 3.85648e+06 4.94556e+06 3.84884e+06 3.61857e+06 3.33407e+06 3.28764e+06 3.67826e+06 3.083e+06 3.41401e+06 2.67929e+06 2.58614e+06 2.51671e+06 2.15179e+06 2.10779e+06 2.10643e+06 2.03845e+06 2.01186e+06 1.78401e+06 1.69906e+06
threshold=388286.60400000011 840329.43250000023 100590.71350000003 240407.42100000003 619852.88050000009 1048200.1775000001 38531.177500000013 0.15000000000000005 9804.0705000000016 106.31000000000002 28.488500000000005 0.15000000000000005 19012.117000000002 74.89200000000001 0.25000000000000006 0.25000000000000006 3304.2185000000004 30.574000000000002 0.15000000000000005 43.781500000000008 507657.76500000007 145818.27200000003 0.25000000000000006 0.15000000000000005 37306.64650000001 573241.87500000012 121294.55000000002 1182183.7235000001 0.25000000000000006 35745.162000000004
decision_type=2 2 2 2 2 2 2 2 2 2 2 2 2 2 2 2 2 2 2 2 2 2 2 2 2 2 2 2 2 2
left_child=2 4 6 11 14 -3 16 8 -8 13 -10 21 -13 -9 20 27 -1 -18 19 29 -2 26 -5 -6 -20 -16 -4 -7 -15 -19
right_child=1 5 3 22 23 15 7 9 10 -11 -12 12 -14 28 25 -17 17 18 24 -21 -22 -23 -24 -25 -26 -27 -28 -29 -30 -31
leaf_value=-44.174831136067709 31.973701477050781 121.50929768880208 -7.7459732055664068 11.024404515822729 68.338052368164071 137.04116821289062 -45.969952392578129 -18.161702756528502 -50.002539062500006 -35.968721008300783 -19.921147460937501 -8.749968945980072 8.5853054662545514 -12.683522033691407 56.47677917480469 170.10191040039064 -36.917384338378909 -27.865258178710942 -24.997275900840762 -39.267721121651789 52.434375762939453 -6.843918037414551 27.215679677327472 86.674284362792974 -9.5746284484863278 82.133325195312509 -32.985160827636719 157.5140380859375 3.0574711481730148 -7.2554206848144531
leaf_weight=36 24 36 11.999999999999998 72 24 24 24 216 11.999999999999998 24 120 96 72 36 24 24 108 60 288 84 48 48 36 48 24 11.999999999999998 24 24 36 11.999999999999998
leaf_count=36 24 36 12 72 24 24 24 216 12 24 120 96 72 36 24 24 108 60 288 84 48 48 36 48 24 12 24 24 36 12
internal_value=-1.01383e-07 93.5828 -18.7166 0.940453 63.4763 143.76 -25.2689 -19.7149 -26.2426 -16.451 -22.6558 -5.69428 -1.32057 -14.8245 52.0858 154.886 -29.5161 -28.5999 -26.6805 -32.4197 45.6142 -14.4417 16.4215 80.5622 -23.8109 65.029 -24.5721 147.278 -4.81303 -24.4303
internal_weight=1728 288 1440 360 180 108 1080 468 156 312 132 252 168 288 108 72 612 576 468 156 72 84 108 72 312 36 36 48 72 72
internal_count=1728 288 1440 360 180 108 1080 468 156 312 132 252 168 288 108 72 612 576 468 156 72 84 108 72 312 36 36 48 72 72
is_linear=0
shrinkage=0.05


Tree=97
num_leaves=31
num_cat=0
split_feature=0 0 0 0 0 0 0 6 6 6 6 1 2 0 6 2 3 0 6 0 0 0 0 2 1 6 6 0 0 4
split_gain=1.09263e+09 1.57061e+08 6.70726e+07 1.49413e+07 1.26463e+07 9.65156e+06 7.81255e+06 3.26576e+06 3.23847e+06 3.09046e+06 3.01255e+06 4.76435e+06 2.80745e+06 2.41806e+06 2.36278e+06 2.83508e+06 3.9393e+06 2.33869e+06 2.2992e+06 2.19732e+06 2.0395e+06 2.02124e+06 1.90105e+06 1.77356e+06 1.74771e+06 1.69383e+06 1.63612e+06 1.55241e+06 1.44784e+06 1.37542e+06
threshold=388286.60400000011 840329.43250000023 93897.382000000027 240407.42100000003 619852.88050000009 1048200.1775000001 35745.162000000004 0.25000000000000006 0.15000000000000005 0.15000000000000005 0.25000000000000006 19012.117000000002 31.992000000000001 507657.76500000007 0.25000000000000006 31.205000000000002 76.597500000000011 18495.691000000003 0.15000000000000005 256199.82050000003 684755.53550000011 1182183.7235000001 573241.87500000012 106.31000000000002 7848.9580000000014 0.25000000000000006 0.25000000000000006 145818.27200000003 153655.73400000003 99.099000000000018
decision_type=2 2 2 2 2 2 2 2 2 2 2 2 2 2 2 2 2 2 2 2 2 2 2 2 2 2 2 2 2 2
left_child=2 4 6 10 7 25 8 13 17 -7 27 28 -10 -2 29 -16 23 -1 -5 -20 -6 -11 -9 -17 -14 -3 -22 -4 -12 -8
right_child=1 5 3 18 20 9 14 22 12 21 11 -13 24 -15 15 16 -18 -19 19 -21 26 -23 -24 -25 -26 -27 -28 -29 -30 -31
leaf_value=-40.471269880022327 30.375016021728516 107.76483459472657 -14.318947124481202 5.2832260211308801 68.118872070312506 132.49168090820314 -25.477693152427676 53.652938842773438 -37.264955902099608 144.20603027343751 -3.7195545276006068 15.405020395914713 -25.945788345336918 49.81265563964844 -23.256049855550131 -12.58540554046631 7.4177716255187995 -28.672628566196991 8.4062171936035153 26.935419082641602 77.412103271484384 164.7265563964844 78.026660156250003 -33.347695922851564 -15.494373273849488 130.77182617187501 100.02374877929688 -5.3270111292600637 -23.137135314941407 -19.282806505475726
leaf_weight=84 24 24 96 36 36 24 192 24 48 24 48 36 240 48 72 72 24 84 24 48 24 24 11.999999999999998 11.999999999999998 48 11.999999999999998 11.999999999999998 96 11.999999999999998 168
leaf_count=84 24 24 96 36 36 24 192 24 48 24 48 36 240 48 72 72 24 84 24 48 24 24 12 12 48 12 12 96 12 168
internal_value=-9.92307e-08 88.9037 -17.7807 -0.25952 60.3025 136.572 -24.4267 49.4815 -28.9038 147.141 -6.207 1.02496 -26.0698 43.3334 -20.2481 -15.5707 -10.4472 -34.5719 15.6004 20.759 76.5341 154.466 61.7775 -15.5514 -24.2039 115.434 84.9493 -9.82298 -7.60307 -22.5867
internal_weight=1728 288 1440 396 180 108 1044 108 504 72 288 96 336 72 540 180 108 168 108 72 72 48 36 84 288 36 36 192 60 360
internal_count=1728 288 1440 396 180 108 1044 108 504 72 288 96 336 72 540 180 108 168 108 72 72 48 36 84 288 36 36 192 60 360
is_linear=0
shrinkage=0.05


Tree=98
num_leaves=31
num_cat=0
split_feature=0 0 0 0 0 0 1 6 6 4 6 6 1 4 6 0 2 0 6 4 2 2 1 0 6 0 0 3 6 0
split_gain=9.86098e+08 1.41747e+08 6.05331e+07 1.34846e+07 1.14133e+07 8.71054e+06 7.1037e+06 3.05975e+06 2.99425e+06 3.02148e+06 2.85846e+06 2.82529e+06 4.95901e+06 2.16972e+06 2.15851e+06 2.10662e+06 2.00125e+06 1.99869e+06 1.97253e+06 4.25805e+06 3.68688e+06 3.68595e+06 2.49512e+06 1.9512e+06 1.87948e+06 1.79688e+06 1.72119e+06 1.6905e+06 3.33339e+06 1.56183e+06
threshold=388286.60400000011 840329.43250000023 93897.382000000027 240407.42100000003 619852.88050000009 1048200.1775000001 9241.5975000000017 0.15000000000000005 0.25000000000000006 6.4535000000000009 0.25000000000000006 0.15000000000000005 19012.117000000002 122.55800000000001 0.25000000000000006 3304.2185000000004 31.205000000000002 145818.27200000003 0.15000000000000005 25.389500000000002 22.312000000000005 106.31000000000002 15858.327500000001 573241.87500000012 0.15000000000000005 74959.462500000009 1182183.7235000001 65.925000000000011 0.15000000000000005 256199.82050000003
decision_type=2 2 2 2 2 2 2 2 2 2 2 2 2 2 2 2 2 2 2 2 2 2 2 2 2 2 2 2 2 2
left_child=2 4 6 11 7 -3 8 -2 15 -10 26 13 -13 17 -5 -1 -11 -4 19 -8 25 22 -22 -9 -6 -20 -7 -17 -29 -16
right_child=1 5 3 14 24 10 18 23 9 16 -12 12 -14 -15 29 27 -18 -19 20 -21 21 -23 -24 -25 -26 -27 -28 28 -30 -31
leaf_value=-43.815281677246098 35.105496724446617 109.66213989257812 -30.619954681396486 9.8221278587977103 61.28287048339844 123.27166748046875 -42.593301391601564 47.138123321533207 2.4678096771240234 -33.988587443033857 153.87349853515627 -8.6191844065984089 7.979022760972537 -5.3833715438842775 10.088710021972657 -26.802816295623781 -20.808307456970216 -10.214227676391602 -38.755354309082037 -19.698054157603874 -13.847900931040446 -32.699650573730473 3.1458335876464845 64.598773193359378 78.41965026855469 -19.407235717773439 142.2078857421875 -46.126954142252607 -24.610191345214844 32.181062316894533
leaf_weight=24 36 36 24 72 24 24 24 48 11.999999999999998 36 24 120 72 48 11.999999999999998 288 144 24 24 132 216 24 24 24 48 24 24 36 36 24
leaf_count=24 36 36 24 72 24 24 24 48 12 36 24 120 72 48 12 288 144 24 24 132 216 24 24 24 48 24 24 36 36 24
internal_value=-1.65633e-07 84.4585 -16.8917 -0.246544 57.2874 129.744 -23.2054 47.0074 -26.9231 -21.8249 139.784 -5.89665 -2.39486 -12.9002 14.8204 -29.4722 -23.4444 -20.4171 -18.6297 -23.2204 -16.3344 -14.0168 -12.1485 52.9583 72.7074 -29.0813 132.74 -28.516 -35.3686 24.8169
internal_weight=1728 288 1440 396 180 108 1044 108 576 192 72 288 192 96 108 384 180 48 468 156 312 264 240 72 72 48 48 360 72 36
internal_count=1728 288 1440 396 180 108 1044 108 576 192 72 288 192 96 108 384 180 48 468 156 312 264 240 72 72 48 48 360 72 36
is_linear=0
shrinkage=0.05


Tree=99
num_leaves=31
num_cat=0
split_feature=0 0 0 0 0 0 0 6 2 3 0 3 0 0 6 6 6 0 6 0 3 6 3 0 6 3 2 6 2 0
split_gain=8.90306e+08 1.00157e+08 7.81988e+07 1.68617e+07 1.07437e+07 7.86126e+06 5.8847e+06 3.53906e+06 6.06793e+06 5.22084e+06 3.21767e+06 3.22786e+06 3.72232e+06 2.99465e+06 2.94411e+06 2.64974e+06 2.49934e+06 2.22724e+06 2.12721e+06 1.73665e+06 1.61507e+06 1.52868e+06 1.47685e+06 1.47352e+06 1.41828e+06 1.23542e+06 1.2072e+06 1.10426e+06 3.01266e+06 1.10335e+06
threshold=507657.76500000007 840329.43250000023 164842.97150000001 55159.639500000012 303117.76850000006 1048200.1775000001 684755.53550000011 0.15000000000000005 31.205000000000002 62.127500000000005 18495.691000000003 52.614000000000004 44158.321000000004 93897.382000000027 0.15000000000000005 0.15000000000000005 0.15000000000000005 41777.992500000008 0.15000000000000005 1182183.7235000001 78.015500000000017 0.25000000000000006 23.917000000000005 573241.87500000012 0.25000000000000006 30.583500000000004 52.25350000000001 0.25000000000000006 90.431000000000012 256199.82050000003
decision_type=2 2 2 2 2 2 2 2 2 2 2 2 2 2 2 2 2 2 2 2 2 2 2 2 2 2 2 2 2 2
left_child=2 6 3 7 14 21 18 10 -9 22 26 25 17 27 -4 -7 -6 -13 -2 -17 -11 -3 -10 -20 -8 -12 -1 -5 -29 -16
right_child=1 5 4 13 16 15 24 8 9 20 11 12 -14 -15 29 19 -18 -19 23 -21 -22 -23 -24 -25 -26 -27 -28 28 -30 -31
leaf_value=-31.65703468322754 43.800028483072921 96.893484497070318 -5.0290218114852907 -18.113393783569336 15.562451934814455 119.23010864257813 70.048934936523438 -33.047883987426758 -31.91141586303711 -10.357549206415813 -21.427488708496096 -28.825773366292317 -47.829631042480472 -7.7499446330247101 7.0422158281008409 130.06709594726564 35.324090957641602 -5.5589714050292969 48.570018005371097 149.08818969726562 -20.947984313964845 118.75013427734376 -22.10584478378296 63.743597412109381 91.101580810546878 -7.53380241394043 -43.769330851236987 -14.957892354329429 12.102115631103516 19.421374511718753
leaf_weight=48 36 24 48 168 24 24 24 96 48 144 48 72 24 216 72 24 48 11.999999999999998 24 24 48 11.999999999999998 192 48 11.999999999999998 24 36 72 11.999999999999998 24
leaf_count=48 36 24 48 168 24 24 24 96 48 144 48 72 24 216 72 24 48 12 24 24 48 12 192 48 12 24 36 72 12 24
internal_value=-1.46087e-07 86.8582 -14.8294 -19.5945 12.9667 123.256 59.5595 -24.0408 -21.6774 -19.1506 -28.7676 -24.9967 -30.4637 -12.07 5.08166 132.795 28.7369 -25.5019 53.7238 139.578 -13.0052 104.179 -24.067 58.6857 77.0665 -16.7963 -36.848 -15.773 -11.0922 10.137
internal_weight=1728 252 1476 1260 216 108 144 792 528 432 264 180 108 468 144 72 72 84 108 48 192 36 240 72 36 72 84 252 84 96
internal_count=1728 252 1476 1260 216 108 144 792 528 432 264 180 108 468 144 72 72 84 108 48 192 36 240 72 36 72 84 252 84 96
is_linear=0
shrinkage=0.05


Tree=100
num_leaves=31
num_cat=0
split_feature=0 0 0 0 0 0 1 6 1 6 6 6 4 4 0 0 6 0 3 0 0 1 6 3 1 0 3 6 4 2
split_gain=8.0386e+08 1.15273e+08 4.93318e+07 9.77322e+06 9.36061e+06 7.20571e+06 6.91168e+06 2.90964e+06 3.46421e+06 2.7074e+06 2.67892e+06 2.57407e+06 2.58536e+06 2.08956e+06 1.85412e+06 1.82732e+06 1.82188e+06 1.79118e+06 1.68979e+06 1.61792e+06 1.59543e+06 1.6906e+06 1.59952e+06 1.75874e+06 2.17149e+06 1.46884e+06 1.44581e+06 1.58995e+06 1.43715e+06 1.40922e+06
threshold=388286.60400000011 840329.43250000023 100590.71350000003 240407.42100000003 619852.88050000009 1182183.7235000001 9241.5975000000017 0.15000000000000005 19012.117000000002 0.15000000000000005 0.25000000000000006 0.25000000000000006 6.4535000000000009 122.55800000000001 507657.76500000007 18495.691000000003 0.25000000000000006 145818.27200000003 30.154500000000002 684755.53550000011 41777.992500000008 10279.872000000001 0.25000000000000006 72.187000000000026 24629.120500000001 1048200.1775000001 67.669000000000025 0.15000000000000005 64.634000000000015 76.349000000000018
decision_type=2 2 2 2 2 2 2 2 2 2 2 2 2 2 2 2 2 2 2 2 2 2 2 2 2 2 2 2 2 2
left_child=2 4 6 7 10 9 11 13 -9 -3 14 15 -13 17 -2 -1 -5 -4 -14 -6 21 -8 29 -24 -25 -11 -17 -28 -12 -22
right_child=1 5 3 16 19 -7 20 8 -10 25 28 12 18 -15 -16 26 -18 -19 -20 -21 22 -23 23 24 -26 -27 27 -29 -30 -31
leaf_value=-30.610292925153459 25.528010559082034 94.249462890625011 -28.701460266113283 8.7702540715535484 58.222773234049477 135.35826822916667 -12.85801493326823 -7.0340907037258154 7.4744969050089525 106.07064514160157 67.708209228515628 2.8622966766357423 -30.795967610677081 -3.1072691599528 42.548753356933595 -21.470877047947475 22.546302795410156 -9.3840423583984371 -18.684669494628906 73.213161214192709 -14.859014582633973 -26.128432718912762 -14.717866261800133 3.4198111216227214 -21.140142822265627 123.56373901367188 -40.410476684570312 -22.210495758056641 46.516035461425787 -23.061480712890628
leaf_weight=168 24 24 24 72 36 36 36 96 72 24 11.999999999999998 11.999999999999998 36 36 48 168 36 24 144 36 192 72 84 36 11.999999999999998 24 24 24 24 72
leaf_count=168 24 24 24 72 36 36 36 96 72 24 12 12 36 36 48 168 36 24 144 36 192 72 84 36 12 24 24 24 24 72
internal_value=-2.70428e-08 76.2559 -15.2512 0.778063 51.7533 117.094 -20.5943 -4.61517 -0.816125 107.961 42.4435 -24.3358 -19.6089 -12.2133 36.8752 -26.6993 13.3623 -19.0428 -21.1069 65.718 -16.3182 -21.705 -14.8491 -10.3551 -2.72018 114.817 -23.6575 -31.3105 53.5801 -17.0961
internal_weight=1728 288 1440 360 180 108 1080 252 168 72 108 576 192 84 72 384 108 48 180 72 504 108 396 132 48 48 216 48 36 264
internal_count=1728 288 1440 360 180 108 1080 252 168 72 108 576 192 84 72 384 108 48 180 72 504 108 396 132 48 48 216 48 36 264
is_linear=0
shrinkage=0.05


Tree=101
num_leaves=31
num_cat=0
split_feature=0 0 0 0 0 0 1 6 1 6 6 6 4 6 0 0 0 6 2 0 6 2 1 2 6 1 3 6 6 2
split_gain=7.25484e+08 1.04034e+08 4.4522e+07 8.84837e+06 8.44795e+06 6.52111e+06 6.23779e+06 2.68859e+06 2.90102e+06 2.41773e+06 2.35977e+06 2.3231e+06 2.33328e+06 2.05308e+06 1.85586e+06 1.6876e+06 1.67334e+06 1.6133e+06 1.6098e+06 1.59166e+06 1.44046e+06 1.92667e+06 2.279e+06 1.39962e+06 1.396e+06 1.7286e+06 1.37806e+06 2.46995e+06 1.37258e+06 1.36496e+06
threshold=388286.60400000011 840329.43250000023 100590.71350000003 256199.82050000003 619852.88050000009 1048200.1775000001 9241.5975000000017 0.25000000000000006 19012.117000000002 0.25000000000000006 0.25000000000000006 0.25000000000000006 6.4535000000000009 0.15000000000000005 153655.73400000003 3304.2185000000004 507657.76500000007 0.25000000000000006 30.574000000000002 153655.73400000003 0.25000000000000006 22.312000000000005 15858.327500000001 106.31000000000002 0.15000000000000005 19012.117000000002 65.925000000000011 0.15000000000000005 0.15000000000000005 76.349000000000018
decision_type=2 2 2 2 2 2 2 2 2 2 2 2 2 2 2 2 2 2 2 2 2 2 2 2 2 2 2 2 2 2
left_child=2 4 6 7 9 28 11 14 19 16 -7 15 -13 -5 24 -1 -2 -6 -14 -9 29 -22 23 -23 25 -4 -17 -28 -3 -8
right_child=1 5 3 13 17 10 20 8 -10 -11 -12 12 18 -15 -16 26 -18 -19 -20 -21 21 22 -24 -25 -26 -27 27 -29 -30 -31
leaf_value=-38.20198211669922 24.251609802246094 80.056481933593759 -12.063309605916341 4.476319742202759 57.139746856689456 113.52597045898438 -15.376859664916992 0.21669801076253259 12.343600940704347 50.901087443033859 132.72789306640627 2.719181823730469 -32.106852722167972 22.387018775939943 -1.6805002450942994 -22.961754075686137 40.421315002441411 73.016708374023438 -18.196925735473634 -20.810116577148438 -24.8378288269043 -9.8044862683614102 11.326019287109375 -27.713864135742188 -5.4825888633728033 -33.976025390625004 -39.956340535481772 -21.434775797526044 100.76711425781251 -22.431224679946901
leaf_weight=24 24 11.999999999999998 36 24 48 48 240 36 48 36 24 11.999999999999998 24 48 96 288 48 24 156 11.999999999999998 24 120 11.999999999999998 11.999999999999998 48 11.999999999999998 36 36 24 96
leaf_count=24 24 12 36 24 48 48 240 36 48 36 24 12 24 48 96 288 48 24 156 12 24 120 12 12 48 12 36 36 24 96
internal_value=-1.14132e-07 72.4431 -14.4886 0.739159 49.1656 111.239 -19.5645 -3.18025 3.6518 40.3213 119.927 -23.119 -18.6284 16.4168 -6.59627 -25.3644 35.0314 62.4321 -20.0516 -5.04001 -15.5023 -11.722 -9.53606 -11.4326 -11.512 -17.5415 -24.5085 -30.6956 93.8636 -17.3924
internal_weight=1728 288 1440 360 180 108 1080 288 96 108 72 576 192 72 192 384 72 72 180 48 504 168 144 132 96 48 360 72 36 336
internal_count=1728 288 1440 360 180 108 1080 288 96 108 72 576 192 72 192 384 72 72 180 48 504 168 144 132 96 48 360 72 36 336
is_linear=0
shrinkage=0.05


Tree=102
num_leaves=31
num_cat=0
split_feature=0 0 0 0 0 0 0 0 6 6 6 4 2 0 6 6 6 2 3 0 3 6 3 4 2 6 6 0 6 0
split_gain=6.54758e+08 7.3544e+07 5.71265e+07 1.26728e+07 8.31514e+06 6.18162e+06 4.51574e+06 3.197e+06 2.35972e+06 2.25758e+06 2.09991e+06 4.81249e+06 4.22541e+06 2.12826e+06 2.03022e+06 1.97304e+06 1.77346e+06 1.68573e+06 2.24078e+06 1.75908e+06 1.63872e+06 1.93562e+06 2.4919e+06 3.10297e+06 2.07103e+06 1.37448e+06 1.27311e+06 1.23425e+06 1.18041e+06 1.15327e+06
threshold=507657.76500000007 840329.43250000023 164842.97150000001 74959.462500000009 303117.76850000006 1182183.7235000001 684755.53550000011 16052.3765 0.25000000000000006 0.15000000000000005 0.15000000000000005 101.94350000000001 90.431000000000012 153655.73400000003 0.25000000000000006 0.15000000000000005 0.15000000000000005 47.44700000000001 30.154500000000002 38531.177500000013 65.925000000000011 0.15000000000000005 72.187000000000026 28.488500000000005 66.080000000000013 0.25000000000000006 0.25000000000000006 3304.2185000000004 0.25000000000000006 1048200.1775000001
decision_type=2 2 2 2 2 2 2 2 2 2 2 2 2 2 2 2 2 2 2 2 2 2 2 2 2 2 2 2 2 2
left_child=2 6 3 7 8 9 16 27 -4 -3 12 25 13 -5 20 -6 -2 19 -19 -16 -9 22 -22 -24 -23 -12 -7 -1 -8 -11
right_child=1 5 4 10 15 26 28 14 -10 29 11 -13 -14 -15 17 -17 -18 18 -20 -21 21 24 23 -25 -26 -27 -28 -29 -30 -31
leaf_value=-33.715899658203128 36.921649169921878 84.697430419921886 -0.42239061594009403 -12.38470082964216 13.208674621582032 115.94531860351563 60.02884216308594 -17.923753321170807 13.155289936065675 95.728759765625 -3.4725794315338137 -11.942320230272081 -33.026864624023439 10.125940704345703 -24.673817443847657 30.766794967651368 50.513378397623704 -24.020784759521487 -6.939556670188904 -11.831938171386719 -43.120939636230474 -31.184065246582033 -33.341858927408857 -10.131748199462891 -13.805182800292968 8.4929852902889262 135.89143066406251 -23.574186299641926 79.235003662109378 111.22921142578126
leaf_weight=36 36 24 96 84 24 24 24 288 48 24 48 144 24 11.999999999999998 60 48 72 24 96 48 24 24 36 24 60 48 11.999999999999998 180 11.999999999999998 24
leaf_count=36 36 24 96 84 24 24 24 288 48 24 48 144 24 12 60 48 72 24 96 48 24 24 36 24 60 48 12 180 12 24
internal_value=-3.94605e-08 74.4872 -12.7173 -16.7901 11.0404 105.677 51.0948 -19.9615 4.1035 97.2185 -8.86156 -6.16131 -14.2621 -9.57087 -18.2868 24.9141 45.9828 -14.4345 -10.3558 -18.9663 -20.213 -24.1375 -29.5044 -24.0578 -18.7706 2.5102 122.594 -25.2645 66.4309 103.479
internal_weight=1728 252 1476 1260 216 108 144 900 144 72 360 240 120 96 684 72 108 228 120 108 456 168 84 60 84 96 36 216 36 48
internal_count=1728 252 1476 1260 216 108 144 900 144 72 360 240 120 96 684 72 108 228 120 108 456 168 84 60 84 96 36 216 36 48
is_linear=0
shrinkage=0.05


Tree=103
num_leaves=31
num_cat=0
split_feature=0 0 0 0 0 0 0 6 6 6 1 6 2 0 0 6 2 3 6 0 6 0 2 0 6 0 1 0 2 0
split_gain=5.91391e+08 8.46077e+07 3.63739e+07 8.16385e+06 7.05997e+06 5.57891e+06 4.51655e+06 2.77402e+06 2.03747e+06 1.97425e+06 2.93129e+06 1.96924e+06 1.93398e+06 1.61771e+06 1.49645e+06 1.38027e+06 1.82823e+06 2.46501e+06 1.3723e+06 1.1587e+06 1.14898e+06 1.12361e+06 1.09454e+06 1.08329e+06 1.05043e+06 1.04082e+06 962242 942474 902821 814785
threshold=388286.60400000011 840329.43250000023 93897.382000000027 240407.42100000003 573241.87500000012 1182183.7235000001 35745.162000000004 0.25000000000000006 0.15000000000000005 0.25000000000000006 19012.117000000002 0.15000000000000005 31.992000000000001 18495.691000000003 684755.53550000011 0.25000000000000006 31.205000000000002 76.597500000000011 0.25000000000000006 256199.82050000003 0.25000000000000006 153655.73400000003 106.31000000000002 19563.351500000001 0.15000000000000005 1048200.1775000001 7848.9580000000014 684755.53550000011 52.25350000000001 145818.27200000003
decision_type=2 2 2 2 2 2 2 2 2 2 2 2 2 2 2 2 2 2 2 2 2 2 2 2 2 2 2 2 2 2
left_child=2 4 6 9 24 8 11 14 -3 29 21 13 -13 28 -6 -8 -17 22 -5 -20 -7 -11 -18 -15 -2 -10 -14 -9 -1 -4
right_child=1 5 3 18 7 20 15 27 25 10 -12 12 26 23 -16 16 17 -19 19 -21 -22 -23 -24 -25 -26 -27 -28 -29 -30 -31
leaf_value=-26.21687126159668 23.745757293701175 80.462554931640625 -10.759115278720856 7.5596449057261159 41.736241149902348 110.14805297851564 -16.585776352882387 58.111575317382815 90.942318725585949 -2.0667051774760088 12.559278869628907 -28.461466217041018 -18.913473711013793 -6.9847259521484375 57.027401733398442 -17.394907124837243 -8.81659762064616 7.0229558944702148 6.829904174804688 25.858653259277347 129.09686279296875 -19.172494506835939 -25.127131652832034 -23.211207834879559 36.557061004638676 105.66774902343751 -11.158468532562257 75.27325439453125 -36.691497802734375 -4.2447676301002506
leaf_weight=48 24 24 96 72 48 24 360 24 24 48 36 48 240 11.999999999999998 24 72 72 24 11.999999999999998 24 11.999999999999998 11.999999999999998 11.999999999999998 72 48 24 48 11.999999999999998 36 96
leaf_count=48 24 24 96 72 48 24 360 24 24 48 36 48 240 12 24 72 72 24 12 24 12 12 12 72 48 24 48 12 36 96
internal_value=-1.35387e-07 65.4064 -13.0813 -0.178408 44.4144 100.393 -17.9755 52.4996 92.3575 -4.57469 1.27982 -21.3796 -19.1696 -25.7996 46.8333 -14.7983 -11.2233 -7.10898 11.545 19.5157 116.464 -5.48786 -11.1467 -20.8931 32.2866 98.305 -17.621 63.8321 -30.706 -7.50194
internal_weight=1728 288 1440 396 180 108 1044 108 72 288 96 504 336 168 72 540 180 108 108 36 36 60 84 84 72 48 288 36 84 192
internal_count=1728 288 1440 396 180 108 1044 108 72 288 96 504 336 168 72 540 180 108 108 36 36 60 84 84 72 48 288 36 84 192
is_linear=0
shrinkage=0.05


Tree=104
num_leaves=31
num_cat=0
split_feature=0 0 0 0 0 0 0 6 0 3 6 3 6 6 0 6 0 3 3 3 6 6 6 0 6 6 2 2 4 2
split_gain=5.33801e+08 5.97691e+07 4.63108e+07 1.04974e+07 6.87115e+06 5.03497e+06 3.6491e+06 2.31112e+06 2.33884e+06 2.15182e+06 2.07962e+06 2.03135e+06 1.92176e+06 1.68244e+06 1.55056e+06 1.48222e+06 1.30334e+06 1.22202e+06 1.24865e+06 1.12457e+06 1.96864e+06 1.0411e+06 1.03696e+06 1.02479e+06 961448 885487 2.12582e+06 1.28592e+06 871432 814796
threshold=507657.76500000007 840329.43250000023 164842.97150000001 63082.982000000011 303117.76850000006 1182183.7235000001 684755.53550000011 0.25000000000000006 18495.691000000003 62.127500000000005 0.15000000000000005 78.015500000000017 0.25000000000000006 0.25000000000000006 93897.382000000027 0.15000000000000005 1048200.1775000001 76.597500000000011 72.187000000000026 67.669000000000025 0.15000000000000005 0.15000000000000005 0.25000000000000006 573241.87500000012 0.25000000000000006 0.15000000000000005 90.431000000000012 90.431000000000012 25.389500000000002 52.25350000000001
decision_type=2 2 2 2 2 2 2 2 2 2 2 2 2 2 2 2 2 2 2 2 2 2 2 2 2 2 2 2 2 2
left_child=2 6 3 7 10 12 15 8 21 -9 -4 28 16 -6 25 -2 -3 18 19 -10 -21 29 -7 -17 -8 27 -27 -5 -11 -1
right_child=1 5 4 14 13 22 24 9 17 11 -12 -13 -14 -15 -16 23 -18 -19 -20 20 -22 -23 -24 -25 -26 26 -28 -29 -30 -31
leaf_value=-24.906027603149415 33.288595581054686 73.724444580078128 -4.8953731060028076 -13.366037445068361 17.115195274353027 104.64065246582032 54.176033020019531 -18.250209358760291 -16.49357886314392 3.423909378051758 7.8510117411613471 -18.901750691731774 99.291949462890628 33.32881317138672 -5.8358987554355908 37.278314208984376 90.202603149414074 -23.046805667877198 -5.6137140274047859 -42.165243530273436 -13.524963378906248 -21.298561641148158 122.6420166015625 49.932286834716798 71.509594726562497 -12.280095863342286 4.0210561752319336 -31.29587097167969 -8.2449061393737804 -34.85692240397136
leaf_weight=48 36 24 48 60 48 24 24 168 240 24 96 36 24 24 216 24 24 96 24 12 12 84 11.999999999999998 48 11.999999999999998 120 24 11.999999999999998 48 36
leaf_count=48 36 24 48 60 48 24 24 168 240 24 96 36 24 24 216 24 24 96 24 12 12 84 12 48 12 120 24 12 48 36
internal_value=7.27121e-08 67.2559 -11.4827 -15.1497 9.90806 95.3735 46.1678 -18.4462 -20.3141 -14.7104 3.60222 -9.20412 87.7397 22.5197 -8.83142 41.5724 81.9635 -18.1614 -16.5329 -17.5255 -27.8451 -25.2346 110.641 45.7143 59.9539 -11.8269 -9.56324 -16.3543 -4.3553 -29.1707
internal_weight=1728 252 1476 1260 216 108 144 828 552 276 144 108 72 72 432 108 48 384 288 264 24 168 36 72 36 216 144 72 72 84
internal_count=1728 252 1476 1260 216 108 144 828 552 276 144 108 72 72 432 108 48 384 288 264 24 168 36 72 36 216 144 72 72 84
is_linear=0
shrinkage=0.05


Tree=105
num_leaves=31
num_cat=0
split_feature=0 0 0 0 0 0 0 6 6 1 6 4 6 3 6 6 0 0 6 1 2 0 0 4 6 0 3 4 0 4
split_gain=4.82077e+08 6.88105e+07 2.95635e+07 6.73798e+06 5.82099e+06 4.55506e+06 3.70019e+06 1.82153e+06 1.7479e+06 2.50657e+06 1.64843e+06 1.78393e+06 1.6382e+06 1.20846e+06 1.16223e+06 1.15169e+06 1.19441e+06 1.1368e+06 1.11995e+06 1.56993e+06 1.70885e+06 1.09494e+06 1.06808e+06 1.05751e+06 1.05234e+06 1.01728e+06 917163 835324 781125 725020
threshold=388286.60400000011 840329.43250000023 93897.382000000027 240407.42100000003 619852.88050000009 1048200.1775000001 35745.162000000004 0.25000000000000006 0.25000000000000006 19012.117000000002 0.25000000000000006 6.4535000000000009 0.15000000000000005 30.154500000000002 0.15000000000000005 0.15000000000000005 256199.82050000003 3304.2185000000004 0.25000000000000006 11991.799500000003 76.349000000000018 1182183.7235000001 507657.76500000007 122.55800000000001 0.25000000000000006 573241.87500000012 31.992000000000001 33.389500000000005 684755.53550000011 99.099000000000018
decision_type=2 2 2 2 2 2 2 2 2 2 2 2 2 2 2 2 2 2 2 2 2 2 2 2 2 2 2 2 2 2
left_child=2 4 6 8 7 24 10 22 -4 23 17 -12 -7 -13 -6 -5 -17 -1 29 27 -21 -14 -2 -10 -3 -9 -15 -20 -16 -8
right_child=1 5 3 15 14 12 18 25 9 -11 11 13 21 26 28 16 -18 -19 19 20 -22 -23 -24 -25 -26 -27 -28 -29 -30 -31
leaf_value=-31.812077331542969 19.576312255859378 70.038220214843747 -6.9264708340168006 3.1703818639119468 42.150151062011723 87.199694824218753 -17.056173741817474 36.0201416015625 3.2081865191459658 11.766879590352376 3.3169284820556642 -24.723664347330729 95.646997070312509 -1.1650428771972656 49.247650146484375 5.0159214019775398 18.677053451538086 -20.519376534682053 -5.7129713058471685 -9.8546821594238292 6.4856840133666998 110.7504150390625 32.494834899902344 -10.341582658555772 88.172583007812506 53.849877929687501 -15.735773552788629 -16.290008217947825 62.004391479492192 -12.558466935157776
leaf_weight=24 24 24 192 36 24 24 192 24 24 36 11.999999999999998 36 24 11.999999999999998 24 24 48 312 24 48 24 24 48 36 11.999999999999998 11.999999999999998 108 84 24 168
leaf_count=24 24 24 192 36 24 24 192 24 24 36 12 36 24 12 24 24 48 312 24 48 24 24 48 36 12 12 108 84 24 168
internal_value=-7.6879e-08 59.0529 -11.8106 -0.178184 40.1218 90.6048 -16.2229 32.7802 -4.17214 1.33653 -19.304 -15.2601 97.8657 -16.6891 51.1341 10.4724 14.1233 -21.326 -13.3471 -10.1269 -4.40789 103.199 28.1887 -4.92167 76.083 41.9634 -14.2787 -13.9396 55.626 -14.9572
internal_weight=1728 288 1440 396 180 108 1044 108 288 96 504 168 72 156 72 108 72 336 540 180 72 48 72 60 36 36 120 108 48 360
internal_count=1728 288 1440 396 180 108 1044 108 288 96 504 168 72 156 72 108 72 336 540 180 72 48 72 60 36 36 120 108 48 360
is_linear=0
shrinkage=0.05


Tree=106
num_leaves=31
num_cat=0
split_feature=0 0 0 0 0 0 0 6 6 6 1 4 6 2 0 0 4 6 6 2 2 4 0 0 2 0 2 6 0 0
split_gain=4.35074e+08 6.21015e+07 2.6681e+07 6.08103e+06 5.25345e+06 4.16702e+06 3.33942e+06 1.691e+06 1.65468e+06 1.60906e+06 2.58761e+06 1.55582e+06 1.54581e+06 1.69944e+06 1.28783e+06 1.27198e+06 1.14125e+06 1.07902e+06 1.05839e+06 2.77001e+06 2.74543e+06 2.39586e+06 1.88336e+06 1.38215e+06 2.66844e+06 1.26812e+06 1.15617e+06 1.04892e+06 963861 898669
threshold=388286.60400000011 840329.43250000023 93897.382000000027 240407.42100000003 619852.88050000009 1182183.7235000001 35745.162000000004 0.15000000000000005 0.15000000000000005 0.15000000000000005 19012.117000000002 122.55800000000001 0.15000000000000005 31.992000000000001 145818.27200000003 18495.691000000003 133.21950000000004 0.25000000000000006 0.15000000000000005 31.205000000000002 106.31000000000002 91.152500000000018 55159.639500000012 44158.321000000004 106.31000000000002 41777.992500000008 76.349000000000018 0.15000000000000005 19563.351500000001 573241.87500000012
decision_type=2 2 2 2 2 2 2 2 2 2 2 2 2 2 2 2 2 2 2 2 2 2 2 2 2 2 2 2 2 2
left_child=2 4 6 9 7 8 12 -2 -3 11 -11 14 15 -14 -4 -1 -13 -5 21 22 26 23 -20 25 -25 -8 -21 -6 -17 -9
right_child=1 5 3 17 27 -7 18 29 -10 10 -12 16 13 -15 -16 28 -18 -19 19 20 -22 -23 -24 24 -26 -27 -28 -29 -30 -31
leaf_value=-26.605530875069753 22.293216451009116 68.410302734375009 -23.804040527343751 6.4148055076599126 40.042643737792972 99.964044189453134 -21.206805419921878 31.615307235717776 84.489585876464844 -5.8170365055402122 6.1728047370910648 10.470000457763673 -25.091008758544923 -14.929095824559532 -7.4242240905761721 -4.7848423004150389 -7.3348804473876958 17.016602579752604 -24.572829437255862 -7.780585384368897 -23.477300262451173 -10.414283156394958 -12.442802906036377 -34.337885538736984 -7.1122871398925787 -1.299858570098877 1.1798492908477785 52.844719696044926 -20.090779113769532 43.465074157714845
leaf_weight=84 36 24 24 72 24 36 24 48 48 120 72 11.999999999999998 48 288 24 11.999999999999998 36 36 48 144 24 96 96 36 11.999999999999998 11.999999999999998 48 48 72 24
leaf_count=84 36 24 24 72 24 36 24 48 48 120 72 12 48 288 24 12 36 36 48 144 24 96 96 36 12 12 48 48 72 24
internal_value=-4.77389e-08 56.1003 -11.2201 -0.169275 38.1157 86.0746 -15.4117 31.1412 79.1298 -3.96353 -1.32085 -9.2489 -18.3388 -16.3808 -15.6141 -22.2549 -2.88366 9.94874 -12.6798 -11.1145 -7.53346 -15.8102 -16.4861 -21.9771 -27.5315 -14.5712 -5.54048 48.5774 -17.9042 35.5652
internal_weight=1728 288 1440 396 180 108 1044 108 72 288 192 96 504 336 48 168 48 108 540 360 216 180 144 84 48 36 192 72 84 72
internal_count=1728 288 1440 396 180 108 1044 108 72 288 192 96 504 336 48 168 48 108 540 360 216 180 144 84 48 36 192 72 84 72
is_linear=0
shrinkage=0.05


Tree=107
num_leaves=31
num_cat=0
split_feature=0 0 0 1 0 0 0 0 6 6 6 6 4 4 0 3 6 0 0 2 6 2 0 3 6 0 6 6 6 0
split_gain=3.92828e+08 4.38192e+07 3.39987e+07 9.2663e+06 3.90661e+06 3.85048e+06 2.81986e+06 2.2918e+06 1.57668e+06 1.50931e+06 1.5069e+06 1.44676e+06 3.12322e+06 2.81357e+06 1.67969e+06 1.39983e+06 1.40453e+06 1.81353e+06 2.3637e+06 1.6793e+06 1.39562e+06 1.30654e+06 1.37507e+06 1.22243e+06 1.11088e+06 964985 905929 877886 783799 775028
threshold=507657.76500000007 840329.43250000023 208019.18150000004 13436.337500000001 1048200.1775000001 303117.76850000006 684755.53550000011 16052.3765 0.25000000000000006 0.25000000000000006 0.25000000000000006 0.15000000000000005 101.94350000000001 101.94350000000001 145818.27200000003 65.925000000000011 0.15000000000000005 44158.321000000004 37405.976000000002 67.669000000000025 0.15000000000000005 31.205000000000002 55159.639500000012 30.154500000000002 0.15000000000000005 3304.2185000000004 0.25000000000000006 0.25000000000000006 0.25000000000000006 153655.73400000003
decision_type=2 2 2 2 2 2 2 2 2 2 2 2 2 2 2 2 2 2 2 2 2 2 2 2 2 2 2 2 2 2
left_child=2 6 3 7 26 9 24 25 15 -4 -6 13 27 14 -5 -9 17 18 -17 -18 -7 22 -10 -23 -2 -1 -3 -13 -8 -15
right_child=1 4 5 11 10 20 28 8 21 -11 -12 12 -14 29 -16 16 19 -19 -20 -21 -22 23 -24 -25 -26 -27 -28 -29 -30 -31
leaf_value=-27.134510294596357 28.428018188476564 62.713812255859381 0.36116202672322595 -24.129684956868491 83.380236816406253 9.6234779357910156 46.541183471679688 -13.573076200485231 -23.194828796386719 12.899914042154947 98.724740600585946 -1.8921183586120607 -9.7151368776957199 -4.7261144638061525 -7.0530128479003906 -27.191138712565106 -22.754439290364587 -35.350798034667967 -6.9336967945098884 -8.4687289237976078 24.39054183959961 -18.82071762084961 -9.3752262115478526 -6.6993748059639557 39.185203552246094 -18.167044525146487 79.539471435546886 6.6610764789581296 62.191656494140631 9.946500396728517
leaf_weight=36 36 24 72 36 48 24 24 336 36 36 24 60 96 36 24 36 36 24 24 48 48 24 36 156 72 180 11.999999999999998 60 11.999999999999998 11.999999999999998
leaf_count=36 36 24 72 36 48 24 24 336 36 36 24 60 96 36 24 36 36 24 24 48 48 24 36 156 72 180 12 60 12 12
internal_value=-7.78724e-08 57.6956 -9.85046 -12.6785 81.7708 10.5117 39.6391 -15.1195 -13.8217 4.54075 88.4951 -5.35568 -2.99313 -10.0808 -17.299 -15.4364 -19.1629 -23.7346 -19.0882 -14.5912 19.4682 -10.5925 -16.285 -8.31555 35.5995 -19.6616 68.3224 2.38448 51.758 -1.05796
internal_weight=1728 252 1476 1296 108 180 144 972 756 108 72 324 216 108 60 504 168 84 60 84 72 252 72 180 108 216 36 120 36 48
internal_count=1728 252 1476 1296 108 180 144 972 756 108 72 324 216 108 60 504 168 84 60 84 72 252 72 180 108 216 36 120 36 48
is_linear=0
shrinkage=0.05


Tree=108
num_leaves=31
num_cat=0
split_feature=0 0 0 0 0 0 0 6 6 6 4 6 1 6 2 0 0 0 6 4 6 4 0 1 0 0 6 6 1 0
split_gain=3.54635e+08 5.05114e+07 2.17253e+07 5.00101e+06 4.36389e+06 3.57153e+06 2.77324e+06 1.48846e+06 1.41576e+06 1.31847e+06 1.52848e+06 1.26576e+06 1.84127e+06 1.22968e+06 996905 940848 922840 920971 882619 876714 1.92311e+06 1.82961e+06 1.62173e+06 1.01406e+06 816734 814975 793327 665651 1.41576e+06 663132
threshold=388286.60400000011 840329.43250000023 93897.382000000027 256199.82050000003 619852.88050000009 1182183.7235000001 35745.162000000004 0.25000000000000006 0.15000000000000005 0.25000000000000006 6.4535000000000009 0.25000000000000006 19012.117000000002 0.15000000000000005 31.992000000000001 153655.73400000003 153655.73400000003 3304.2185000000004 0.25000000000000006 33.389500000000005 0.15000000000000005 28.488500000000005 55159.639500000012 8505.381000000003 573241.87500000012 507657.76500000007 0.25000000000000006 0.15000000000000005 19012.117000000002 1048200.1775000001
decision_type=2 2 2 2 2 2 2 2 2 2 2 2 2 2 2 2 2 2 2 2 2 2 2 2 2 2 2 2 2 2
left_child=2 4 6 11 7 8 9 25 -3 17 -11 15 16 -5 -12 27 -13 -1 -6 20 21 -8 23 -21 -9 -2 -7 28 -4 -10
right_child=1 5 3 13 18 26 19 24 29 10 14 12 -14 -15 -16 -17 -18 -19 -20 22 -22 -23 -24 -25 -26 -27 -28 -29 -30 -31
leaf_value=-27.826381683349609 16.399433517456057 61.33743591308594 -7.8518833637237551 2.5204932212829592 40.050064086914062 85.292654418945318 -24.799514770507812 31.048976135253909 70.33371276855469 4.2325054168701177 -23.659643554687502 -1.1260367204745612 8.9119551658630378 16.381888771057131 -12.581509632143108 -1.3272409915924073 -16.628387451171875 -17.662028826200046 51.793537902832036 -11.458453845977784 -2.67549680074056 -0.88818082809448251 -9.8408779053460993 -19.119013892279732 47.024871826171875 27.683928298950196 101.03795776367188 -4.2442527770996099 -27.05312194824219 82.087542724609378
leaf_weight=24 24 24 48 24 48 24 24 24 24 11.999999999999998 24 48 48 48 132 96 11.999999999999998 312 24 72 72 11.999999999999998 252 108 11.999999999999998 48 11.999999999999998 60 11.999999999999998 24
leaf_count=24 24 24 48 24 48 24 24 24 24 12 24 48 48 48 132 96 12 312 24 72 72 12 252 108 12 48 12 60 12 24
internal_value=-6.42751e-08 50.6494 -10.1299 -0.158061 34.4296 77.6823 -13.9123 28.073 71.2529 -16.5797 -12.9631 -2.80684 1.61281 11.7614 -14.2858 -5.01666 -4.22651 -18.3881 43.9646 -11.4227 -7.39335 -16.8291 -12.43 -16.0548 36.3743 23.9224 90.5411 -7.96819 -11.6921 76.2106
internal_weight=1728 288 1440 396 180 108 1044 108 72 504 168 324 108 72 156 216 60 336 72 540 108 36 432 180 36 72 36 120 60 48
internal_count=1728 288 1440 396 180 108 1044 108 72 504 168 324 108 72 156 216 60 336 72 540 108 36 432 180 36 72 36 120 60 48
is_linear=0
shrinkage=0.05


Tree=109
num_leaves=31
num_cat=0
split_feature=0 0 0 0 0 0 0 6 6 2 6 6 1 6 0 1 0 6 1 2 0 6 6 0 0 1 1 0 0 6
split_gain=3.20059e+08 4.55865e+07 1.96071e+07 4.51341e+06 3.93841e+06 3.24594e+06 2.50285e+06 1.34334e+06 1.24679e+06 1.39705e+06 1.24087e+06 1.14234e+06 1.66175e+06 1.12195e+06 1.08877e+06 1.04149e+06 849115 839658 1.15085e+06 1.3224e+06 832863 832303 802146 737102 735515 657406 652386 633018 619421 600750
threshold=388286.60400000011 840329.43250000023 93897.382000000027 256199.82050000003 619852.88050000009 1048200.1775000001 35745.162000000004 0.25000000000000006 0.15000000000000005 31.992000000000001 0.25000000000000006 0.25000000000000006 19012.117000000002 0.25000000000000006 3304.2185000000004 7848.9580000000014 153655.73400000003 0.25000000000000006 11991.799500000003 76.349000000000018 153655.73400000003 0.15000000000000005 0.15000000000000005 573241.87500000012 507657.76500000007 7848.9580000000014 26343.954000000005 1182183.7235000001 684755.53550000011 0.15000000000000005
decision_type=2 2 2 2 2 2 2 2 2 2 2 2 2 2 2 2 2 2 2 2 2 2 2 2 2 2 2 2 2 2
left_child=2 4 6 11 7 22 8 24 14 -10 27 16 20 -5 -1 -16 29 -8 -19 -20 -13 -6 -3 -9 -2 -11 -14 -7 -23 -4
right_child=1 5 3 13 21 10 17 23 9 25 -12 12 26 -15 15 -17 -18 18 19 -21 -22 28 -24 -25 -26 -27 -28 -29 -30 -31
leaf_value=-33.780630493164061 15.579461669921876 50.984448242187504 -11.107523994445801 6.7599349498748786 34.163777160644536 69.544171142578122 -12.245692334175111 29.496527099609377 -21.889641189575197 -13.74437784433365 89.210366821289071 -1.0697348495324455 14.295459747314453 20.000186920166016 -16.409292550520465 -27.732453918457033 -1.260878884792328 -11.327600351969402 -7.9582054615020752 6.4162742614746096 -15.796968078613283 39.887683105468753 66.817025756835946 44.673629760742188 26.299731826782228 -7.3343933105468757 2.6372549057006838 81.028021240234381 51.247526550292974 -4.0320402145385748
leaf_weight=11.999999999999998 24 11.999999999999998 60 48 24 24 360 24 48 240 24 48 24 24 132 24 96 108 48 24 11.999999999999998 24 24 11.999999999999998 48 48 24 24 24 60
leaf_count=12 24 12 60 48 24 24 360 24 48 240 24 48 24 24 132 24 96 108 48 24 12 24 24 12 48 48 24 24 24 60
internal_value=8.30602e-08 48.1169 -9.62338 -0.150158 32.7082 73.7982 -13.2167 26.6694 -15.7507 -13.9923 79.9275 -2.66649 1.53217 11.1734 -19.2677 -18.1513 -4.76583 -10.8515 -8.06325 -3.16671 -4.01518 41.7663 61.5395 34.5556 22.7263 -12.676 8.46636 75.2861 45.5676 -7.56978
internal_weight=1728 288 1440 396 180 108 1044 108 504 336 72 324 108 72 168 156 216 540 180 72 60 72 36 36 72 288 48 48 48 120
internal_count=1728 288 1440 396 180 108 1044 108 504 336 72 324 108 72 168 156 216 540 180 72 60 72 36 36 72 288 48 48 48 120
is_linear=0
shrinkage=0.05


Tree=110
num_leaves=31
num_cat=0
split_feature=0 0 0 0 0 0 0 6 1 4 2 2 2 0 6 6 1 4 6 6 6 0 4 0 2 1 2 0 6 3
split_gain=2.88853e+08 4.11418e+07 1.7702e+07 3.71241e+06 3.55442e+06 2.96592e+06 2.60116e+06 1.4855e+06 2.02329e+06 1.80746e+06 1.59998e+06 1.60172e+06 1.47864e+06 1.63513e+06 1.24689e+06 1.23135e+06 1.661e+06 1.55715e+06 1.18992e+06 1.0547e+06 923534 1.22209e+06 991374 916456 823846 796331 937929 777323 756372 701459
threshold=388286.60400000011 840329.43250000023 100590.71350000003 256199.82050000003 619852.88050000009 1182183.7235000001 38531.177500000013 0.15000000000000005 9804.0705000000016 28.488500000000005 106.31000000000002 74.89200000000001 30.574000000000002 3304.2185000000004 0.15000000000000005 0.15000000000000005 19012.117000000002 115.82000000000001 0.25000000000000006 0.15000000000000005 0.25000000000000006 35745.162000000004 6.4535000000000009 145818.27200000003 81.107000000000014 11548.453500000001 90.431000000000012 1048200.1775000001 0.25000000000000006 43.781500000000008
decision_type=2 2 2 2 2 2 2 2 2 2 2 2 2 2 2 2 2 2 2 2 2 2 2 2 2 2 2 2 2 2
left_child=2 4 6 15 14 18 12 8 -8 -10 11 -9 -1 -14 -2 17 -17 23 27 -5 21 29 -22 -4 -19 -11 -27 -3 -6 -15
right_child=1 5 3 19 28 -7 7 10 9 25 -12 -13 13 20 -16 16 -18 24 -20 -21 22 -23 -24 -25 -26 26 -28 -29 -30 -31
leaf_value=-19.797864362928603 17.738126627604167 53.341307067871099 -19.979353332519533 2.0564718246459961 36.05427703857422 81.826261393229174 -26.87483367919922 -8.6641246548405402 -29.594519042968752 -3.0206203142801922 -19.948307800292969 -0.052868396043777466 -23.619390360514323 -12.642700634002686 29.13482182820638 -4.4177262455224993 4.883379340171814 3.4472916920979824 73.339559936523443 14.893790817260744 4.3875999450683594 -6.7928671836853027 -10.57059456507365 -6.1616739273071293 -11.680366516113281 -9.7519285837809253 -24.850563049316406 66.066961669921881 46.925482177734381 -17.818782615661622
leaf_weight=108 36 24 24 24 48 36 24 216 11.999999999999998 36 24 72 36 120 72 96 96 36 24 48 11.999999999999998 48 144 24 11.999999999999998 72 11.999999999999998 24 24 144
leaf_count=108 36 24 24 24 48 36 24 216 12 36 24 72 36 120 72 96 96 36 24 48 12 48 144 24 12 72 12 24 24 144
internal_value=5.06915e-08 45.7111 -9.14222 0.45976 31.0728 70.1083 -12.3429 -9.53683 -13.5206 -11.0926 -7.54493 -6.51131 -14.4887 -13.351 25.3359 -2.07897 0.232827 -6.70257 64.2493 10.6147 -12.5611 -14.1317 -9.41996 -13.0705 -0.334623 -9.2424 -11.9089 59.7041 39.678 -15.466
internal_weight=1728 288 1440 360 180 108 1080 468 156 132 312 288 612 504 108 288 192 96 72 72 468 312 156 48 48 120 84 48 72 264
internal_count=1728 288 1440 360 180 108 1080 468 156 132 312 288 612 504 108 288 192 96 72 72 468 312 156 48 48 120 84 48 72 264
is_linear=0
shrinkage=0.05


Tree=111
num_leaves=31
num_cat=0
split_feature=0 0 0 0 0 0 0 6 0 1 6 1 4 2 2 0 2 6 6 6 0 4 6 0 0 6 1 2 3 6
split_gain=2.61042e+08 2.89552e+07 2.25068e+07 5.66853e+06 3.16023e+06 2.68089e+06 2.05909e+06 1.51049e+06 1.96852e+06 1.59412e+06 1.45742e+06 1.97156e+06 1.68058e+06 1.54887e+06 1.33447e+06 1.47571e+06 1.26512e+06 1.12511e+06 1.00862e+06 833489 1.10294e+06 894715 810181 792177 705953 676610 639149 919008 633066 684673
threshold=507657.76500000007 840329.43250000023 137286.37700000001 303117.76850000006 38531.177500000013 1048200.1775000001 684755.53550000011 0.15000000000000005 145818.27200000003 19012.117000000002 0.15000000000000005 9804.0705000000016 28.488500000000005 106.31000000000002 30.574000000000002 3304.2185000000004 76.349000000000018 0.15000000000000005 0.15000000000000005 0.25000000000000006 35745.162000000004 6.4535000000000009 0.15000000000000005 153655.73400000003 1182183.7235000001 0.15000000000000005 11548.453500000001 90.431000000000012 43.781500000000008 0.15000000000000005
decision_type=2 2 2 2 2 2 2 2 2 2 2 2 2 2 2 2 2 2 2 2 2 2 2 2 2 2 2 2 2 2
left_child=2 6 4 7 14 25 22 8 -4 23 11 -6 -13 16 -1 -16 -12 -7 -5 20 28 -21 -2 -9 -19 -3 -14 -28 -17 -30
right_child=1 5 3 18 10 17 -8 9 -10 -11 13 12 26 -15 15 19 -18 24 -20 21 -22 -23 -24 -25 -26 -27 27 -29 29 -31
leaf_value=-18.807971360948354 22.778089396158855 45.76816101074219 -24.146121215820315 7.61595573425293 -25.531092834472659 63.333953857421875 42.710331217447923 1.5368752479553223 -2.2723899205525715 5.8949198913574223 -7.0556376172436615 -28.114791870117188 -2.8695892314116165 -18.950892639160156 -22.438420613606773 -12.01056562423706 1.7121344178915026 70.52914123535156 20.169695663452149 4.1682201385498052 -6.4532238960266115 -10.042064698537191 31.964699808756514 -11.309793090820314 82.656530761718756 60.309155273437504 -8.9317762613296505 -23.608035278320315 -20.375550587972008 -13.480136744181316
leaf_weight=108 36 11.999999999999998 11.999999999999998 24 24 24 36 24 72 120 288 11.999999999999998 36 24 36 120 48 24 48 11.999999999999998 48 144 72 24 24 24 96 11.999999999999998 72 72
leaf_count=108 36 12 12 24 24 24 36 24 72 120 288 12 36 24 36 120 48 24 48 12 48 144 72 24 24 24 96 12 72 72
internal_value=2.35797e-08 47.0323 -8.02991 3.61236 -11.3043 66.6029 32.3545 0.0772811 -5.39721 2.81453 -8.51637 -12.1899 -10.1374 -6.67962 -13.7642 -12.6834 -5.8031 72.1732 15.9851 -11.9331 -13.4251 -8.94897 28.9025 -4.88646 76.5928 55.4622 -8.63925 -10.5625 -14.6927 -16.9278
internal_weight=1728 252 1476 324 1152 108 144 252 84 168 540 180 156 360 612 504 336 72 72 468 312 156 108 48 48 36 144 108 264 144
internal_count=1728 252 1476 324 1152 108 144 252 84 168 540 180 156 360 612 504 336 72 72 468 312 156 108 48 48 36 144 108 264 144
is_linear=0
shrinkage=0.05


Tree=112
num_leaves=31
num_cat=0
split_feature=0 0 0 1 0 0 0 0 6 6 3 6 2 2 0 6 1 6 3 6 4 4 0 6 6 6 6 0 0 6
split_gain=2.35591e+08 2.61321e+07 2.03187e+07 5.74575e+06 2.45059e+06 2.4013e+06 1.85833e+06 1.46889e+06 1.07715e+06 1.05938e+06 1.03391e+06 1.02932e+06 1.0108e+06 963100 975543 954459 899585 1.68273e+06 872802 849479 2.21378e+06 2.19382e+06 1.10302e+06 731188 672410 650229 633115 631450 623231 566910
threshold=507657.76500000007 840329.43250000023 208019.18150000004 13436.337500000001 1182183.7235000001 303117.76850000006 684755.53550000011 16052.3765 0.15000000000000005 0.25000000000000006 65.925000000000011 0.25000000000000006 74.89200000000001 31.205000000000002 55159.639500000012 0.25000000000000006 10279.872000000001 0.15000000000000005 30.154500000000002 0.15000000000000005 101.94350000000001 101.94350000000001 145818.27200000003 0.15000000000000005 0.15000000000000005 0.25000000000000006 0.25000000000000006 3304.2185000000004 1048200.1775000001 0.25000000000000006
decision_type=2 2 2 2 2 2 2 2 2 2 2 2 2 2 2 2 2 2 2 2 2 2 2 2 2 2 2 2 2 2
left_child=2 6 3 7 11 8 23 24 -4 10 -9 28 -12 14 -11 -7 -14 -18 -15 21 25 22 -5 -2 27 -21 -6 -1 -3 -8
right_child=1 4 5 19 26 15 29 9 -10 13 12 -13 16 18 -16 -17 17 -19 -20 20 -22 -23 -24 -25 -26 -27 -28 -29 -30 -31
leaf_value=-29.788708496093751 21.639184570312501 48.022308349609375 -3.6641724268595377 -19.578169759114587 69.235543823242196 11.115175437927247 36.138107299804688 -10.420029824120659 6.9284385681152347 -18.758315531412759 -18.58278398513794 66.401623535156247 -2.8418032050132753 -14.97257308959961 -7.1182097117106125 23.327230072021486 -24.059346771240236 -5.335875320434571 -4.7303058184110203 -1.3910932731628418 -7.8973545948664352 0.29831852912902834 -5.7399707794189458 30.366464233398439 -13.400548299153648 5.9700013732910158 83.301403808593761 -17.224375000000002 59.417037963867188 49.448233032226568
leaf_weight=11.999999999999998 36 24 36 36 24 48 24 336 72 36 96 24 24 24 36 24 24 24 156 60 96 48 24 72 144 60 11.999999999999998 60 24 11.999999999999998
leaf_count=12 36 24 36 36 24 48 24 336 72 36 96 24 24 24 36 24 24 24 156 60 96 48 24 72 144 60 12 60 24 12
internal_value=1.91508e-08 44.6807 -7.62842 -9.81471 63.2727 8.11289 30.7367 -11.7368 3.39757 -10.6979 -12.0214 57.947 -15.224 -8.05089 -12.9383 15.1859 -10.7457 -14.6976 -6.09594 -4.04835 -2.23802 -7.66902 -14.0429 27.4574 -15.3732 2.28945 73.9242 -19.3184 53.7197 40.5748
internal_weight=1728 252 1476 1296 108 180 144 972 108 756 504 72 168 252 72 72 72 48 180 324 216 108 60 108 216 120 36 72 48 36
internal_count=1728 252 1476 1296 108 180 144 972 108 756 504 72 168 252 72 72 72 48 180 324 216 108 60 108 216 120 36 72 48 36
is_linear=0
shrinkage=0.05


Tree=113
num_leaves=31
num_cat=0
split_feature=0 0 0 0 0 0 0 6 6 0 6 6 1 6 4 4 3 0 4 6 4 0 1 0 1 6 0 0 6 6
split_gain=2.12623e+08 3.01658e+07 1.31389e+07 2.99831e+06 2.80197e+06 2.21542e+06 1.65697e+06 1.37879e+06 973428 878448 855342 837944 1.13291e+06 775902 985249 694189 696396 687161 624431 1.38667e+06 1.34697e+06 1.03841e+06 751640 617545 588778 570693 565387 546810 472378 452307
threshold=388286.60400000011 840329.43250000023 93897.382000000027 256199.82050000003 573241.87500000012 1048200.1775000001 35745.162000000004 0.25000000000000006 0.15000000000000005 3304.2185000000004 0.25000000000000006 0.25000000000000006 19012.117000000002 0.25000000000000006 43.756000000000007 6.4535000000000009 36.979000000000006 153655.73400000003 33.389500000000005 0.15000000000000005 28.488500000000005 55159.639500000012 8505.381000000003 684755.53550000011 26343.954000000005 0.15000000000000005 1182183.7235000001 153655.73400000003 0.15000000000000005 0.15000000000000005
decision_type=2 2 2 2 2 2 2 2 2 2 2 2 2 2 2 2 2 2 2 2 2 2 2 2 2 2 2 2 2 2
left_child=2 4 6 11 28 25 9 23 -7 29 -5 27 17 -11 15 -15 -17 -13 19 20 -8 22 -20 -6 -14 -3 -10 -4 -2 -1
right_child=1 5 3 10 7 8 18 -9 26 13 -12 12 24 14 -16 16 -18 -19 21 -21 -22 -23 -24 -25 -26 -27 -28 -29 -30 -31
leaf_value=-28.299273681640628 13.31596794128418 41.078637695312501 -6.1879153633117676 5.2868966579437258 24.508197402954103 56.950942993164062 -20.311385345458987 39.766858927408862 63.857217407226564 -13.70761703161093 16.847480773925781 -0.4487226923306783 12.719310760498047 4.1963241577148436 -16.643591562906902 -0.96872196197509775 -10.626219831194197 -13.825875854492189 -8.6542227427164722 -1.4540398359298707 0.20511345863342287 -7.63905166728156 -15.249502478705512 34.331201171875001 1.6440161705017091 54.433097839355469 74.710281372070312 -1.1251398980617524 21.907186126708986 -16.410368347167971
leaf_weight=11.999999999999998 24 11.999999999999998 120 48 48 24 24 36 24 312 24 48 24 11.999999999999998 36 24 84 11.999999999999998 72 72 11.999999999999998 252 108 24 24 24 24 96 48 24
leaf_count=12 24 12 120 48 48 24 24 36 24 312 24 48 24 12 36 24 84 12 72 72 12 252 108 24 24 24 24 96 48 24
internal_value=1.49288e-08 39.2183 -7.84365 -0.0888436 26.6838 60.1091 -10.7851 31.7773 65.1728 -12.847 9.14042 -2.13979 1.45621 -12.268 -9.38888 -7.21247 -8.48011 -3.12415 -8.86073 -5.46021 -13.4726 -9.71086 -12.6114 27.7825 7.18166 49.9816 69.2837 -3.93779 19.0434 -20.3733
internal_weight=1728 288 1440 396 180 108 1044 108 72 504 72 324 108 468 156 120 108 60 540 108 36 432 180 72 48 36 48 216 72 36
internal_count=1728 288 1440 396 180 108 1044 108 72 504 72 324 108 468 156 120 108 60 540 108 36 432 180 72 48 36 48 216 72 36
is_linear=0
shrinkage=0.05


Tree=114
num_leaves=31
num_cat=0
split_feature=0 0 0 0 1 0 0 6 0 1 6 0 6 6 2 1 2 1 3 6 6 0 4 6 2 6 1 1 6 0
split_gain=1.92055e+08 2.12408e+07 1.65491e+07 4.18131e+06 2.35157e+06 2.02598e+06 1.54441e+06 1.164e+06 1.60021e+06 1.20462e+06 890320 841176 811652 782172 1.05257e+06 719461 977329 708940 681016 1.18648e+06 634426 633380 615830 598138 552270 534047 524944 521085 655093 498666
threshold=507657.76500000007 840329.43250000023 137286.37700000001 303117.76850000006 9241.5975000000017 1182183.7235000001 684755.53550000011 0.15000000000000005 145818.27200000003 19012.117000000002 0.25000000000000006 3304.2185000000004 0.15000000000000005 0.25000000000000006 31.205000000000002 13436.337500000001 22.312000000000005 10129.240500000002 65.925000000000011 0.15000000000000005 0.15000000000000005 153655.73400000003 6.4535000000000009 0.15000000000000005 81.107000000000014 0.25000000000000006 7848.9580000000014 26343.954000000005 0.25000000000000006 1048200.1775000001
decision_type=2 2 2 2 2 2 2 2 2 2 2 2 2 2 2 2 2 2 2 2 2 2 2 2 2 2 2 2 2 2
left_child=2 6 4 7 11 10 23 8 -4 21 29 -1 -5 18 -15 16 20 -18 -13 26 -6 -9 -16 -2 -10 -7 -20 28 -11 -3
right_child=1 5 3 12 15 25 -8 9 24 27 -12 13 -14 14 22 -17 17 -19 19 -21 -22 -23 -24 -25 -26 -27 -28 -29 -30 -31
leaf_value=-19.354669189453126 19.518352254231772 43.233399963378908 -21.650511169433596 6.2143280029296877 -7.0957015991210941 62.482235717773442 36.738920084635417 1.511474609375 1.1674809455871582 3.0609569549560547 60.124285888671878 -11.719274292389553 17.475791549682619 -16.416851298014322 3.9865081787109378 -4.8152889018588603 -3.4045627733071648 -8.9516299327214561 -15.035830688476564 -10.737503306070964 -21.176121520996094 -9.9756603240966797 -7.8440177397294484 27.41177037556966 -8.1218803405761726 75.40081787109375 -27.843830871582032 1.1047112226486206 12.599571990966798 53.42598114013672
leaf_weight=36 36 24 11.999999999999998 24 11.999999999999998 24 36 24 48 36 24 288 48 36 11.999999999999998 180 72 288 11.999999999999998 36 24 24 132 72 24 11.999999999999998 24 48 36 24
leaf_count=36 36 24 12 24 12 24 36 24 48 36 24 288 48 36 12 180 72 288 12 36 24 24 132 72 24 12 24 48 36 24
internal_value=-6.93456e-08 40.3417 -6.8876 3.09554 -9.69536 57.1036 27.7702 0.0594149 -4.74634 2.46229 52.2612 -11.9544 13.722 -11.461 -8.76988 -7.43633 -8.62771 -7.84222 -12.8066 -17.156 -16.4826 -4.23209 -6.85814 24.7806 -1.92897 66.7884 -23.5745 5.14004 7.83026 48.3297
internal_weight=1728 252 1476 324 1152 108 144 252 84 168 72 576 72 540 180 576 396 360 360 72 36 48 144 108 72 36 36 120 72 48
internal_count=1728 252 1476 324 1152 108 144 252 84 168 72 576 72 540 180 576 396 360 360 72 36 48 144 108 72 36 36 120 72 48
is_linear=0
shrinkage=0.05


Tree=115
num_leaves=31
num_cat=0
split_feature=0 0 0 0 0 0 0 6 1 4 2 6 0 1 2 2 0 6 6 1 4 0 6 6 2 3 0 1 3 2
split_gain=1.7333e+08 1.91698e+07 1.49355e+07 3.77363e+06 2.12551e+06 1.83184e+06 1.39383e+06 1.15053e+06 1.53054e+06 1.27576e+06 1.21449e+06 1.05051e+06 1.44419e+06 1.08717e+06 1.03051e+06 1.01698e+06 1.01807e+06 842130 763668 575777 768069 571626 558406 532968 1.65165e+06 766160 723023 552468 519929 513615
threshold=507657.76500000007 840329.43250000023 137286.37700000001 303117.76850000006 38531.177500000013 1048200.1775000001 684755.53550000011 0.15000000000000005 9804.0705000000016 28.488500000000005 106.31000000000002 0.15000000000000005 145818.27200000003 19012.117000000002 76.349000000000018 30.574000000000002 3304.2185000000004 0.15000000000000005 0.25000000000000006 11548.453500000001 99.63600000000001 153655.73400000003 0.25000000000000006 0.15000000000000005 31.992000000000001 43.781500000000008 37306.64650000001 2579.4600000000005 46.238000000000007 71.424500000000009
decision_type=2 2 2 2 2 2 2 2 2 2 2 2 2 2 2 2 2 2 2 2 2 2 2 2 2 2 2 2 2 2
left_child=2 6 4 11 15 -3 22 8 -6 -10 14 12 -4 21 -9 -1 -17 -7 -5 -11 -21 -13 -2 24 -18 27 -25 -26 -22 -14
right_child=1 5 3 18 7 17 -8 10 9 19 -12 13 29 -15 -16 16 23 -19 -20 20 28 -23 -24 26 25 -27 -28 -29 -30 -31
leaf_value=-15.631057908799916 20.999351247151694 45.039346313476564 -20.567985534667969 9.3947018623352054 -21.942797088623049 51.2056884765625 34.901974487304692 -5.6465165707800127 -24.042935180664063 -1.5982243378957115 -16.158476257324221 1.4359008789062502 2.390492630004883 4.8830409264564523 2.2666188120841979 -18.386935424804687 5.7745876312255859 62.676644897460939 20.318211364746094 -20.826007080078128 -11.088649749755859 -9.4768772125244141 28.626096598307296 -9.1629561821619685 -18.813058471679689 -16.615014321463448 -0.1301748275756836 -6.8183978080749519 -3.7293496847152712 -6.0555409749348961
leaf_weight=108 72 36 11.999999999999998 48 24 24 36 288 11.999999999999998 36 24 24 36 120 48 36 11.999999999999998 48 24 11.999999999999998 48 24 36 288 11.999999999999998 84 24 48 48 36
leaf_count=108 72 36 12 48 24 24 36 288 12 36 24 24 36 120 48 36 12 48 24 12 48 24 36 288 12 84 24 48 48 36
internal_value=1.71639e-08 38.3246 -6.54322 2.94076 -9.21059 54.2484 26.3817 -6.92418 -10.1881 -8.37966 -5.29223 0.0564441 -4.50902 2.33918 -4.51607 -11.228 -10.2845 58.853 13.0359 -7.07439 -8.89978 -4.02049 23.5416 -9.66124 -12.0475 -13.5326 -8.46813 -9.21733 -7.409 -1.83252
internal_weight=1728 252 1476 324 1152 108 144 540 180 156 360 252 84 168 336 612 504 72 72 144 108 48 108 468 156 144 312 60 96 72
internal_count=1728 252 1476 324 1152 108 144 540 180 156 360 252 84 168 336 612 504 72 72 144 108 48 108 468 156 144 312 60 96 72
is_linear=0
shrinkage=0.05


Tree=116
num_leaves=31
num_cat=0
split_feature=0 0 0 0 0 0 0 6 6 2 1 6 6 1 3 3 4 0 6 0 6 0 6 0 1 6 4 4 1 6
split_gain=1.56518e+08 2.2116e+07 9.70571e+06 2.22971e+06 2.15578e+06 1.73809e+06 1.25082e+06 1.16146e+06 961828 1.14622e+06 891877 802586 751193 894342 677454 650150 627342 561392 521858 469544 459716 453719 441609 469933 400635 355303 337521 567100 637344 1.30234e+06
threshold=388286.60400000011 840329.43250000023 93897.382000000027 240407.42100000003 573241.87500000012 1182183.7235000001 16052.3765 0.25000000000000006 0.25000000000000006 31.205000000000002 15858.327500000001 0.15000000000000005 0.25000000000000006 19012.117000000002 29.406000000000002 30.154500000000002 13.022000000000002 153655.73400000003 0.15000000000000005 619852.88050000009 0.25000000000000006 3304.2185000000004 0.25000000000000006 256199.82050000003 26343.954000000005 0.15000000000000005 99.099000000000018 33.389500000000005 10279.872000000001 0.15000000000000005
decision_type=2 2 2 2 2 2 2 2 2 2 2 2 2 2 2 2 2 2 2 2 2 2 2 2 2 2 2 2 2 2
left_child=2 4 6 12 25 11 18 19 16 14 15 -3 -4 17 -10 -11 -8 -14 21 -6 -7 -1 -5 -24 -15 -2 27 28 -18 -30
right_child=1 5 3 22 7 20 8 -9 9 10 -12 -13 13 24 -16 -17 26 -19 -20 -21 -22 -23 23 -25 -26 -27 -28 -29 29 -31
leaf_value=-24.997229003906252 11.247001075744629 39.585258483886719 -4.1678075850009924 3.8013468742370606 18.006973266601562 56.511065673828128 -15.040818595886231 34.716572062174485 -5.6504391988118492 -12.373690032958985 9.3656913757324229 50.783650970458986 -0.070810945828755703 11.209214401245118 -14.723995780944826 -3.5338353331272416 -5.2495811164379127 -12.161955261230469 -10.908487256368002 26.57237892150879 68.496942138671884 -14.346886749267577 2.5048507690429691 14.623191833496094 0.020004795491695405 18.697908401489258 -7.2288214411054348 -11.752562971413136 -20.541873931884766 -4.0700502395629883
leaf_weight=11.999999999999998 24 24 192 72 24 24 48 36 36 24 11.999999999999998 48 48 24 48 156 96 11.999999999999998 144 48 11.999999999999998 60 11.999999999999998 24 11.999999999999998 48 168 192 24 24
leaf_count=12 24 24 192 72 24 24 48 36 36 24 12 48 48 24 48 156 96 12 144 48 12 60 12 24 12 48 168 192 24 24
internal_value=-3.9564e-09 33.6485 -6.72969 -0.0646173 22.9159 51.536 -9.25782 27.3837 -8.37387 -5.96386 -3.8326 47.0509 -2.36215 1.24915 -10.8353 -4.71248 -9.57888 -2.48904 -12.6463 23.7172 60.5064 -16.1219 6.06215 10.5837 7.47948 16.2143 -9.05869 -9.97363 -7.60171 -12.306
internal_weight=1728 288 1440 396 180 108 1044 108 828 276 192 72 288 96 84 180 552 60 216 72 36 72 108 36 36 72 504 336 144 48
internal_count=1728 288 1440 396 180 108 1044 108 828 276 192 72 288 96 84 180 552 60 216 72 36 72 108 36 36 72 504 336 144 48
is_linear=0
shrinkage=0.05


Tree=117
num_leaves=31
num_cat=0
split_feature=0 0 0 0 1 0 0 6 0 1 6 6 4 2 6 6 1 0 3 3 1 1 2 6 2 0 6 2 6 6
split_gain=1.41288e+08 1.55847e+07 1.21911e+07 3.08836e+06 1.74834e+06 1.56957e+06 1.18601e+06 906325 1.284e+06 883851 727727 662097 773339 720987 653350 613098 894995 585104 573946 623173 555288 765650 542558 566228 513579 486247 467285 463538 458164 438388
threshold=507657.76500000007 840329.43250000023 137286.37700000001 303117.76850000006 9241.5975000000017 1048200.1775000001 684755.53550000011 0.15000000000000005 145818.27200000003 19012.117000000002 0.25000000000000006 0.25000000000000006 6.4535000000000009 43.663000000000004 0.15000000000000005 0.15000000000000005 7848.9580000000014 7391.9660000000013 30.154500000000002 30.583500000000004 13436.337500000001 10129.240500000002 22.312000000000005 0.15000000000000005 29.406000000000002 153655.73400000003 0.15000000000000005 71.424500000000009 0.25000000000000006 0.15000000000000005
decision_type=2 2 2 2 2 2 2 2 2 2 2 2 2 2 2 2 2 2 2 2 2 2 2 2 2 2 2 2 2 2
left_child=2 6 4 7 11 29 26 8 -4 25 -7 13 -13 24 -5 16 17 -15 -14 -20 21 -6 23 -23 -1 -9 -2 -10 -8 -3
right_child=1 5 3 14 20 10 28 9 27 -11 -12 12 18 15 -16 -17 -18 -19 19 -21 -22 22 -24 -25 -26 -27 -28 -29 -30 -31
leaf_value=-16.139254760742187 16.562027994791666 32.631805419921875 -19.331196594238282 5.0576677322387695 -2.7523960709571842 49.666958618164067 27.703977966308596 1.4700713157653809 2.3465390523274738 4.4655601663887508 60.330322265625 4.4220222473144535 -14.334010823567709 -23.747367858886719 15.16142463684082 -10.805091047286988 -24.817858886718753 -11.652903442382813 3.6335517883300783 -8.2672994093461476 -4.0669178888532853 -5.3717353820800788 -7.7292525737235955 -18.673848724365236 -8.3200215407780238 -8.5947891235351559 23.538809967041018 -5.6771926879882812 39.669604492187503 44.336351013183595
leaf_weight=24 36 11.999999999999998 11.999999999999998 24 72 48 24 24 36 120 24 11.999999999999998 36 11.999999999999998 48 96 24 60 11.999999999999998 132 180 11.999999999999998 288 24 168 24 72 36 11.999999999999998 24
leaf_count=24 36 12 12 24 72 48 24 24 36 120 24 12 36 12 48 96 24 60 12 132 180 12 288 24 168 24 72 36 12 24
internal_value=-2.71463e-09 34.6014 -5.90756 2.66089 -8.31743 48.9592 23.833 0.0515718 -4.18902 2.17187 53.2214 -10.2653 -7.86792 -11.464 11.7935 -13.6305 -16.456 -13.6686 -8.68725 -7.27556 -6.36958 -7.41624 -8.45265 -14.2398 -9.29743 -3.56236 21.2132 -1.66533 31.6925 40.4348
internal_weight=1728 252 1476 324 1152 108 144 252 84 168 72 576 192 384 72 192 96 72 180 144 576 396 324 36 192 48 108 72 36 36
internal_count=1728 252 1476 324 1152 108 144 252 84 168 72 576 192 384 72 192 96 72 180 144 576 396 324 36 192 48 108 72 36 36
is_linear=0
shrinkage=0.05


Tree=118
num_leaves=31
num_cat=0
split_feature=0 0 1 0 0 0 6 6 2 2 6 0 0 1 6 4 0 3 4 6 4 6 2 3 4 3 6 0 6 6
split_gain=1.27575e+08 1.79895e+07 7.92385e+06 2.1673e+06 1.79809e+06 1.49115e+06 985833 958397 1.43808e+06 1.37599e+06 902747 952618 741403 706877 688054 683335 663651 564722 514268 482900 479795 461442 456798 482501 531909 456274 992060 404068 394007 375828
threshold=388286.60400000011 840329.43250000023 13436.337500000001 240407.42100000003 573241.87500000012 1182183.7235000001 0.25000000000000006 0.15000000000000005 81.107000000000014 81.107000000000014 0.25000000000000006 18495.691000000003 153655.73400000003 11991.799500000003 0.25000000000000006 6.4535000000000009 164842.97150000001 76.597500000000011 101.94350000000001 0.15000000000000005 33.389500000000005 0.25000000000000006 31.205000000000002 30.154500000000002 28.488500000000005 67.669000000000025 0.15000000000000005 619852.88050000009 0.15000000000000005 0.25000000000000006
decision_type=2 2 2 2 2 2 2 2 2 2 2 2 2 2 2 2 2 2 2 2 2 2 2 2 2 2 2 2 2 2
left_child=2 4 10 7 -2 14 27 9 18 12 11 19 -4 15 -3 -12 -11 20 -9 -1 -13 -10 -17 -24 -25 -22 -27 -6 -7 -5
right_child=1 5 3 29 6 28 -8 8 21 16 13 17 -14 -15 -16 22 -18 -19 -20 -21 25 -23 23 24 -26 26 -28 -29 -30 -31
leaf_value=-15.647949654715402 14.578390693664552 38.900694274902349 -4.1400127124786383 3.3961165428161624 16.10410385131836 47.42245788574219 31.534955851236983 0.29561624526977542 0.5038306713104248 -18.679184722900391 4.2009212493896486 -4.6739294767379764 9.4743415832519542 -0.89419974684715275 49.269322204589848 -11.39513282775879 -6.9207593917846681 -12.022661828994751 -6.0429293076197306 -10.286602755955288 -8.155485686388884 7.4368575453758243 -11.942833964029949 -7.4674570931328681 -1.141611647605896 -25.521739196777343 -5.1905197143554682 24.049899673461915 58.518725585937503 9.65301513671875
leaf_weight=84 72 48 60 72 24 11.999999999999998 36 48 48 24 11.999999999999998 96 11.999999999999998 48 24 72 24 96 96 84 264 48 36 108 48 12 12 48 24 36
leaf_count=84 72 48 60 72 24 12 36 48 48 24 12 96 12 48 24 72 24 96 96 84 264 48 36 108 48 12 12 48 24 36
internal_value=-8.21771e-08 30.3785 -6.0757 -0.730464 20.6989 46.5113 24.7792 -2.59413 -0.769911 -6.24256 -8.64934 -9.72681 -1.87095 -6.4944 42.3569 -7.46835 -12.8 -8.59264 -3.93008 -12.9673 -7.73514 3.97034 -7.99877 -6.72513 -5.52104 -8.75554 -15.3561 21.4013 54.82 5.48175
internal_weight=1728 288 1440 468 180 108 108 360 240 120 972 648 72 324 72 276 48 480 144 168 384 96 264 192 156 288 24 72 36 108
internal_count=1728 288 1440 468 180 108 108 360 240 120 972 648 72 324 72 276 48 480 144 168 384 96 264 192 156 288 24 72 36 108
is_linear=0
shrinkage=0.05


Tree=119
num_leaves=31
num_cat=0
split_feature=0 0 0 0 0 0 0 6 1 4 2 2 2 6 0 2 2 6 6 1 2 2 6 1 3 6 6 6 0 0
split_gain=1.15167e+08 1.26708e+07 9.88758e+06 2.56279e+06 1.47406e+06 1.34576e+06 1.0094e+06 867212 1.14211e+06 1.01263e+06 962900 840940 776351 763841 734417 651658 668514 634043 590394 528640 607005 460406 787916 439739 438843 404345 397773 386714 377126 371768
threshold=507657.76500000007 840329.43250000023 137286.37700000001 303117.76850000006 38531.177500000013 1182183.7235000001 684755.53550000011 0.15000000000000005 9804.0705000000016 28.488500000000005 106.31000000000002 76.349000000000018 30.574000000000002 0.25000000000000006 3304.2185000000004 71.424500000000009 68.52800000000002 0.15000000000000005 0.25000000000000006 11548.453500000001 90.431000000000012 81.107000000000014 0.15000000000000005 26343.954000000005 46.238000000000007 0.15000000000000005 0.15000000000000005 0.25000000000000006 164842.97150000001 573241.87500000012
decision_type=2 2 2 2 2 2 2 2 2 2 2 2 2 2 2 2 2 2 2 2 2 2 2 2 2 2 2 2 2 2
left_child=2 6 4 13 12 17 26 8 -6 -10 11 -9 25 21 -14 16 -15 -3 -5 -11 24 -4 28 -17 -21 -1 -2 -8 -23 -28
right_child=1 5 3 18 7 -7 27 10 9 19 -12 -13 14 15 -16 23 -18 -19 -20 20 -22 22 -24 -25 -26 -27 29 -29 -30 -31
leaf_value=-8.7043368021647147 14.821720123291016 33.603491210937499 0.32636983394622804 7.5007818222045906 -18.587651824951173 52.078971354166669 25.116284942626955 -4.5130620304081175 -20.826100158691407 -0.4612003326416016 -13.858475875854493 2.6352787494659426 -15.24128850301107 3.631774711608887 -7.8301917442908664 10.476023864746095 -10.821971893310547 43.556841278076178 17.105417633056643 -9.5127748489379886 -18.059773254394532 -17.430676269531251 0.26763606866200768 -0.57611632347106934 -2.751647335290909 -15.194275410970054 16.177630615234374 36.109375 -6.5747213363647461 23.799230194091798
leaf_weight=36 36 24 96 48 24 36 24 288 11.999999999999998 36 24 48 36 24 468 36 11.999999999999998 48 24 48 11.999999999999998 11.999999999999998 36 11.999999999999998 48 72 24 11.999999999999998 24 48
leaf_count=36 36 24 96 48 24 36 24 288 12 36 24 48 36 24 468 36 12 48 24 48 12 12 36 12 48 72 24 12 24 48
internal_value=-4.54209e-08 31.2395 -5.33358 2.38301 -7.50387 44.1857 21.5299 -5.59982 -8.4335 -6.87132 -4.18298 -3.49187 -9.18392 0.00606099 -8.35956 3.89908 -1.18614 40.2391 10.7023 -5.70842 -7.4575 -1.94045 -4.96287 7.71299 -6.13221 -13.031 19.113 28.7806 -10.1934 21.2587
internal_weight=1728 252 1476 324 1152 108 144 540 180 156 360 336 612 252 504 84 36 72 72 144 108 168 72 48 96 108 108 36 36 72
internal_count=1728 252 1476 324 1152 108 144 540 180 156 360 336 612 252 504 84 36 72 72 144 108 168 72 48 96 108 108 36 36 72
is_linear=0
shrinkage=0.05


Tree=120
num_leaves=31
num_cat=0
split_feature=0 0 1 0 0 0 6 0 6 2 4 6 0 6 1 4 3 1 6 6 4 0 2 4 3 3 6 6 0 6
split_gain=1.03982e+08 1.46338e+07 6.48433e+06 1.75707e+06 1.45773e+06 1.27838e+06 803040 824924 771687 1.18196e+06 1.14857e+06 642430 617633 590790 578841 612136 488012 472577 443786 442992 419236 399257 390637 415329 414741 387133 831280 386086 375028 357047
threshold=388286.60400000011 840329.43250000023 13436.337500000001 240407.42100000003 619852.88050000009 1048200.1775000001 0.25000000000000006 18495.691000000003 0.15000000000000005 81.107000000000014 101.94350000000001 0.25000000000000006 145818.27200000003 0.25000000000000006 11991.799500000003 6.4535000000000009 76.597500000000011 16961.718500000003 0.15000000000000005 0.15000000000000005 33.389500000000005 208019.18150000004 31.205000000000002 17.934000000000005 30.154500000000002 67.669000000000025 0.15000000000000005 0.25000000000000006 153655.73400000003 0.25000000000000006
decision_type=2 2 2 2 2 2 2 2 2 2 2 2 2 2 2 2 2 2 2 2 2 2 2 2 2 2 2 2 2 2
left_child=2 4 6 8 11 29 7 18 10 17 12 -2 -4 -7 15 -8 20 -10 -1 -6 -9 28 -17 -24 -25 -22 -27 -11 -12 -3
right_child=1 5 3 -5 19 13 14 16 9 27 21 -13 -14 -15 -16 22 -18 -19 -20 -21 25 -23 23 24 -26 26 -28 -29 -30 -31
leaf_value=-14.414862115042551 12.294994990030926 30.762292480468751 -14.635370890299479 4.9436604499816896 18.660067749023437 42.620349121093753 4.3823844909667971 -4.1155116200447086 -1.5305055896441142 0.43566182851791385 -1.2222871979077659 20.475447591145837 -4.2802747726440433 52.22821044921875 -0.71319090127944951 -10.305049832661947 -10.962714743614198 -7.6066946029663089 -9.2752260480608264 26.979777526855472 -7.3781281037764117 -8.8673683166503903 -8.9886664072672531 -10.064065933227539 -2.7154096066951752 -23.316270446777342 -4.7053405761718743 6.7773746848106384 8.9843063354492188 41.325302124023438
leaf_weight=84 72 24 36 108 24 48 11.999999999999998 96 96 48 36 36 24 24 48 72 96 48 84 48 264 11.999999999999998 72 24 96 12 12 48 11.999999999999998 11.999999999999998
leaf_count=84 72 24 36 108 24 48 12 96 96 48 36 36 24 24 48 72 96 48 84 48 264 12 72 24 96 12 12 48 12 12
internal_value=9.29943e-09 27.426 -5.48519 -0.649803 18.6957 41.9764 -7.81334 -8.82957 -2.32784 -0.690934 -5.60166 15.0218 -10.4933 45.823 -5.78089 -6.66223 -7.77416 -3.5559 -11.845 24.2065 -6.97702 -0.709985 -7.16426 -5.98646 -4.18514 -7.93085 -14.0108 3.60652 1.32936 34.2833
internal_weight=1728 288 1440 468 180 108 972 648 360 240 120 108 60 72 324 276 480 144 168 72 384 60 264 192 120 288 24 96 48 36
internal_count=1728 288 1440 468 180 108 972 648 360 240 120 108 60 72 324 276 480 144 168 72 384 60 264 192 120 288 24 96 48 36
is_linear=0
shrinkage=0.05


Tree=121
num_leaves=31
num_cat=0
split_feature=0 0 0 0 0 0 0 6 6 6 2 2 6 2 0 0 6 2 3 1 2 6 4 6 2 2 1 1 3 0
split_gain=9.39637e+07 1.02781e+07 8.02564e+06 2.10154e+06 1.24301e+06 1.15373e+06 851258 642869 554131 539107 535664 563106 474204 662352 561218 632348 430786 615662 692920 399178 364817 643403 348083 558372 1.23575e+06 738036 684278 1.46611e+06 347451 346129
threshold=507657.76500000007 840329.43250000023 137286.37700000001 303117.76850000006 35745.162000000004 1048200.1775000001 684755.53550000011 0.25000000000000006 0.15000000000000005 0.15000000000000005 71.424500000000009 68.52800000000002 0.15000000000000005 31.992000000000001 18495.691000000003 19563.351500000001 0.25000000000000006 31.205000000000002 76.597500000000011 26343.954000000005 81.107000000000014 0.15000000000000005 99.099000000000018 0.15000000000000005 31.205000000000002 106.31000000000002 12794.753500000003 9804.0705000000016 27.516500000000004 44158.321000000004
decision_type=2 2 2 2 2 2 2 2 2 2 2 2 2 2 2 2 2 2 2 2 2 2 2 2 2 2 2 2 2 2
left_child=2 6 4 7 12 -3 -2 20 -7 -5 11 -9 14 -14 -1 -16 22 28 -19 -12 -4 -22 23 26 -25 -26 27 29 -18 -6
right_child=1 5 3 9 16 8 -8 10 -10 -11 19 -13 13 -15 15 -17 17 18 -20 -21 21 -23 -24 24 25 -27 -28 -29 -30 -31
leaf_value=-13.694118935721262 17.253216467963323 32.569131469726564 0.21416724920272828 3.5494159698486332 -11.750207901000977 37.328489685058592 26.131289164225265 3.364857053756714 46.633486938476565 12.727402496337891 9.6439160664876304 -9.9005386352539073 -12.988550376892091 -6.6444903771082569 2.7120107650756839 -9.6854005177815754 -2.364329957962036 -3.1648696311314901 6.1418470382690433 -0.88617925643920903 -9.2206541697184257 0.23247114817301431 -4.966621461510659 -20.135369873046876 -1.0690223852793375 -14.462446594238282 -17.830838012695313 -0.9471691608428956 -9.7324542999267578 -22.150456237792969
leaf_weight=84 108 36 96 24 24 24 36 24 48 48 36 11.999999999999998 48 288 11.999999999999998 72 24 120 24 11.999999999999998 36 36 240 11.999999999999998 72 11.999999999999998 24 36 48 11.999999999999998
leaf_count=84 108 36 96 24 24 24 36 24 48 48 36 12 48 288 12 72 24 120 24 12 36 36 240 12 72 12 24 36 48 12
internal_value=1.49288e-08 28.2177 -4.81765 2.13452 -6.77295 39.8776 19.4727 -0.017927 43.5318 9.66807 3.55353 -1.05694 -8.63527 -7.55078 -10.8042 -7.91434 -5.32448 -3.5013 -1.61375 7.01139 -1.80366 -4.49409 -6.23607 -7.82288 -5.12649 -2.98237 -10.5193 -8.08206 -7.27641 -15.217
internal_weight=1728 252 1476 324 1152 108 144 252 72 72 84 36 504 336 168 84 648 216 144 48 168 72 432 192 96 84 96 72 72 36
internal_count=1728 252 1476 324 1152 108 144 252 72 72 84 36 504 336 168 84 648 216 144 48 168 72 432 192 96 84 96 72 72 36
is_linear=0
shrinkage=0.05


Tree=122
num_leaves=31
num_cat=0
split_feature=0 0 0 0 0 0 6 0 6 6 0 2 6 4 3 6 6 4 6 0 6 2 2 0 6 3 6 2 3 4
split_gain=8.48023e+07 9.27598e+06 7.2738e+06 2.29766e+06 1.0961e+06 852000 808687 768260 516188 485859 432552 419131 556904 427964 392413 350357 335246 329830 451159 342498 327428 321134 481402 311422 311292 296730 294284 490580 909149 291887
threshold=507657.76500000007 840329.43250000023 100590.71350000003 256199.82050000003 1182183.7235000001 35745.162000000004 0.15000000000000005 684755.53550000011 0.25000000000000006 0.25000000000000006 3304.2185000000004 31.992000000000001 0.25000000000000006 6.4535000000000009 43.781500000000008 0.15000000000000005 0.25000000000000006 115.82000000000001 0.15000000000000005 145818.27200000003 0.15000000000000005 81.107000000000014 68.52800000000002 573241.87500000012 0.25000000000000006 36.979000000000006 0.25000000000000006 22.312000000000005 72.187000000000026 46.048000000000009
decision_type=2 2 2 2 2 2 2 2 2 2 2 2 2 2 2 2 2 2 2 2 2 2 2 2 2 2 2 2 2 2
left_child=2 7 5 9 8 10 -5 20 -3 17 -1 -12 14 -14 -13 -16 -9 18 19 -4 -2 22 -11 -22 -6 -15 -7 -28 -29 -23
right_child=1 4 3 6 24 26 -8 16 -10 21 11 12 13 25 15 -17 -18 -19 -20 -21 23 29 -24 -25 -26 -27 27 28 -30 -31
leaf_value=-13.484859466552734 12.497138977050781 31.328332519531251 -12.288212966918946 1.3204646428426108 41.719619750976562 -6.1876706585288055 10.498605092366537 21.412909698486331 40.309111022949224 1.7911479949951172 -11.306404495239258 -6.3733839797973637 4.4954898834228514 -1.6098535219828289 -12.71110954284668 -7.778528912862142 31.648352050781252 -0.49227464050054554 -1.2093150615692139 -3.8410990715026858 13.686827850341798 -0.84187030792236328 -9.4055114746093746 20.662482452392581 51.582611083984375 -7.0354844774518703 -10.477102661132813 -4.7558280626932783 4.2082153320312505 8.7087673187255863
leaf_weight=36 36 48 24 36 24 384 72 24 24 48 72 120 11.999999999999998 36 72 72 11.999999999999998 96 48 24 24 11.999999999999998 11.999999999999998 48 11.999999999999998 84 24 132 36 24
leaf_count=36 36 48 24 36 24 384 72 24 24 48 72 120 12 36 72 72 12 96 48 24 24 12 12 48 12 84 24 132 36 24
internal_value=-1.76882e-08 26.8068 -4.57677 1.21981 37.8837 -6.70218 7.43922 18.4991 34.3219 -1.11247 -8.2035 -7.79725 -7.15922 -4.5075 -8.48508 -10.2448 24.8247 -2.56463 -4.63699 -8.06466 16.3906 1.79184 -0.448184 18.3373 45.0073 -5.4078 -5.38852 -3.79023 -2.83496 5.52522
internal_weight=1728 252 1476 396 108 1080 108 144 72 288 504 468 396 132 264 144 36 192 96 48 108 96 60 72 36 120 576 192 168 36
internal_count=1728 252 1476 396 108 1080 108 144 72 288 504 468 396 132 264 144 36 192 96 48 108 96 60 72 36 120 576 192 168 36
is_linear=0
shrinkage=0.05


Tree=123
num_leaves=31
num_cat=0
split_feature=0 0 1 0 0 0 6 6 0 6 4 2 6 0 1 4 6 3 2 4 6 3 6 3 3 6 2 2 6 4
split_gain=7.6606e+07 1.07122e+07 4.85671e+06 1.26445e+06 1.11727e+06 989229 728705 608976 625634 494530 1.11927e+06 775197 489597 488395 442961 501292 422660 392884 369657 358359 335648 324329 663442 304241 470668 294263 287053 283521 282477 852038
threshold=388286.60400000011 840329.43250000023 13436.337500000001 256199.82050000003 573241.87500000012 1182183.7235000001 0.25000000000000006 0.25000000000000006 18495.691000000003 0.15000000000000005 101.94350000000001 81.107000000000014 0.15000000000000005 145818.27200000003 11991.799500000003 6.4535000000000009 0.15000000000000005 76.597500000000011 81.107000000000014 33.389500000000005 0.15000000000000005 67.669000000000025 0.15000000000000005 30.154500000000002 30.583500000000004 0.15000000000000005 52.25350000000001 68.52800000000002 0.15000000000000005 149.54050000000004
decision_type=2 2 2 2 2 2 2 2 2 2 2 2 2 2 2 2 2 2 2 2 2 2 2 2 2 2 2 2 2 2
left_child=2 4 7 9 -2 12 -6 8 20 10 13 -11 -3 -4 15 -9 -5 19 27 -10 26 28 -23 -17 -25 -7 -1 -12 29 -21
right_child=1 5 3 16 6 25 -8 14 17 11 18 -13 -14 -15 -16 23 -18 -19 -20 21 -22 22 -24 24 -26 -27 -28 -29 -30 -31
leaf_value=-9.9376128196716316 11.246411577860515 26.774892425537111 -12.857231903076173 0.15405540466308595 16.383197275797524 36.363964843750004 25.095644124348961 4.2707153320312505 -3.3279555082321171 -2.430240953536261 -0.043655502796173098 3.2020848095417023 35.521296691894534 -3.6490440368652344 -0.51988780498504639 -8.950144195556641 8.2805985450744632 -9.5497532486915588 -7.9383537292480471 -5.98429854631424 -7.9991139003208707 -20.733549499511717 -4.107239151000976 4.4489521026611332 -5.7781143156687422 45.953398132324224 -15.843957519531251 8.5489967346191413 -7.9850492824207651 7.9892051696777351
leaf_weight=48 72 24 36 24 72 11.999999999999998 36 11.999999999999998 96 168 48 96 48 24 48 72 48 96 11.999999999999998 120 84 12 12 11.999999999999998 180 24 36 11.999999999999998 132 11.999999999999998
leaf_count=48 72 24 36 24 72 12 36 12 96 168 48 96 48 24 48 72 48 96 12 120 84 12 12 12 180 24 36 12 132 12
internal_value=-2.70428e-09 23.5404 -4.70809 -0.523332 16.071 35.9895 19.2873 -6.72297 -7.60792 -1.63153 -4.13034 -0.382122 32.6058 -9.17396 -4.95305 -5.72404 5.57175 -6.68879 0.0726702 -5.97355 -10.234 -6.85542 -12.4204 -6.17835 -5.13892 42.7569 -12.4689 1.67487 -6.34951 -4.71398
internal_weight=1728 288 1440 468 180 108 108 972 648 396 132 264 72 60 324 276 72 480 72 384 168 288 24 264 192 36 84 60 264 132
internal_count=1728 288 1440 468 180 108 108 972 648 396 132 264 72 60 324 276 72 480 72 384 168 288 24 264 192 36 84 60 264 132
is_linear=0
shrinkage=0.05


Tree=124
num_leaves=31
num_cat=0
split_feature=0 0 1 0 0 0 2 6 4 3 3 1 0 0 6 6 2 2 0 6 0 0 1 6 1 6 6 4 0 6
split_gain=6.91369e+07 9.66778e+06 4.38318e+06 1.15987e+06 1.0204e+06 939688 560815 596383 1.19461e+06 1.0767e+06 763546 943000 569477 769877 525028 504838 863024 819578 484128 429764 413984 374154 362084 346105 334241 284953 273715 284873 267803 244708
threshold=388286.60400000011 840329.43250000023 13436.337500000001 240407.42100000003 619852.88050000009 1048200.1775000001 22.312000000000005 0.15000000000000005 149.54050000000004 62.127500000000005 57.764500000000005 2579.4600000000005 44158.321000000004 41777.992500000008 0.25000000000000006 0.15000000000000005 81.107000000000014 81.107000000000014 153655.73400000003 0.25000000000000006 164842.97150000001 68725.196500000005 16961.718500000003 0.15000000000000005 7848.9580000000014 0.15000000000000005 0.25000000000000006 38.12850000000001 573241.87500000012 0.15000000000000005
decision_type=2 2 2 2 2 2 2 2 2 2 2 2 2 2 2 2 2 2 2 2 2 2 2 2 2 2 2 2 2 2
left_child=2 4 6 15 14 25 29 8 10 21 11 -8 13 -12 -2 16 18 22 -4 -7 -18 -9 -17 -6 -11 -3 -19 -28 -16 -1
right_child=1 5 3 -5 23 19 7 9 -10 24 12 -13 -14 -15 28 17 20 26 -20 -21 -22 -23 -24 -25 -26 -27 27 -29 -30 -31
leaf_value=-6.5107046127319341 9.7285420417785655 21.303273010253907 -2.8799087190628052 4.0473775333828401 14.975540161132812 34.756414031982423 -15.743901062011719 -7.2909063032695229 7.5897453308105476 -7.5688827514648445 -11.84851900736491 -5.0977142728292026 -18.627558898925781 1.8307678222656252 14.074460983276367 -1.1493657032648723 -14.345149993896484 0.37215176224708557 8.1215469360351573 42.950965881347656 -5.0582423210144043 -3.3190903584162395 -6.4679977416992189 22.329376983642579 -1.2609045539583479 30.739793395996095 -0.95988101959228522 7.9357060750325523 23.222593688964846 -12.694197273254396
leaf_weight=24 72 11.999999999999998 60 108 24 48 24 336 11.999999999999998 24 72 156 24 11.999999999999998 24 96 24 48 11.999999999999998 24 24 72 48 48 168 24 11.999999999999998 36 11.999999999999998 48
leaf_count=24 72 12 60 108 24 48 24 336 12 24 72 156 24 12 24 96 24 48 12 24 24 72 48 48 168 24 12 36 12 48
internal_value=-3.1596e-08 22.3634 -4.47268 -0.497166 15.2674 34.19 -6.38682 -6.04712 -7.86735 -5.13701 -8.5114 -6.51721 -11.8351 -9.89434 12.1936 -1.86053 -4.50848 -0.536554 -1.04633 37.4879 -9.7017 -6.59 -2.92224 19.8781 -2.0494 27.5943 3.04198 5.71181 17.1238 -10.633
internal_weight=1728 288 1440 468 180 108 972 900 300 600 288 180 108 84 108 360 120 240 72 72 48 408 144 72 192 36 96 48 36 72
internal_count=1728 288 1440 468 180 108 972 900 300 600 288 180 108 84 108 360 120 240 72 72 48 408 144 72 192 36 96 48 36 72
is_linear=0
shrinkage=0.05


Tree=125
num_leaves=31
num_cat=0
split_feature=0 0 0 0 0 1 0 6 6 6 2 2 0 2 6 2 1 0 4 1 6 6 0 6 0 6 0 6 1 2
split_gain=6.24464e+07 6.78991e+06 5.36671e+06 1.70516e+06 848069 643927 630266 569249 435680 403574 397870 407855 363322 373324 449934 610091 352252 404241 331384 293652 266815 265237 264237 252808 228863 225616 213605 209119 324986 185304
threshold=507657.76500000007 840329.43250000023 100590.71350000003 303117.76850000006 1048200.1775000001 9241.5975000000017 684755.53550000011 0.25000000000000006 0.25000000000000006 0.15000000000000005 71.424500000000009 68.52800000000002 3304.2185000000004 30.574000000000002 0.25000000000000006 43.663000000000004 10129.240500000002 55159.639500000012 6.4535000000000009 26343.954000000005 0.25000000000000006 0.25000000000000006 153655.73400000003 0.15000000000000005 1182183.7235000001 0.15000000000000005 573241.87500000012 0.15000000000000005 19012.117000000002 81.107000000000014
decision_type=2 2 2 2 2 2 2 2 2 2 2 2 2 2 2 2 2 2 2 2 2 2 2 2 2 2 2 2 2 2
left_child=2 6 5 7 20 12 23 22 -5 -6 11 -9 25 -14 15 -15 -7 -18 -16 -12 -3 -8 27 -2 -11 -1 -25 28 -4 -24
right_child=1 4 3 8 9 16 21 10 -10 24 19 -13 13 14 18 -17 17 -19 -20 -21 -22 -23 29 26 -26 -27 -28 -29 -30 -31
leaf_value=-17.356451416015627 10.56485824584961 23.170823669433595 -3.8905555009841919 5.2613875389099123 30.319575500488284 -1.2100394090016684 18.590481567382813 1.8156116247177125 13.512147140502931 34.807986450195315 8.1197255452473964 -8.4903244018554691 -9.9226429621378589 -4.7633089823027452 4.1202247619628904 -9.1984646388462608 -7.1505687326192859 -3.9060197542938924 -4.52798969745636 -0.91188697814941411 32.302069091796874 27.694683837890626 1.1914138793945312 11.845090484619142 41.713041687011724 -8.9597259521484371 17.622263717651368 -1.5986204624176026 -13.391812133789063 -2.8192506641149522
leaf_weight=11.999999999999998 36 24 36 48 24 72 24 48 24 24 36 11.999999999999998 72 144 11.999999999999998 168 144 288 144 11.999999999999998 11.999999999999998 11.999999999999998 72 24 24 24 48 48 11.999999999999998 48
leaf_count=12 36 24 36 48 24 72 24 48 24 24 36 12 72 144 12 168 144 288 144 12 12 12 72 24 24 24 48 48 12 48
internal_value=-2.22207e-08 23.0035 -3.92743 1.0516 32.4805 -5.75308 15.8958 -0.495077 8.01164 35.6135 2.46882 -0.245576 -6.89512 -6.57088 -6.05523 -7.15147 -4.44789 -4.98754 -3.86274 5.86182 26.2146 21.6252 -1.97703 13.986 38.2605 -11.7586 15.6965 -3.93225 -6.26587 -0.412852
internal_weight=1728 252 1476 396 108 1080 144 324 72 72 108 60 576 540 468 312 504 432 156 48 36 36 216 108 48 36 72 96 48 120
internal_count=1728 252 1476 396 108 1080 144 324 72 72 108 60 576 540 468 312 504 432 156 48 36 36 216 108 48 36 72 96 48 120
is_linear=0
shrinkage=0.05


Tree=126
num_leaves=31
num_cat=0
split_feature=0 0 0 0 0 1 0 6 6 6 2 2 0 2 6 2 1 0 4 1 6 0 6 6 6 0 6 1 4 0
split_gain=5.63579e+07 6.12789e+06 4.84345e+06 1.53891e+06 775630 581144 568815 513747 393201 383843 359078 368089 327898 336925 406066 550607 317908 364827 299074 265021 246831 238474 228159 227707 203618 192778 188730 293300 173960 230004
threshold=507657.76500000007 840329.43250000023 100590.71350000003 303117.76850000006 1182183.7235000001 9241.5975000000017 684755.53550000011 0.25000000000000006 0.25000000000000006 0.15000000000000005 71.424500000000009 68.52800000000002 3304.2185000000004 30.574000000000002 0.25000000000000006 43.663000000000004 10129.240500000002 55159.639500000012 6.4535000000000009 26343.954000000005 0.15000000000000005 153655.73400000003 0.15000000000000005 0.25000000000000006 0.15000000000000005 573241.87500000012 0.15000000000000005 19012.117000000002 17.934000000000005 27705.340000000004
decision_type=2 2 2 2 2 2 2 2 2 2 2 2 2 2 2 2 2 2 2 2 2 2 2 2 2 2 2 2 2 2
left_child=2 6 5 7 9 12 22 21 -5 -3 11 -9 24 -14 15 -15 -7 -18 -16 -12 -8 26 -2 -6 -1 -24 27 -4 -20 -30
right_child=1 4 3 8 23 16 20 10 -10 -11 19 -13 13 14 18 -17 17 -19 28 -21 -22 -23 25 -25 -26 -27 -28 -29 29 -31
leaf_value=-16.488629150390626 10.036615244547527 22.697396850585939 -3.6960275650024417 4.9983182907104498 34.037069702148436 -1.1495374997456869 14.68885955810547 1.7248310327529908 12.836539840698244 30.441783905029297 7.7137390136718755 -8.0658081054687507 -9.4265107472737633 -4.5251435498396555 3.9142135620117191 -8.738541330610003 -6.7930401523907982 -3.710718726946248 -6.3578479003906256 -0.86629257202148446 23.471503448486331 -0.39220933914184575 11.252836227416992 42.472610473632812 -8.5117397308349609 16.741151046752929 -1.5186894416809082 -12.722221374511719 0.18827994664510092 -5.0986708760261541
leaf_weight=11.999999999999998 36 24 36 48 24 72 11.999999999999998 48 24 48 36 11.999999999999998 72 144 11.999999999999998 168 144 288 60 11.999999999999998 24 120 24 11.999999999999998 24 48 48 11.999999999999998 36 48
leaf_count=12 36 24 36 48 24 72 12 48 24 48 36 12 72 144 12 168 144 288 60 12 24 120 24 12 24 48 48 12 36 48
internal_value=4.12541e-08 21.8534 -3.73106 0.999019 30.8565 -5.46543 15.101 -0.470323 7.61106 27.8603 2.34538 -0.233297 -6.55036 -6.24234 -5.75247 -6.7939 -4.2255 -4.73816 -3.66961 5.56873 20.544 -1.87818 13.2867 36.8489 -11.1707 14.9117 -3.73563 -5.95258 -4.30159 -2.83283
internal_weight=1728 252 1476 396 108 1080 144 324 72 72 108 60 576 540 468 312 504 432 156 48 36 216 108 36 36 72 96 48 144 84
internal_count=1728 252 1476 396 108 1080 144 324 72 72 108 60 576 540 468 312 504 432 156 48 36 216 108 36 36 72 96 48 144 84
is_linear=0
shrinkage=0.05


Tree=127
num_leaves=31
num_cat=0
split_feature=0 0 1 0 0 0 6 0 6 6 2 2 0 1 3 3 6 4 0 3 4 4 6 6 3 6 6 4 3 6
split_gain=5.08818e+07 7.0909e+06 3.25506e+06 841246 759425 727342 457385 436493 420955 388912 742935 683525 402523 378243 445714 365097 339060 319557 318036 299973 298664 278382 265572 254720 238012 534733 245979 680557 348012 230172
threshold=388286.60400000011 840329.43250000023 13436.337500000001 240407.42100000003 619852.88050000009 1048200.1775000001 0.25000000000000006 18495.691000000003 0.25000000000000006 0.15000000000000005 81.107000000000014 81.107000000000014 153655.73400000003 11548.453500000001 30.154500000000002 30.583500000000004 0.25000000000000006 6.4535000000000009 164842.97150000001 76.597500000000011 101.94350000000001 33.389500000000005 0.15000000000000005 0.15000000000000005 67.669000000000025 0.15000000000000005 0.15000000000000005 149.54050000000004 31.224500000000003 0.25000000000000006
decision_type=2 2 2 2 2 2 2 2 2 2 2 2 2 2 2 2 2 2 2 2 2 2 2 2 2 2 2 2 2 2
left_child=2 4 6 9 8 29 7 22 -2 10 12 20 -4 14 -8 -16 -7 -17 -12 21 -11 -9 -1 -6 26 -26 27 -23 -28 -3
right_child=1 5 3 -5 23 16 13 19 -10 11 18 -13 -14 -15 15 17 -18 -19 -20 -21 -22 24 -24 -25 25 -27 28 -29 -30 -31
leaf_value=-10.434936087472099 8.2489173889160163 20.683802795410159 -2.3559810280799867 3.4592375066545276 12.879742813110353 29.788924026489259 -8.5553182220458979 -2.5290201663970948 14.870812733968101 0.6314724922180176 -12.784622955322266 2.8579125583171847 7.6755088806152347 -0.3691426554322243 4.8080352783203129 3.7185028076171878 37.067532348632817 -4.7084011308352158 -4.6447572708129883 -7.9856485247612001 -4.198967103163401 -4.8137494230270388 -6.4590284824371338 19.188470840454102 -17.868644714355465 -2.941981506347656 -8.3030352115631114 7.6746803283691412 -2.5384628931681319 29.16487731933594
leaf_weight=84 72 24 60 108 24 48 60 96 36 48 24 96 11.999999999999998 60 11.999999999999998 11.999999999999998 24 180 24 96 96 120 84 48 12 12 96 11.999999999999998 36 11.999999999999998
leaf_count=84 72 24 60 108 24 48 60 96 36 48 24 96 12 60 12 12 24 180 24 96 96 120 84 48 12 12 96 12 36 12
internal_value=-3.87672e-08 19.1851 -3.83702 -0.411091 13.108 29.3137 -5.48654 -6.25349 10.4562 -1.57219 -3.89632 -0.410127 -0.684066 -3.95266 -4.76709 -3.65291 32.2151 -4.18172 -8.71469 -5.48576 -2.58882 -4.86079 -8.44698 17.0856 -5.63805 -10.4053 -5.20466 -3.67844 -6.73088 23.5108
internal_weight=1728 288 1440 468 180 108 972 648 108 360 120 240 72 324 264 204 72 192 48 480 144 384 168 72 288 24 264 132 132 36
internal_count=1728 288 1440 468 180 108 972 648 108 360 120 240 72 324 264 204 72 192 48 480 144 384 168 72 288 24 264 132 132 36
is_linear=0
shrinkage=0.05


Tree=128
num_leaves=31
num_cat=0
split_feature=0 0 0 0 0 1 0 6 6 6 0 2 6 3 6 2 2 2 4 6 2 3 1 1 2 1 6 1 2 0
split_gain=4.59803e+07 4.97104e+06 3.91547e+06 1.07847e+06 664784 656801 480975 381281 361701 328116 278527 288946 333371 492946 415786 457035 267927 341429 243107 239726 450500 382832 314288 366414 260469 238594 226002 526704 518905 334721
threshold=507657.76500000007 840329.43250000023 137286.37700000001 303117.76850000006 1182183.7235000001 9241.5975000000017 684755.53550000011 0.25000000000000006 0.15000000000000005 0.15000000000000005 3304.2185000000004 30.574000000000002 0.25000000000000006 43.781500000000008 0.15000000000000005 66.080000000000013 71.424500000000009 68.52800000000002 6.4535000000000009 0.25000000000000006 22.312000000000005 89.988000000000014 10279.872000000001 13134.513000000001 78.163500000000013 26343.954000000005 0.15000000000000005 2579.4600000000005 42.413500000000006 18495.691000000003
decision_type=2 2 2 2 2 2 2 2 2 2 2 2 2 2 2 2 2 2 2 2 2 2 2 2 2 2 2 2 2 2
left_child=2 6 5 7 9 10 -2 -4 -5 -3 -1 -12 13 26 15 -15 17 -9 -14 22 -21 24 -7 -24 -22 -18 27 -13 -29 -28
right_child=1 4 3 8 -6 19 -8 16 -10 -11 11 12 18 14 -16 -17 25 -19 -20 20 21 -23 23 -25 -26 -27 29 28 -30 -31
leaf_value=-10.188013203938802 11.989046308729385 20.300708007812503 -1.4313331450734821 1.8708232402801515 33.395714314778644 -1.2855239947636923 18.662479146321616 2.8768286466598512 9.3885174751281735 27.460880661010744 -8.5945647557576503 -11.570789337158203 3.5325778961181644 -8.1306343078613281 -5.4883539472307481 -16.294636535644532 7.1751345316569015 -7.4525688171386726 -3.8747136622667315 -8.5072906494140632 -0.97478286316900553 7.4218254089355469 -6.5367474964686814 -3.0996058146158858 -6.6374036788940431 -0.96587362289428713 -1.1486650466918946 5.5990913391113288 -3.8923573811848962 -8.3805517196655277
leaf_weight=36 108 24 168 24 36 72 36 24 48 48 72 11.999999999999998 11.999999999999998 60 84 24 36 11.999999999999998 144 24 132 11.999999999999998 168 144 24 11.999999999999998 24 24 36 48
leaf_count=36 108 24 168 24 36 72 36 24 48 48 72 12 12 60 84 24 36 12 144 24 132 12 168 144 24 12 24 24 36 48
internal_value=6.73312e-09 19.7391 -3.37009 1.48584 27.848 -4.73582 13.6574 -0.0560974 6.88262 25.0742 -5.9297 -5.64581 -5.19216 -6.13577 -7.97578 -10.4632 2.69437 -0.566304 -3.30492 -3.54194 -2.09939 -1.18397 -4.26321 -4.95037 -1.84596 5.13988 -3.9891 -2.00828 -0.0957779 -5.96992
internal_weight=1728 252 1476 324 108 1152 144 252 72 72 576 540 468 312 168 84 84 36 156 576 192 168 384 312 156 48 144 72 60 72
internal_count=1728 252 1476 324 108 1152 144 252 72 72 576 540 468 312 168 84 84 36 156 576 192 168 384 312 156 48 144 72 60 72
is_linear=0
shrinkage=0.05


Tree=129
num_leaves=31
num_cat=0
split_feature=0 0 0 0 0 1 0 6 6 6 2 2 0 2 6 3 6 2 1 0 4 6 1 6 1 2 0 6 0 6
split_gain=4.14973e+07 4.48637e+06 3.54218e+06 1.14164e+06 623812 444111 434080 408182 326435 303281 270013 288278 251370 260774 300867 444884 375247 412474 250539 265810 219404 218948 215331 203967 475350 468311 302086 198602 196920 187196
threshold=507657.76500000007 840329.43250000023 100590.71350000003 303117.76850000006 1048200.1775000001 9241.5975000000017 684755.53550000011 0.25000000000000006 0.15000000000000005 0.15000000000000005 71.424500000000009 68.52800000000002 3304.2185000000004 30.574000000000002 0.25000000000000006 43.781500000000008 0.15000000000000005 66.080000000000013 10129.240500000002 55159.639500000012 6.4535000000000009 0.25000000000000006 26343.954000000005 0.15000000000000005 2579.4600000000005 42.413500000000006 18495.691000000003 0.25000000000000006 12036.576500000001 0.15000000000000005
decision_type=2 2 2 2 2 2 2 2 2 2 2 2 2 2 2 2 2 2 2 2 2 2 2 2 2 2 2 2 2 2
left_child=2 6 5 7 27 12 29 -4 -5 -6 11 -9 -1 -14 15 23 17 -17 -7 -20 -16 -8 -12 24 -15 -26 -25 -3 -18 -2
right_child=1 4 3 8 9 18 21 10 -10 -11 22 -13 13 14 20 16 28 -19 19 -21 -22 -23 -24 26 25 -27 -28 -29 -30 -31
leaf_value=-9.6786122639973957 8.4457059224446613 18.455573272705077 -1.6769666512807211 1.7772820949554444 24.553376770019533 -0.87018944422403965 14.972118759155274 1.584498143196106 8.9190915107727058 31.437246704101565 6.8163775126139328 -7.0799407958984375 -8.164836502075195 -10.992250061035158 3.3559490203857423 -7.7241024780273442 -11.143890380859375 -15.479904174804688 -5.8099599123001102 -3.1789623350732858 -3.680977984517813 23.243827819824219 -0.91757993698120122 -1.0912317752838134 5.3191368103027346 -3.6977395375569664 -7.961524105072022 26.33359069824219 -4.2256104230880736 12.861537933349609
leaf_weight=36 36 24 216 24 24 72 24 48 48 48 36 11.999999999999998 72 11.999999999999998 11.999999999999998 60 11.999999999999998 24 144 288 144 11.999999999999998 11.999999999999998 24 24 36 48 11.999999999999998 72 72
leaf_count=36 36 24 216 24 24 72 24 48 48 48 36 12 72 12 12 60 12 24 144 288 144 12 12 24 24 36 48 12 72 72
internal_value=1.78676e-09 18.7521 -3.20158 0.843489 26.4556 -4.68478 12.9745 -0.422066 6.53849 29.1426 2.08773 -0.14839 -5.63321 -5.36352 -4.93255 -5.82899 -7.57699 -9.94005 -3.60085 -4.05596 -3.13968 17.7294 4.88289 -3.78965 -1.90787 -0.090989 -5.67143 21.0816 -5.21394 11.3896
internal_weight=1728 252 1476 396 108 1080 144 324 72 72 108 60 576 540 468 312 168 84 504 432 156 36 48 144 72 60 72 36 84 108
internal_count=1728 252 1476 396 108 1080 144 324 72 72 108 60 576 540 468 312 168 84 504 432 156 36 48 144 72 60 72 36 84 108
is_linear=0
shrinkage=0.05


Tree=130
num_leaves=31
num_cat=0
split_feature=0 0 0 0 0 0 0 6 2 2 1 1 2 3 2 6 6 0 6 6 2 2 6 1 6 2 6 6 6 0
split_gain=3.74513e+07 4.04894e+06 3.20736e+06 873922 569769 550628 391757 391713 552216 544496 519364 629512 720292 398520 356034 316422 310647 306889 305966 283558 214996 281532 197600 194336 184753 180785 339231 176734 175930 214752
threshold=507657.76500000007 840329.43250000023 137286.37700000001 303117.76850000006 1182183.7235000001 38531.177500000013 684755.53550000011 0.15000000000000005 106.31000000000002 76.349000000000018 9804.0705000000016 11991.799500000003 76.349000000000018 46.238000000000007 30.574000000000002 0.15000000000000005 0.25000000000000006 3304.2185000000004 0.25000000000000006 0.25000000000000006 71.424500000000009 68.52800000000002 0.25000000000000006 26343.954000000005 0.15000000000000005 81.107000000000014 0.15000000000000005 0.15000000000000005 0.25000000000000006 573241.87500000012
decision_type=2 2 2 2 2 2 2 2 2 2 2 2 2 2 2 2 2 2 2 2 2 2 2 2 2 2 2 2 2 2
left_child=2 6 5 16 19 14 28 10 9 -9 -7 -12 13 -13 15 -1 25 27 -5 -3 21 -18 -8 -22 -6 -4 -27 -16 -2 -30
right_child=1 4 3 18 24 7 22 8 -10 -11 11 12 -14 -15 17 -17 20 -19 -20 -21 23 -23 -24 -25 -26 26 -28 -29 29 -31
leaf_value=-4.0821962356567383 9.3931481679280591 20.346087646484378 0.14453709125518799 3.9068056821823123 25.203211975097659 -11.865732192993164 14.223512268066408 -2.459972867700789 -9.4888103485107429 3.2920444369316102 0.79945006370544436 -7.876443735758464 -13.721522521972657 -0.91718692779541022 -14.149119567871095 -9.8233302434285488 2.6537623167037965 -4.4039496360680994 10.821080780029298 27.002354431152344 6.4755587259928395 -6.7259437561035158 22.081636047363283 -0.87170095443725593 32.801588439941405 -6.6018908182779956 0.26217401822408043 -6.717462730407715 8.2126693725585938 16.404734802246093
leaf_weight=36 72 48 96 48 11.999999999999998 24 24 288 24 48 48 36 24 48 11.999999999999998 72 24 468 24 24 36 11.999999999999998 11.999999999999998 11.999999999999998 24 36 36 24 11.999999999999998 24
leaf_count=36 72 48 96 48 12 24 24 288 24 48 48 36 24 48 12 72 24 468 24 24 36 12 12 12 24 36 36 24 12 24
internal_value=-5.05536e-08 17.8145 -3.04151 1.35345 25.1328 -4.27759 12.3258 -3.11386 -2.16163 -1.63826 -5.01832 -3.96487 -6.08235 -3.89973 -5.3044 -7.90962 -0.0345856 -4.74614 6.21156 22.5648 2.44808 -0.472806 16.8429 4.63874 30.2688 -1.27592 -3.16986 -9.19468 10.8201 13.674
internal_weight=1728 252 1476 324 108 1152 144 540 360 336 180 156 108 84 612 108 252 504 72 72 84 36 36 48 36 168 72 36 108 36
internal_count=1728 252 1476 324 108 1152 144 540 360 336 180 156 108 84 612 108 252 504 72 72 84 36 36 48 36 168 72 36 108 36
is_linear=0
shrinkage=0.05


Tree=131
num_leaves=31
num_cat=0
split_feature=0 0 1 0 0 0 6 6 0 1 6 4 2 0 0 6 4 3 1 0 4 2 4 3 6 3 0 1 6 6
split_gain=3.38138e+07 4.689e+06 2.18755e+06 571891 536426 535028 428813 344194 312786 286612 283911 634888 496479 308785 276181 261464 258563 233534 228660 199494 197643 197543 238348 252390 192586 191799 184517 181289 175981 170281
threshold=388286.60400000011 840329.43250000023 13436.337500000001 240407.42100000003 573241.87500000012 1048200.1775000001 0.25000000000000006 0.25000000000000006 18495.691000000003 11991.799500000003 0.15000000000000005 101.94350000000001 81.107000000000014 145818.27200000003 208019.18150000004 0.25000000000000006 6.4535000000000009 76.597500000000011 16961.718500000003 90630.424000000014 33.389500000000005 31.205000000000002 17.934000000000005 30.154500000000002 0.15000000000000005 31.992000000000001 153655.73400000003 26343.954000000005 0.15000000000000005 0.25000000000000006
decision_type=2 2 2 2 2 2 2 2 2 2 2 2 2 2 2 2 2 2 2 2 2 2 2 2 2 2 2 2 2 2
left_child=2 4 7 10 -2 28 -6 8 24 16 11 13 18 -4 26 -7 -9 20 -12 -11 -10 -18 -23 -24 -1 -25 -13 29 -3 -14
right_child=1 5 3 -5 6 15 -8 9 17 19 12 14 27 -15 -16 -17 21 -19 -20 -21 -22 22 23 25 -26 -27 -28 -29 -30 -31
leaf_value=-8.6952302932739265 7.3549348513285331 13.955390930175781 -9.8281021118164062 2.871691499816047 10.698772303263347 24.234086990356445 17.382183329264322 3.4083488464355471 -1.9794465541839601 2.2774183193842572 -0.73184373776117972 0.28068459828694664 1.3242357889811198 -2.5063196659088138 -6.4102035522460943 30.625779724121095 -6.3295212745666509 -6.7013674199581148 -4.9584321975708008 -5.1667076110839849 -4.5991042743126549 -5.5327861467997232 -6.4800159454345705 5.1656158447265632 -5.3094588824680882 -1.5920762879507881 7.4399215698242189 -1.2620676994323732 21.371190643310548 6.1873711903889976
leaf_weight=84 72 11.999999999999998 36 108 72 48 36 11.999999999999998 96 36 96 36 36 24 11.999999999999998 24 72 96 48 11.999999999999998 288 72 24 11.999999999999998 84 84 11.999999999999998 24 24 36
leaf_count=84 72 12 36 108 72 48 36 12 96 36 96 36 36 24 12 24 72 96 48 12 288 72 24 12 84 84 12 24 24 36
internal_value=-5.53551e-08 15.6398 -3.12795 -0.319429 10.6979 23.8762 12.9266 -4.48021 -5.14552 -3.14959 -1.27677 -3.26252 -0.28389 -6.89939 0.374354 26.3647 -3.76976 -4.49563 -2.14071 0.416387 -3.94419 -4.09604 -3.25848 -1.8939 -7.00234 -0.747365 2.07049 2.50134 18.8993 3.7558
internal_weight=1728 288 1440 468 180 108 108 972 648 324 360 120 240 60 60 72 276 480 144 48 384 264 192 120 168 96 48 96 36 72
internal_count=1728 288 1440 468 180 108 108 972 648 324 360 120 240 60 60 72 276 480 144 48 384 264 192 120 168 96 48 96 36 72
is_linear=0
shrinkage=0.05


Tree=132
num_leaves=31
num_cat=0
split_feature=0 0 0 0 0 0 0 6 6 2 1 6 0 6 2 2 3 4 6 2 3 1 1 0 0 3 6 1 4 3
split_gain=3.05234e+07 3.29288e+06 2.63001e+06 847085 488325 342177 336345 317060 284640 286223 345949 279787 241538 238136 194190 223770 178832 178492 320929 736400 576907 428868 468053 328839 345373 327049 177977 165399 198881 171590
threshold=507657.76500000007 840329.43250000023 100590.71350000003 303117.76850000006 1182183.7235000001 684755.53550000011 19740.918500000003 0.25000000000000006 0.25000000000000006 22.312000000000005 15858.327500000001 0.15000000000000005 22666.579000000002 0.15000000000000005 71.424500000000009 68.52800000000002 31.992000000000001 99.099000000000018 0.15000000000000005 31.205000000000002 62.127500000000005 12794.753500000003 10484.007500000002 44158.321000000004 41777.992500000008 64.121000000000009 0.15000000000000005 11548.453500000001 137.47000000000003 52.614000000000004
decision_type=2 2 2 2 2 2 2 2 2 2 2 2 2 2 2 2 2 2 2 2 2 2 2 2 2 2 2 2 2 2
left_child=2 5 6 7 13 -2 16 -4 17 -10 12 -5 -11 -3 15 -9 -1 18 21 -20 -21 22 23 24 -8 -22 -7 29 -29 -14
right_child=1 4 3 11 -6 26 8 14 9 10 -12 -13 27 -15 -16 -17 -18 -19 19 20 25 -23 -24 -25 -26 -27 -28 28 -30 -31
leaf_value=-7.5693138758341476 9.7256402757432738 16.238407897949219 -1.4564081721835667 1.2374119758605957 27.437124633789065 10.38258514404297 -6.9177180153982976 1.4919765070080757 -7.2679214477539062 4.9073348999023443 6.7357116699218755 7.8492741584777832 -5.8282719612121587 22.338301849365237 4.2320021271705626 -6.1417247772216799 -4.7437953040713357 -2.9327557295560838 -15.166987609863282 -6.7507304191589359 7.6840446472167976 -12.622209930419922 0.95981726050376892 -14.563243103027345 2.1504447937011721 -1.1402892734323229 17.840328979492188 2.1635475317637129 -3.0921472337510849 -2.0807586261204309
leaf_weight=72 108 24 216 24 36 11.999999999999998 84 48 24 11.999999999999998 11.999999999999998 48 48 48 48 11.999999999999998 252 192 11.999999999999998 48 11.999999999999998 24 24 11.999999999999998 11.999999999999998 84 24 36 36 84
leaf_count=72 108 24 216 24 36 12 84 48 24 12 12 48 48 48 48 12 252 192 12 48 12 24 24 12 12 84 24 36 36 84
internal_value=-2.33176e-08 16.0826 -2.74582 0.73972 22.6824 11.1328 -4.02385 -0.350413 -3.4462 -2.07414 -1.52743 5.64532 -1.98649 20.305 1.86158 -0.0347637 -5.37169 -4.13223 -4.87037 -3.26676 -2.27508 -6.47397 -5.35611 -6.75965 -5.7842 -0.0372475 15.3544 -2.39201 -0.4643 -3.44349
internal_weight=1728 252 1476 396 108 144 1080 324 756 252 228 72 216 72 108 60 324 504 312 156 144 156 132 108 96 96 36 204 72 132
internal_count=1728 252 1476 396 108 144 1080 324 756 252 228 72 216 72 108 60 324 504 312 156 144 156 132 108 96 96 36 204 72 132
is_linear=0
shrinkage=0.05


Tree=133
num_leaves=31
num_cat=0
split_feature=0 0 1 0 6 0 0 2 6 3 1 3 0 4 6 1 6 6 4 2 0 2 6 2 0 0 0 0 0 0
split_gain=2.75572e+07 3.81512e+06 1.80063e+06 478641 466785 458889 361236 297964 334573 787216 797467 703673 469635 273531 257980 242891 230082 199130 644341 363381 263966 255693 193388 189147 219427 606590 179981 190969 190636 174100
threshold=388286.60400000011 840329.43250000023 13436.337500000001 256199.82050000003 0.15000000000000005 1048200.1775000001 684755.53550000011 22.312000000000005 0.15000000000000005 43.781500000000008 2579.4600000000005 62.127500000000005 68725.196500000005 149.54050000000004 0.15000000000000005 7848.9580000000014 0.25000000000000006 0.15000000000000005 101.94350000000001 81.107000000000014 145818.27200000003 81.107000000000014 0.15000000000000005 63.551500000000011 44158.321000000004 41777.992500000008 68725.196500000005 7391.9660000000013 4747.4170000000004 507657.76500000007
decision_type=2 2 2 2 2 2 2 2 2 2 2 2 2 2 2 2 2 2 2 2 2 2 2 2 2 2 2 2 2 2
left_child=2 4 7 17 29 -3 -6 22 9 10 -9 26 13 -12 -5 -13 -7 18 20 -19 -4 -20 -1 -11 25 -25 27 28 -10 -2
right_child=1 5 3 14 6 16 -8 8 11 23 12 15 -14 -15 -16 -17 -18 19 21 -21 -22 -23 -24 24 -26 -27 -28 -29 -30 -31
leaf_value=-3.4810585856437686 0.67367191314697272 16.939044443766274 -9.077779897054036 -0.75833930969238283 10.090035963058472 21.854245758056642 16.948312377929689 -11.089462661743164 -4.3188025474548342 -6.0201042175292976 -0.66496881246566775 -5.3304111480712892 -7.5078208923339851 7.3418258666992191 5.5906331062316896 0.04691137527780874 27.850104522705081 -1.5669749491271521 1.9783263397216797 2.2892551928758622 -2.3081831932067871 -6.0168727874755863 -8.9780443191528327 -10.937728627522787 -13.547947692871094 2.042922592163086 -2.0273742278416953 -5.4046023585579617 1.1389286518096924 7.4070689201354982
leaf_weight=24 11.999999999999998 36 36 24 96 48 24 24 48 72 96 24 24 11.999999999999998 48 168 24 168 60 96 24 11.999999999999998 48 36 24 11.999999999999998 72 264 24 48
leaf_count=24 12 36 36 24 96 48 24 24 48 72 96 24 24 12 48 168 24 168 60 96 24 12 48 36 24 12 72 264 24 48
internal_value=6.96595e-09 14.1189 -2.82378 -0.27571 9.66126 21.5483 11.4617 -4.05062 -3.80302 -5.16637 -2.70558 -3.12134 -1.18123 0.224675 3.47431 -0.625254 23.8529 -0.957532 -2.54318 -0.164709 -6.36994 0.645793 -7.14572 -7.83223 -9.64436 -7.69257 -4.29597 -4.78209 -2.49956 6.06039
internal_weight=1728 288 1440 468 180 108 120 972 900 300 156 600 132 108 72 192 72 396 132 264 60 72 72 144 72 48 408 336 72 60
internal_count=1728 288 1440 468 180 108 120 972 900 300 156 600 132 108 72 192 72 396 132 264 60 72 72 144 72 48 408 336 72 60
is_linear=0
shrinkage=0.05


Tree=134
num_leaves=31
num_cat=0
split_feature=0 0 0 0 0 6 6 0 2 1 0 3 3 3 3 6 6 3 6 4 6 6 0 6 6 2 4 0 4 0
split_gain=2.48847e+07 2.67596e+06 2.15672e+06 689874 418514 409102 283769 320369 298626 314348 282975 254412 246271 254270 240603 212969 181186 173354 157194 153780 168495 152740 151029 143909 141741 141033 154146 154104 134214 128686
threshold=507657.76500000007 840329.43250000023 100590.71350000003 256199.82050000003 1182183.7235000001 0.15000000000000005 0.25000000000000006 18495.691000000003 31.205000000000002 15858.327500000001 684755.53550000011 29.406000000000002 30.154500000000002 36.979000000000006 64.121000000000009 0.25000000000000006 0.25000000000000006 78.015500000000017 0.15000000000000005 115.82000000000001 0.15000000000000005 0.15000000000000005 145818.27200000003 0.25000000000000006 0.15000000000000005 52.25350000000001 14.624000000000001 3923.9490000000001 33.389500000000005 573241.87500000012
decision_type=2 2 2 2 2 2 2 2 2 2 2 2 2 2 2 2 2 2 2 2 2 2 2 2 2 2 2 2 2 2
left_child=2 10 6 16 15 -5 7 18 11 12 24 -8 -10 -14 -15 -3 19 28 25 20 22 -6 -4 -12 -2 27 -27 -1 -16 -26
right_child=1 4 3 5 21 -7 8 -9 9 -11 23 -13 13 14 17 -17 -18 -19 -20 -21 -22 -23 -24 -25 29 26 -28 -29 -30 -31
leaf_value=-0.9696455955505372 6.2179196675618496 16.347099113464356 -7.8020889282226564 -0.26695214907328285 20.266778564453126 6.261047236124675 -1.5555102825164795 -3.6278316502013932 -5.8272160847981773 6.2844631195068361 11.662941360473633 -6.8722711181640621 2.4755815982818605 -3.8375589768091838 3.1940755208333336 22.115669250488281 1.1727139487862588 -3.7647689819335941 -4.5920495033264164 -0.072611591219902044 -0.80796792507171633 27.175547790527347 -2.1927740573883057 18.369013977050781 7.0709957122802738 -12.330131149291994 -5.3896347045898443 -7.5123303731282549 -1.6330324888229371 11.555100440979004
leaf_weight=11.999999999999998 36 48 24 36 11.999999999999998 72 36 552 36 11.999999999999998 24 60 36 96 36 24 96 24 84 96 48 24 24 11.999999999999998 24 24 11.999999999999998 36 24 48
leaf_count=12 36 48 24 36 12 72 36 552 36 12 24 60 36 96 36 24 96 24 84 96 48 24 24 12 24 24 12 36 24 48
internal_value=-3.45452e-08 14.5214 -2.47926 0.677111 20.4708 4.08505 -3.63659 -4.20969 -2.49041 -1.62201 10.0593 -4.87849 -1.99851 -1.36039 -2.12759 18.27 -0.600866 -0.173339 -6.12149 -1.48766 -2.9027 24.8726 -4.99743 13.8983 8.77957 -7.65093 -10.0166 -5.87666 1.26323 10.0604
internal_weight=1728 252 1476 396 108 108 1080 720 360 264 144 96 252 216 180 72 288 84 168 192 96 36 48 36 108 84 36 48 60 72
internal_count=1728 252 1476 396 108 108 1080 720 360 264 144 96 252 216 180 72 288 84 168 192 96 36 48 36 108 84 36 48 60 72
is_linear=0
shrinkage=0.05


Tree=135
num_leaves=31
num_cat=0
split_feature=0 0 1 0 6 0 0 4 6 0 1 3 3 6 6 4 0 4 3 4 2 2 4 6 0 6 4 3 6 6
split_gain=2.248e+07 3.09836e+06 1.47878e+06 393592 389763 386858 312323 288942 253314 227171 205328 263696 255081 197812 190824 347103 304626 185480 178606 165110 146473 170981 141319 365467 222861 139215 134659 132187 304081 179540
threshold=388286.60400000011 840329.43250000023 13436.337500000001 1048200.1775000001 0.25000000000000006 240407.42100000003 619852.88050000009 64.634000000000015 0.25000000000000006 18495.691000000003 11548.453500000001 30.154500000000002 30.583500000000004 0.15000000000000005 0.25000000000000006 101.94350000000001 208019.18150000004 6.4535000000000009 76.597500000000011 33.389500000000005 43.663000000000004 31.992000000000001 101.94350000000001 0.15000000000000005 145818.27200000003 0.15000000000000005 137.47000000000003 67.669000000000025 0.15000000000000005 0.15000000000000005
decision_type=2 2 2 2 2 2 2 2 2 2 2 2 2 2 2 2 2 2 2 2 2 2 2 2 2 2 2 2 2 2
left_child=2 4 8 25 6 14 -2 -6 9 20 11 -10 -13 -5 22 -16 -17 -14 19 -11 21 -1 23 24 -4 -3 -12 29 -29 -21
right_child=1 3 5 13 7 -7 -8 -9 10 18 26 12 17 -15 15 16 -18 -19 -20 27 -22 -23 -24 -25 -26 -27 -28 28 -30 -31
leaf_value=-7.5564744949340827 5.0070292075475065 10.781393432617188 -8.3033574422200527 17.875323486328124 16.274951171874999 2.3833162969392205 10.213886260986328 9.1923274993896484 -6.0345695495605476 -1.4011150121688845 2.0535983403523761 4.8084190368652351 3.3130718231201173 23.434824752807618 3.288434562683106 -3.8711251815160121 5.0355903625488283 -3.107043727238973 -5.6081129066646103 -2.1685891671614215 -7.0939879894256599 -2.3877458095550539 -0.62936346292495726 -0.29661098480224612 -2.0831354141235354 17.377194976806642 -2.781512975692749 -12.976292419433591 -1.7201698303222654 -4.7764152396808974
leaf_weight=24 72 11.999999999999998 36 24 24 108 48 36 60 96 36 11.999999999999998 11.999999999999998 48 60 48 11.999999999999998 180 96 132 96 48 120 60 24 24 24 12 12 132
leaf_count=24 72 12 36 24 24 108 48 36 60 96 36 12 12 48 60 48 12 180 96 132 96 48 120 60 24 24 24 12 12 132
internal_value=-2.10449e-08 12.7521 -2.55042 19.4473 8.73497 -0.24128 7.08977 12.0254 -3.66223 -4.23298 -2.52071 -3.12077 -2.26377 21.5817 -1.02866 0.599326 -2.08978 -2.70579 -3.67913 -3.19689 -5.81542 -4.11066 -1.84265 -3.05594 -5.81527 15.1786 0.119554 -3.79548 -7.34823 -3.4725
internal_weight=1728 288 1440 108 180 468 120 60 972 648 324 264 204 72 360 120 60 192 480 384 168 72 240 120 60 36 60 288 24 264
internal_count=1728 288 1440 108 180 468 120 60 972 648 324 264 204 72 360 120 60 192 480 384 168 72 240 120 60 36 60 288 24 264
is_linear=0
shrinkage=0.05


Tree=136
num_leaves=31
num_cat=0
split_feature=0 0 1 0 0 6 6 2 6 4 3 3 1 0 0 1 6 6 0 3 6 2 4 6 2 2 2 1 1 4
split_gain=2.02898e+07 2.2021e+06 1.75195e+06 689436 538496 365073 252190 237324 274606 691234 598162 505468 435437 234367 437120 204942 181579 180657 173824 276043 169922 156936 162899 139367 535486 295267 259578 189058 159486 136823
threshold=507657.76500000007 1048200.1775000001 13436.337500000001 256199.82050000003 684755.53550000011 0.15000000000000005 0.15000000000000005 22.312000000000005 0.15000000000000005 149.54050000000004 62.127500000000005 62.127500000000005 2579.4600000000005 44158.321000000004 41777.992500000008 7848.9580000000014 0.25000000000000006 0.15000000000000005 68725.196500000005 43.781500000000008 0.25000000000000006 106.31000000000002 149.54050000000004 0.15000000000000005 81.107000000000014 81.107000000000014 68.52800000000002 26343.954000000005 26343.954000000005 101.94350000000001
decision_type=2 2 2 2 2 2 2 2 2 2 2 2 2 2 2 2 2 2 2 2 2 2 2 2 2 2 2 2 2 2
left_child=2 4 7 23 -2 -5 -6 17 9 11 21 12 -9 14 -13 -12 -3 -1 19 -14 -19 22 -10 24 26 -25 29 -26 -27 -4
right_child=1 16 3 5 6 -7 -8 8 10 -11 15 13 18 -15 -16 -17 -18 20 -20 -21 -22 -23 -24 25 27 28 -28 -29 -30 -31
leaf_value=-2.6993870496749879 7.9232857598198798 18.727073669433594 -3.9485665321350099 -0.41649888356526693 9.3207920074462898 5.7502229690551765 15.598106002807619 -9.8018848419189464 -3.2124969053268431 7.2645553588867191 -4.6611965179443358 -8.2614868164062507 -0.36194005012512209 -12.22454833984375 2.1922237396240236 0.27821854693549025 24.053578186035157 -10.987264251708986 -5.6817209879557291 -5.4959692637125652 -5.0374425888061527 -7.646035766601563 -7.4668907165527347 -1.4129570191814786 -8.1632830301920585 3.2397341926892604 7.0769287109375005 -0.91647500991821296 -1.4667312145233156 0.67512576580047612
leaf_weight=24 108 48 24 36 24 72 48 24 360 11.999999999999998 24 60 96 24 11.999999999999998 168 24 24 36 36 24 24 24 168 36 72 11.999999999999998 11.999999999999998 24 48
leaf_count=24 108 48 24 36 24 72 48 24 360 12 24 60 96 24 12 168 24 24 36 36 24 24 24 168 36 72 12 12 24 48
internal_value=-1.83505e-08 13.1123 -2.23869 0.153556 10.1562 3.69465 13.5057 -3.47912 -3.25814 -4.49328 -2.64056 -4.98319 -3.50202 -7.94554 -6.5192 -0.339208 20.5026 -6.24136 -2.60204 -1.76213 -8.01235 -3.72355 -3.4784 -0.812196 -2.13873 -0.14893 0.268614 -6.35158 2.06312 -0.866105
internal_weight=1728 252 1476 504 180 108 72 972 900 300 600 288 192 96 72 192 72 72 168 132 48 408 384 396 132 264 84 48 96 72
internal_count=1728 252 1476 504 180 108 72 972 900 300 600 288 192 96 72 192 72 72 168 132 48 408 384 396 132 264 84 48 96 72
is_linear=0
shrinkage=0.05


Tree=137
num_leaves=31
num_cat=0
split_feature=0 0 1 6 0 0 0 6 0 1 3 3 6 6 4 0 4 3 4 2 2 6 0 4 6 4 6 0 0 0
split_gain=1.83387e+07 2.52887e+06 1.20017e+06 348841 338442 317103 261586 214893 190336 183071 227679 232553 167548 163434 307646 260015 159396 140841 143788 133333 145954 121118 118474 118471 116424 115933 296346 186678 113167 111383
threshold=388286.60400000011 840329.43250000023 13436.337500000001 0.15000000000000005 1182183.7235000001 240407.42100000003 573241.87500000012 0.25000000000000006 18495.691000000003 11548.453500000001 30.154500000000002 30.583500000000004 0.25000000000000006 0.25000000000000006 101.94350000000001 208019.18150000004 6.4535000000000009 76.597500000000011 33.389500000000005 43.663000000000004 31.992000000000001 0.15000000000000005 619852.88050000009 137.47000000000003 0.25000000000000006 101.94350000000001 0.15000000000000005 145818.27200000003 164842.97150000001 38531.177500000013
decision_type=2 2 2 2 2 2 2 2 2 2 2 2 2 2 2 2 2 2 2 2 2 2 2 2 2 2 2 2 2 2
left_child=2 3 7 22 12 13 -5 8 19 10 -9 -12 -3 25 28 -16 -13 18 -10 20 -1 -6 -2 -11 -8 26 27 -4 -15 -18
right_child=1 4 5 6 21 -7 24 9 17 23 11 16 -14 14 15 -17 29 -19 -20 -21 -22 -23 -24 -25 -26 -27 -28 -29 -30 -31
leaf_value=-6.8364843368530277 2.961543639500936 13.881721305847169 -7.5502708435058601 6.5858446121215826 17.423320007324218 2.1529444220993255 9.3404472351074226 -5.5278808212280275 -1.2198358297348024 2.0533646424611409 4.7286231994628904 3.1335073471069337 18.998293304443362 4.1878798007965088 -3.6069212277730309 4.6218242645263672 -3.4399589061737061 -5.0368387430906303 -3.4542582670847573 -6.4991972923278816 -2.0609984278678897 23.575513458251955 7.4967903137207035 -2.4818124771118164 13.361639404296875 -0.59052995085716253 -0.30364868164062503 -1.857352638244629 -1.240796184539795 -0.33050762812296552
leaf_weight=24 36 48 36 48 11.999999999999998 108 36 60 96 36 11.999999999999998 11.999999999999998 24 48 48 11.999999999999998 144 96 288 96 48 24 24 24 36 120 60 24 11.999999999999998 36
leaf_count=24 36 48 36 48 12 108 36 60 96 36 12 12 24 48 48 12 144 96 288 96 48 24 24 24 36 120 60 24 12 36
internal_value=3.79428e-10 11.5177 -2.30355 7.88852 17.5664 -0.223274 9.44496 -3.30516 -3.83085 -2.25377 -2.82038 -2.02405 15.5872 -0.93614 0.570486 -1.96117 -2.4461 -3.32389 -2.89565 -5.27932 -3.65283 21.5248 4.77564 0.239294 11.351 -1.68945 -2.78838 -5.2731 3.10214 -2.81807
internal_weight=1728 288 1440 180 108 468 120 972 648 324 264 204 72 360 120 60 192 480 384 168 72 36 60 60 72 240 120 60 60 180
internal_count=1728 288 1440 180 108 468 120 972 648 324 264 204 72 360 120 60 192 480 384 168 72 36 60 60 72 240 120 60 60 180
is_linear=0
shrinkage=0.05


Tree=138
num_leaves=31
num_cat=0
split_feature=0 0 1 6 0 0 0 2 6 4 3 3 1 0 0 1 6 0 3 6 6 4 4 6 2 4 4 6 0 6
split_gain=1.65507e+07 2.2823e+06 1.08315e+06 314829 305444 286185 236081 199751 237360 622677 525299 452970 388344 209565 382558 176409 167100 156963 240327 154948 147500 277651 240191 146655 136731 145705 114018 112777 108943 108801
threshold=388286.60400000011 840329.43250000023 13436.337500000001 0.15000000000000005 1182183.7235000001 240407.42100000003 573241.87500000012 22.312000000000005 0.15000000000000005 149.54050000000004 62.127500000000005 62.127500000000005 2579.4600000000005 44158.321000000004 41777.992500000008 7848.9580000000014 0.15000000000000005 68725.196500000005 43.781500000000008 0.15000000000000005 0.25000000000000006 101.94350000000001 133.21950000000004 0.25000000000000006 106.31000000000002 149.54050000000004 39.486500000000014 0.25000000000000006 507657.76500000007 0.15000000000000005
decision_type=2 2 2 2 2 2 2 2 2 2 2 2 2 2 2 2 2 2 2 2 2 2 2 2 2 2 2 2 2 2
left_child=2 3 7 28 19 20 -5 16 9 11 24 12 -9 14 -13 -12 -1 18 26 -3 -4 -22 -23 -18 25 -10 -14 -6 -2 -7
right_child=1 4 5 6 27 29 -8 8 10 -11 15 13 17 -15 -16 -17 23 -19 -20 -21 21 22 -24 -25 -26 -27 -28 -29 -30 -31
leaf_value=-2.2675845623016357 0.2757322072982788 11.527599716186524 -1.6049803453683855 6.2565524101257326 18.469688415527344 -0.19904740651448569 10.783491071065267 -9.0977855682373043 -2.8975838804244995 7.0740402221679695 -4.2162168502807615 -7.6359427642822268 2.0307616074879964 -11.401043701171876 2.1436044692993166 0.36647061620439803 -10.141067886352539 -5.2249218622843427 -4.9842004140218101 16.448025131225588 2.9470374488830569 -5.7376361846923833 0.71990159882439508 -4.6135725021362308 -7.0391803741455083 -6.9211904525756838 -1.5285419178009034 24.406251525878908 5.6021421432495124 3.1674694160620374
leaf_weight=24 11.999999999999998 24 240 48 24 36 72 24 360 11.999999999999998 24 60 36 24 11.999999999999998 168 24 36 36 48 60 24 36 24 24 24 60 11.999999999999998 48 72
leaf_count=24 12 24 240 48 24 36 72 24 360 12 24 60 36 24 12 168 24 36 36 48 60 24 36 24 24 24 60 12 48 72
internal_value=-7.17463e-10 10.9418 -2.18837 7.4941 16.6881 -0.212111 8.97272 -3.1399 -2.93717 -4.0855 -2.363 -4.55048 -3.14834 -7.35477 -6.00602 -0.206365 -5.67407 -2.29841 -1.50028 14.8079 -0.889333 0.541962 -1.86311 -7.37732 -3.37789 -3.14906 -0.193803 20.4485 4.53686 2.0453
internal_weight=1728 288 1440 180 108 468 120 972 900 300 600 288 192 96 72 192 72 168 132 72 360 120 60 48 408 384 96 36 60 108
internal_count=1728 288 1440 180 108 468 120 972 900 300 600 288 192 96 72 192 72 168 132 72 360 120 60 48 408 384 96 36 60 108
is_linear=0
shrinkage=0.05


Tree=139
num_leaves=31
num_cat=0
split_feature=0 0 1 0 0 6 6 6 6 1 4 0 6 6 4 4 0 3 4 0 2 1 4 0 1 6 4 2 4 6
split_gain=1.4937e+07 2.0667e+06 977546 531580 263811 206422 205015 182274 178476 163240 196934 161185 143391 123713 120260 127228 116449 110671 122454 107429 107184 107039 159424 105403 148300 104258 245070 199270 145838 267452
threshold=388286.60400000011 684755.53550000011 13436.337500000001 1048200.1775000001 256199.82050000003 0.25000000000000006 0.25000000000000006 0.25000000000000006 0.25000000000000006 11548.453500000001 82.975500000000011 18495.691000000003 0.15000000000000005 0.15000000000000005 6.4535000000000009 17.934000000000005 44158.321000000004 76.597500000000011 33.389500000000005 90630.424000000014 107.75750000000001 2158.8095000000008 17.934000000000005 16052.3765 2158.8095000000008 0.25000000000000006 101.94350000000001 81.107000000000014 101.94350000000001 0.15000000000000005
decision_type=2 2 2 2 2 2 2 2 2 2 2 2 2 2 2 2 2 2 2 2 2 2 2 2 2 2 2 2 2 2
left_child=2 6 7 5 25 -3 20 11 -6 10 14 13 -5 23 -9 -16 -17 18 -13 -11 -2 -15 -23 24 -1 28 -27 -28 29 -4
right_child=1 3 4 12 8 -7 -8 9 -10 19 -12 17 -14 21 15 16 -18 -19 -20 -21 -22 22 -24 -25 -26 26 27 -29 -30 -31
leaf_value=-8.6428962707519528 6.495846462249756 9.6993709564208999 -4.9291992282867438 14.512645721435547 0.82226231098175051 15.378577423095704 8.8272418975830078 2.9585084915161133 6.1030679702758794 1.3974216341972352 -5.4465436935424805 -1.074419093132019 19.246029281616213 -0.62109346389770514 -3.8827173391977947 -0.56974353790283205 -4.4201547622680666 -4.5189664900302891 -3.1364249964555104 -3.8918479919433597 3.1544414222240449 -2.467630767822266 -7.7285942077636722 -10.495261383056642 -3.8291825652122498 2.7996854591369633 -2.7034047905604046 4.3547378540039068 -0.20857849717140198 -0.20821722030639647
leaf_weight=24 48 48 60 24 48 24 48 11.999999999999998 24 48 48 96 48 24 72 108 24 96 288 11.999999999999998 48 36 24 11.999999999999998 48 60 60 11.999999999999998 144 60
leaf_count=24 48 48 60 24 48 24 48 12 24 48 48 96 48 24 72 108 24 96 288 12 48 36 24 12 48 60 60 12 144 60
internal_value=-7.00906e-09 10.3948 -2.07895 14.6303 -0.201505 11.5924 6.15918 -2.98291 2.58253 -2.0146 -2.54964 -3.46706 17.6682 -4.8 -1.90588 -2.19202 -1.26982 -3.00053 -2.62092 0.339568 4.82514 -3.44318 -4.57202 -6.15683 -5.43375 -0.707693 0.439649 -1.52705 -1.28136 -2.56871
internal_weight=1728 288 1440 144 468 72 144 972 72 324 264 648 72 168 216 204 132 480 384 60 96 84 60 84 72 396 132 72 264 120
internal_count=1728 288 1440 144 468 72 144 972 72 324 264 648 72 168 216 204 132 480 384 60 96 84 60 84 72 396 132 72 264 120
is_linear=0
shrinkage=0.05


Tree=140
num_leaves=31
num_cat=0
split_feature=0 0 1 6 0 0 0 2 6 4 3 3 1 0 0 1 6 0 3 6 6 6 4 4 2 4 0 0 0 6
split_gain=1.34806e+07 1.86651e+06 882235 269698 260257 239645 203734 169563 196463 558505 462861 405107 320481 190274 331739 149807 149593 140916 217154 131716 124620 119502 228646 208538 119375 125232 102706 229103 142536 136949
threshold=388286.60400000011 840329.43250000023 13436.337500000001 0.15000000000000005 1182183.7235000001 240407.42100000003 573241.87500000012 22.312000000000005 0.15000000000000005 149.54050000000004 62.127500000000005 62.127500000000005 2579.4600000000005 44158.321000000004 41777.992500000008 7848.9580000000014 0.15000000000000005 68725.196500000005 43.781500000000008 0.25000000000000006 0.25000000000000006 0.25000000000000006 101.94350000000001 133.21950000000004 106.31000000000002 149.54050000000004 19740.918500000003 7391.9660000000013 4747.4170000000004 0.25000000000000006
decision_type=2 2 2 2 2 2 2 2 2 2 2 2 2 2 2 2 2 2 2 2 2 2 2 2 2 2 2 2 2 2
left_child=2 3 7 -2 19 21 -5 16 9 11 24 12 -9 14 -13 -12 -1 18 -14 -3 -18 -4 -23 -24 25 26 27 28 -10 -28
right_child=1 4 5 6 -6 -7 -8 8 10 -11 15 13 17 -15 -16 -17 20 -19 -20 -21 -22 22 23 -25 -26 -27 29 -29 -30 -31
leaf_value=-1.9455017089843751 4.0200176787376405 11.823777198791504 -1.4552991652488709 5.6024149894714359 18.542704264322918 1.8742844276958044 9.8077939987182621 -8.2107513427734382 -2.974178171157837 6.8771598815917976 -3.7953639030456543 -7.0167052459716803 -0.035849541425704956 -10.639606857299805 2.0901451110839844 0.42768439224788124 -9.3278251647949215 -4.806854502360026 -4.5894439697265623 16.360362243652343 -4.2324867248535156 2.6597012519836429 -5.3155841827392578 0.70144103103213851 -6.4983070373535163 -6.3605571746826177 -3.1756899714469911 -5.132212603092194 1.7450625419616701 -0.50496966838836677
leaf_weight=24 60 48 240 48 36 108 72 24 48 11.999999999999998 24 60 96 24 11.999999999999998 168 24 36 36 24 24 60 24 36 24 24 96 96 24 96
leaf_count=24 60 48 240 48 36 108 72 24 48 12 24 60 96 24 12 168 24 36 36 24 24 60 24 36 24 24 96 96 24 96
internal_value=-6.34679e-09 9.87502 -1.975 6.7571 15.0715 -0.19143 8.12564 -2.83376 -2.64697 -3.69171 -2.12461 -4.13207 -2.80607 -6.78407 -5.4989 -0.100197 -5.1686 -2.03398 -1.27774 13.336 -6.78016 -0.811144 0.477166 -1.70537 -3.07727 -2.86346 -2.63032 -3.53316 -1.4011 -1.84033
internal_weight=1728 288 1440 180 108 468 120 972 900 300 600 288 192 96 72 192 72 168 132 72 48 360 120 60 408 384 360 168 72 192
internal_count=1728 288 1440 180 108 468 120 972 900 300 600 288 192 96 72 192 72 168 132 72 48 360 120 60 408 384 360 168 72 192
is_linear=0
shrinkage=0.05


Tree=141
num_leaves=31
num_cat=0
split_feature=0 0 1 0 6 6 2 6 4 3 3 1 0 0 6 2 2 2 1 1 1 6 0 3 6 0 6 0 0 0
split_gain=1.21844e+07 2.09499e+06 575979 436456 234914 173688 153031 177308 504050 417732 365609 289234 171722 299394 148833 438258 312533 229026 158567 154701 135201 135008 127176 195982 126167 113350 112469 110637 142760 128639
threshold=303117.76850000006 684755.53550000011 13436.337500000001 1048200.1775000001 0.25000000000000006 0.25000000000000006 22.312000000000005 0.15000000000000005 149.54050000000004 62.127500000000005 62.127500000000005 2579.4600000000005 44158.321000000004 41777.992500000008 0.15000000000000005 71.424500000000009 71.424500000000009 68.52800000000002 25946.188500000004 26343.954000000005 7848.9580000000014 0.15000000000000005 68725.196500000005 43.781500000000008 0.15000000000000005 619852.88050000009 0.25000000000000006 68725.196500000005 7391.9660000000013 4747.4170000000004
decision_type=2 2 2 2 2 2 2 2 2 2 2 2 2 2 2 2 2 2 2 2 2 2 2 2 2 2 2 2 2 2
left_child=2 4 6 5 25 -3 21 8 10 27 11 -8 13 -12 15 17 -16 -4 -17 -18 -11 -1 23 -13 -5 -2 -23 28 29 -9
right_child=1 3 14 24 -6 -7 7 9 -10 20 12 22 -14 -15 16 18 19 -19 -20 -21 -22 26 -24 -25 -26 -27 -28 -29 -30 -31
leaf_value=-1.8482265949249268 3.0983046747744085 8.7459602355957031 -0.54492351214090984 13.027851104736328 7.6983847808837895 13.9554443359375 -7.8002140045166017 -2.8254692554473877 6.5333015441894533 -3.6055956840515138 -6.6658699035644533 -0.034057027101516722 -10.107626342773438 1.9856378555297853 -1.2336631354831515 -7.1728040059407547 3.0049070656299595 6.9160514831542974 -1.9259989142417908 -1.4832316875457765 0.40630022457667758 -8.8614341735839854 -4.5665117899576826 -4.3599717458089193 17.467858505249023 6.9400611877441412 -4.0208623886108397 -1.1447460134824119 -3.8427815784107562 1.6578094005584718
leaf_weight=24 96 48 72 24 60 24 24 48 11.999999999999998 24 60 96 24 11.999999999999998 168 36 96 11.999999999999998 24 24 168 24 36 36 48 24 24 72 264 24
leaf_count=24 96 48 72 24 60 24 24 48 12 24 60 96 24 12 168 36 96 12 24 24 168 24 36 36 48 24 24 72 264 24
internal_value=-1.29281e-08 8.74001 -2.01693 13.2352 5.1439 10.4825 -2.69207 -2.51463 -3.50712 -2.01838 -3.92547 -2.66577 -6.44487 -5.22395 -0.497844 -1.81032 0.158396 0.52093 -5.07408 2.10728 -0.0951868 -4.91017 -1.93228 -1.21385 15.9879 3.86666 -6.44115 -2.92341 -3.30455 -1.33104
internal_weight=1728 324 1404 144 180 72 972 900 300 600 288 192 96 72 432 144 288 84 60 120 192 72 168 132 72 120 48 408 336 72
internal_count=1728 324 1404 144 180 72 972 900 300 600 288 192 96 72 432 144 288 84 60 120 192 72 168 132 72 120 48 408 336 72
is_linear=0
shrinkage=0.05


Tree=142
num_leaves=31
num_cat=0
split_feature=0 0 0 0 0 6 6 1 6 1 6 1 6 2 2 6 0 0 6 3 6 2 3 2 4 2 6 4 1 2
split_gain=1.10133e+07 1.23211e+06 956162 338169 302168 166361 164964 158534 145235 121914 118484 98590.9 259483 314692 284132 111953 301181 288341 114967 96970.7 163620 223793 202200 118275 112802 93147.4 91396.9 87095.3 122387 94141.3
threshold=507657.76500000007 1048200.1775000001 100590.71350000003 303117.76850000006 684755.53550000011 0.25000000000000006 0.15000000000000005 9241.5975000000017 0.25000000000000006 10279.872000000001 0.25000000000000006 11548.453500000001 0.15000000000000005 76.349000000000018 76.349000000000018 0.15000000000000005 37405.976000000002 37405.976000000002 0.25000000000000006 30.154500000000002 0.25000000000000006 43.663000000000004 30.583500000000004 30.574000000000002 6.4535000000000009 57.764500000000005 0.25000000000000006 99.63600000000001 26343.954000000005 81.107000000000014
decision_type=2 2 2 2 2 2 2 2 2 2 2 2 2 2 2 2 2 2 2 2 2 2 2 2 2 2 2 2 2 2
left_child=2 4 7 8 -2 -5 -6 19 -4 -9 -3 15 13 -13 -14 17 26 -11 -18 -1 21 23 -22 -21 -24 -26 -17 28 -10 -29
right_child=1 10 3 5 6 -7 -8 9 27 11 -12 12 14 -15 -16 16 18 -19 -20 20 22 -23 24 -25 25 -27 -28 29 -30 -31
leaf_value=-4.3370985878838431 5.7766337924533424 13.754232597351075 -0.98504963517189026 1.8523333072662354 6.5736846923828125 6.9507614135742193 11.650655937194825 -0.28326276143391932 4.3057355244954429 -7.5184616088867191 18.056925201416018 -2.1650247653325398 -1.7445922401216294 -8.7761661529541026 2.6974093556404117 3.0537761688232421 -9.3387596130371104 1.9739930152893068 -4.4447423934936525 -5.3459247589111332 4.8829460144042969 -4.7824390331904096 2.7688838958740236 -1.5546536366144816 -1.6682715362972684 -5.1119674682617191 -3.1172897338867185 -0.99967751502990732 -1.5249160766601564 3.9516834259033207
leaf_weight=108 108 48 216 48 24 24 48 108 36 11.999999999999998 24 72 144 24 48 12 24 24 24 24 11.999999999999998 144 11.999999999999998 144 108 24 12 48 11.999999999999998 11.999999999999998
leaf_count=108 108 48 216 48 24 24 48 108 36 12 24 72 144 24 48 12 24 24 24 24 12 144 12 144 108 24 12 48 12 12
internal_value=-1.05688e-08 9.6605 -1.64935 0.45228 7.44931 3.55181 9.95833 -2.41995 -0.236505 -1.77234 15.1885 -2.17845 -1.69533 -3.81781 -0.634092 -3.46678 -4.60509 -1.19016 -6.89175 -2.98661 -2.67496 -3.33604 -1.35281 -2.09626 -1.87246 -2.2944 -0.0317568 1.26058 2.84807 -0.00940533
internal_weight=1728 252 1476 396 180 72 72 1080 324 504 72 396 288 96 192 108 72 36 48 576 468 312 156 168 144 132 24 108 48 60
internal_count=1728 252 1476 396 180 72 72 1080 324 504 72 396 288 96 192 108 72 36 48 576 468 312 156 168 144 132 24 108 48 60
is_linear=0
shrinkage=0.05


Tree=143
num_leaves=31
num_cat=0
split_feature=0 0 0 1 6 6 2 6 4 3 3 1 0 0 0 1 0 3 6 0 6 4 2 4 6 6 4 4 0 4
split_gain=9.96071e+06 1.25938e+06 830800 313492 283452 144195 128323 149856 448064 352713 321234 259912 141533 260898 128074 119374 117271 165642 112231 109760 108133 99597.1 112823 93222.3 92264 90524.1 192357 177857 89719.9 87682.3
threshold=573241.87500000012 240407.42100000003 1048200.1775000001 13436.337500000001 0.25000000000000006 0.15000000000000005 22.312000000000005 0.15000000000000005 149.54050000000004 62.127500000000005 62.127500000000005 2579.4600000000005 44158.321000000004 41777.992500000008 619852.88050000009 7848.9580000000014 68725.196500000005 43.781500000000008 0.15000000000000005 256199.82050000003 0.15000000000000005 149.54050000000004 57.764500000000005 39.486500000000014 0.25000000000000006 0.25000000000000006 101.94350000000001 133.21950000000004 164842.97150000001 101.94350000000001
decision_type=2 2 2 2 2 2 2 2 2 2 2 2 2 2 2 2 2 2 2 2 2 2 2 2 2 2 2 2 2 2
left_child=1 3 4 6 14 -3 18 8 10 21 11 -8 13 -12 -2 -11 17 23 -1 -7 -4 22 -9 -13 -20 29 28 -28 -27 -5
right_child=2 5 20 25 -6 19 7 9 -10 15 12 16 -14 -15 -16 -17 -18 -19 24 -21 -22 -23 -24 -25 -26 26 27 -29 -30 -31
leaf_value=-1.6715169429779053 3.119183444976807 0.48928649425506593 11.688747024536134 -2.2212011528015139 10.988191986083985 0.46697168350219731 -7.2629095077514654 -2.0379980041430548 6.2843692779541023 -3.3447427749633789 -6.1756418228149421 2.0856412410736085 -9.2632801055908214 1.9005191802978516 7.3367779413859058 0.42503028597150538 -4.2299350738525394 -3.9028511683146156 -8.0512453079223629 4.2473990917205811 15.799186706542969 -5.7698169708251958 -4.2337886174519861 -1.1327490425109863 -3.6669939994812015 3.3850184440612794 -4.9195150375366214 0.63728566302193546 -1.4486701965332032 -0.30980651855468749
leaf_weight=24 24 60 24 120 48 24 24 312 11.999999999999998 24 60 36 24 11.999999999999998 72 168 36 36 24 96 48 24 72 60 24 48 24 36 11.999999999999998 120
leaf_count=24 24 60 24 120 48 24 24 312 12 24 60 36 24 12 72 168 36 36 24 96 48 24 72 60 24 48 24 36 12 120
internal_value=-1.52047e-08 -1.43481 10.0437 -1.96528 7.85098 2.49064 -2.4321 -2.2696 -3.18204 -1.81339 -3.57647 -2.39569 -5.93803 -4.82961 6.28238 -0.0461913 -1.70037 -1.01049 -4.46325 3.49131 14.429 -2.64501 -2.44971 0.0741473 -5.85912 -0.704862 0.416423 -1.58543 2.41828 -1.2655
internal_weight=1728 1512 216 1332 144 180 972 900 300 600 288 192 96 72 96 192 168 132 72 120 72 408 384 96 48 360 120 60 60 240
internal_count=1728 1512 216 1332 144 180 972 900 300 600 288 192 96 72 96 192 168 132 72 120 72 408 384 96 48 360 120 60 60 240
is_linear=0
shrinkage=0.05


Tree=144
num_leaves=31
num_cat=0
split_feature=0 0 0 1 6 6 2 0 2 1 6 0 1 3 0 2 1 6 6 0 1 0 6 1 6 4 6 1 1 3
split_gain=8.98954e+06 1.13659e+06 749797 286669 255815 236848 399710 276162 252858 184203 130136 115587 114764 109549 106835 119838 106570 101623 101288 99058.1 87436.3 84713.7 83268.2 76723.3 75269.1 71705.8 75920.6 65051.6 113173 78961.9
threshold=573241.87500000012 240407.42100000003 1048200.1775000001 12485.131000000003 0.25000000000000006 0.15000000000000005 76.349000000000018 153655.73400000003 76.349000000000018 26343.954000000005 0.15000000000000005 619852.88050000009 16961.718500000003 46.238000000000007 3304.2185000000004 22.312000000000005 26343.954000000005 0.25000000000000006 0.15000000000000005 256199.82050000003 28539.301500000005 37405.976000000002 0.25000000000000006 55820.384000000005 0.25000000000000006 137.47000000000003 0.25000000000000006 9241.5975000000017 10279.872000000001 43.781500000000008
decision_type=2 2 2 2 2 2 2 2 2 2 2 2 2 2 2 2 2 2 2 2 2 2 2 2 2 2 2 2 2 2
left_child=1 3 4 14 11 6 7 13 12 -8 20 -2 25 -5 -1 18 24 -4 21 -12 -3 -16 -20 -6 -10 26 -7 29 -29 -17
right_child=2 10 17 5 23 8 9 -9 16 -11 19 -13 -14 -15 15 27 -18 -19 22 -21 -22 -23 -24 -25 -26 -27 -28 28 -30 -31
leaf_value=-5.0733193079630539 2.9632241249084474 -3.3525997161865235 12.379322052001953 -4.3288101196289066 11.592905934651693 -1.0024082024892171 -7.047695827484131 6.6349914550781257 1.0704654276371002 -0.12169722318649293 0.4436231255531311 6.969939041137696 -3.3176031112670898 -0.33181920528411868 -4.5585212707519522 -1.8074180466788157 -1.2545741558074952 16.364119720458984 -7.6486831665039068 4.0350290417671202 1.419177693128586 1.3826391220092773 -3.4836441993713381 6.9764114379882818 3.8705601692199707 -1.6102865967485642 2.2448249181111652 -0.22585656907823354 -2.367011547088623 -3.0590989691870556
leaf_weight=36 24 11.999999999999998 48 24 36 36 48 11.999999999999998 48 11.999999999999998 24 72 48 60 12 252 24 24 24 96 48 12 24 11.999999999999998 48 72 36 108 144 252
leaf_count=36 24 12 48 24 36 36 48 12 48 12 24 72 48 60 12 252 24 24 24 96 48 12 24 12 48 72 36 108 144 252
internal_value=-2.7374e-08 -1.36307 9.54149 -1.86701 7.45843 -0.870362 -2.46109 -0.460216 -0.0749972 -5.6625 2.36611 5.96826 -1.20031 -1.47382 -2.40686 -2.29093 1.7255 13.7076 -4.24009 3.31675 0.464822 -1.58794 -5.56616 10.4388 2.47051 -0.494539 0.621208 -2.1053 -1.44937 -2.43326
internal_weight=1728 1512 216 1332 144 468 156 96 312 60 180 96 192 84 864 828 120 72 72 120 60 24 48 48 96 144 72 756 252 504
internal_count=1728 1512 216 1332 144 468 156 96 312 60 180 96 192 84 864 828 120 72 72 120 60 24 48 48 96 144 72 756 252 504
is_linear=0
shrinkage=0.05


Tree=145
num_leaves=31
num_cat=0
split_feature=0 0 1 0 0 6 6 6 1 3 3 0 2 4 4 6 2 2 2 0 1 6 3 2 6 0 3 2 6 1
split_gain=8.11819e+06 901344 708746 266929 233225 140425 136383 121128 116282 152882 186876 112137 97576 97449.8 95468.6 94010.7 423656 215262 135015 122854 107423 92673.9 86701.3 75843.3 78211.3 74327.6 73277.4 68842.2 158256 274387
threshold=507657.76500000007 1048200.1775000001 15858.327500000001 303117.76850000006 684755.53550000011 0.25000000000000006 0.15000000000000005 0.25000000000000006 11548.453500000001 30.154500000000002 30.583500000000004 18495.691000000003 43.663000000000004 6.4535000000000009 137.47000000000003 0.15000000000000005 71.424500000000009 71.424500000000009 68.52800000000002 164842.97150000001 26343.954000000005 0.15000000000000005 29.406000000000002 31.992000000000001 0.15000000000000005 1182183.7235000001 67.669000000000025 74.89200000000001 0.15000000000000005 10279.872000000001
decision_type=2 2 2 2 2 2 2 2 2 2 2 2 2 2 2 2 2 2 2 2 2 2 2 2 2 2 2 2 2 2
left_child=2 4 7 15 -2 -5 -6 11 9 22 -11 12 23 -12 -10 16 18 -17 -4 -18 -19 -3 -9 -1 -25 -23 -13 -28 29 -29
right_child=1 21 3 5 6 -7 -8 8 14 10 13 26 -14 -15 -16 17 19 20 -20 -21 -22 25 -24 24 -26 -27 27 28 -30 -31
leaf_value=-4.5303792953491211 4.9333727306789825 10.485343551635744 0.37365238666534428 1.5049442768096926 5.5296648025512702 6.1891019821166999 10.14592800140381 -3.1430675506591799 1.7208948254585268 4.8310691833496096 2.7621431350708008 -1.78299263343215 -4.6703814029693609 -1.8914061919848124 -1.685288535224067 -1.1947369515895845 -7.1531921386718755 2.5481250524520878 6.303242111206055 -2.5348704497019452 -1.1918454647064209 12.32309799194336 -7.8947463989257818 -3.1062136888504028 0.93037161827087411 16.258185577392577 -4.1988234837849943 1.8167860031127931 0.33180247942606611 -7.4431182861328127
leaf_weight=24 108 24 48 48 24 24 48 48 48 11.999999999999998 11.999999999999998 384 96 180 36 120 24 96 11.999999999999998 36 24 24 11.999999999999998 24 24 24 72 11.999999999999998 36 24
leaf_count=24 108 24 48 48 24 24 48 48 48 12 12 384 96 180 36 120 24 96 12 36 24 24 12 24 24 24 72 12 36 24
internal_value=1.23624e-08 8.29413 -1.41607 0.287188 6.40289 3.06633 8.60717 -2.12087 -1.35921 -1.87477 -1.22223 -2.50169 -3.62682 -1.60056 0.261102 -0.26864 -1.41131 0.302697 1.55957 -4.3822 1.80013 13.0222 -4.0934 -2.23541 -1.08792 14.2906 -2.1437 -3.10558 -2.01234 -4.35648
internal_weight=1728 252 1476 432 180 72 72 1044 348 264 204 696 168 192 84 360 120 240 60 60 120 72 60 72 48 48 528 144 72 36
internal_count=1728 252 1476 432 180 72 72 1044 348 264 204 696 168 192 84 360 120 240 60 60 120 72 60 72 48 48 528 144 72 36
is_linear=0
shrinkage=0.05


Tree=146
num_leaves=31
num_cat=0
split_feature=0 0 0 1 6 6 6 1 3 3 0 4 4 6 0 6 2 6 3 2 1 6 3 0 3 0 0 2 3 3
split_gain=7.33992e+06 926541 607305 232399 224642 110447 104206 102793 137976 168656 99078.3 89501.9 87948.5 87163.2 85391.8 80792.6 78576 106937 116600 88264.7 172098 205019 211620 226942 208772 158566 160595 101052 78846.3 78247.9
threshold=573241.87500000012 240407.42100000003 1048200.1775000001 13436.337500000001 0.25000000000000006 0.15000000000000005 0.25000000000000006 11548.453500000001 30.154500000000002 30.583500000000004 619852.88050000009 6.4535000000000009 6.4535000000000009 0.25000000000000006 90630.424000000014 0.15000000000000005 27.516500000000004 0.15000000000000005 85.117000000000004 43.663000000000004 5600.7615000000014 0.15000000000000005 62.127500000000005 41777.992500000008 52.614000000000004 44158.321000000004 41777.992500000008 106.31000000000002 85.117000000000004 29.406000000000002
decision_type=2 2 2 2 2 2 2 2 2 2 2 2 2 2 2 2 2 2 2 2 2 2 2 2 2 2 2 2 2 2
left_child=1 3 4 6 10 -3 11 8 29 -10 -2 15 -11 -4 -9 -1 17 28 -19 -18 -21 24 27 -24 -22 26 -26 -23 -13 -8
right_child=2 5 13 -5 -6 -7 7 14 9 12 -12 16 -14 -15 -16 -17 19 18 -20 20 21 22 23 -25 25 -27 -28 -29 -30 -31
leaf_value=-8.3519912719726559 2.5683942794799806 0.3837605953216553 11.14095630645752 -0.6014521399554279 9.5398608207702633 3.0111024308204652 -2.9859140872955323 1.4547976391389967 4.5895160675048832 2.6240360260009767 6.2779593785603849 -3.156481766700745 -1.7968359108765921 14.831382369995119 -3.2608612060546878 -2.5499599456787108 -1.3232326534059313 -3.901274998982748 -9.5923934936523434 -4.7820572535196941 -0.27057568232218426 -1.6072400808334351 5.3323367118835456 -0.94458449681599943 -4.7410208225250248 -8.25639762878418 1.725946617126465 -6.7371231079101568 1.5234482765197754 -7.500009155273438
leaf_weight=12 24 60 48 360 48 120 48 48 11.999999999999998 11.999999999999998 72 36 180 24 11.999999999999998 12 216 36 11.999999999999998 72 36 48 24 36 48 24 11.999999999999998 11.999999999999998 11.999999999999998 11.999999999999998
leaf_count=12 24 60 48 360 48 120 48 48 12 12 72 36 180 24 12 12 216 36 12 72 36 48 24 36 48 24 12 12 12 12
internal_value=-1.42216e-08 -1.23167 8.6217 -1.68667 6.747 2.13532 -2.0886 -1.35646 -1.78103 -1.16112 5.35057 -2.45468 -1.52053 12.3711 0.511666 -5.45098 -2.33943 -3.65528 -5.32405 -2.10019 -2.63808 -1.99489 -0.533516 1.56618 -3.45627 -4.82156 -3.44763 -2.63322 -1.9865 -3.88873
internal_weight=1728 1512 216 1332 144 180 972 324 264 204 96 648 192 72 60 24 624 96 48 528 312 240 120 60 120 84 60 60 48 60
internal_count=1728 1512 216 1332 144 180 972 324 264 204 96 648 192 72 60 24 624 96 48 528 312 240 120 60 120 84 60 60 48 60
is_linear=0
shrinkage=0.05


Tree=147
num_leaves=31
num_cat=0
split_feature=0 0 1 0 6 6 6 1 4 6 2 2 2 1 1 4 4 0 6 2 2 6 3 2 1 6 4 4 3 0
split_gain=6.64167e+06 1.14815e+06 309696 239809 144535 134029 94045.8 92770.5 127301 89238.6 311452 203119 165992 110230 94500.6 83876.5 80775.4 77066.1 72915.3 70919.4 70914.9 96510.7 105231 79658.9 155318 185030 192906 210178 188416 143106
threshold=303117.76850000006 684755.53550000011 13436.337500000001 1182183.7235000001 0.25000000000000006 0.15000000000000005 0.25000000000000006 11548.453500000001 82.975500000000011 0.15000000000000005 71.424500000000009 71.424500000000009 68.52800000000002 25946.188500000004 26343.954000000005 101.94350000000001 6.4535000000000009 90630.424000000014 0.15000000000000005 107.75750000000001 27.516500000000004 0.15000000000000005 85.117000000000004 43.663000000000004 5600.7615000000014 0.15000000000000005 28.488500000000005 25.389500000000002 52.614000000000004 44158.321000000004
decision_type=2 2 2 2 2 2 2 2 2 2 2 2 2 2 2 2 2 2 2 2 2 2 2 2 2 2 2 2 2 2
left_child=2 4 6 5 -2 -3 16 8 -8 10 12 -11 15 -12 -13 -4 18 -9 -1 -6 21 -18 -23 -22 -25 28 27 -27 -26 -30
right_child=1 3 9 -5 19 -7 7 17 -10 11 13 14 -14 -15 -16 -17 20 -19 -20 -21 23 22 -24 24 25 26 -28 -29 29 -31
leaf_value=-7.9343917846679677 2.7887362527847293 6.1115149180094406 -2.747092914581299 13.314671834309898 4.390747324625651 9.8480022430419929 -1.1743978862133291 1.3820578008890152 -4.0210893154144287 -0.9892973172167937 -5.8927108764648439 2.4056344725191594 6.0181526184082035 -1.5181052759289742 -1.102180576324463 0.87308759689331061 -1.8871743492782116 -3.0978183746337891 -2.4224618911743163 7.8996486663818359 -1.2570710208680895 -3.7062112172444666 -9.1127738952636719 -4.5429544448852539 -0.25704692204793295 0.018226695060729981 -2.5115545368194585 7.4164604187011722 -3.2752459716796878 -7.8435775756835939
leaf_weight=12 120 36 24 36 36 72 216 48 48 168 36 96 11.999999999999998 24 24 48 48 11.999999999999998 12 24 216 36 11.999999999999998 72 36 48 60 11.999999999999998 60 24
leaf_count=12 120 36 24 36 36 72 216 48 48 168 36 96 12 24 24 48 48 12 12 24 216 36 12 72 36 48 60 12 60 24
internal_value=2.92504e-09 6.4528 -1.48911 9.78055 3.79059 8.60251 -1.98417 -1.28863 -1.69198 -0.375208 -1.3915 0.13294 0.57376 -4.14287 1.70407 -0.333639 -2.33194 0.486083 -5.17843 5.79431 -2.22246 -3.47251 -5.05785 -1.99518 -2.50618 -1.89515 -0.506841 1.49787 -3.28345 -4.58048
internal_weight=1728 324 1404 144 180 108 972 324 264 432 144 288 84 60 120 72 648 60 24 60 624 96 48 528 312 240 120 60 120 84
internal_count=1728 324 1404 144 180 108 972 324 264 432 144 288 84 60 120 72 648 60 24 60 624 96 48 528 312 240 120 60 120 84
is_linear=0
shrinkage=0.05


Tree=148
num_leaves=31
num_cat=0
split_feature=0 0 0 0 0 6 6 6 0 3 6 0 2 1 6 2 2 6 0 0 4 4 2 2 4 6 2 3 3 3
split_gain=6.00879e+06 667552 518690 183184 167912 113782 108482 97505.6 95620.6 90634.9 87992.6 132831 107820 115494 76582.7 64451.4 84281.7 64987.5 103849 66487.4 62293.4 81140.3 66765.1 63952.2 55540 103658 276916 255659 218244 172735
threshold=507657.76500000007 1048200.1775000001 100590.71350000003 303117.76850000006 684755.53550000011 0.25000000000000006 0.15000000000000005 0.25000000000000006 19740.918500000003 31.992000000000001 0.25000000000000006 22666.579000000002 22.312000000000005 15858.327500000001 0.25000000000000006 43.663000000000004 31.992000000000001 0.25000000000000006 16052.3765 12036.576500000001 99.63600000000001 42.097000000000008 81.107000000000014 68.52800000000002 99.099000000000018 0.15000000000000005 31.205000000000002 62.127500000000005 64.121000000000009 23.917000000000005
decision_type=2 2 2 2 2 2 2 2 2 2 2 2 2 2 2 2 2 2 2 2 2 2 2 2 2 2 2 2 2 2
left_child=2 4 8 7 -2 -5 -6 -4 9 -1 24 -12 -13 -14 -3 16 -11 -17 19 -19 21 -9 23 -22 25 29 -27 -28 -29 -10
right_child=1 14 3 5 6 -7 -8 20 10 15 11 12 13 -15 -16 17 -18 18 -20 -21 22 -23 -24 -25 -26 26 27 28 -30 -31
leaf_value=-4.0690219243367514 4.2611932118733726 10.051548004150391 -0.79065537303686151 1.2053886771202089 4.633707809448242 5.4218318939208991 8.7507858276367188 -1.168734073638916 2.5811227798461918 -3.4601646423339845 4.4187599182128912 -4.1510087966918947 -0.89883151451746623 4.1486064910888674 13.510746383666993 -3.8481084346771244 -0.666624993748135 -0.51350402832031239 2.551554107666016 -5.7768756866455071 0.19504813253879549 3.5787899653116861 3.3110916137695314 -4.0197467803955078 -1.1901961982250213 -8.657135009765625 -3.7309802055358889 7.0456375122070316 -0.16289149011884418 -3.6626949707667031
leaf_weight=72 108 48 216 48 24 24 48 11.999999999999998 11.999999999999998 36 11.999999999999998 24 204 11.999999999999998 24 72 108 12 11.999999999999998 12 36 36 11.999999999999998 11.999999999999998 192 11.999999999999998 48 11.999999999999998 84 144
leaf_count=72 108 48 216 48 24 24 48 12 12 36 12 24 204 12 24 72 108 12 12 12 36 36 12 12 192 12 48 12 84 144
internal_value=7.64374e-09 7.13567 -1.21828 0.329623 5.50809 2.61087 7.37843 -0.177321 -1.78585 -2.50451 -1.47785 -0.71499 -0.971677 -0.618418 11.2046 -2.0575 -1.36501 -2.98083 -1.24628 -3.14519 1.04935 2.39191 -0.0247022 -0.858651 -1.85929 -2.27103 -1.35967 -0.751544 0.738175 -3.1824
internal_weight=1728 252 1476 396 180 72 72 324 1080 324 756 252 240 216 72 252 144 108 36 24 108 48 60 48 504 312 156 144 96 156
internal_count=1728 252 1476 396 180 72 72 324 1080 324 756 252 240 216 72 252 144 108 36 24 108 48 60 48 504 312 156 144 96 156
is_linear=0
shrinkage=0.05


Tree=149
num_leaves=31
num_cat=0
split_feature=0 0 0 6 1 6 2 6 3 2 3 4 1 0 0 6 6 2 0 4 0 4 3 6 2 3 4 2 2 1
split_gain=5.43457e+06 674531 449488 184613 175114 89480 84649.5 174106 384866 267872 219398 147147 142899 93917.1 76989.7 71519 70831.5 124209 113546 68562.9 65634.2 74898.5 64922.6 94948.3 136404 132113 71170.2 79337.3 66083.7 61379.7
threshold=573241.87500000012 240407.42100000003 1048200.1775000001 0.25000000000000006 9241.5975000000017 0.15000000000000005 27.516500000000004 0.15000000000000005 76.597500000000011 68.52800000000002 27.516500000000004 99.099000000000018 26343.954000000005 63082.982000000011 619852.88050000009 0.15000000000000005 0.15000000000000005 25.045500000000004 55159.639500000012 22.396000000000004 80810.85000000002 140.45600000000005 30.154500000000002 0.25000000000000006 43.663000000000004 30.583500000000004 6.4535000000000009 57.764500000000005 30.574000000000002 28539.301500000005
decision_type=2 2 2 2 2 2 2 2 2 2 2 2 2 2 2 2 2 2 2 2 2 2 2 2 2 2 2 2 2 2
left_child=1 4 3 14 22 29 16 8 9 13 -9 19 -10 -8 -2 -4 17 -6 -18 -12 -15 -22 -1 24 28 -25 -27 -28 -24 -3
right_child=2 5 15 -5 6 -7 7 10 12 -11 11 -13 -14 20 -16 -17 18 -19 -20 -21 21 -23 23 25 -26 26 27 -29 -30 -31
leaf_value=-3.2098466237386072 2.0874781608581543 -2.9619764328002933 8.4157962799072266 8.3377383232116706 0.99837504227956142 2.6013003993034367 -5.7966831207275398 -4.7325035095214849 -5.8203736877441408 3.398463503519694 -0.46255340576171877 -0.78355994814385976 0.15664180517196657 2.3555873870849608 5.3574955622355143 11.758676528930664 -5.8008613586425781 -4.8755153656005863 -1.8296874543031056 1.7194890975952148 -2.7788178205490115 0.64212995767593384 -3.8145736694335941 4.1978221893310552 -3.4826388359069824 2.4239763259887699 -1.0199937767452665 -4.1981706619262695 -0.9806706527868907 1.0360617399215699
leaf_weight=108 24 11.999999999999998 24 48 36 120 11.999999999999998 24 60 36 48 192 11.999999999999998 11.999999999999998 72 48 24 11.999999999999998 72 144 48 24 24 11.999999999999998 144 11.999999999999998 108 24 144 48
leaf_count=108 24 12 24 48 36 120 12 24 60 36 48 192 12 12 72 48 24 12 72 144 48 24 24 12 144 12 108 24 144 48
internal_value=-2.06892e-08 -1.05982 7.41873 5.80591 -1.44804 1.81302 -0.947627 -0.690985 -1.88364 -0.279702 -0.0946562 0.195209 -4.8242 -1.65901 4.53999 10.6444 -2.03835 -0.470098 -2.82248 1.17398 -1.06792 -1.6385 -2.10483 -1.84983 -2.35342 -0.842653 -1.26269 -1.59784 -1.38551 0.236454
internal_weight=1728 1512 216 144 1332 180 756 612 204 132 408 384 72 96 96 72 144 48 96 192 84 72 576 468 312 156 144 132 168 60
internal_count=1728 1512 216 144 1332 180 756 612 204 132 408 384 72 96 96 72 144 48 96 192 84 72 576 468 312 156 144 132 168 60
is_linear=0
shrinkage=0.05


Tree=150
num_leaves=31
num_cat=0
split_feature=0 0 0 6 1 6 6 2 3 4 2 0 1 1 0 6 2 2 6 1 0 0 6 0 0 1 2 4 6 0
split_gain=4.9047e+06 608764 405663 166613 158041 80755.7 77854.8 135232 111395 160926 90894.1 70211.3 69697.1 91995.4 69483.2 65645.2 59388.2 106109 154827 138212 81432.2 79819.8 66049.6 124629 58414.3 55395.2 53292.4 52815.7 135218 102768
threshold=573241.87500000012 240407.42100000003 1048200.1775000001 0.25000000000000006 9241.5975000000017 0.15000000000000005 0.25000000000000006 22.312000000000005 72.187000000000026 22.396000000000004 68.52800000000002 145818.27200000003 10279.872000000001 13134.513000000001 619852.88050000009 0.25000000000000006 30.574000000000002 43.663000000000004 0.15000000000000005 7848.9580000000014 16052.3765 7391.9660000000013 0.25000000000000006 27705.340000000004 256199.82050000003 28539.301500000005 49.048000000000009 101.94350000000001 0.15000000000000005 145818.27200000003
decision_type=2 2 2 2 2 2 2 2 2 2 2 2 2 2 2 2 2 2 2 2 2 2 2 2 2 2 2 2 2 2
left_child=1 4 3 14 16 25 12 -8 10 -10 11 26 -6 -14 -2 -4 -1 -18 19 21 -20 -19 -22 -24 -7 -3 -9 28 29 -15
right_child=2 5 15 -5 6 24 7 8 9 -11 -12 -13 13 27 -16 -17 17 18 20 -21 22 -23 23 -25 -26 -27 -28 -29 -30 -31
leaf_value=-3.3428436438242595 1.9831042289733887 -2.8138774871826175 9.0446086883544918 7.9208514213562013 0.18121643066406251 0.26491371393203739 -3.7526945114135746 0.29303660286277594 -1.8201472759246826 3.0242633819580078 -3.4599114418029786 3.5391181945800785 -2.4137319049664909 -5.0597096125284828 5.0896209081014003 12.247274780273438 -0.96997454166412356 -6.7027420043945316 -2.945595630009969 -7.3614948272705085 -1.9916680622100831 -2.2356455039978029 3.1453542709350586 -1.5062003135681152 3.022815811634064 0.98425861597061159 -2.063080671098497 -0.27142630144953728 -0.013328905105590823 -0.8357673227787018
leaf_weight=72 24 11.999999999999998 48 48 72 24 24 72 24 60 24 11.999999999999998 168 36 72 24 216 11.999999999999998 72 24 60 60 24 36 96 48 36 144 60 24
leaf_count=72 24 12 48 48 72 24 24 72 24 60 24 12 168 36 72 24 216 12 72 24 60 60 24 36 96 48 36 144 60 24
internal_value=4.17844e-10 -1.00683 7.0478 5.51561 -1.37564 1.72237 -0.900245 -0.182671 0.193121 1.64015 -0.650977 -0.0891904 -1.25903 -1.49907 4.31299 10.1122 -1.99959 -1.8077 -2.43599 -4.07549 -1.61624 -2.98016 -0.818623 0.354422 2.47124 0.224631 -0.492336 -0.917019 -1.69173 -3.37013
internal_weight=1728 1512 216 144 1332 180 756 252 228 84 144 120 504 432 96 72 576 504 288 96 192 72 120 60 120 60 108 264 120 60
internal_count=1728 1512 216 144 1332 180 756 252 228 84 144 120 504 432 96 72 576 504 288 96 192 72 120 60 120 60 108 264 120 60
is_linear=0
shrinkage=0.05


Tree=151
num_leaves=31
num_cat=0
split_feature=0 0 1 6 0 6 4 2 0 2 0 2 6 0 4 6 0 6 6 4 6 3 3 2 2 3 0 6 6 6
split_gain=4.43143e+06 637902 285473 135315 119404 81702.6 191108 97169 70911.7 65994 62031.8 63953.2 70425.8 62829.8 59540.2 141970 111266 56885.8 56078 68296.5 59230.7 58737.7 71341.1 68696.1 62127 136183 112386 55052.4 52878.7 50575.2
threshold=388286.60400000011 840329.43250000023 13436.337500000001 0.15000000000000005 1182183.7235000001 0.25000000000000006 101.94350000000001 81.107000000000014 573241.87500000012 113.36550000000001 3304.2185000000004 22.312000000000005 0.15000000000000005 37405.976000000002 87.761500000000012 0.15000000000000005 145818.27200000003 0.15000000000000005 0.25000000000000006 6.4535000000000009 0.15000000000000005 64.121000000000009 78.015500000000017 57.764500000000005 31.426500000000004 36.979000000000006 35745.162000000004 0.25000000000000006 0.15000000000000005 0.25000000000000006
decision_type=2 2 2 2 2 2 2 2 2 2 2 2 2 2 2 2 2 2 2 2 2 2 2 2 2 2 2 2 2 2
left_child=2 3 10 -2 17 14 9 -8 -5 -7 28 12 13 -12 15 16 -4 -3 19 20 -13 23 -23 24 26 -26 -20 -6 -1 -14
right_child=1 4 5 8 27 6 7 -9 -10 -11 11 18 29 -15 -16 -17 -18 -19 21 -21 -22 22 -24 -25 25 -27 -28 -29 -30 -31
leaf_value=-6.3676048278808599 1.9003091049194336 5.5365741729736335 -5.8154863357543949 3.3198118686676028 9.668293762207032 3.0088602860768638 -1.8952155778805417 3.0335018157958986 5.8008452733357752 -0.99616241455078125 -3.3210144042968746 -6.8030601501464831 -5.7029697418212892 1.795537185668945 -0.038878947310149674 0.26117023468017581 -1.4203805367151896 8.5179172515869137 -6.3928684234619144 -1.5945229736359225 -1.8352180480957028 1.180808448791504 -2.0447014808654784 -2.9658460140228273 2.4172448476155601 -1.472667055130005 -0.98294519223272803 13.816050720214845 -2.302559995651245 -2.4569735527038574
leaf_weight=11.999999999999998 60 24 24 48 24 72 60 11.999999999999998 72 11.999999999999998 12 12 24 12 192 60 36 48 11.999999999999998 552 12 60 24 48 36 60 48 11.999999999999998 24 24
leaf_count=12 60 24 24 48 24 72 60 12 72 12 12 12 24 12 192 60 36 48 12 552 12 60 24 48 36 60 48 12 24 24
internal_value=-7.72308e-09 5.66181 -1.13236 3.83906 8.69972 -0.117792 0.816494 -1.07376 4.80843 2.43671 -1.62086 -1.54252 -2.97423 -0.762739 -0.584936 -1.45863 -3.17842 7.52414 -1.42321 -1.70805 -4.31914 -0.853541 0.259234 -1.31174 -0.802788 -0.0139501 -2.06493 11.0509 -3.65757 -4.07997
internal_weight=1728 288 1440 180 108 468 156 72 120 84 972 936 72 24 312 120 60 72 864 576 24 288 84 204 156 96 60 36 36 48
internal_count=1728 288 1440 180 108 468 156 72 120 84 972 936 72 24 312 120 60 72 864 576 24 288 84 204 156 96 60 36 36 48
is_linear=0
shrinkage=0.05


Tree=152
num_leaves=31
num_cat=0
split_feature=0 0 1 0 6 6 0 2 6 0 6 4 2 4 6 0 1 6 6 4 1 2 0 4 2 4 6 6 0 1
split_gain=4.0047e+06 703723 185850 159519 99441.5 88716.5 55983.7 57717.7 63559.3 56703.9 55804.4 134895 87695 63947.7 136693 76653.3 51390.1 51366.6 50610.4 61637.6 53840 94368.4 61586.5 61080.6 60930.6 54451.9 53455.7 47723 47277.7 45769.9
threshold=303117.76850000006 684755.53550000011 13436.337500000001 1182183.7235000001 0.15000000000000005 0.15000000000000005 3304.2185000000004 22.312000000000005 0.15000000000000005 37405.976000000002 0.25000000000000006 101.94350000000001 81.107000000000014 101.94350000000001 0.15000000000000005 145818.27200000003 26343.954000000005 0.15000000000000005 0.25000000000000006 6.4535000000000009 11548.453500000001 31.205000000000002 90630.424000000014 39.486500000000014 74.129500000000021 6.4535000000000009 0.15000000000000005 0.15000000000000005 35745.162000000004 2579.4600000000005
decision_type=2 2 2 2 2 2 2 2 2 2 2 2 2 2 2 2 2 2 2 2 2 2 2 2 2 2 2 2 2 2
left_child=2 4 6 5 -2 -3 27 8 9 -8 13 16 -13 14 15 -4 -12 -5 19 26 21 28 -22 25 -25 -23 -9 -1 -20 -27
right_child=1 3 10 17 -6 -7 7 18 -10 -11 11 12 -14 -15 -16 -17 -18 -19 20 -21 22 23 -24 24 -26 29 -28 -29 -30 -31
leaf_value=-6.049224472045899 1.2644276809692383 4.6284880320231121 -4.6122264862060547 7.8273338317871097 3.7574360847473147 7.6684398651123047 -3.154963493347168 -6.4629066467285146 -3.8759730339050296 1.7057603836059567 2.6379889678955077 -1.8004547492663066 2.8818267822265629 0.049809158096710847 0.10020788510640462 -1.3493615388870239 -0.94635429382324221 11.833836746215821 -6.0732250213623047 -1.5147968290940577 1.3227453790605068 2.0864694595336917 -2.6820203781127931 2.5898775100708011 -1.7736993789672852 1.5373133659362794 -1.743457221984863 -2.1874320030212404 -2.2294941902160645 -1.6879391951994465
leaf_weight=11.999999999999998 60 36 36 11.999999999999998 120 72 12 12 48 12 60 60 11.999999999999998 144 72 36 11.999999999999998 24 11.999999999999998 552 48 11.999999999999998 11.999999999999998 24 11.999999999999998 11.999999999999998 12 24 24 132
leaf_count=12 60 36 36 12 120 72 12 12 48 12 60 60 12 144 72 36 12 24 12 552 48 12 12 24 12 12 12 24 24 132
internal_value=-6.76071e-10 5.01065 -1.1563 7.61593 2.92643 6.65512 -1.53981 -1.4654 -2.82552 -0.724602 -0.293407 0.510262 -1.02007 -0.695242 -1.44029 -2.98079 2.0406 10.4983 -1.35205 -1.62265 -0.810864 -1.16156 0.521792 -0.721093 1.13535 -1.1495 -4.10318 -3.4747 -3.51074 -1.41917
internal_weight=1728 324 1404 144 180 108 972 936 72 24 432 144 72 288 144 72 72 36 864 576 288 228 60 192 36 156 24 36 36 144
internal_count=1728 324 1404 144 180 108 972 936 72 24 432 144 72 288 144 72 72 36 864 576 288 228 60 192 36 156 24 36 36 144
is_linear=0
shrinkage=0.05


Tree=153
num_leaves=31
num_cat=0
split_feature=0 0 0 6 1 2 6 3 2 3 4 1 0 6 0 6 2 0 4 0 6 6 1 4 0 3 0 3 6 2
split_gain=3.6295e+06 451088 303506 136579 119087 65312 122224 313943 238391 172225 122992 118184 86160.1 62514.3 57896.7 57268.4 104289 81595.1 57032.1 55524.3 54183.8 50660.7 47861.8 47635.9 47202.9 46942.1 44870.7 41460.9 63583.6 111051
threshold=573241.87500000012 240407.42100000003 1048200.1775000001 0.25000000000000006 9241.5975000000017 27.516500000000004 0.15000000000000005 76.597500000000011 68.52800000000002 27.516500000000004 99.099000000000018 26343.954000000005 63082.982000000011 0.15000000000000005 80810.85000000002 0.15000000000000005 25.045500000000004 55159.639500000012 140.45600000000005 619852.88050000009 0.25000000000000006 0.25000000000000006 55820.384000000005 22.396000000000004 208019.18150000004 95.222000000000023 153655.73400000003 30.154500000000002 0.25000000000000006 43.663000000000004
decision_type=2 2 2 2 2 2 2 2 2 2 2 2 2 2 2 2 2 2 2 2 2 2 2 2 2 2 2 2 2 2
left_child=1 4 3 19 27 15 7 8 12 -8 23 -9 -7 25 -14 16 -6 20 -16 -2 -17 -4 -5 -11 26 -3 -12 -1 29 -29
right_child=2 13 21 22 5 6 9 11 -10 10 24 -13 14 -15 18 17 -18 -19 -20 -21 -22 -23 -24 -25 -26 -27 -28 28 -30 -31
leaf_value=-2.6082670211791994 1.5658735752105715 -0.97646697362264012 7.7755138397216799 7.8267122904459647 1.0267226537068685 -5.3604438781738288 -4.1549596786499023 -5.1065406799316406 3.3737346013387048 -0.25829501152038575 -0.64657768971390195 0.32908518314361573 2.3842132568359378 2.1420869135856626 -2.3621253967285156 -7.3346015930175774 -4.3555870056152344 -1.5924590061108272 0.62304826378822331 4.3428688685099281 -2.5831192016601561 10.589004898071289 4.1804885864257812 1.5605098009109497 1.3903508991003037 1.8782947540283204 -2.9817523956298828 -1.060194931285722 -0.69722289947363048 -2.9524182895819351
leaf_weight=108 24 36 48 36 36 11.999999999999998 24 60 36 48 144 11.999999999999998 11.999999999999998 120 48 12 11.999999999999998 72 24 72 12 24 11.999999999999998 144 24 24 24 168 156 144
leaf_count=108 24 36 48 36 36 12 24 60 36 48 144 12 12 120 48 12 12 72 24 72 12 24 12 144 24 24 24 168 156 144
internal_value=-1.20175e-08 -0.866108 6.06276 4.73747 -1.18358 -0.770915 -0.545486 -1.54477 -0.0961302 -0.0458446 0.210975 -4.2006 -1.39733 1.4832 -0.83117 -1.72899 -0.318855 -2.43406 -1.36707 3.64862 -4.95886 8.71334 6.91516 1.10581 -0.683858 0.165438 -0.980174 -1.72521 -1.52143 -1.93353
internal_weight=1728 1512 216 144 1332 756 612 204 132 408 384 72 96 180 84 144 48 96 72 96 24 72 48 192 192 60 168 576 468 312
internal_count=1728 1512 216 144 1332 756 612 204 132 408 384 72 96 180 84 144 48 96 72 96 24 72 48 192 192 60 168 576 468 312
is_linear=0
shrinkage=0.05


Tree=154
num_leaves=31
num_cat=0
split_feature=0 0 1 0 6 6 2 0 2 6 0 6 4 2 1 4 6 0 6 6 1 0 6 4 6 1 6 3 6 3
split_gain=3.27955e+06 570298 150298 135653 84450.3 75610.8 55395.2 47341.1 49834.5 51936.6 48888.6 47341 116577 64764.7 55421.5 54448 108722 62246.3 44660.8 43070 42920.3 42855.6 41937.4 41025.1 70877.6 63575.1 40750.4 53234.8 165029 86497
threshold=303117.76850000006 684755.53550000011 13436.337500000001 1182183.7235000001 0.25000000000000006 0.15000000000000005 107.75750000000001 3304.2185000000004 22.312000000000005 0.15000000000000005 37405.976000000002 0.25000000000000006 99.63600000000001 81.107000000000014 26343.954000000005 101.94350000000001 0.15000000000000005 145818.27200000003 0.15000000000000005 0.15000000000000005 16961.718500000003 507657.76500000007 0.25000000000000006 133.21950000000004 0.15000000000000005 24629.120500000001 0.25000000000000006 65.925000000000011 0.15000000000000005 72.187000000000026
decision_type=2 2 2 2 2 2 2 2 2 2 2 2 2 2 2 2 2 2 2 2 2 2 2 2 2 2 2 2 2 2
left_child=2 4 7 5 21 -3 -6 19 9 10 -9 15 14 20 -13 16 17 -4 -5 -1 -14 -2 -11 24 25 -17 27 -10 29 -29
right_child=1 3 11 18 6 -7 -8 8 26 22 -12 12 13 -15 -16 23 -18 -19 -20 -21 -22 -23 -24 -25 -26 -27 -28 28 -30 -31
leaf_value=-5.6163497924804693 0.73504166603088383 4.1227095921834316 -4.1720284779866539 7.0471908569335939 2.9492512067159016 6.9291538238525394 6.0504150390625 -2.9442056655883788 -1.1828097177876367 -5.0141526222229009 1.5691361427307129 2.9129161834716797 -0.07855437861548531 2.6682178497314455 -0.88612174987792969 5.431192779541016 0.045874627431233723 -1.2317349831263225 10.783032226562501 -1.9476470470428469 -2.5201007127761841 2.6637992858886719 -2.0583177566528321 -0.79697215110063557 -0.67785158157348635 0.97392539978027348 -0.73190537405510747 -6.436416816711426 -0.60023645957311 -2.7601194858551028
leaf_weight=11.999999999999998 48 36 36 11.999999999999998 36 72 24 12 432 24 12 48 36 11.999999999999998 11.999999999999998 11.999999999999998 72 36 24 24 36 72 24 72 36 24 288 24 72 48
leaf_count=12 48 36 36 12 36 72 24 12 432 24 12 48 36 12 12 12 72 36 24 24 36 72 24 72 36 24 288 24 72 48
internal_value=-9.32702e-09 4.53436 -1.04639 6.87969 2.6581 5.99367 4.18972 -1.39127 -1.32284 -2.58667 -0.687535 -0.270405 0.469816 -0.732535 2.15311 -0.640516 -1.328 -2.70188 9.53775 -3.17055 -1.29933 1.8923 -3.53624 0.0469713 0.890915 2.45968 -1.21752 -1.46033 -2.29289 -3.98555
internal_weight=1728 324 1404 144 180 108 60 972 936 72 24 432 144 84 60 288 144 72 36 36 72 120 48 144 72 36 864 576 144 72
internal_count=1728 324 1404 144 180 108 60 972 936 72 24 432 144 84 60 288 144 72 36 36 72 120 48 144 72 36 864 576 144 72
is_linear=0
shrinkage=0.05


Tree=155
num_leaves=31
num_cat=0
split_feature=0 0 0 6 1 2 6 3 2 3 4 1 0 6 0 4 6 2 0 0 6 6 4 3 0 0 1 2 2 6
split_gain=2.96064e+06 369253 251679 116913 98738.9 56463.3 100592 270989 205935 152646 106565 103178 78345.8 54014.2 51699.4 49413.6 47141.8 91133.3 68294.6 46551.8 45751.1 42966.3 40778.3 39691.6 39442.2 38741.6 38719.9 37880.4 75859.6 106241
threshold=573241.87500000012 240407.42100000003 1048200.1775000001 0.25000000000000006 9241.5975000000017 27.516500000000004 0.15000000000000005 76.597500000000011 68.52800000000002 27.516500000000004 99.099000000000018 26343.954000000005 63082.982000000011 0.15000000000000005 80810.85000000002 140.45600000000005 0.15000000000000005 25.045500000000004 55159.639500000012 619852.88050000009 0.25000000000000006 0.25000000000000006 22.396000000000004 95.222000000000023 208019.18150000004 153655.73400000003 55820.384000000005 30.574000000000002 43.663000000000004 0.15000000000000005
decision_type=2 2 2 2 2 2 2 2 2 2 2 2 2 2 2 2 2 2 2 2 2 2 2 2 2 2 2 2 2 2
left_child=1 4 3 19 27 16 7 8 12 -8 22 -9 -7 23 -14 -16 17 -6 20 -2 -18 -4 -11 -3 25 -12 -5 -1 -29 -30
right_child=2 13 21 26 5 6 9 11 -10 10 24 -13 14 -15 15 -17 18 -19 -20 -21 -22 -23 -24 -25 -26 -27 -28 28 29 -31
leaf_value=-2.635458040237427 1.3543898582458498 -0.9316161155700684 7.0257118225097663 7.1035644531250002 0.95271563529968262 -5.0332813262939453 -3.8993436813354494 -4.7046009063720708 3.1802434285481773 -0.21822538375854494 -0.58288264340824547 0.37421767711639409 2.3241430282592774 1.9557643771171571 -2.1469017982482912 0.63174445033073434 -6.7171638488769521 -4.0786670684814457 -1.4542745639880499 3.8971310933430994 -2.3510473251342772 9.6167499542236339 1.4645786086718242 1.6934369087219239 1.2740521587431433 -2.752715873718262 3.8240016937255863 -0.70109126634067964 -3.2987639188766482 -1.2615949931088837
leaf_weight=72 24 36 48 36 36 11.999999999999998 24 60 36 48 144 11.999999999999998 11.999999999999998 120 48 24 12 11.999999999999998 72 72 12 24 144 24 24 24 11.999999999999998 216 96 192
leaf_count=72 24 36 48 36 36 12 24 60 36 48 144 12 12 120 48 24 12 12 72 72 12 24 144 24 24 24 12 216 96 192
internal_value=-7.85243e-09 -0.782243 5.4757 4.26886 -1.06948 -0.693718 -0.484115 -1.39067 -0.0447751 -0.0308401 0.210941 -3.85813 -1.25416 1.34331 -0.714282 -1.22069 -1.58453 -0.30513 -2.22423 3.26145 -4.53411 7.88939 1.04388 0.118405 -0.621995 -0.892859 6.28367 -1.56267 -1.40941 -1.94065
internal_weight=1728 1512 216 144 1332 756 612 204 132 408 384 72 96 180 84 72 144 48 96 96 24 72 192 60 192 168 48 576 504 288
internal_count=1728 1512 216 144 1332 756 612 204 132 408 384 72 96 180 84 72 144 48 96 96 24 72 192 60 192 168 48 576 504 288
is_linear=0
shrinkage=0.05


Tree=156
num_leaves=31
num_cat=0
split_feature=0 0 0 6 6 4 0 0 2 4 6 0 0 4 6 0 6 1 6 6 2 0 6 1 2 6 0 2 6 6
split_gain=2.68618e+06 464564 122197 99067.6 78592.1 90267.7 76761.9 60344.6 56835.4 45082.6 119746 57592.5 40188.1 39117.7 63187.9 43039.1 38848.5 37086.2 36631.9 36519.9 32768.9 27794.1 24362.9 24180.7 23186.8 70655 47749.8 32595.4 41290.4 30656.6
threshold=303117.76850000006 840329.43250000023 80810.85000000002 0.15000000000000005 0.25000000000000006 115.82000000000001 1182183.7235000001 573241.87500000012 81.107000000000014 115.82000000000001 0.15000000000000005 145818.27200000003 3304.2185000000004 133.21950000000004 0.15000000000000005 240407.42100000003 0.15000000000000005 26343.954000000005 0.15000000000000005 0.15000000000000005 50.303500000000007 507657.76500000007 0.25000000000000006 55820.384000000005 22.312000000000005 0.15000000000000005 37405.976000000002 11.119000000000002 0.25000000000000006 0.25000000000000006
decision_type=2 2 2 2 2 2 2 2 2 2 2 2 2 2 2 2 2 2 2 2 2 2 2 2 2 2 2 2 2 2
left_child=2 3 12 21 9 17 19 -5 20 10 11 -4 18 14 15 -11 -8 -6 -1 -3 -7 -2 -9 -24 25 26 -14 -27 -29 -26
right_child=1 6 4 7 5 8 16 22 -10 13 -12 -13 24 -15 -16 -17 -18 -19 -20 -21 -22 -23 23 -25 29 27 -28 28 -30 -31
leaf_value=-5.1705940246582038 -0.13870012760162354 4.2461550712585447 -3.7706549644470218 2.4985618750254317 2.171428910891215 -0.34429138766394723 6.3435459136962891 3.6259096145629885 2.471104431152344 5.000620651245117 0.032950118609837126 -1.1250766197840372 -2.6652223587036135 -0.67902900651097298 -0.74498822689056399 0.7658881187438964 9.8278190612792979 -0.8309043884277344 -1.7871850013732911 6.6349260330200197 -2.7294625282287601 1.9452449798583986 6.3817060470581062 3.63280143737793 -1.3375712990760804 -2.0506260633468627 1.19765305519104 -6.3813053131103512 -2.23349494934082 -0.67767481190067802
leaf_weight=11.999999999999998 24 24 48 72 72 36 11.999999999999998 36 11.999999999999998 12 84 36 11.999999999999998 96 24 12 24 11.999999999999998 24 48 24 48 24 11.999999999999998 528 48 24 12 12 264
leaf_count=12 24 24 48 72 72 36 12 36 12 12 84 36 12 96 24 12 24 12 24 48 24 48 24 12 528 48 24 12 12 264
internal_value=-3.79471e-09 4.10371 -0.947009 2.76494 -0.287331 0.628998 6.78124 3.52211 -0.670116 -0.745496 -1.30194 -2.63684 -1.27685 -0.0963083 1.06913 2.88325 8.66639 1.74252 -2.91499 5.83867 -1.29836 1.2506 4.54566 5.4654 -1.21132 -1.89858 -0.0899721 -2.80288 -4.3074 -1.11761
internal_weight=1728 324 1404 216 468 156 108 144 72 312 168 84 936 144 48 24 36 84 36 72 60 72 72 36 900 108 36 72 24 792
internal_count=1728 324 1404 216 468 156 108 144 72 312 168 84 936 144 48 24 36 84 36 72 60 72 72 36 900 108 36 72 24 792
is_linear=0
shrinkage=0.05


Tree=157
num_leaves=31
num_cat=0
split_feature=0 0 0 0 6 4 6 6 2 2 4 6 0 6 0 4 6 0 1 6 0 2 2 6 0 2 6 6 1 3
split_gain=2.42427e+06 419587 110283 103596 70929.4 81466.6 65417.7 58118.4 51294 44207.8 40687 108071 51977.2 36763.4 36269.8 35303.7 57027.1 38842.8 33470.3 33060.3 32093.5 29573.9 20926 63766.1 43094.2 29417.3 37264.6 27667.6 63691.9 48454.3
threshold=303117.76850000006 684755.53550000011 80810.85000000002 1182183.7235000001 0.25000000000000006 115.82000000000001 0.25000000000000006 0.15000000000000005 81.107000000000014 107.75750000000001 115.82000000000001 0.15000000000000005 145818.27200000003 0.25000000000000006 3304.2185000000004 133.21950000000004 0.15000000000000005 240407.42100000003 26343.954000000005 0.15000000000000005 507657.76500000007 50.303500000000007 22.312000000000005 0.15000000000000005 37405.976000000002 11.119000000000002 0.25000000000000006 0.25000000000000006 11991.799500000003 65.925000000000011
decision_type=2 2 2 2 2 2 2 2 2 2 2 2 2 2 2 2 2 2 2 2 2 2 2 2 2 2 2 2 2 2
left_child=2 6 14 7 10 18 20 -3 21 -8 11 12 -4 -5 19 16 17 -12 -6 -1 -2 -7 23 24 -16 -25 -27 29 -29 -24
right_child=1 3 4 13 5 8 9 -9 -10 -11 15 -13 -14 -15 22 -17 -18 -19 -20 -21 -22 -23 27 25 -26 26 -28 28 -30 -31
leaf_value=-4.9120643615722663 0.61368932723999026 3.4956153233846035 -3.5821221351623538 7.1032489776611332 2.062857476870219 -0.32707681126064725 2.5290310541788741 5.9561030705769866 2.3475492477416995 5.2994043350219728 4.7505897521972651 0.031302622386387417 -1.0688227017720542 10.492726898193361 -2.531961250305176 -0.64507754035294063 -0.70773882865905768 0.72759370803833001 -0.78935923576354983 -1.6978257179260254 2.282789727052053 -2.592989444732666 -0.97737736636772754 -1.9480947315692902 1.137770414352417 -6.0622402191162106 -2.1218202590942381 -0.88938072234392163 1.8121058940887451 -2.0528671085834502
leaf_weight=11.999999999999998 48 36 48 24 72 36 36 72 11.999999999999998 24 12 84 36 11.999999999999998 11.999999999999998 96 24 12 11.999999999999998 24 72 24 384 48 24 12 12 240 24 144
leaf_count=12 48 36 48 24 72 36 36 72 12 24 12 84 36 12 12 96 24 12 12 24 72 24 384 48 24 12 12 240 24 144
internal_value=1.26936e-09 3.89852 -0.899659 5.91022 -0.272965 0.597548 2.28916 5.13594 -0.63661 3.63718 -0.708221 -1.23685 -2.50499 8.23307 -1.21301 -0.0914929 1.01568 2.73909 1.6554 -2.76924 1.61515 -1.23344 -1.15076 -1.80365 -0.0854735 -2.66274 -4.09203 -1.06173 -0.643791 -1.27069
internal_weight=1728 324 1404 144 468 156 180 108 72 60 312 168 84 36 936 144 48 24 84 36 120 60 900 108 36 72 24 792 264 528
internal_count=1728 324 1404 144 468 156 180 108 72 60 312 168 84 36 936 144 48 24 84 36 120 60 900 108 36 72 24 792 264 528
is_linear=0
shrinkage=0.05


Tree=158
num_leaves=31
num_cat=0
split_feature=0 0 0 6 6 4 6 0 2 4 6 0 0 0 0 4 6 0 1 6 2 2 0 6 2 6 0 6 3 1
split_gain=2.18791e+06 382691 99530.3 84294 64013.8 73523.6 61865.7 49697.9 46292.8 36720 97534.1 46909.4 33033 32733.5 32656.9 31861.6 51466.9 35055.6 30206.9 29836.9 26690.5 24203.2 20917.1 20640.4 19576.7 72204.9 56983.6 36776.2 372090 200016
threshold=303117.76850000006 840329.43250000023 80810.85000000002 0.15000000000000005 0.25000000000000006 115.82000000000001 0.25000000000000006 573241.87500000012 81.107000000000014 115.82000000000001 0.15000000000000005 145818.27200000003 1182183.7235000001 3304.2185000000004 1048200.1775000001 133.21950000000004 0.15000000000000005 240407.42100000003 26343.954000000005 0.15000000000000005 50.303500000000007 127.01650000000002 240407.42100000003 0.25000000000000006 30.574000000000002 0.15000000000000005 55159.639500000012 0.15000000000000005 43.781500000000008 2579.4600000000005
decision_type=2 2 2 2 2 2 2 2 2 2 2 2 2 2 2 2 2 2 2 2 2 2 2 2 2 2 2 2 2 2
left_child=2 3 13 21 9 18 14 -5 20 10 11 -4 -8 19 -3 16 17 -11 -6 -1 -7 -2 -18 -9 25 -15 -27 28 29 -26
right_child=1 6 4 7 5 8 12 23 -10 15 -12 -13 -14 24 -16 -17 22 -19 -20 -21 -22 -23 -24 -25 27 26 -28 -29 -30 -31
leaf_value=-4.6664611816406252 1.5016113376617433 3.7816405296325684 -3.4030159950256351 2.2580701907475791 1.9597145875295003 -0.31072298155890571 6.7551753997802741 3.2692527135213219 2.2301717758178712 4.5130603790283201 0.02973747934613909 -1.0153815905253092 9.9680900573730469 -0.2702338218688965 6.040542793273926 -0.61282364651560783 -2.1484498977661128 0.69121403694152828 -0.74989123344421393 -1.6129344224929811 -2.4633399963378908 -0.9582242012023926 0.80374603271484357 4.962392044067383 -4.8554286956787109 -3.1289351781209311 -1.268143990635872 -0.68144740296734707 -3.1359586542302913 2.1170122067133588
leaf_weight=11.999999999999998 60 24 48 72 72 36 24 36 11.999999999999998 12 84 36 11.999999999999998 84 48 96 12 12 11.999999999999998 24 24 11.999999999999998 12 36 11.999999999999998 72 96 432 132 72
leaf_count=12 60 24 48 72 72 36 24 36 12 12 84 36 12 84 48 96 12 12 12 24 24 12 12 36 12 72 96 432 132 72
internal_value=-1.26798e-08 3.7036 -0.854676 2.48851 -0.259317 0.567671 6.13377 3.18695 -0.60478 -0.67281 -1.175 -2.37974 7.82615 -1.15236 5.28758 -0.0869182 0.964893 2.60214 1.57263 -2.63078 -1.17177 1.09164 -0.672352 4.11582 -1.09322 -1.46716 -2.06563 -0.947796 -1.48049 1.12095
internal_weight=1728 324 1404 216 468 156 108 144 72 312 168 84 36 936 72 144 48 24 84 36 60 72 24 72 900 252 168 648 216 84
internal_count=1728 324 1404 216 468 156 108 144 72 312 168 84 36 936 72 144 48 24 84 36 60 72 24 72 900 252 168 648 216 84
is_linear=0
shrinkage=0.05


Tree=159
num_leaves=31
num_cat=0
split_feature=0 0 1 0 6 6 6 2 3 4 1 1 2 3 3 6 2 3 3 2 2 6 2 2 2 2 0 4 6 1
split_gain=1.97459e+06 345594 92586.3 85463.6 56000.5 49349.7 39179.9 76348.8 64054.8 83293.9 53777.3 60995.1 45195 34176.7 43480.6 41338.9 89701 85134.2 74042.3 64933.1 42740.8 36600.9 210305 201012 183322 70041.3 54337.1 33433 62989.1 39382
threshold=303117.76850000006 684755.53550000011 9241.5975000000017 1182183.7235000001 0.15000000000000005 0.25000000000000006 0.25000000000000006 17.543500000000005 72.187000000000026 22.396000000000004 10279.872000000001 13134.513000000001 68.52800000000002 67.669000000000025 30.154500000000002 0.25000000000000006 43.663000000000004 30.583500000000004 64.121000000000009 57.764500000000005 30.574000000000002 0.15000000000000005 31.205000000000002 37.846500000000013 31.205000000000002 37.846500000000013 18495.691000000003 101.94350000000001 0.15000000000000005 26343.954000000005
decision_type=2 2 2 2 2 2 2 2 2 2 2 2 2 2 2 2 2 2 2 2 2 2 2 2 2 2 2 2 2 2
left_child=2 4 13 5 -2 -3 10 -8 12 -10 -4 -12 -9 14 -1 16 20 -17 19 -19 -16 22 -22 -24 -23 -26 -25 28 29 -13
right_child=1 3 6 -5 -6 -7 7 8 9 -11 11 27 -14 -15 15 17 -18 18 -20 -21 21 24 23 26 25 -27 -28 -29 -30 -31
leaf_value=-2.0424654430813258 0.81061017274856573 3.8851146380106609 0.55775597890218098 7.4539348602294924 2.6814480066299442 6.1524014790852872 -2.6815836906433108 -0.024461966355641684 -1.4075178384780884 1.932456500189645 -1.6757332835878647 -2.6217830657958987 -2.4013027191162113 -2.3177542924880981 -2.3567112922668456 3.8272682189941407 -2.2815062022209172 -0.71923842941011706 1.8942517280578615 -4.651193237304688 6.7482963562011724 -6.4460609436035163 -3.8878152847290042 0.20436577796936031 2.3733255386352541 -1.4466132342815401 4.9625648498535151 -0.014847186846392496 -0.0073552211125691731 0.51597084999084475
leaf_weight=108 60 72 72 36 120 36 24 120 24 84 168 60 24 72 24 11.999999999999998 120 84 24 11.999999999999998 11.999999999999998 11.999999999999998 24 12 24 24 12 168 72 11.999999999999998
leaf_count=108 60 72 72 36 120 36 24 120 24 84 168 60 24 72 24 12 120 84 24 12 12 12 24 12 24 24 12 168 72 12
internal_value=-8.60266e-09 3.51842 -0.811942 5.34414 2.05784 4.64088 -0.473288 0.0131203 0.269759 1.19024 -0.716493 -0.90763 -0.420602 -1.29876 -1.15319 -0.910655 -1.27189 -0.18819 -0.589736 -1.21073 -0.430539 -0.045304 0.827919 -0.652175 -0.918527 0.463356 2.58347 -0.494036 -1.05309 -2.09882
internal_weight=1728 324 1404 144 180 108 828 276 252 108 552 480 144 576 504 396 264 132 120 96 144 120 60 48 60 48 24 312 144 72
internal_count=1728 324 1404 144 180 108 828 276 252 108 552 480 144 576 504 396 264 132 120 96 144 120 60 48 60 48 24 312 144 72
is_linear=0
shrinkage=0.05


Tree=160
num_leaves=31
num_cat=0
split_feature=0 0 0 6 1 2 6 3 2 3 4 1 0 0 6 4 0 6 2 0 6 3 3 6 2 3 3 2 2 6
split_gain=1.78304e+06 219795 156870 79624.4 66634.8 38358.6 63720.6 215055 153487 123872 90496.8 81303.8 72010.6 40992.6 34595.5 34370.3 33991.2 31172 76080.6 43696.8 34541 30844.5 39241.3 37308.3 80955.2 76833.6 66823.2 58602.2 38573.6 33032.3
threshold=573241.87500000012 240407.42100000003 1048200.1775000001 0.15000000000000005 9241.5975000000017 27.516500000000004 0.15000000000000005 76.597500000000011 68.52800000000002 27.516500000000004 99.099000000000018 26343.954000000005 63082.982000000011 80810.85000000002 0.15000000000000005 140.45600000000005 145818.27200000003 0.15000000000000005 25.045500000000004 55159.639500000012 0.25000000000000006 67.669000000000025 30.154500000000002 0.25000000000000006 43.663000000000004 30.583500000000004 64.121000000000009 57.764500000000005 30.574000000000002 0.15000000000000005
decision_type=2 2 2 2 2 2 2 2 2 2 2 2 2 2 2 2 2 2 2 2 2 2 2 2 2 2 2 2 2 2
left_child=1 4 3 -2 21 17 7 8 12 -8 16 -9 -7 -14 -3 -15 -11 18 -6 20 -19 22 -1 24 28 -25 27 -27 -24 -30
right_child=2 14 -4 -5 5 6 9 11 -10 10 -12 -13 13 15 -16 -17 -18 19 -20 -21 -22 -23 23 25 -26 26 -28 -29 29 -31
leaf_value=-1.9403421825832792 1.6338655933737756 0.052548570632934569 6.1549874623616541 4.1279893279075628 0.93543183008829756 -4.5369594573974608 -3.471328163146973 -4.0182590103149414 2.9144460678100588 1.3830201387405396 -0.53622851477315026 0.49017229080200198 2.3093072891235353 -1.6196574211120607 1.522997477054596 0.69774612188339236 -0.15337207317352297 -5.5188945770263667 -3.6616878509521484 -1.1585137238105139 -1.7252033233642576 -2.2018666386604311 -2.2388756752014163 3.6359050750732425 -2.1674308562278748 -0.68327647958483018 1.7995391368865967 -4.4186336517333986 0.78652328252792358 -0.87260098218917848
leaf_weight=108 48 60 72 96 36 11.999999999999998 24 60 36 144 192 11.999999999999998 11.999999999999998 48 120 24 48 12 11.999999999999998 72 12 72 24 11.999999999999998 120 84 24 11.999999999999998 60 60
leaf_count=108 48 60 72 96 36 12 24 60 36 144 192 12 12 48 120 24 48 12 12 72 12 72 24 12 120 84 24 12 60 60
internal_value=-7.79551e-10 -0.607058 4.24941 3.29661 -0.828667 -0.519979 -0.347218 -1.06874 0.130232 0.0135424 0.231347 -3.26685 -0.913849 -0.396261 1.03285 -0.84719 0.998922 -1.25421 -0.213848 -1.7744 -3.62205 -1.23382 -1.09553 -0.865122 -1.20829 -0.178781 -0.560249 -1.1502 -0.409012 -0.0430388
internal_weight=1728 1512 216 144 1332 756 612 204 132 408 384 72 96 84 180 72 192 144 48 96 24 576 504 396 264 132 120 96 144 120
internal_count=1728 1512 216 144 1332 756 612 204 132 408 384 72 96 84 180 72 192 144 48 96 24 576 504 396 264 132 120 96 144 120
is_linear=0
shrinkage=0.05


Tree=161
num_leaves=31
num_cat=0
split_feature=0 0 1 6 2 6 0 0 6 2 3 4 1 1 2 0 2 4 6 1 2 3 3 6 2 3 3 2 2 1
split_gain=1.61669e+06 286968 74758.9 66599.6 55013.9 53611.4 43602.8 40048.5 33092 65297.5 51484.3 73912.9 44524.2 50839.2 37996 32903.4 35273.7 28909.6 50287.3 32356.2 29017.2 27837.2 35415.2 33670.8 73062.1 69342.4 60307.9 52888.4 34812.7 32219
threshold=303117.76850000006 840329.43250000023 9241.5975000000017 0.25000000000000006 107.75750000000001 0.15000000000000005 1182183.7235000001 619852.88050000009 0.25000000000000006 17.543500000000005 72.187000000000026 22.396000000000004 10279.872000000001 13134.513000000001 68.52800000000002 145818.27200000003 49.048000000000009 101.94350000000001 0.15000000000000005 26343.954000000005 90.431000000000012 67.669000000000025 30.154500000000002 0.25000000000000006 43.663000000000004 30.583500000000004 64.121000000000009 57.764500000000005 30.574000000000002 2158.8095000000008
decision_type=2 2 2 2 2 2 2 2 2 2 2 2 2 2 2 2 2 2 2 2 2 2 2 2 2 2 2 2 2 2
left_child=2 3 21 7 -5 -3 -7 -2 12 -10 14 -12 -4 -14 15 16 -11 18 19 20 -15 22 -1 24 28 -25 27 29 -24 -27
right_child=1 5 8 4 -6 6 -8 -9 9 10 11 -13 13 17 -16 -17 -18 -19 -20 -21 -22 -23 23 25 -26 26 -28 -29 -30 -31
leaf_value=-1.8433250374264187 0.92100065127015118 3.712600898742676 0.50556308428446461 1.9909651438395184 4.7551675160725919 5.205705547332764 7.8158664703369141 2.6898397922515871 -2.4754114151000977 0.36125664313634243 -1.3678831577301027 1.778391899381365 -1.5290537663868495 -1.4806681315104167 -2.1810486793518069 2.4821113586425785 -1.5556008127000598 -0.0046167781310422085 -0.03570467631022136 0.46566367149353027 -3.7251504898071293 -2.0917733271916705 -2.1269318580627443 3.4541095733642582 -2.0590593326091766 1.749509620666504 1.7095622062683107 -4.1977016448974611 -0.040886851549148562 -1.0488830427328746
leaf_weight=108 96 36 72 36 36 48 24 48 24 72 24 84 168 36 24 11.999999999999998 36 168 72 11.999999999999998 24 72 24 11.999999999999998 120 11.999999999999998 24 11.999999999999998 120 72
leaf_count=108 96 36 72 36 36 48 24 48 24 72 24 84 168 36 24 12 36 168 72 12 24 72 24 12 120 12 24 12 120 72
internal_value=-1.90749e-09 3.18363 -0.734685 2.13143 3.37307 5.28804 6.07576 1.51061 -0.430376 0.0166481 0.253987 1.07922 -0.653889 -0.827806 -0.364937 -0.00171512 -0.277696 -0.450212 -0.970072 -1.90444 -2.37846 -1.17213 -1.04075 -0.821866 -1.14788 -0.169841 -0.532237 -1.09269 -0.388561 -0.649113
internal_weight=1728 324 1404 216 72 108 72 144 828 276 252 108 552 480 144 120 108 312 144 72 60 576 504 396 264 132 120 96 144 84
internal_count=1728 324 1404 216 72 108 72 144 828 276 252 108 552 480 144 120 108 312 144 72 60 576 504 396 264 132 120 96 144 84
is_linear=0
shrinkage=0.05


Tree=162
num_leaves=31
num_cat=0
split_feature=0 0 1 6 2 6 0 6 2 1 4 1 1 2 2 4 6 1 2 4 6 1 3 3 3 6 2 3 3 2
split_gain=1.45907e+06 258989 67469.9 60106.1 49650 48868.4 36143.8 29865.5 58931 47723.7 62166.6 40183.1 45882.3 27370.5 32978 26090.9 45384.3 29201.5 26188 25828.5 38451.2 37287.6 25195.8 25123 31962.3 30387.9 65938.5 62581.5 54427.9 47731.8
threshold=303117.76850000006 840329.43250000023 9241.5975000000017 0.25000000000000006 107.75750000000001 0.25000000000000006 619852.88050000009 0.25000000000000006 17.543500000000005 11548.453500000001 115.82000000000001 10279.872000000001 13134.513000000001 81.107000000000014 50.303500000000007 101.94350000000001 0.15000000000000005 26343.954000000005 90.431000000000012 133.21950000000004 0.15000000000000005 24629.120500000001 110.15800000000002 67.669000000000025 30.154500000000002 0.25000000000000006 43.663000000000004 30.583500000000004 64.121000000000009 57.764500000000005
decision_type=2 2 2 2 2 2 2 2 2 2 2 2 2 2 2 2 2 2 2 2 2 2 2 2 2 2 2 2 2 2
left_child=2 3 23 6 -5 -3 -2 11 -9 -10 -11 -4 -13 14 -12 16 17 18 -14 20 21 -17 -7 24 -1 26 -26 -27 29 -29
right_child=1 5 7 4 -6 22 -8 8 9 10 13 12 15 -15 -16 19 -18 -19 -20 -21 -22 -23 -24 -25 25 27 -28 28 -30 -31
leaf_value=-1.7511588070127702 0.87495061419904241 4.2715698560078943 0.48028502464294437 1.8914168357849122 4.5174090067545576 8.3984466552734371 2.55534782409668 -2.3516409873962405 -0.98958059310913082 1.5256347298622133 0.033707445462544762 -1.4526010887963432 -1.4066347122192384 1.9599321365356446 -2.1593011856079101 4.1426582336425781 -0.033919429779052733 0.44238047599792485 -3.5388929367065431 -0.54128841813653705 -0.44398591741919519 0.72910184860229499 5.5924371719360355 -1.9871846357981366 -0.36913298865159355 3.2814041137695313 -1.956106369495392 -0.61665703569139751 1.6240840435028077 -3.9878166198730471
leaf_weight=108 96 72 72 36 36 11.999999999999998 48 24 60 96 60 168 36 11.999999999999998 24 11.999999999999998 72 11.999999999999998 24 96 36 24 24 72 144 11.999999999999998 120 84 24 11.999999999999998
leaf_count=108 96 72 72 36 36 12 48 24 60 96 60 168 36 12 24 12 72 12 24 96 36 24 24 72 144 12 120 84 24 12
internal_value=-6.36231e-09 3.02445 -0.697951 2.02486 3.20441 5.02364 1.43508 -0.408858 0.0158156 0.241288 0.625934 -0.621194 -0.786416 -0.273767 -0.592866 -0.427701 -0.921569 -1.80922 -2.25954 -0.00438594 0.711484 1.86695 6.52777 -1.11352 -0.988713 -0.780773 -1.09048 -0.161349 -0.505625 -1.03805
internal_weight=1728 324 1404 216 72 108 144 828 276 252 192 552 480 96 84 312 144 72 60 168 72 36 36 576 504 396 264 132 120 96
internal_count=1728 324 1404 216 72 108 144 828 276 252 192 552 480 96 84 312 144 72 60 168 72 36 36 576 504 396 264 132 120 96
is_linear=0
shrinkage=0.05


Tree=163
num_leaves=31
num_cat=0
split_feature=0 0 1 6 6 0 0 6 2 1 4 1 6 0 0 1 0 2 2 1 4 6 1 2 2 2 6 1 0 0
split_gain=1.31681e+06 233737 60891.6 56355.3 45983.5 37156.5 32109.2 26953.6 53185.2 43070.6 56105.4 36591.7 68180.5 225137 178145 54279.9 24923.1 24701.9 30315 23998.7 23547 40959.3 26354.3 23634.7 23348.8 39176.4 72658.4 97106.2 46817.2 36868.1
threshold=303117.76850000006 840329.43250000023 9241.5975000000017 0.15000000000000005 0.15000000000000005 1182183.7235000001 573241.87500000012 0.25000000000000006 17.543500000000005 11548.453500000001 115.82000000000001 10484.007500000002 0.15000000000000005 41777.992500000008 41777.992500000008 13134.513000000001 37306.64650000001 81.107000000000014 49.048000000000009 26343.954000000005 101.94350000000001 0.15000000000000005 26343.954000000005 90.431000000000012 30.574000000000002 43.663000000000004 0.15000000000000005 7848.9580000000014 16052.3765 7391.9660000000013
decision_type=2 2 2 2 2 2 2 2 2 2 2 2 2 2 2 2 2 2 2 2 2 2 2 2 2 2 2 2 2 2
left_child=2 3 24 -2 -3 -6 -5 11 -9 -10 19 12 14 16 -4 -13 -14 18 -12 -11 21 22 23 -17 -1 -26 27 29 -28 -27
right_child=1 4 7 6 5 -7 -8 8 9 10 17 15 13 -15 -16 20 -18 -19 -20 -21 -22 -23 -24 -25 25 26 28 -29 -30 -31
leaf_value=-1.9000933130582174 0.78146023948987331 3.3133923848470057 -4.0814344406127931 1.7480678200721742 4.6988201141357422 7.1083229064941413 3.2413220087687176 -2.2340589046478274 -0.94010154724121087 1.7481519562857493 0.25937892794609069 -1.5798977255821229 3.4426433563232415 -1.7947174549102785 2.0106512069702149 -1.3363029797871908 6.6651611328124991 1.8619356155395508 -1.6600258615281847 -0.64223976135253913 -0.0041666600321020398 -0.03222346305847168 0.4202614784240723 -3.361948394775391 -0.42850300537215341 -4.0542736053466797 -1.7656907816727956 -5.1967708587646486 -0.15294329404830934 -1.0183162307739257
leaf_weight=72 72 36 24 72 48 24 72 24 60 84 48 144 12 24 24 36 12 11.999999999999998 36 11.999999999999998 168 72 11.999999999999998 24 216 11.999999999999998 72 24 120 60
leaf_count=72 72 36 24 72 48 24 72 24 60 84 48 144 12 24 24 36 12 12 36 12 168 72 12 24 216 12 72 24 120 60
internal_value=1.20727e-10 2.87323 -0.663053 1.92362 4.77246 5.50199 2.49469 -0.388415 0.0150249 0.229223 0.594637 -0.590135 0.2971 1.62959 -1.03539 -0.776921 5.0539 -0.260078 -0.563223 1.44935 -0.406316 -0.87549 -1.71876 -2.14656 -1.05785 -0.937524 -1.31929 -2.44242 -0.757724 -1.52431
internal_weight=1728 324 1404 216 108 72 144 828 276 252 192 552 96 48 48 456 24 96 84 96 312 144 72 60 576 504 288 96 192 72
internal_count=1728 324 1404 216 108 72 144 828 276 252 192 552 96 48 48 456 24 96 84 96 312 144 72 60 576 504 288 96 192 72
is_linear=0
shrinkage=0.05


Tree=164
num_leaves=31
num_cat=0
split_feature=0 0 1 6 4 4 6 0 3 4 6 0 0 3 3 6 6 1 2 2 6 0 0 6 4 0 4 6 4 3
split_gain=1.18948e+06 142891 102334 44569.4 96686.9 49663.6 38991.8 40298.5 35802.8 26941.6 38960.1 34423 21673.3 30305.8 34568 25307.1 24138.4 38177.4 39055.1 22284.5 21408.2 20620 29628.5 23064.2 20218.7 19668.6 19523.3 188714 108630 39711.1
threshold=507657.76500000007 1048200.1775000001 15858.327500000001 0.25000000000000006 101.94350000000001 133.21950000000004 0.15000000000000005 684755.53550000011 113.36550000000001 71.970000000000013 0.15000000000000005 145818.27200000003 27705.340000000004 30.154500000000002 43.781500000000008 0.25000000000000006 0.25000000000000006 7848.9580000000014 57.764500000000005 31.992000000000001 0.25000000000000006 12036.576500000001 16052.3765 0.15000000000000005 133.21950000000004 145818.27200000003 33.389500000000005 0.15000000000000005 28.488500000000005 67.669000000000025
decision_type=2 2 2 2 2 2 2 2 2 2 2 2 2 2 2 2 2 2 2 2 2 2 2 2 2 2 2 2 2 2
left_child=2 6 12 9 8 -6 -2 -8 -5 10 11 -4 13 15 19 -1 21 18 -18 -15 -3 23 -23 -16 -11 -12 27 28 -14 -28
right_child=1 20 3 4 5 -7 7 -9 -10 24 25 -13 26 14 16 -17 17 -19 -20 -21 -22 22 -24 -25 -26 -27 29 -29 -30 -31
leaf_value=-1.3663122087717057 1.3810813879966737 4.4477029800415044 -3.1938508987426761 2.3397991975148518 -1.8841264883677167 1.0522248506546021 2.1940342068672183 4.0643632411956787 -0.61012778282165536 0.50168485596776013 1.1835106372833253 -0.7492218732833863 -3.5425319194793703 -1.5458137512207033 -1.6494686126708982 -3.3548394203186036 -0.20661680698394777 1.8853824615478516 -3.7001415252685548 -0.15497932533423109 6.2766437530517578 -0.072760099172592171 -2.2243756055831909 -4.7494800567626951 -0.71251347661018372 -0.66437484423319504 -0.60557582276036048 0.95554725170135502 1.7762203216552734 -1.882117470105489
leaf_weight=48 60 48 24 72 36 24 72 48 11.999999999999998 120 24 36 48 36 12 24 24 11.999999999999998 11.999999999999998 144 24 24 48 12 48 36 396 120 11.999999999999998 72
leaf_count=48 60 48 24 72 36 24 72 48 12 120 24 36 48 36 12 24 24 12 12 144 24 24 48 12 48 36 396 120 12 72
internal_value=-2.94229e-09 3.17482 -0.542042 0.105168 0.823395 -0.709586 2.4218 2.94217 1.91838 -0.253945 -0.826147 -1.72707 -0.809853 -1.10128 -0.89508 -2.02915 -1.4725 -0.556998 -1.37113 -0.433146 5.05735 -1.93025 -1.50717 -3.19947 0.154771 0.0747793 -0.631762 -0.189229 -2.47878 -0.801967
internal_weight=1728 252 1476 432 144 60 180 120 84 288 120 60 1044 396 324 72 144 48 36 180 72 96 72 24 168 60 648 180 60 468
internal_count=1728 252 1476 432 144 60 180 120 84 288 120 60 1044 396 324 72 144 48 36 180 72 96 72 24 168 60 648 180 60 468
is_linear=0
shrinkage=0.05


Tree=165
num_leaves=31
num_cat=0
split_feature=0 0 0 6 1 0 2 6 3 2 3 4 0 1 0 0 6 2 0 6 4 6 3 0 0 3 2 2 6 0
split_gain=1.07503e+06 130827 97837.8 59544.7 39389.3 26002.2 23758.5 37481.3 158849 122762 95403.8 65609.6 58031.6 57091.2 30542.2 29113.2 27330.1 66009.5 32211.1 33372.8 27170.4 23478 25912.6 20938 21800.9 20623.6 25722.5 32852.5 54593.4 66120.9
threshold=573241.87500000012 240407.42100000003 1048200.1775000001 0.25000000000000006 9241.5975000000017 619852.88050000009 27.516500000000004 0.15000000000000005 76.597500000000011 68.52800000000002 27.516500000000004 99.099000000000018 63082.982000000011 26343.954000000005 80810.85000000002 145818.27200000003 0.15000000000000005 25.045500000000004 55159.639500000012 0.25000000000000006 140.45600000000005 0.15000000000000005 95.222000000000023 208019.18150000004 153655.73400000003 67.669000000000025 30.574000000000002 43.663000000000004 0.25000000000000006 16052.3765
decision_type=2 2 2 2 2 2 2 2 2 2 2 2 2 2 2 2 2 2 2 2 2 2 2 2 2 2 2 2 2 2
left_child=1 4 3 5 25 -2 16 8 9 12 -9 15 -8 -10 -14 -12 17 -6 19 -18 -16 22 -3 24 -13 26 -1 -28 -29 -30
right_child=2 21 -4 -5 6 -7 7 10 13 -11 11 23 14 -15 20 -17 18 -19 -20 -21 -22 -23 -24 -25 -26 -27 27 28 29 -31
leaf_value=-1.7157144546508789 0.4028876066207886 -0.86214416821797701 4.8044824600219727 3.9850020408630371 1.0618067900339763 2.3032621860504152 -3.978205490112305 -3.0506760597229006 -3.3412263107299811 2.698037974039714 1.2078221837679546 -0.41959752705362113 2.0742956161499024 0.43670949935913089 -1.3371147513389587 -0.21406140327453616 -4.920766448974609 -3.2202468872070313 -0.94114598271747441 -1.1917817115783691 0.72331462204456332 1.1976143071055414 1.2588726520538331 0.92667589187622079 -2.0473010063171388 -1.7454095999399823 -0.17901771863301597 -1.5838254570960999 -1.6424991210301716 1.1922021746635438
leaf_weight=72 24 36 72 48 36 72 11.999999999999998 24 60 36 144 144 11.999999999999998 11.999999999999998 48 48 12 11.999999999999998 72 12 24 120 24 24 24 72 180 168 36 48
leaf_count=72 24 36 72 48 36 72 12 24 60 36 144 144 12 12 48 48 12 12 72 12 24 120 24 24 24 72 180 168 36 48
internal_value=1.06292e-08 -0.471367 3.29957 2.54711 -0.64234 1.82817 -0.405007 -0.269043 -0.822415 0.208034 0.00764259 0.198788 -0.725717 -2.71157 -0.261076 0.852351 -0.982854 -0.00870663 -1.46993 -3.05627 -0.650305 0.79383 -0.0137374 -0.454776 -0.652127 -0.953839 -0.840757 -0.694931 -1.06344 -0.0226698
internal_weight=1728 1512 216 144 1332 96 756 612 204 132 408 384 96 72 84 192 144 48 96 24 72 180 60 192 168 576 504 432 252 84
internal_count=1728 1512 216 144 1332 96 756 612 204 132 408 384 96 72 84 192 144 48 96 24 72 180 60 192 168 576 504 432 252 84
is_linear=0
shrinkage=0.05


Tree=166
num_leaves=31
num_cat=0
split_feature=0 0 6 0 0 6 6 4 2 2 2 4 6 1 4 6 0 0 1 2 0 0 6 0 2 6 4 6 4 4
split_gain=974158 173524 50914.1 44907.7 42156.1 31961.3 31055.6 42974.3 29974.7 26889.7 18962.8 17467.8 48630.3 24002.9 18848.3 37554.1 25272.4 17186.6 17010.3 16771.8 16590.8 16262.5 25766.3 15476.3 13588.1 13204.7 12439.7 74366.3 217577 112815
threshold=303117.76850000006 684755.53550000011 0.15000000000000005 80810.85000000002 1182183.7235000001 0.25000000000000006 0.25000000000000006 115.82000000000001 107.75750000000001 81.107000000000014 107.75750000000001 115.82000000000001 0.15000000000000005 26343.954000000005 133.21950000000004 0.15000000000000005 240407.42100000003 1048200.1775000001 26343.954000000005 105.34800000000001 507657.76500000007 3304.2185000000004 0.15000000000000005 240407.42100000003 50.303500000000007 0.15000000000000005 33.389500000000005 0.15000000000000005 149.54050000000004 37.504500000000007
decision_type=2 2 2 2 2 2 2 2 2 2 2 2 2 2 2 2 2 2 2 2 2 2 2 2 2 2 2 2 2 2
left_child=3 5 17 21 -4 10 11 18 19 24 20 12 13 -5 15 16 -13 -3 -8 -7 -2 22 -1 -17 -9 -12 -23 28 29 -28
right_child=1 2 4 6 -6 8 7 9 -10 -11 25 14 -14 -15 -16 23 -18 -19 -20 -21 -22 26 -24 -25 -26 -27 27 -29 -30 -31
leaf_value=-3.7040531158447267 0.40503563880920412 1.4892661094665529 3.8248606999715173 -2.0005017201105755 6.2445737838745119 2.2292075157165527 1.4644141832987467 -0.30850210454728871 3.7473007202148438 1.6698936462402345 -0.63388627767562866 3.7757472991943355 0.045921897888183599 0.41487402915954591 -0.45878950580954553 -1.9135541915893552 0.53072443008422843 3.3814959526062012 -0.56891832351684568 -0.060154706239700317 2.0151006460189822 -0.53509032991197381 -0.86645170003175742 0.6258246898651123 -1.8444197654724122 1.0247217178344727 -5.1964702606201172 -1.3528434096620634 6.4527107238769537 -0.13289132328196004
leaf_weight=11.999999999999998 24 24 72 72 24 24 72 36 24 11.999999999999998 24 12 84 11.999999999999998 96 12 12 24 11.999999999999998 11.999999999999998 48 432 24 12 24 24 11.999999999999998 312 11.999999999999998 132
leaf_count=12 24 24 72 72 24 24 72 36 24 12 24 12 84 12 96 12 12 24 12 12 48 432 24 12 24 24 12 312 12 132
internal_value=-6.83832e-09 2.47129 3.76499 -0.570298 4.42979 1.43633 -0.170388 0.405624 2.37857 -0.490742 0.965214 -0.458394 -0.804763 -1.65545 -0.0542978 0.754686 2.15324 2.43538 1.17394 1.46609 1.47841 -0.770253 -1.81232 -0.643865 -0.922869 0.195418 -0.72857 -0.907166 -0.0158126 -0.554856
internal_weight=1728 324 144 1404 96 180 468 156 60 72 120 312 168 84 144 48 24 48 84 36 72 936 36 24 60 48 900 468 156 144
internal_count=1728 324 144 1404 96 180 468 156 60 72 120 312 168 84 144 48 24 48 84 36 72 936 36 24 60 48 900 468 156 144
is_linear=0
shrinkage=0.05


Tree=167
num_leaves=31
num_cat=0
split_feature=0 0 1 6 2 6 0 6 0 4 2 2 1 6 0 0 1 0 0 4 6 1 4 6 1 2 2 6 1 0
split_gain=879177 157009 41573.4 39959.5 37324.2 35770.4 23172.6 18942.3 41349 47033.3 56688.9 31144.3 30821.8 54054.4 196979 133246 42546 22493.1 17648.8 16854.1 25871 18425.3 18047.7 27895.2 28553.8 16809 27059.5 59269.2 80652.7 35392.5
threshold=303117.76850000006 840329.43250000023 9241.5975000000017 0.25000000000000006 107.75750000000001 0.25000000000000006 507657.76500000007 0.25000000000000006 41777.992500000008 99.099000000000018 106.31000000000002 17.543500000000005 10484.007500000002 0.15000000000000005 41777.992500000008 41777.992500000008 13134.513000000001 37306.64650000001 1182183.7235000001 101.94350000000001 0.15000000000000005 26343.954000000005 133.21950000000004 0.15000000000000005 24629.120500000001 30.574000000000002 43.663000000000004 0.15000000000000005 7848.9580000000014 16052.3765
decision_type=2 2 2 2 2 2 2 2 2 2 2 2 2 2 2 2 2 2 2 2 2 2 2 2 2 2 2 2 2 2
left_child=2 3 25 6 -5 -3 -2 12 -9 10 -10 -11 13 15 17 -4 -14 -15 -7 20 21 -18 23 24 -21 -1 -27 28 -28 -29
right_child=1 5 7 4 -6 18 -8 8 9 11 -12 -13 16 14 -16 -17 19 -19 -20 22 -22 -23 -24 -25 -26 26 27 29 -30 -31
leaf_value=-1.5826190975455878 0.19155258536338807 3.2608796914418541 -3.4904958724975588 1.3927824199199677 3.6696054458618166 4.4083688735961912 1.5370483323931694 -1.5568085670471192 1.8191331068674725 -2.749918556213379 -0.98683533668518075 -0.089418348037835327 -1.3662946105003357 3.1890974044799805 -1.6862381458282472 1.7782436847686769 -1.7521025371551513 6.2504890441894529 6.7568229675292972 3.5869602203369144 -0.05402387380599976 0.39413030147552491 -0.43585002571344378 -0.37280578613281251 0.59980802536010747 -0.34286180602179633 -1.2608462611834208 -1.4523863901694618 -4.6077501296997072 -0.050156238079071047
leaf_weight=72 48 72 24 36 36 24 96 36 72 11.999999999999998 24 132 144 12 24 24 60 12 11.999999999999998 11.999999999999998 72 11.999999999999998 96 36 24 216 72 72 24 120
leaf_count=72 48 72 24 36 36 24 96 36 72 12 24 132 144 12 24 24 60 12 12 12 72 12 96 36 24 216 72 72 24 120
internal_value=-5.30018e-09 2.34773 -0.541783 1.56943 2.53119 3.90432 1.08855 -0.314854 0.0233557 0.26038 1.11764 -0.311127 -0.483959 0.330326 1.51678 -0.856126 -0.655387 4.71979 5.19119 -0.327276 -0.72421 -1.3944 0.0129542 0.61136 1.59553 -0.867993 -0.765904 -1.08319 -2.09757 -0.575993
internal_weight=1728 324 1404 216 72 108 144 828 276 240 96 144 552 96 48 48 456 24 36 312 144 72 168 72 36 576 504 288 96 192
internal_count=1728 324 1404 216 72 108 144 828 276 240 96 144 552 96 48 48 456 24 36 312 144 72 168 72 36 576 504 288 96 192
is_linear=0
shrinkage=0.05


Tree=168
num_leaves=31
num_cat=0
split_feature=0 0 6 1 0 6 2 6 0 4 2 2 1 6 0 0 1 0 3 2 2 6 0 0 6 2 2 2 2 0
split_gain=793457 142386 43579.4 37520 35468.3 27616.6 18058.4 17095.4 37317.5 42447.6 51161.7 28107.8 27816.7 48784.1 177773 120255 38397.8 20300 16429.4 20433 25417.5 47387.5 57253.3 30954 30784.6 172531 181342 147399 114188 49039.2
threshold=303117.76850000006 684755.53550000011 0.15000000000000005 9241.5975000000017 1182183.7235000001 0.15000000000000005 107.75750000000001 0.25000000000000006 41777.992500000008 99.099000000000018 106.31000000000002 17.543500000000005 10484.007500000002 0.15000000000000005 41777.992500000008 41777.992500000008 13134.513000000001 37306.64650000001 67.669000000000025 30.574000000000002 43.663000000000004 0.25000000000000006 16052.3765 27705.340000000004 0.15000000000000005 31.205000000000002 37.846500000000013 31.205000000000002 37.846500000000013 18495.691000000003
decision_type=2 2 2 2 2 2 2 2 2 2 2 2 2 2 2 2 2 2 2 2 2 2 2 2 2 2 2 2 2 2
left_child=3 5 -3 18 -4 6 -2 12 -9 10 -10 -11 13 15 17 -5 -14 -15 19 -1 24 -22 -23 -24 25 -21 -27 -26 -29 -28
right_child=1 2 4 7 -6 -7 -8 8 9 11 -12 -13 16 14 -16 -17 -18 -19 -20 20 21 22 23 -25 27 26 29 28 -30 -31
leaf_value=-1.5034881343444191 1.1252252022425333 2.1721158266067504 3.4624080657958984 -3.3159709930419923 5.6819026947021491 1.7307591390609742 -0.64540699720382699 -1.4789681434631348 1.7281764984130861 -2.6124225616455079 -0.93749356269836426 -0.084947436144857696 -1.2979798833529155 3.0296424865722655 -1.6019262313842775 1.6893314838409426 -0.31091185934268517 5.9379646301269524 -1.5311051766077677 6.1472187042236328 -1.4026581444910595 -1.455477555592855 2.4520178794860841 -0.087421369552612316 -4.1070156097412109 -3.6290171623229983 0.25734491348266597 1.9983493089675903 -1.4505044043064119 4.7776340484619135
leaf_weight=72 36 48 72 24 24 120 24 36 72 11.999999999999998 24 132 144 12 24 24 312 12 72 11.999999999999998 168 36 24 24 24 24 12 48 48 12
leaf_count=72 36 48 72 24 24 120 24 36 72 12 24 132 144 12 24 24 312 12 72 12 168 36 24 24 24 24 12 48 48 12
internal_value=4.62212e-10 2.23034 3.40223 -0.514694 4.01728 1.29283 0.416972 -0.299111 0.022188 0.247361 1.06176 -0.29557 -0.459761 0.313809 1.44094 -0.81332 -0.622618 4.4838 -0.824594 -0.723664 -0.593693 -0.917831 0.0518229 1.1823 -0.139899 0.784833 -0.555764 -0.602265 0.273922 2.51749
internal_weight=1728 324 144 1404 96 180 60 828 276 240 96 144 552 96 48 48 456 24 576 504 432 252 84 48 180 60 48 120 96 24
internal_count=1728 324 144 1404 96 180 60 828 276 240 96 144 552 96 48 48 456 24 576 504 432 252 84 48 180 60 48 120 96 24
is_linear=0
shrinkage=0.05


Tree=169
num_leaves=31
num_cat=0
split_feature=0 0 0 6 1 0 6 3 0 6 3 6 0 2 2 6 0 1 2 0 1 6 6 2 2 2 2 0 6 0
split_gain=719173 85902 67605 44861.1 27291.2 17830.3 16324.7 19087.5 15026.1 15407.3 14827.6 20065.9 38196.9 18440.8 22939.3 42767.2 51671.1 29311.1 28927.9 27936 27819.9 29182.2 27783.1 155709 163661 133028 103055 44257.9 31352.3 28109.5
threshold=573241.87500000012 240407.42100000003 1048200.1775000001 0.25000000000000006 9241.5975000000017 619852.88050000009 0.15000000000000005 95.222000000000023 1182183.7235000001 0.25000000000000006 67.669000000000025 0.15000000000000005 44158.321000000004 30.574000000000002 43.663000000000004 0.25000000000000006 16052.3765 5600.7615000000014 52.25350000000001 27705.340000000004 7848.9580000000014 0.15000000000000005 0.15000000000000005 31.205000000000002 37.846500000000013 31.205000000000002 37.846500000000013 18495.691000000003 0.25000000000000006 18495.691000000003
decision_type=2 2 2 2 2 2 2 2 2 2 2 2 2 2 2 2 2 2 2 2 2 2 2 2 2 2 2 2 2 2
left_child=1 4 3 5 10 -2 7 -3 -4 -10 13 12 -12 -1 22 17 18 -16 -17 -18 -19 -22 23 -15 -25 28 -27 -26 -24 -28
right_child=2 6 8 -5 -6 -7 -8 -9 9 -11 11 -13 -14 14 15 16 19 20 -20 -21 21 -23 25 24 27 26 29 -29 -30 -31
leaf_value=-1.4283137023448944 0.26898612976074221 -0.761879563331604 3.2274141311645508 3.3213402748107912 -0.32652717876844306 1.8426537672678631 0.97636838436126716 1.0585041046142578 3.9406248092651368 6.134886550903321 -0.64029641151428218 -0.86432480812072754 -4.6297039031982417 5.8398578643798835 -2.0951321184635163 0.62173304557800302 2.3294169425964357 -0.26915114124615991 -2.3849220752716067 -0.083050298690795901 -3.9783332824707025 -0.49131994247436517 -5.7088363647460936 -3.4475661277770997 0.24447767734527584 1.8984318733215333 -0.16800489425659182 4.5387523651123045 -2.0944931030273435 -2.5879534721374515
leaf_weight=72 24 36 36 48 756 72 120 24 24 11.999999999999998 12 48 12 11.999999999999998 72 11.999999999999998 24 72 24 24 12 12 12 24 12 48 24 12 12 24
leaf_count=72 24 36 36 48 756 72 120 24 24 12 12 48 12 12 72 12 24 72 24 24 12 12 12 24 12 48 24 12 12 24
internal_value=1.44527e-09 -0.385537 2.69876 2.07327 -0.524078 1.44924 0.63967 -0.0337261 3.94973 4.67205 -0.783364 -1.45455 -2.635 -0.68748 -0.564008 -0.87194 0.0492317 -1.33253 -1.3827 1.12318 -0.76057 -2.23483 -0.132904 0.745591 -0.527976 -0.572152 0.260226 2.39162 -3.90166 -1.37798
internal_weight=1728 1512 216 144 1332 96 180 60 72 36 576 72 24 504 432 252 84 168 36 48 96 24 180 60 48 120 96 24 24 48
internal_count=1728 1512 216 144 1332 96 180 60 72 36 576 72 24 504 432 252 84 168 36 48 96 24 180 60 48 120 96 24 24 48
is_linear=0
shrinkage=0.05


Tree=170
num_leaves=31
num_cat=0
split_feature=0 0 6 1 6 0 6 0 4 2 1 6 0 0 1 2 0 4 6 4 2 4 6 1 2 3 1 3 6 0
split_gain=650132 116940 31569.7 30258.6 28460.9 16853.8 15307.5 33412 38147.8 45778.4 25369.3 44027.7 160440 108530 34150.5 25242.3 18320.8 14952 22820.4 16557.9 16624.3 15562.8 25138.5 26402.6 14933.2 27589.4 14586.8 13381.9 18109.4 34472.7
threshold=303117.76850000006 840329.43250000023 0.15000000000000005 9241.5975000000017 0.25000000000000006 573241.87500000012 0.25000000000000006 41777.992500000008 99.099000000000018 106.31000000000002 10484.007500000002 0.15000000000000005 41777.992500000008 41777.992500000008 13134.513000000001 17.543500000000005 37306.64650000001 101.94350000000001 0.15000000000000005 38.12850000000001 90.431000000000012 133.21950000000004 0.15000000000000005 24629.120500000001 81.107000000000014 48.804500000000012 24629.120500000001 67.669000000000025 0.15000000000000005 44158.321000000004
decision_type=2 2 2 2 2 2 2 2 2 2 2 2 2 2 2 2 2 2 2 2 2 2 2 2 2 2 2 2 2 2
left_child=3 2 -2 27 -3 -4 10 -8 9 -9 11 13 16 -5 -12 -10 -13 18 19 -16 -21 22 23 -19 25 -17 -24 -1 29 -29
right_child=1 4 5 6 -6 -7 7 8 15 -11 14 12 -14 -15 17 24 -18 21 -20 20 -22 -23 26 -25 -26 -27 -28 28 -30 -31
leaf_value=-0.6531063675170854 0.49233941634496053 2.7882986704508466 1.2336975018183391 -3.1338461875915531 4.510121536254883 2.3155505657196045 -1.3886933326721191 1.6472365697224935 -2.4654750823974609 -0.87429251670837405 -1.2167545358339946 2.8944866180419919 -1.5055035114288331 1.6211912631988525 0.40629572868347169 0.3805500447750092 5.6573928833007807 3.4394840240478519 -0.0303081750869751 -0.9487232685089112 -2.6475949287414551 -0.38218559273882424 -1.7673643112182618 0.56706380844116211 1.6114437103271486 -1.16699990828832 0.36766947507858277 -0.60828156471252437 -0.8211085557937623 -4.3982189178466795
leaf_weight=504 72 72 72 24 36 72 36 72 11.999999999999998 24 144 12 24 24 11.999999999999998 72 12 11.999999999999998 72 36 24 96 11.999999999999998 24 11.999999999999998 48 24 12 48 12
leaf_count=504 72 72 72 24 36 72 36 72 12 24 144 12 24 24 12 72 12 12 72 36 24 96 12 24 12 48 24 12 48 12
internal_value=-1.41357e-09 2.01888 1.3472 -0.465895 3.36224 1.77462 -0.272294 0.0317402 0.244805 1.01685 -0.424311 0.314445 1.38522 -0.756327 -0.579839 -0.269894 4.27594 -0.285877 -0.659743 -1.28918 -1.62827 0.0345787 0.590264 1.52454 -0.070296 -0.23847 -0.344008 -0.744196 -1.38182 -2.50325
internal_weight=1728 324 216 1404 108 144 828 276 240 96 552 96 48 48 456 144 24 312 144 72 60 168 72 36 132 120 36 576 72 24
internal_count=1728 324 216 1404 108 144 828 276 240 96 552 96 48 48 456 144 24 312 144 72 60 168 72 36 132 120 36 576 72 24
is_linear=0
shrinkage=0.05


Tree=171
num_leaves=31
num_cat=0
split_feature=0 0 6 0 1 6 2 2 2 6 0 4 2 1 6 0 0 1 2 0 4 6 1 2 4 6 1 2 2 1
split_gain=586744 105684 35511.6 28063.5 27308.4 21269.7 23613.9 14653.3 13967.5 13815 30154.3 34428.4 41315 22895.8 39735 144797 97948.2 30820.8 22781.2 16534.5 13494.2 20595.4 14943.5 15003.4 14045.5 22687.5 23828.3 13477.2 24961.3 13164.6
threshold=303117.76850000006 684755.53550000011 0.15000000000000005 1182183.7235000001 9241.5975000000017 0.25000000000000006 107.75750000000001 107.75750000000001 105.34800000000001 0.25000000000000006 41777.992500000008 99.099000000000018 106.31000000000002 10484.007500000002 0.15000000000000005 41777.992500000008 41777.992500000008 13134.513000000001 17.543500000000005 37306.64650000001 101.94350000000001 0.15000000000000005 26343.954000000005 90.431000000000012 133.21950000000004 0.15000000000000005 24629.120500000001 81.107000000000014 50.303500000000007 24629.120500000001
decision_type=2 2 2 2 2 2 2 2 2 2 2 2 2 2 2 2 2 2 2 2 2 2 2 2 2 2 2 2 2 2
left_child=4 5 -3 -4 -1 7 8 -2 -7 13 -11 12 -12 14 16 19 -6 -15 -13 -16 21 22 23 -19 25 26 -22 28 -20 -27
right_child=1 2 3 -5 9 6 -8 -9 -10 10 11 18 -14 17 15 -17 -18 20 27 -21 24 -23 -24 -25 -26 29 -28 -29 -30 -31
leaf_value=-0.70698607151086135 1.1770426491896311 1.8171277761459352 2.9891979853312178 4.963459396362305 -2.9771537780761719 1.7653961658477784 3.0937434196472169 0.049218142032623292 -0.32382733821868898 -1.3192587216695151 1.5648746808369955 -2.3422014236450197 -0.83057789802551274 -1.1559168418248496 2.7497623443603514 -1.4302284240722658 1.5401316642761231 -0.90128710269927981 0.13401799996693928 5.3745231628417969 3.2675098419189457 -0.028792782624562582 0.38598096370697021 -2.5152151107788088 -0.3630762891843915 -1.6789960861206055 0.53871059417724609 1.5308714866638184 -1.6688042163848877 0.3492860078811646
leaf_weight=576 72 48 72 24 24 24 24 48 11.999999999999998 36 72 11.999999999999998 24 144 12 24 24 36 96 12 11.999999999999998 72 11.999999999999998 24 96 11.999999999999998 24 11.999999999999998 24 24
leaf_count=576 72 48 72 24 24 24 24 48 12 36 72 12 24 144 12 24 24 36 96 12 12 72 12 24 96 12 24 12 24 24
internal_value=9.79613e-10 1.91793 2.92755 3.48276 -0.4426 1.11024 1.87889 0.725913 1.06899 -0.258679 0.0301531 0.232565 0.966012 -0.403095 0.298723 1.31596 -0.718511 -0.550847 -0.2564 4.06214 -0.271583 -0.626756 -1.22472 -1.54686 0.0328498 0.560751 1.44831 -0.0667812 -0.226546 -0.326808
internal_weight=1728 324 144 96 1404 180 60 120 36 828 276 240 96 552 96 48 48 456 144 24 312 144 72 60 168 72 36 132 120 36
internal_count=1728 324 144 96 1404 180 60 120 36 828 276 240 96 552 96 48 48 456 144 24 312 144 72 60 168 72 36 132 120 36
is_linear=0
shrinkage=0.05


Tree=172
num_leaves=31
num_cat=0
split_feature=0 1 0 6 0 0 3 6 3 4 1 6 2 2 1 2 6 0 1 6 6 0 6 0 2 3 2 1 3 0
split_gain=531095 62520.4 53248.5 34870.6 22362.9 20065.8 18122.8 23960.3 65007 29759.1 58044.1 31207.2 56973.5 28886.7 27853.6 24476.2 23028.6 19160.1 14830 114697 21654.8 14753.5 13876.8 30741.5 30154.1 37169 34591.1 17993.1 16300 15232.9
threshold=573241.87500000012 28539.301500000005 1182183.7235000001 0.25000000000000006 27705.340000000004 619852.88050000009 30.154500000000002 0.25000000000000006 33.753000000000007 17.934000000000005 7458.433500000001 0.15000000000000005 42.413500000000006 42.413500000000006 7848.9580000000014 57.764500000000005 0.25000000000000006 19563.351500000001 2158.8095000000008 0.15000000000000005 0.15000000000000005 7391.9660000000013 0.25000000000000006 38531.177500000013 22.312000000000005 72.187000000000026 67.669000000000025 7047.768500000001 64.121000000000009 37405.976000000002
decision_type=2 2 2 2 2 2 2 2 2 2 2 2 2 2 2 2 2 2 2 2 2 2 2 2 2 2 2 2 2 2
left_child=1 4 3 5 6 -2 16 9 -9 10 11 12 -8 -13 15 -10 -1 -18 19 -11 -20 -22 29 27 -25 26 28 -24 -26 -6
right_child=2 -3 -4 -5 22 -7 7 8 14 18 -12 13 -14 -15 -16 -17 17 -19 20 -21 21 -23 23 24 25 -27 -28 -29 -30 -31
leaf_value=-0.8375797927379609 0.18287867307662964 0.65967411597569781 4.0745969772338873 2.9522764778137209 0.068332533687353134 1.7992730140686035 4.3798194885253912 2.310128974914551 -0.59993758201599123 -3.9332351684570308 -1.7188091099262239 -2.5180965423583985 0.16031390354037287 0.48641309738159183 1.5896985054016115 -3.0736108779907227 -1.3217318534851072 -4.147217941284179 -1.0447594006856284 2.9798154830932617 -1.3475394248962402 -3.4947410583496095 0.81685581207275393 -2.2250913619995116 0.0030546506245930989 1.1911804880414691 -1.472722625732422 -1.3040586853027345 1.4598971366882325 -0.55574858100576841
leaf_weight=48 24 144 36 60 120 96 11.999999999999998 24 60 12 48 11.999999999999998 24 24 11.999999999999998 11.999999999999998 12 12 36 12 11.999999999999998 24 11.999999999999998 11.999999999999998 96 84 36 60 24 528
leaf_count=48 24 144 36 60 120 96 12 24 60 12 48 12 24 24 12 12 12 12 36 12 12 24 12 12 96 84 36 60 24 528
internal_value=-1.62809e-09 -0.33131 2.31917 1.96809 -0.435625 1.47599 -0.752345 -0.592893 0.0151842 -0.896932 -0.372006 0.525863 1.56682 -0.51509 -0.640514 -1.01222 -1.46988 -2.73447 -1.55309 -0.47671 -1.91188 -2.77901 -0.30659 -0.0394149 0.220916 0.343216 -0.11338 -0.950573 0.294423 -0.440178
internal_weight=1728 1512 216 180 1368 120 396 324 108 216 120 72 36 36 84 72 72 24 96 24 72 36 972 324 252 240 156 72 120 648
internal_count=1728 1512 216 180 1368 120 396 324 108 216 120 72 36 36 84 72 72 24 96 24 72 36 972 324 252 240 156 72 120 648
is_linear=0
shrinkage=0.05


Tree=173
num_leaves=31
num_cat=0
split_feature=0 0 6 6 1 0 0 2 3 6 0 2 2 6 0 6 2 2 2 2 0 6 2 0 1 0 1 6 6 0
split_gain=479455 88376.4 25979.8 23415.6 22863.4 17089.7 11995.9 11390.3 11079.8 16292.2 32124.7 14473.2 18326.4 36504 41830.6 25373.2 140399 135928 117076 86099 35918.3 29437.7 24667.5 23738.2 23460 22856.9 22653.4 26337 11377.2 32344.8
threshold=303117.76850000006 840329.43250000023 0.15000000000000005 0.15000000000000005 9241.5975000000017 1182183.7235000001 573241.87500000012 127.01650000000002 67.669000000000025 0.15000000000000005 44158.321000000004 30.574000000000002 43.663000000000004 0.25000000000000006 16052.3765 0.15000000000000005 31.205000000000002 37.846500000000013 31.205000000000002 37.846500000000013 18495.691000000003 0.25000000000000006 52.25350000000001 18495.691000000003 5600.7615000000014 27705.340000000004 7848.9580000000014 0.15000000000000005 0.25000000000000006 19563.351500000001
decision_type=2 2 2 2 2 2 2 2 2 2 2 2 2 2 2 2 2 2 2 2 2 2 2 2 2 2 2 2 2 2
left_child=4 2 7 -3 8 -5 -4 -2 11 10 -10 28 15 24 22 16 -13 -18 21 -20 -19 -17 -15 -21 -14 -16 -26 -28 -1 -30
right_child=1 3 6 5 -6 -7 -8 -9 9 -11 -12 12 13 14 25 18 17 20 19 23 -22 -23 -24 -25 26 -27 27 -29 29 -31
leaf_value=-0.77100511193275456 0.65557535648345944 1.8603882153828939 1.0812071373065313 2.8774612426757815 -0.23180488644590702 4.5115564346313475 1.9939226309458418 -1.0318990707397462 -0.45657773017883296 -0.69036362171173105 -4.1151710510253903 5.6124526977539064 -1.8327528953552248 0.68864789009094241 2.183455038070679 -5.3588066101074219 -3.0949586868286136 0.29224271774291988 1.7940886974334718 -0.088761901855468756 4.1608283996582029 -1.8565608978271482 -2.0877877712249755 -2.3126002311706544 -0.19535610700647038 0.0012868881225585938 -3.6254714965820307 -0.31280889511108395 -0.26875205039978023 -3.9398571014404293
leaf_weight=48 60 36 72 48 828 24 72 11.999999999999998 12 48 12 11.999999999999998 72 11.999999999999998 24 12 24 12 48 24 12 12 24 24 72 24 12 12 12 12
leaf_count=48 60 36 72 48 828 24 72 12 12 48 12 12 72 12 24 12 24 12 48 24 12 12 24 24 72 24 12 12 12 12
internal_value=1.82815e-10 1.73374 1.14982 2.90157 -0.400093 3.42216 1.53756 0.37433 -0.642007 -1.2222 -2.28587 -0.559122 -0.449736 -0.72497 0.126079 -0.0644087 0.775121 -0.434212 -0.484174 0.296704 2.22654 -3.60768 -1.16231 -1.20068 -1.1505 1.09237 -0.638802 -1.96914 -1.21544 -2.1043
internal_weight=1728 324 216 108 1404 72 144 72 576 72 24 504 432 252 84 180 60 48 120 96 24 24 36 48 168 48 96 24 72 24
internal_count=1728 324 216 108 1404 72 144 72 576 72 24 504 432 252 84 180 60 48 120 96 24 24 36 48 168 48 96 24 72 24
is_linear=0
shrinkage=0.05


Tree=174
num_leaves=31
num_cat=0
split_feature=0 0 6 2 6 0 6 4 2 0 2 0 4 6 0 0 2 6 2 6 0 1 2 3 0 6 0 1 6 0
split_gain=432708 79759.7 23963.5 26655.3 21961.5 21305.3 15695 27305.1 18995.8 15000.7 11608.4 11229.7 10384.5 34896.3 18346.4 13623.3 12186 26128.4 28982.6 15492.3 9693.86 9579.92 9343.56 9336.87 8201.33 23890.2 7216.61 7119.29 103015 8867.85
threshold=303117.76850000006 840329.43250000023 0.25000000000000006 107.75750000000001 0.25000000000000006 80810.85000000002 0.25000000000000006 115.82000000000001 81.107000000000014 507657.76500000007 105.34800000000001 1048200.1775000001 115.82000000000001 0.15000000000000005 145818.27200000003 145818.27200000003 81.107000000000014 0.15000000000000005 68.52800000000002 0.15000000000000005 1182183.7235000001 26343.954000000005 50.303500000000007 48.804500000000012 3304.2185000000004 0.15000000000000005 256199.82050000003 2158.8095000000008 0.15000000000000005 19740.918500000003
decision_type=2 2 2 2 2 2 2 2 2 2 2 2 2 2 2 2 2 2 2 2 2 2 2 2 2 2 2 2 2 2
left_child=5 2 9 10 11 24 12 21 22 -2 -4 -3 13 14 -7 -15 17 18 23 -18 -6 -8 -9 -14 25 -1 -17 28 -26 -29
right_child=1 4 3 -5 20 6 7 8 -10 -11 -12 -13 16 15 -16 26 19 -19 -20 -21 -22 -23 -24 -25 27 -27 -28 29 -30 -31
leaf_value=-3.0793973922729494 -0.0017712436616420747 1.3692398786544802 1.5099493026733399 2.7991628646850586 3.1846583366394046 -1.9369959712028504 1.1352723519007364 -0.26339681413438587 1.4063591957092285 1.0807870656251908 -0.39468004703521731 2.6938661098480225 1.6040729522705079 0.69562016725540166 -0.44381367365519209 -1.0916625738143921 -2.2966583251953123 -0.52990505218505868 3.1435119628906252 0.24403514862060544 4.9251556396484375 -0.39065487384796144 -1.5370320320129396 -0.0063853263854980469 -3.5818252563476562 -0.34705410003662113 0.4100667953491211 -0.76654908117793852 2.0919822692871093 -0.41412940028251388
leaf_weight=11.999999999999998 48 24 24 36 24 48 72 36 11.999999999999998 96 11.999999999999998 48 11.999999999999998 48 36 24 12 60 11.999999999999998 12 11.999999999999998 11.999999999999998 24 36 11.999999999999998 24 11.999999999999998 252 24 612
leaf_count=12 48 24 24 36 24 48 72 36 12 96 12 48 12 48 36 24 12 60 12 12 12 12 24 36 12 24 12 252 24 612
internal_value=4.30133e-09 1.64705 1.09233 1.83712 2.75649 -0.380088 -0.104637 0.304853 -0.409649 0.719934 0.875073 2.25232 -0.309382 -0.576443 -1.29706 0.144175 0.00219004 0.20789 0.945686 -1.02631 3.76482 0.917283 -0.772851 0.396229 -0.517814 -1.25784 -0.591086 -0.488213 0.200713 -0.516918
internal_weight=1728 324 216 72 108 1404 468 156 72 144 36 72 312 168 84 84 144 120 60 24 36 84 60 48 936 36 36 900 36 864
internal_count=1728 324 216 72 108 1404 468 156 72 144 36 72 312 168 84 84 144 120 60 24 36 84 60 48 936 36 36 900 36 864
is_linear=0
shrinkage=0.05


Tree=175
num_leaves=31
num_cat=0
split_feature=0 0 6 6 0 0 6 4 2 2 6 2 4 6 0 0 2 6 2 6 4 2 3 3 6 0 0 6 0 0
split_gain=390519 71983.1 22276.6 20069.2 19228 14252.9 14164.7 24642.9 17143.7 9989.76 20612.2 9731.88 9371.97 31493.9 16557.6 12295.1 10997.9 23580.9 26156.8 13981.8 8645.88 8432.57 8426.53 7625.52 10939.8 75842.6 22912.3 18415.8 7257.34 6915.86
threshold=303117.76850000006 840329.43250000023 0.15000000000000005 0.15000000000000005 80810.85000000002 1182183.7235000001 0.25000000000000006 115.82000000000001 81.107000000000014 107.75750000000001 0.25000000000000006 127.01650000000002 115.82000000000001 0.15000000000000005 145818.27200000003 145818.27200000003 81.107000000000014 0.15000000000000005 68.52800000000002 0.15000000000000005 38.12850000000001 50.303500000000007 48.804500000000012 18.680500000000006 0.15000000000000005 47382.240000000013 47382.240000000013 0.25000000000000006 1048200.1775000001 256199.82050000003
decision_type=2 2 2 2 2 2 2 2 2 2 2 2 2 2 2 2 2 2 2 2 2 2 2 2 2 2 2 2 2 2
left_child=4 2 11 28 23 -5 12 20 21 -4 -11 -2 13 14 -6 -15 17 18 22 -18 -8 -9 -14 24 25 -1 -26 -28 -3 -16
right_child=1 3 9 5 6 -7 7 8 -10 10 -12 -13 16 15 29 -17 19 -19 -20 -21 -22 -23 -24 -25 26 -27 27 -29 -30 -31
leaf_value=-2.9254274368286133 0.57958282470703126 0.65077872276306159 0.98030699938535693 2.6031828880310059 -1.8401462078094484 4.0955030441284181 -0.37112212181091309 -0.25022699303097196 1.3360411643981935 0.96722270647684727 2.65920467376709 -0.98021554946899414 1.5238692283630373 0.6608391761779786 0.068411839008331296 -0.56153182983398442 -2.1818252563476559 -0.50340979099273686 2.9863363265991212 0.23183341026306148 1.0785087078809739 -1.4601803779602052 -0.0060660521189371749 -0.45072534719689028 -0.32970142364501953 2.6960556030273435 -3.8995437622070308 -1.1294790267944335 2.1567396163940429 -1.4016926765441895
leaf_weight=12 60 11.999999999999998 72 48 48 24 11.999999999999998 36 11.999999999999998 36 36 11.999999999999998 11.999999999999998 48 24 36 12 60 11.999999999999998 12 72 24 36 864 24 12 12 12 24 11.999999999999998
leaf_count=12 60 12 72 48 48 24 12 36 12 36 36 12 12 48 24 36 12 60 12 12 72 24 36 864 24 12 12 12 24 12
internal_value=-4.32893e-09 1.5647 1.03771 2.61867 -0.361084 3.10062 -0.099405 0.28961 -0.389167 1.39676 1.81321 0.319616 -0.293913 -0.547621 -1.23221 0.136966 0.00208055 0.197496 0.898401 -0.974996 0.871419 -0.734208 0.376418 -0.491923 -0.9863 -0.114686 -1.42211 -2.51451 1.65475 -0.421623
internal_weight=1728 324 216 108 1404 72 468 156 72 144 72 72 312 168 84 84 144 120 60 24 84 60 48 936 72 24 48 24 36 36
internal_count=1728 324 216 108 1404 72 468 156 72 144 72 72 312 168 84 84 144 120 60 24 84 60 48 936 72 24 48 24 36 36
is_linear=0
shrinkage=0.05


Tree=176
num_leaves=31
num_cat=0
split_feature=0 1 0 6 1 6 0 2 3 1 6 0 0 0 6 1 1 2 0 0 1 0 3 6 0 2 2 6 0 6
split_gain=352503 42841.3 36618 26581.9 15862.3 11915.8 23868.8 27062.5 27987.6 22932.5 35860.8 129121 89688.4 22544.9 35295.7 158703 73035.9 17011.1 14922.4 12110.4 11718 10808 10393.3 14703.7 28992.6 12839.5 15604.6 31919.1 37604 25122.9
threshold=573241.87500000012 28539.301500000005 1182183.7235000001 0.15000000000000005 9241.5975000000017 0.25000000000000006 41777.992500000008 22.312000000000005 72.187000000000026 10484.007500000002 0.15000000000000005 41777.992500000008 41777.992500000008 74959.462500000009 0.15000000000000005 11991.799500000003 11991.799500000003 68.52800000000002 37306.64650000001 68725.196500000005 26343.954000000005 55159.639500000012 67.669000000000025 0.15000000000000005 44158.321000000004 30.574000000000002 43.663000000000004 0.25000000000000006 16052.3765 0.15000000000000005
decision_type=2 2 2 2 2 2 2 2 2 2 2 2 2 2 2 2 2 2 2 2 2 2 2 2 2 2 2 2 2 2
left_child=1 4 3 -2 22 9 -7 -8 17 10 12 18 -6 14 15 -11 21 -9 -12 -18 -10 -16 25 24 -24 -1 29 -28 -29 -27
right_child=2 -3 -4 -5 5 6 7 8 20 13 11 -13 -14 -15 16 -17 19 -19 -20 -21 -22 -23 23 -25 -26 26 27 28 -30 -31
leaf_value=-1.0938026666641236 0.73898295879364018 0.55041036084294326 3.3451314926147462 2.0279248762130737 -2.7768797874450684 -1.1332598209381104 -2.0590036392211917 0.19406455418577903 1.3350725094477336 1.8711654663085939 2.6636905670166016 -1.2760965585708619 1.5457455158233644 -0.27953353157410255 -3.9804292678833009 -3.3778849601745606 1.3162125587463378 -1.2775899410247804 5.1572132110595703 -0.93011913299560534 -0.35256602764129641 -2.1426307678222658 -0.39050612449645994 -0.61260268092155457 -3.8661697387695306 0.81833335876464841 -1.0244906998372503 -1.0523386955261231 1.085400402545929 -0.43473501205444337
leaf_weight=72 60 144 36 120 24 36 11.999999999999998 108 72 36 12 24 24 312 24 24 12 24 12 12 11.999999999999998 11.999999999999998 12 48 12 60 168 36 48 120
leaf_count=72 60 144 36 120 24 36 12 108 72 36 12 24 24 312 24 24 12 24 12 12 12 12 12 48 12 60 168 36 48 120
internal_value=7.39022e-10 -0.269917 1.88942 1.59828 -0.356267 -0.21107 0.063204 0.252119 0.380515 -0.348207 0.350805 1.31718 -0.615567 -0.503543 -1.08597 -0.228455 -1.94348 -0.073509 3.91045 0.193047 1.09398 -3.36783 -0.555914 -1.11785 -2.12834 -0.475638 -0.37261 -0.626585 0.169227 -0.0170456
internal_weight=1728 1512 216 180 1368 792 264 228 216 528 96 48 48 432 120 60 60 132 24 24 84 36 576 72 24 504 432 252 84 180
internal_count=1728 1512 216 180 1368 792 264 228 216 528 96 48 48 432 120 60 60 132 24 24 84 36 576 72 24 504 432 252 84 180
is_linear=0
shrinkage=0.05


Tree=177
num_leaves=31
num_cat=0
split_feature=0 0 6 1 6 0 2 0 3 6 0 2 2 6 2 0 6 2 2 2 2 0 6 0 2 6 6 4 2 6
split_gain=319058 60577.7 24102.5 15900.1 13688.6 13008.3 12247.5 9422.36 9379.98 13270.1 26165.8 11587.6 14083.2 28807 34034.6 31704.3 22673.4 124583 119705 104382 73381.3 32416.3 26567.6 21423.7 20795.4 31077.8 27322.8 43777.4 11199.8 10267.9
threshold=303117.76850000006 684755.53550000011 0.25000000000000006 9241.5975000000017 0.15000000000000005 1048200.1775000001 107.75750000000001 1182183.7235000001 67.669000000000025 0.15000000000000005 44158.321000000004 30.574000000000002 43.663000000000004 0.25000000000000006 52.25350000000001 16052.3765 0.15000000000000005 31.205000000000002 37.846500000000013 31.205000000000002 37.846500000000013 18495.691000000003 0.25000000000000006 18495.691000000003 52.25350000000001 0.15000000000000005 0.15000000000000005 13.022000000000002 74.129500000000021 0.25000000000000006
decision_type=2 2 2 2 2 2 2 2 2 2 2 2 2 2 2 2 2 2 2 2 2 2 2 2 2 2 2 2 2 2
left_child=3 4 5 8 6 -3 -2 -4 11 10 -10 29 16 24 -15 -16 17 -13 -19 22 -21 -20 -18 -22 25 -14 27 -26 -17 -1
right_child=1 2 7 -5 -6 -7 -8 -9 9 -11 -12 12 13 14 15 28 19 18 21 20 23 -23 -24 -25 26 -27 -28 -29 -30 -31
leaf_value=-0.61690100431442263 0.76944515705108651 1.1392495632171631 2.6890518188476564 -0.18603822454666172 1.1111219841241837 2.3033060550689699 -0.68874230384826662 4.3068660736083988 -0.37098081111907955 -0.58197253942489624 -3.6728614807128901 5.3341560363769531 -0.58057689666748047 1.7520962476730348 -1.8834307193756104 1.0862779855728151 -5.0258865356445312 -2.8586923599243166 0.29757764339447018 1.7067109584808351 -0.0017233371734619142 3.9727340698242184 -1.6987533569335935 -2.1143698692321777 -3.0300205230712893 -3.1250885963439945 0.1330299973487854 -0.27316812872886659 -0.78453092575073247 -1.8835355699062348
leaf_weight=48 36 48 36 828 120 48 24 11.999999999999998 12 48 12 11.999999999999998 24 24 24 24 12 24 12 48 24 12 12 24 24 24 60 36 11.999999999999998 24
leaf_count=48 36 48 36 828 120 48 24 12 12 48 12 12 24 24 24 24 12 24 12 48 24 12 12 24 24 24 60 36 12 24
internal_value=-1.13656e-09 1.41431 2.17869 -0.326379 0.802805 1.72128 0.18617 3.09351 -0.528118 -1.06196 -2.02192 -0.451856 -0.35398 -0.595256 0.160765 -0.475767 -0.0161933 0.777417 -0.361768 -0.412998 0.324332 2.13516 -3.36232 -1.05805 -0.973266 -1.85283 -0.62144 -1.37591 0.462675 -1.03911
internal_weight=1728 324 144 1404 180 96 60 48 576 72 24 504 432 252 84 60 180 60 48 120 96 24 24 48 168 48 120 60 36 72
internal_count=1728 324 144 1404 180 96 60 48 576 72 24 504 432 252 84 60 180 60 48 120 96 24 24 48 168 48 120 60 36 72
is_linear=0
shrinkage=0.05


Tree=178
num_leaves=31
num_cat=0
split_feature=0 1 0 6 0 6 1 6 0 0 0 6 0 0 3 2 2 6 0 0 0 6 6 3 3 0 3 1 3 0
split_gain=288652 34982.1 30286.6 23058.2 13833.5 7549.92 10444 7420.23 6930.91 6559.73 6401.3 11861.8 36401.3 16346.7 22780.6 26260.5 13547.7 42732.6 50319.7 21594 17137.8 17287.5 13661.3 216318 146533 53257.7 47939.1 41104.1 39395.8 34061.3
threshold=573241.87500000012 15858.327500000001 1048200.1775000001 0.15000000000000005 303117.76850000006 0.25000000000000006 55820.384000000005 0.25000000000000006 619852.88050000009 1182183.7235000001 19740.918500000003 0.25000000000000006 22666.579000000002 38531.177500000013 72.187000000000026 49.048000000000009 27.516500000000004 0.15000000000000005 68725.196500000005 55159.639500000012 27705.340000000004 0.15000000000000005 0.15000000000000005 31.224500000000003 31.224500000000003 41777.992500000008 30.583500000000004 9241.5975000000017 30.583500000000004 90630.424000000014
decision_type=2 2 2 2 2 2 2 2 2 2 2 2 2 2 2 2 2 2 2 2 2 2 2 2 2 2 2 2 2 2
left_child=1 10 3 -2 -3 8 -7 -4 -5 -9 -1 16 -13 -14 15 -15 17 18 -12 -19 21 -18 23 26 28 27 -22 -26 -24 -25
right_child=2 4 7 5 -6 6 -8 9 -10 -11 11 12 13 14 -16 -17 20 19 -20 -21 22 -23 24 29 25 -27 -28 -29 -30 -31
leaf_value=-0.58983879431530284 0.39632298350334172 -0.033937204678853354 2.1881407260894776 0.25443334579467775 0.61126557985941576 2.6077207565307621 0.90445461273193362 2.4382770538330076 1.6419679323832197 4.0915229797363279 1.4418653488159181 2.6488916397094728 -0.73079981463296084 0.46955242206652958 1.5531000137329103 -1.040267570813497 -0.29270379543304442 -4.0479686737060545 -2.523600006103516 -1.4502543449401857 1.4182820995648704 -2.1904830932617188 -1.4665302197138468 -2.0808982610702516 0.79790929406881339 0.17327560016087123 5.0674484252929695 3.7242311477661136 -4.7745922088623045 -0.27746285597483317
leaf_weight=324 48 360 48 11.999999999999998 108 36 11.999999999999998 12 36 12 24 11.999999999999998 84 72 24 48 24 11.999999999999998 11.999999999999998 24 36 24 36 96 24 84 11.999999999999998 24 11.999999999999998 36
leaf_count=324 48 360 48 12 108 36 12 12 36 12 24 12 84 72 24 48 24 12 12 24 36 24 36 96 24 84 12 24 12 36
internal_value=-2.93194e-09 -0.244251 1.70976 1.2911 0.114956 1.73849 2.1819 2.54706 1.29508 3.2649 -0.405275 -0.322221 -0.0352131 -0.176482 0.14687 -0.134376 -0.465724 -1.09806 0.120044 -2.31616 -0.354136 -1.24159 -0.235808 -0.543819 0.0722018 0.932474 2.33057 2.26107 -2.29355 -1.58905
internal_weight=1728 1512 216 144 468 96 48 72 48 24 1044 720 240 228 144 120 480 72 36 36 408 48 360 180 180 132 48 48 48 132
internal_count=1728 1512 216 144 468 96 48 72 48 24 1044 720 240 228 144 120 480 72 36 36 408 48 360 180 180 132 48 48 48 132
is_linear=0
shrinkage=0.05


Tree=179
num_leaves=31
num_cat=0
split_feature=0 0 0 6 0 3 6 3 0 6 1 2 0 0 6 6 3 2 6 6 2 0 3 6 6 0 2 6 2 0
split_gain=260508 31653.8 27604.6 20456.3 10514.3 9902.63 19372.6 17017.3 15759.4 11822.7 15604.6 25427.1 13944.5 20280.5 17311.3 9302.18 13334.6 8189.44 7580.41 6682.86 9560.23 7709.58 6514.56 12185.8 9350.55 6264.61 5949.56 18126.1 45637.1 20806.9
threshold=573241.87500000012 240407.42100000003 1182183.7235000001 0.15000000000000005 27705.340000000004 30.154500000000002 0.25000000000000006 43.781500000000008 19563.351500000001 0.25000000000000006 7848.9580000000014 57.764500000000005 12036.576500000001 16052.3765 0.15000000000000005 0.15000000000000005 95.222000000000023 31.992000000000001 0.15000000000000005 0.25000000000000006 107.75750000000001 619852.88050000009 95.222000000000023 0.25000000000000006 0.25000000000000006 619852.88050000009 27.516500000000004 0.15000000000000005 25.045500000000004 55159.639500000012
decision_type=2 2 2 2 2 2 2 2 2 2 2 2 2 2 2 2 2 2 2 2 2 2 2 2 2 2 2 2 2 2
left_child=1 4 3 25 5 6 -1 17 -8 12 11 -11 14 -14 -9 16 -3 -7 -4 21 -21 -5 23 -17 -24 -2 27 28 -6 -29
right_child=2 15 18 19 26 7 8 9 -10 10 -12 -13 13 -15 -16 22 -18 -19 -20 20 -22 -23 24 -25 -26 -27 -28 29 -30 -31
leaf_value=-0.4825710654258728 -0.40413827896118165 -0.72664004564285278 1.8621099472045899 0.24171168804168702 1.1630535761515299 -0.76465061257282896 -0.94113769531249991 -0.84062833786010727 -3.5036418914794916 0.24046093225479126 1.3828125953674317 -2.5783967971801758 0.39493288397789006 -1.3851889789104463 -3.5263374328613275 0.2947816332181295 0.79488515853881836 0.078491616249084475 3.4012255668640137 0.85923185348510744 2.4370918273925781 1.6586461067199707 0.89111807346343996 1.5957303047180176 -0.50460090637207033 0.87312757968902588 -0.1710124754901938 -2.1920334100723267 -2.3974199295043945 -0.49207750956217455
leaf_weight=48 11.999999999999998 36 11.999999999999998 11.999999999999998 36 36 12 12 12 24 11.999999999999998 11.999999999999998 24 48 12 36 24 144 24 11.999999999999998 48 48 24 36 24 48 792 24 11.999999999999998 72
leaf_count=48 12 36 12 12 36 36 12 12 12 24 12 12 24 48 12 36 24 144 24 12 48 48 24 36 24 48 792 24 12 72
internal_value=-1.95147e-09 -0.232038 1.62427 1.37148 -0.316137 -0.53211 -1.06251 -0.414243 -2.22239 -0.819377 -0.178666 -0.699158 -1.13973 -0.791815 -2.18348 0.390295 -0.11803 -0.0901368 2.88819 1.74839 2.12152 1.37526 0.644457 0.945256 0.193259 0.617674 -0.224764 -0.520399 0.272935 -0.917066
internal_weight=1728 1512 216 180 1332 396 72 324 24 144 48 36 96 72 24 180 60 180 36 120 60 60 120 72 48 60 936 144 48 96
internal_count=1728 1512 216 180 1332 396 72 324 24 144 48 36 96 72 24 180 60 180 36 120 60 60 120 72 48 60 936 144 48 96
is_linear=0
shrinkage=0.05


Tree=180
num_leaves=31
num_cat=0
split_feature=0 0 6 2 6 1 0 2 0 3 6 0 0 6 6 3 2 6 2 0 0 1 1 1 0 4 3 3 4 0
split_gain=235769 44772.6 14758.9 17432.8 13809.3 12113.2 10541.6 9015.84 6428.87 5657.13 7893.16 58508 19670.6 14702.8 5999.57 17834 21182.7 16797.1 78175.7 65262.9 68887.2 23524.2 19228.1 18423.4 14926.3 31563.7 25972.9 21930 21157 27749.2
threshold=303117.76850000006 840329.43250000023 0.25000000000000006 107.75750000000001 0.25000000000000006 15858.327500000001 507657.76500000007 105.34800000000001 1048200.1775000001 18.680500000000006 0.15000000000000005 47382.240000000013 47382.240000000013 0.25000000000000006 0.25000000000000006 65.925000000000011 27.516500000000004 0.15000000000000005 66.080000000000013 44158.321000000004 37405.976000000002 10279.872000000001 9804.0705000000016 7848.9580000000014 38531.177500000013 82.975500000000011 33.753000000000007 30.154500000000002 14.624000000000001 12036.576500000001
decision_type=2 2 2 2 2 2 2 2 2 2 2 2 2 2 2 2 2 2 2 2 2 2 2 2 2 2 2 2 2 2
left_child=5 2 6 7 8 9 -2 -4 -3 10 11 -1 -12 -14 15 16 -11 19 -19 20 23 22 -20 -17 25 26 27 -16 -28 -30
right_child=1 4 3 -5 -6 -7 -8 -9 -10 14 12 -13 13 -15 24 17 -18 18 21 -21 -22 -23 -24 -25 -26 -27 28 -29 29 -31
leaf_value=-2.5228099822998047 -0.097093063592910769 0.97904202938079843 1.166154956817627 2.1626748402913409 2.8465703964233402 -0.030461865266164147 0.81041056811809542 -0.51237125396728522 1.9812948465347291 -1.058468190828959 -0.15245091915130615 2.414632987976074 -3.4143661499023432 -0.93925971984863266 -0.70021376609802255 -0.26853713989257816 -0.12825045852976688 -2.7781559944152834 0.60705380141735077 -3.5699024200439453 1.5901012420654297 1.8108688831329347 -1.8442260742187502 -2.6679752349853518 0.24984505647849856 -1.7753599802652997 0.32686954736709595 1.9176362037658692 0.35985044091939927 -1.7224090576171875
leaf_weight=12 48 24 24 36 36 360 96 11.999999999999998 48 72 24 12 12 12 11.999999999999998 11.999999999999998 408 24 24 24 24 24 11.999999999999998 24 132 36 48 24 24 48
leaf_count=12 48 24 24 36 36 360 96 12 48 72 24 12 12 12 12 12 408 24 24 24 24 24 12 24 132 36 48 24 24 48
internal_value=-5.46591e-09 1.21577 0.80016 1.38466 2.047 -0.280563 0.507909 0.606646 1.64721 -0.366805 -0.794451 -0.0540885 -1.16463 -2.17681 -0.335127 -0.422965 -0.267783 -0.866342 -0.366385 -1.3663 -0.484857 0.598324 -0.210039 -1.86816 -0.159451 -0.440842 -0.132877 1.04502 -0.486246 -1.02832
internal_weight=1728 324 216 72 108 1404 144 36 72 1044 72 24 48 24 972 648 480 168 84 84 60 60 36 36 324 192 156 36 120 72
internal_count=1728 324 216 72 108 1404 144 36 72 1044 72 24 48 24 972 648 480 168 84 84 60 60 36 36 324 192 156 36 120 72
is_linear=0
shrinkage=0.05


Tree=181
num_leaves=31
num_cat=0
split_feature=0 0 6 6 1 0 6 2 1 0 1 6 0 0 1 0 4 2 4 6 2 1 2 2 6 2 6 2 1 6
split_gain=212781 40407.3 13658.3 12834.1 11195.3 8770.12 7729.45 19796.7 20175.7 20766.5 17282.5 27282.6 102333 73479.1 18819.2 14592.4 12695 12931.1 9449.85 14477.9 12700.5 11702.9 12522.1 10734.8 20438.5 23629.1 12618.6 8572.65 8038.22 7924.04
threshold=303117.76850000006 840329.43250000023 0.15000000000000005 0.15000000000000005 9241.5975000000017 1182183.7235000001 0.25000000000000006 11.119000000000002 11548.453500000001 90630.424000000014 10484.007500000002 0.15000000000000005 41777.992500000008 41777.992500000008 13134.513000000001 37306.64650000001 99.63600000000001 81.107000000000014 101.94350000000001 0.15000000000000005 71.424500000000009 26343.954000000005 71.424500000000009 81.107000000000014 0.15000000000000005 68.52800000000002 0.15000000000000005 50.303500000000007 26343.954000000005 0.15000000000000005
decision_type=2 2 2 2 2 2 2 2 2 2 2 2 2 2 2 2 2 2 2 2 2 2 2 2 2 2 2 2 2 2
left_child=4 2 -2 -3 -1 -5 10 -8 -9 -10 11 13 15 -6 29 -13 -11 27 19 21 -21 22 -16 24 25 -20 -25 -18 -22 -12
right_child=1 3 -4 5 6 -7 7 8 9 16 14 12 -14 -15 18 -17 17 -19 23 20 28 -23 -24 26 -26 -27 -28 -29 -30 -31
leaf_value=-0.43581539620645349 0.19786707560221356 1.1738223234812419 1.0412941227356594 1.9398559570312501 -2.4462327003479007 3.1104675292968751 -1.9189277648925782 -0.55623135566711424 1.1965012264251709 0.72330225706100471 -0.48706769943237305 2.2716035842895503 -1.1127958536148073 1.4663299083709718 -0.36593030691146855 4.7374061584472651 -0.16350225148101649 1.2235580444335938 0.44158209323883058 -0.90195267200469975 0.88031981786092128 0.45987882614135744 -1.8403727849324545 -2.0376848220825194 -0.34469728469848637 2.8720687866210941 0.2552908897399902 -1.3208601474761963 -0.61394906044006348 -1.2288766463597618
leaf_weight=576 72 36 144 48 24 24 11.999999999999998 72 60 48 72 12 24 24 24 12 48 11.999999999999998 60 24 36 11.999999999999998 36 12 72 11.999999999999998 12 24 11.999999999999998 72
leaf_count=576 72 36 144 48 24 24 12 72 60 48 72 12 24 24 24 12 48 12 60 24 36 12 36 12 72 12 12 24 12 72
internal_value=-2.31623e-09 1.15498 0.760152 1.94465 -0.266535 2.33006 -0.148774 0.0672708 0.157553 0.425221 -0.256797 0.352952 1.19585 -0.489951 -0.385165 3.5045 0.0746398 -0.296024 -0.166946 -0.464166 0.0371842 -0.965517 -1.2506 0.0878144 0.250983 0.846663 -0.891197 -0.549288 0.506753 -0.857972
internal_weight=1728 324 216 108 1404 72 828 276 264 192 552 96 48 48 456 24 132 84 312 144 72 72 60 168 144 72 24 72 48 144
internal_count=1728 324 216 108 1404 72 828 276 264 192 552 96 48 48 456 24 132 84 312 144 72 72 60 168 144 72 24 72 48 144
is_linear=0
shrinkage=0.05


Tree=182
num_leaves=31
num_cat=0
split_feature=0 1 0 6 2 2 4 1 0 3 0 2 2 4 6 0 6 0 1 0 0 6 0 0 6 0 3 2 0 6
split_gain=192780 32506.9 16530.3 9778.36 24398.9 30975.9 19969.2 29505.7 21047.8 24325.2 27288.8 20112 14001.8 13184.3 19155.2 10153.5 21694.8 62982.4 30169.2 23621.2 16947.6 35345.3 31834.9 16923.2 9398.13 9119.4 8526.07 7794.57 7432 7272.15
threshold=619852.88050000009 28539.301500000005 1182183.7235000001 0.25000000000000006 31.205000000000002 29.406000000000002 17.934000000000005 6575.9135000000015 27705.340000000004 72.187000000000026 41777.992500000008 49.048000000000009 7.3575000000000008 6.4535000000000009 0.15000000000000005 12036.576500000001 0.15000000000000005 7391.9660000000013 2158.8095000000008 4747.4170000000004 19563.351500000001 0.15000000000000005 18495.691000000003 18495.691000000003 0.15000000000000005 12036.576500000001 78.015500000000017 42.413500000000006 35745.162000000004 0.25000000000000006
decision_type=2 2 2 2 2 2 2 2 2 2 2 2 2 2 2 2 2 2 2 2 2 2 2 2 2 2 2 2 2 2
left_child=1 3 24 13 5 12 7 25 -8 11 -11 -10 -5 14 -1 16 18 19 -15 27 21 22 -17 -23 -2 -6 -9 -18 -7 -3
right_child=2 29 -4 4 6 28 8 26 9 10 -12 -13 -14 15 -16 20 17 -19 -20 -21 -22 23 -24 -25 -26 -27 -28 -29 -30 -31
leaf_value=-2.9266675949096679 0.73791451454162604 0.22684347510337829 2.5070456186930343 -1.8229814529418946 -0.6902138471603394 -3.2179008483886715 1.4628162225087484 1.0401323556900024 0.60309394313953824 -1.3694135665893556 1.2059883356094361 -0.65040176312128706 0.047967895865440369 -2.7996438980102543 -0.10154221057891843 0.18581674098968504 -0.95277462005615243 -3.3218173980712891 -0.51103870073954272 2.6492292404174806 -0.3202833577990532 0.62096233367919917 3.8278682708740228 -2.0344720840454098 1.5947858929634096 -2.0685734748840332 -0.29263375997543334 0.60793170928955087 -1.4581664085388182 0.90101662635803226
leaf_weight=12 48 120 36 11.999999999999998 24 12 36 24 48 11.999999999999998 72 96 60 24 12 12 11.999999999999998 11.999999999999998 36 11.999999999999998 720 12 12 12 96 24 24 24 12 60
leaf_count=12 48 120 36 12 24 12 36 24 48 12 72 96 60 24 12 12 12 12 36 12 720 12 12 12 96 24 24 24 12 60
internal_value=5.35036e-09 -0.180086 1.54874 -0.263198 -0.0741489 -0.782401 0.114718 -0.502822 0.339278 0.161878 0.838074 -0.23257 -0.263857 -0.357723 -1.5141 -0.326469 -0.75419 -0.0818999 -1.42648 0.72808 -0.259638 0.650044 2.00684 -0.706755 1.30916 -1.37939 0.373749 0.0876963 -2.33803 0.451568
internal_weight=1728 1548 180 1368 456 96 360 96 264 228 84 144 72 912 24 888 120 60 60 48 768 48 24 24 144 48 48 36 24 180
internal_count=1728 1548 180 1368 456 96 360 96 264 228 84 144 72 912 24 888 120 60 60 48 768 48 24 24 144 48 48 36 24 180
is_linear=0
shrinkage=0.05


Tree=183
num_leaves=31
num_cat=0
split_feature=0 0 1 6 4 4 3 6 0 2 6 6 1 6 0 0 3 6 0 0 6 6 2 6 2 2 3 2 2 2
split_gain=174357 24402.2 16890.5 12976.1 30142.1 20671.1 11491 8042.54 9604.15 7751.79 6611.99 5193.83 7827.71 5031.28 4853.58 4827.33 4322.08 7881.4 50105.5 16930.8 13076.7 4828.14 4781.7 25853.1 152999 85450.3 59493.9 58230.4 63937.3 52540.5
threshold=507657.76500000007 1048200.1775000001 15858.327500000001 0.25000000000000006 101.94350000000001 133.21950000000004 101.51950000000001 0.15000000000000005 573241.87500000012 45.337500000000006 0.25000000000000006 0.25000000000000006 55820.384000000005 0.25000000000000006 619852.88050000009 1182183.7235000001 18.680500000000006 0.15000000000000005 47382.240000000013 47382.240000000013 0.25000000000000006 0.25000000000000006 30.574000000000002 0.15000000000000005 31.205000000000002 31.205000000000002 62.127500000000005 37.846500000000013 40.431500000000007 36.14800000000001
decision_type=2 2 2 2 2 2 2 2 2 2 2 2 2 2 2 2 2 2 2 2 2 2 2 2 2 2 2 2 2 2
left_child=2 7 16 9 6 -6 -5 -2 10 -4 -9 14 -13 -3 -10 -15 17 18 -1 21 -21 -19 -18 24 -24 -25 27 -26 -29 -27
right_child=1 13 3 4 5 -7 -8 8 11 -11 -12 12 -14 15 -16 -17 22 19 -20 20 -22 -23 23 25 26 29 -28 28 -30 -31
leaf_value=-2.2348964691162108 0.4316768121719361 1.6979206323623659 0.44168552160263064 1.4241930389404298 -1.1707383791605632 0.72365505695343024 0.12967895269393923 1.0759491920471189 0.12569868564605713 -0.25436522185802463 -0.58386821746826167 2.1007309595743817 0.62615852355957036 1.875447845458984 1.2868261337280273 3.293681335449218 -0.49611408586303396 0.58819570541381827 2.3342689514160155 -3.1661899566650389 -0.83196506500244127 -0.8301568031311034 4.8668441772460938 -2.9341764450073242 -2.5238558769226076 1.3682288169860841 -1.8825064480304718 3.636474609375 -0.21064126094182334 -0.096784344461618696
leaf_weight=12 60 48 48 60 36 24 24 12 11.999999999999998 240 12 36 11.999999999999998 12 36 12 216 12 12 12 12 12 11.999999999999998 24 24 72 96 11.999999999999998 108 408
leaf_count=12 60 48 48 60 36 24 24 12 12 240 12 36 12 12 36 12 216 12 12 12 12 12 12 24 24 72 96 12 108 408
internal_value=1.23831e-09 1.21551 -0.207527 0.0554127 0.442952 -0.412981 1.05433 0.904333 1.14066 -0.138357 0.24604 1.36432 1.73209 1.99347 0.996544 2.58456 -0.316329 -0.690124 0.0496862 -1.06003 -1.99908 -0.120981 -0.288641 -0.229363 -0.642867 -0.0226107 -0.918353 -0.275584 0.17407 0.122968
internal_weight=1728 252 1476 432 144 60 84 180 120 288 24 96 48 72 48 24 1044 72 24 48 24 24 972 756 252 504 240 144 120 480
internal_count=1728 252 1476 432 144 60 84 180 120 288 24 96 48 72 48 24 1044 72 24 48 24 24 972 756 252 504 240 144 120 480
is_linear=0
shrinkage=0.05


Tree=184
num_leaves=31
num_cat=0
split_feature=0 0 6 1 6 2 0 1 6 2 1 0 1 4 2 4 6 2 1 2 2 6 2 6 1 2 2 3 3 2
split_gain=157447 30074.2 13457 9411.32 7842.58 10001.7 6861.39 6834.48 10787.4 15830.4 16491.6 17820.1 10957.8 10171.8 10181.7 8064.91 13040.3 11529.8 10567.5 11441.9 9372.23 18507.6 21701.2 11388.3 7254.5 7113.4 7039.09 10318.2 6759.54 6725.05
threshold=303117.76850000006 684755.53550000011 0.25000000000000006 9241.5975000000017 0.15000000000000005 107.75750000000001 1048200.1775000001 10279.872000000001 0.25000000000000006 11.119000000000002 11548.453500000001 90630.424000000014 13134.513000000001 99.63600000000001 81.107000000000014 101.94350000000001 0.15000000000000005 71.424500000000009 26343.954000000005 90.431000000000012 81.107000000000014 0.15000000000000005 68.52800000000002 0.15000000000000005 26343.954000000005 78.163500000000013 68.52800000000002 48.804500000000012 48.804500000000012 50.303500000000007
decision_type=2 2 2 2 2 2 2 2 2 2 2 2 2 2 2 2 2 2 2 2 2 2 2 2 2 2 2 2 2 2
left_child=3 4 6 -1 5 -2 -3 -5 12 -10 -11 -12 25 -13 29 16 18 -18 19 -14 21 22 28 -22 -19 -9 27 -23 -17 -15
right_child=1 2 -4 7 -6 -7 -8 8 9 10 11 13 15 14 -16 20 17 24 -20 -21 23 26 -24 -25 -26 -27 -28 -29 -30 -31
leaf_value=-0.38448206080744662 0.62300380071004235 0.76760856509208686 2.2156601905822755 0.24960210853152806 0.79602672457695012 -0.69472668170928964 1.6130245685577393 -0.84512115001678478 -1.6732954025268556 -0.79212625026702888 1.0885319900512695 0.6299285888671875 -0.59600510597229006 -0.16552902435262998 1.0658979415893555 1.4893782615661622 -0.83206214904785158 0.8650362491607666 0.46561732292175295 -2.0054193496704102 -1.9070682525634763 -1.4077982902526855 2.7571977615356449 0.27125878334045406 -0.5545191764831543 -0.12492289543151856 -1.42298641204834 0.23142131268978119 0.16261624395847321 -1.1906090259552002
leaf_weight=576 36 48 48 108 120 24 48 120 11.999999999999998 36 60 48 36 48 11.999999999999998 11.999999999999998 24 36 11.999999999999998 24 12 11.999999999999998 11.999999999999998 12 11.999999999999998 48 11.999999999999998 48 48 24
leaf_count=576 36 48 48 108 120 24 48 120 12 36 60 48 36 48 12 12 24 36 12 24 12 12 12 12 12 48 12 48 48 24
internal_value=1.10379e-09 0.993518 1.5321 -0.229273 0.562655 0.0959116 1.19032 -0.121302 -0.176938 0.0967632 0.189924 0.374059 -0.313789 0.049298 -0.282491 -0.138486 -0.413064 0.0627442 -0.888873 -1.15977 0.0968666 0.249328 0.816173 -0.817905 0.510147 -0.63935 -0.317517 -0.0964226 0.427969 -0.507222
internal_weight=1728 324 144 1404 180 60 96 828 720 240 228 192 480 132 84 312 144 72 72 60 168 144 72 24 48 168 72 60 60 72
internal_count=1728 324 144 1404 180 60 96 828 720 240 228 192 480 132 84 312 144 72 72 60 168 144 72 24 48 168 72 60 60 72
is_linear=0
shrinkage=0.05


Tree=185
num_leaves=31
num_cat=0
split_feature=0 0 6 1 2 6 6 0 6 2 2 6 6 1 4 1 0 4 4 2 6 0 0 6 0 0 6 1 1 0
split_gain=142663 23797.5 14383.2 10404.2 6530.74 13131.2 6581.7 6519.58 5878.89 19518.3 6871.11 30095.1 26772.8 24280.4 18217.6 16113.1 7454.9 5938.35 10899.4 8428.4 4414.5 5375.88 4319.48 7529.18 28582 10094.8 15339.1 13908.8 9660.43 18187.8
threshold=388286.60400000011 1048200.1775000001 0.15000000000000005 15858.327500000001 107.75750000000001 0.25000000000000006 0.25000000000000006 507657.76500000007 0.25000000000000006 45.337500000000006 71.424500000000009 0.15000000000000005 0.15000000000000005 26343.954000000005 122.55800000000001 24629.120500000001 164842.97150000001 122.55800000000001 133.21950000000004 113.36550000000001 0.15000000000000005 1182183.7235000001 19740.918500000003 0.25000000000000006 22666.579000000002 27705.340000000004 0.15000000000000005 10484.007500000002 11548.453500000001 90630.424000000014
decision_type=2 2 2 2 2 2 2 2 2 2 2 2 2 2 2 2 2 2 2 2 2 2 2 2 2 2 2 2 2 2
left_child=3 2 7 22 6 -6 -4 -2 10 -10 11 14 13 -12 -5 -13 -14 19 -19 -11 -3 -22 -1 25 -25 26 -24 -27 -26 -30
right_child=1 20 4 8 5 -7 -8 -9 9 17 12 15 16 -15 -16 -17 -18 18 -20 -21 21 -23 23 24 28 27 -28 -29 29 -31
leaf_value=-0.43755817766542793 -0.88744573593139653 1.2494193077087403 1.1512636661529541 0.23870580593744914 0.69529597014188771 1.8648392200469972 -0.019713449478149417 0.38922799587249757 -1.0022702217102051 1.0782059574127199 -1.6850594282150269 -1.3025902430216472 1.0472445726394655 0.26270983815193177 2.0171236038208007 0.36995749473571782 -0.032027184963226318 -1.1805923461914063 0.66496304273605356 -0.37337903976440434 1.5507960319519043 2.6090847969055178 -0.12612373828887941 2.3893539428710939 -0.36281752884387974 0.028087897433174983 -1.9137630462646484 -0.53933081825574236 0.9490525603294373 -0.53766281969017449
leaf_weight=324 11.999999999999998 24 24 36 48 48 24 60 24 60 48 36 24 24 24 24 48 11.999999999999998 24 11.999999999999998 24 24 24 11.999999999999998 144 216 24 216 48 36
leaf_count=324 12 24 24 36 48 48 24 60 24 60 48 36 24 24 24 24 48 12 24 12 24 24 24 12 144 216 24 216 48 36
internal_value=-3.84257e-09 1.01587 0.753463 -0.203174 1.04197 1.28007 0.565775 0.176449 0.0150459 0.287495 -0.121179 0.158251 -0.354036 -1.0358 0.950073 -0.633571 0.32773 0.574109 0.0497779 0.836275 1.8031 2.07994 -0.285948 -0.217723 0.0109383 -0.332054 -1.01994 -0.255621 -0.114242 0.311889
internal_weight=1728 288 216 1440 144 96 48 72 396 132 264 120 144 72 60 60 72 108 36 72 72 48 1044 720 240 480 48 432 228 84
internal_count=1728 288 216 1440 144 96 48 72 396 132 264 120 144 72 60 60 72 108 36 72 72 48 1044 720 240 480 48 432 228 84
is_linear=0
shrinkage=0.05


Tree=186
num_leaves=31
num_cat=0
split_feature=0 1 0 1 6 1 6 2 1 0 0 1 2 3 6 0 2 2 6 0 6 2 2 2 2 6 0 2 6 6
split_gain=129366 21557.6 11607.1 7146.94 6682.25 6481.86 10892.7 13745.8 15057.6 12941 8795.54 7687.66 6156.4 5831.89 9282.13 20896.3 6773.81 9738.99 19951.6 23685.4 16801.2 90863.5 91060.3 74099.5 53939.2 23323.4 22798.4 16557.1 23093.5 19078.9
threshold=619852.88050000009 28539.301500000005 1182183.7235000001 9241.5975000000017 0.15000000000000005 10279.872000000001 0.25000000000000006 11.119000000000002 11548.453500000001 90630.424000000014 100590.71350000003 13134.513000000001 78.163500000000013 67.669000000000025 0.15000000000000005 44158.321000000004 30.574000000000002 43.663000000000004 0.25000000000000006 16052.3765 0.15000000000000005 31.205000000000002 37.846500000000013 31.205000000000002 37.846500000000013 0.25000000000000006 18495.691000000003 52.25350000000001 0.15000000000000005 0.15000000000000005
decision_type=2 2 2 2 2 2 2 2 2 2 2 2 2 2 2 2 2 2 2 2 2 2 2 2 2 2 2 2 2 2
left_child=1 3 4 13 -2 -5 11 -8 -9 -10 -11 12 -7 16 15 -15 -1 20 27 -20 21 -18 -23 25 -25 -22 -24 28 -19 -29
right_child=2 -3 -4 5 -6 6 7 8 9 10 -12 -13 -14 14 -16 -17 17 18 19 -21 23 22 26 24 -26 -27 -28 29 -30 -31
leaf_value=-0.73808317184448247 0.58625251650810239 0.36686677356561026 2.0717130978902181 0.24223266972435847 1.3087831079959871 -0.77589858055114747 -1.539517116546631 -0.73437907695770266 0.98536124706268324 -0.77011248270670585 0.30005247443914418 -0.15887216627597811 -0.10589566230773927 -0.097649723291397095 -0.36871576309204102 -3.0483776092529293 4.6413215637207035 -0.41759651303291323 -0.75519464810689296 0.94139877557754525 -4.3185661315917967 -2.4008548736572268 0.4136554241180419 1.5314946889877321 -0.83887778520584111 -1.2011842727661133 3.4957530975341791 -1.0460046958923339 -2.6110278129577638 0.21491130352020266
leaf_weight=72 48 180 36 108 96 120 11.999999999999998 36 60 24 96 288 48 12 48 12 11.999999999999998 24 36 48 12 24 12 48 48 12 12 60 24 60
leaf_count=72 48 180 36 108 96 120 12 36 60 24 96 288 48 12 48 12 12 24 36 48 12 24 12 48 48 12 12 60 24 60
internal_value=-1.35904e-09 -0.147523 1.26869 -0.215205 1.06794 -0.117743 -0.174582 0.107597 0.199104 0.3858 0.0860195 -0.315671 -0.584469 -0.349216 -0.770148 -1.57301 -0.289083 -0.214249 -0.414891 0.214287 0.0666492 0.749804 -0.223075 -0.274928 0.346308 -2.75988 1.9547 -0.72948 -1.51431 -0.415547
internal_weight=1728 1548 180 1368 144 792 684 228 216 180 120 456 168 576 72 24 504 432 252 84 180 60 48 120 96 24 24 168 48 120
internal_count=1728 1548 180 1368 144 792 684 228 216 180 120 456 168 576 72 24 504 432 252 84 180 60 48 120 96 24 24 168 48 120
is_linear=0
shrinkage=0.05


Tree=187
num_leaves=31
num_cat=0
split_feature=0 1 0 1 6 1 6 2 1 0 0 0 1 6 0 0 6 0 0 6 2 1 3 6 0 2 2 6 2 0
split_gain=116753 19455.8 10475.4 6450.11 6030.73 5849.88 9830.65 12405.6 13589.5 11679.3 7937.98 7005.29 8671.02 50277.5 85136.4 46945.2 46709.9 8422.67 7317.6 5450.61 16492 8976.27 5263.28 8377.13 18858.9 6113.37 8789.44 18006.3 21466.1 20436.4
threshold=619852.88050000009 28539.301500000005 1182183.7235000001 9241.5975000000017 0.15000000000000005 10279.872000000001 0.25000000000000006 11.119000000000002 11548.453500000001 90630.424000000014 100590.71350000003 74959.462500000009 11991.799500000003 0.15000000000000005 37405.976000000002 37405.976000000002 0.15000000000000005 68725.196500000005 55159.639500000012 0.25000000000000006 107.75750000000001 31361.745000000006 67.669000000000025 0.15000000000000005 44158.321000000004 30.574000000000002 43.663000000000004 0.25000000000000006 52.25350000000001 16052.3765
decision_type=2 2 2 2 2 2 2 2 2 2 2 2 2 2 2 2 2 2 2 2 2 2 2 2 2 2 2 2 2 2
left_child=1 3 4 22 -2 -5 11 -8 -9 -10 -11 12 13 15 -15 -7 -14 -18 -16 -3 21 -21 25 24 -24 -1 -27 -28 -29 -30
right_child=2 19 -4 5 -6 6 7 8 9 10 -12 -13 16 14 18 -17 17 -19 -20 20 -22 -23 23 -25 -26 26 27 28 29 -31
leaf_value=-0.70117902159690859 0.55693988800048833 0.15396886199712756 1.9681274414062502 0.23012105094061958 1.2433439552783967 -1.8781068801879883 -1.4625412940979006 -0.69766013224919643 0.93609317302703854 -0.73160690466562917 0.28504984341561795 -0.16674866355382478 -2.6968055725097657 2.1890132904052737 -3.1780761718750004 1.7330339113871258 1.3593619346618651 -0.5139900207519531 -1.6658761978149415 1.1773517608642579 1.7528922080993654 -0.497486686706543 -0.092767232656478876 -0.35027994513511662 -2.8959587097167967 0.063316707611083989 -0.69300570360251834 1.4673674583435059 -1.432111668586731 0.45149970054626465
leaf_weight=72 48 120 36 108 96 11.999999999999998 11.999999999999998 36 60 24 96 312 24 11.999999999999998 24 36 12 12 11.999999999999998 11.999999999999998 24 24 12 48 12 180 168 24 24 36
leaf_count=72 48 120 36 108 96 12 12 36 60 24 96 312 24 12 24 36 12 12 12 12 24 24 12 48 12 180 168 24 24 36
internal_value=1.5591e-09 -0.140146 1.20526 -0.204445 1.01454 -0.111856 -0.165853 0.102217 0.189148 0.36651 0.0817185 -0.299887 -0.588355 -0.314003 -1.45825 0.830249 -1.13706 0.422686 -2.67401 0.348523 0.737633 0.0607928 -0.331755 -0.731641 -1.49436 -0.274628 -0.203537 -0.394146 0.203573 -0.301945
internal_weight=1728 1548 180 1368 144 792 684 228 216 180 120 456 144 96 48 48 48 24 36 180 60 36 576 72 24 504 432 252 84 60
internal_count=1728 1548 180 1368 144 792 684 228 216 180 120 456 144 96 48 48 48 24 36 180 60 36 576 72 24 504 432 252 84 60
is_linear=0
shrinkage=0.05


Tree=188
num_leaves=31
num_cat=0
split_feature=0 0 1 6 4 4 3 2 6 6 1 4 1 0 6 0 6 0 6 6 1 0 0 0 2 0 2 2 6 4
split_gain=105645 15186.9 10128 8720.94 20073.1 14173 8902.53 6220.07 28088.9 27160.9 17490.8 16717.1 14157.3 6174.69 5079.16 6440.19 5297.57 3969.83 3832.16 3611.6 5774.49 3572.29 3563.05 3481.56 3387.41 3299.6 5901.35 10998.5 10440 21478.5
threshold=507657.76500000007 1048200.1775000001 15858.327500000001 0.25000000000000006 101.94350000000001 133.21950000000004 101.51950000000001 71.424500000000009 0.15000000000000005 0.15000000000000005 26343.954000000005 122.55800000000001 24629.120500000001 164842.97150000001 0.15000000000000005 573241.87500000012 0.25000000000000006 388286.60400000011 0.25000000000000006 0.25000000000000006 55820.384000000005 1182183.7235000001 619852.88050000009 153655.73400000003 107.75750000000001 19740.918500000003 43.663000000000004 31.992000000000001 0.15000000000000005 14.624000000000001
decision_type=2 2 2 2 2 2 2 2 2 2 2 2 2 2 2 2 2 2 2 2 2 2 2 2 2 2 2 2 2 2
left_child=2 14 25 7 6 -6 -5 9 10 11 -9 -4 -11 -10 24 16 -16 -12 -3 22 -21 -20 -17 -13 -2 26 27 -1 29 -28
right_child=1 18 3 4 5 -7 -8 8 13 12 17 23 -14 -15 15 19 -18 -19 21 20 -22 -23 -24 -25 -26 -27 28 -29 -30 -31
leaf_value=-0.66612007021903996 0.78517670631408698 1.3019518852233887 0.22894394795099893 1.1842459678649904 -0.96616577307383222 0.60245977640151982 0.044822776317596437 -1.5845254421234132 1.0111634254455566 -1.2211796760559084 0.24469397664070131 1.3303341865539551 0.34657925367355347 0.062229518890380864 0.89874544143676749 0.018805833160877229 -0.58695945739746092 -0.86911525726318362 1.4657463073730468 1.6949297904968263 0.42842855453491213 2.6857679367065428 1.0136601130167644 2.5347627639770507 0.018305703004201253 -0.1861627577410804 -2.2766278266906741 0.13168196148342556 -0.31583786681294446 -0.16128351688385012
leaf_weight=72 24 48 36 60 36 24 24 48 24 36 24 12 24 60 12 11.999999999999998 12 11.999999999999998 12 36 11.999999999999998 12 36 12 36 720 24 108 96 24
leaf_count=72 24 48 36 60 36 24 24 48 24 36 24 12 24 60 12 12 12 12 12 36 12 12 36 12 36 720 24 108 96 24
internal_value=-1.34179e-09 0.946161 -0.16154 0.0420692 0.359775 -0.338716 0.858696 -0.116784 -0.313168 0.158155 -0.95969 0.910386 -0.594076 0.333353 0.700671 0.888479 0.155893 -0.126576 1.55989 1.07163 1.3783 2.07576 0.764947 1.93255 0.325054 -0.245792 -0.3783 -0.187439 -0.616877 -1.21896
internal_weight=1728 252 1476 432 144 60 84 288 168 120 84 60 60 84 180 120 24 36 72 96 48 24 48 24 60 1044 324 180 144 48
internal_count=1728 252 1476 432 144 60 84 288 168 120 84 60 60 84 180 120 24 36 72 96 48 24 48 24 60 1044 324 180 144 48
is_linear=0
shrinkage=0.05


Tree=189
num_leaves=31
num_cat=0
split_feature=0 0 6 1 2 2 6 6 3 6 0 2 6 0 2 6 0 2 6 6 4 6 2 2 2 2 6 0 0 2
split_gain=95352 16292.8 10528.1 6931.37 5646.5 4920.52 9969.92 5235.39 4886.21 7560.36 17020.2 5042.67 7315.21 22775.4 7155.17 15762.1 19727 15562.2 20764.6 16152.8 25184.8 15163.1 82427.8 81866.6 66335.7 49024.3 21049.3 20575.5 16521.6 14381
threshold=388286.60400000011 1048200.1775000001 0.15000000000000005 9241.5975000000017 107.75750000000001 107.75750000000001 0.25000000000000006 0.25000000000000006 67.669000000000025 0.15000000000000005 44158.321000000004 30.574000000000002 0.25000000000000006 19563.351500000001 43.663000000000004 0.25000000000000006 16052.3765 52.25350000000001 0.15000000000000005 0.15000000000000005 13.022000000000002 0.15000000000000005 31.205000000000002 37.846500000000013 31.205000000000002 37.846500000000013 0.25000000000000006 18495.691000000003 18495.691000000003 74.129500000000021
decision_type=2 2 2 2 2 2 2 2 2 2 2 2 2 2 2 2 2 2 2 2 2 2 2 2 2 2 2 2 2 2
left_child=3 2 4 8 -2 7 -7 -4 11 10 -10 12 -1 -14 21 17 -17 18 -16 20 -19 22 -13 -24 26 -26 -23 -25 -27 -18
right_child=1 -3 5 -5 -6 6 -8 -9 9 -11 -12 14 13 -15 15 16 29 19 -20 -21 -22 24 23 27 25 28 -28 -29 -30 -31
leaf_value=-0.27644317150115966 0.74591789245605478 1.4818926175435385 0.96906628608703616 -0.07653527578545942 -0.19337205290794374 0.5573526687920094 1.5764371633529664 -0.075302195549011242 -0.078820735216140747 -0.32345782220363617 -2.7418527603149414 4.4153976440429688 0.19471734762191772 -2.885828971862793 -0.35338024199008944 -0.67836209932963065 1.3696543852488201 -2.162796401977539 -2.4332760810852054 0.25201440706849099 -0.071778257687886565 -4.0964954376220701 -2.2826159477233889 0.38322269916534424 1.4531161546707154 0.12094771862030029 -1.1349827766418457 3.3112152099609369 -1.7343152999877931 -0.62902479171752934
leaf_weight=48 24 72 24 864 48 48 48 24 12 48 12 11.999999999999998 12 12 24 36 36 24 24 60 36 12 24 12 48 24 12 12 24 11.999999999999998
leaf_count=48 24 72 24 864 48 48 48 24 12 48 12 12 12 12 24 36 36 24 24 60 36 12 24 12 48 24 12 12 24 12
internal_value=4.26856e-09 0.830516 0.613391 -0.166103 0.119725 0.860224 1.06689 0.446882 -0.300455 -0.685751 -1.41034 -0.245413 -0.632814 -1.34556 -0.180846 -0.352825 0.206407 -0.632441 -1.39333 -0.328086 -0.908186 0.0599237 0.708921 -0.217698 -0.264575 0.323216 -2.61574 1.84722 -0.806684 0.869985
internal_weight=1728 288 216 1440 72 144 96 48 576 72 24 504 72 24 432 252 84 168 48 120 60 180 60 48 120 96 24 24 48 48
internal_count=1728 288 216 1440 72 144 96 48 576 72 24 504 72 24 432 252 84 168 48 120 60 180 60 48 120 96 24 24 48 48
is_linear=0
shrinkage=0.05


Tree=190
num_leaves=31
num_cat=0
split_feature=0 1 6 0 0 3 3 6 0 6 0 0 6 1 2 6 2 1 2 0 2 0 6 6 6 2 6 2 0 6
split_gain=86956.5 14428 8060.74 8189.29 4784.69 4662.65 8526.18 14748.5 11125.7 6691.1 10804.5 13812.7 11565.2 10136.4 17205.4 4323.06 12056 7133.79 4047.7 3947.73 3898.97 3486.13 13825.3 3284.23 3132.33 2843.09 14443.8 33560.9 12936.2 22580.2
threshold=619852.88050000009 28539.301500000005 0.15000000000000005 1182183.7235000001 27705.340000000004 43.781500000000008 30.154500000000002 0.25000000000000006 19563.351500000001 0.25000000000000006 12036.576500000001 16052.3765 0.15000000000000005 7848.9580000000014 57.764500000000005 0.25000000000000006 107.75750000000001 31361.745000000006 107.75750000000001 507657.76500000007 31.992000000000001 19563.351500000001 0.15000000000000005 0.15000000000000005 0.25000000000000006 27.516500000000004 0.15000000000000005 25.045500000000004 55159.639500000012 0.25000000000000006
decision_type=2 2 2 2 2 2 2 2 2 2 2 2 2 2 2 2 2 2 2 2 2 2 2 2 2 2 2 2 2 2
left_child=1 4 -2 -4 5 6 7 21 -9 10 12 -12 -7 14 -11 18 17 -17 19 -3 24 22 -1 -20 -8 26 27 -6 29 -28
right_child=2 15 3 -5 25 9 20 8 -10 13 11 -13 -14 -15 -16 16 -18 -19 23 -21 -22 -23 -24 -25 -26 -27 28 -29 -30 -31
leaf_value=-1.7731279373168942 0.56696502923965453 0.10191138163208963 1.0702261567115785 2.1028509140014648 1.1498124281565347 -0.61194434165954581 -0.80438892841339116 -0.5884716510772704 -2.7415376663208004 0.28564490079879762 0.49485745429992678 -0.97423536181449899 -2.8071279525756836 1.1907180786132814 -2.0331205368041991 1.0630986213684082 1.5144463062286377 -0.42998828887939455 -0.64263787269592287 0.88729801177978518 0.10716780374447506 0.27914692163467408 0.62698383331298824 0.18453419059515 0.18498147726058961 -0.080972328461742626 -3.2147407531738277 -1.9034595489501953 -0.34067567586898806 -0.14742424488067626
leaf_weight=12 60 48 96 24 36 12 24 12 12 24 24 48 12 11.999999999999998 11.999999999999998 11.999999999999998 24 24 24 24 144 24 12 24 11.999999999999998 828 12 11.999999999999998 72 12
leaf_count=12 60 48 96 24 36 12 24 12 12 24 24 48 12 12 12 12 24 24 24 24 144 24 12 24 12 828 12 12 72 12
internal_value=-4.95843e-09 -0.120948 1.04016 1.27675 -0.176319 -0.32282 -0.193126 -0.652977 -1.665 -0.549784 -0.790787 -0.484538 -1.70954 -0.0677782 -0.487277 0.29987 0.646403 0.0677073 0.126603 0.363707 -0.00918552 -0.146963 -0.573072 -0.229052 -0.474599 -0.116634 -0.321687 0.386494 -0.675777 -1.68108
internal_weight=1728 1548 180 120 1368 396 252 72 24 144 96 72 24 48 36 180 60 36 120 72 180 48 24 48 36 972 144 48 96 24
internal_count=1728 1548 180 120 1368 396 252 72 24 144 96 72 24 48 36 180 60 36 120 72 180 48 24 48 36 972 144 48 96 24
is_linear=0
shrinkage=0.05


Tree=191
num_leaves=31
num_cat=0
split_feature=0 1 0 1 1 6 2 1 0 0 1 2 4 6 2 1 2 6 0 0 1 0 0 3 6 0 0 6 6 2
split_gain=78478.2 13021.3 7367.57 4435.07 5333.19 8327.04 10283.9 11848.9 10841.1 6797.95 5888.35 5008.34 4788.33 9603.45 8341.57 8043.83 8774.7 6700.46 23985.1 16618.5 5907.19 5503.19 6958.41 4325.42 6616.67 15907.9 4347.36 14370.5 4243.53 13425.7
threshold=619852.88050000009 28539.301500000005 1182183.7235000001 9241.5975000000017 10279.872000000001 0.25000000000000006 11.119000000000002 11548.453500000001 90630.424000000014 100590.71350000003 13134.513000000001 78.163500000000013 101.94350000000001 0.15000000000000005 71.424500000000009 26343.954000000005 90.431000000000012 0.15000000000000005 208019.18150000004 100590.71350000003 26343.954000000005 100590.71350000003 208019.18150000004 67.669000000000025 0.15000000000000005 44158.321000000004 44158.321000000004 0.25000000000000006 0.25000000000000006 74.89200000000001
decision_type=2 2 2 2 2 2 2 2 2 2 2 2 2 2 2 2 2 2 2 2 2 2 2 2 2 2 2 2 2 2
left_child=1 3 -2 23 28 10 -7 -8 -9 -10 11 -6 13 15 -15 16 -12 18 19 -14 -16 -19 -23 -1 25 -25 -26 -28 -5 -30
right_child=2 -3 -4 4 5 6 7 8 9 -11 12 -13 17 14 20 -17 -18 21 -20 -21 -22 22 -24 24 26 -27 27 -29 29 -31
leaf_value=-0.22128293861945472 0.82820475598176335 0.28487644215424857 1.6279207547505696 0.4574174364407857 -0.67355155467987071 -1.3202453613281251 -0.64448606173197431 0.8979620265960695 -0.67784303824106862 0.26298069357872011 -0.48325797319412234 -0.069240665435791021 0.14521976709365844 -0.68507101535797121 0.77682389418284103 0.44112267494201662 -1.7175127029418946 0.17152322928110761 -1.6240791320800783 1.8437964439392092 -0.50414690971374509 -1.1942778110504151 0.28034214973449706 -0.026167929172515866 -0.77249472141265874 -2.6007114410400387 1.4026784896850586 -1.0443019866943357 -0.89020648002624514 1.1580948829650879
leaf_weight=504 144 180 36 72 120 11.999999999999998 36 60 24 96 36 48 36 24 36 11.999999999999998 24 36 11.999999999999998 24 11.999999999999998 24 11.999999999999998 12 24 12 12 12 24 11.999999999999998
leaf_count=504 144 180 36 72 120 12 36 60 24 96 36 48 36 24 36 12 24 36 12 24 12 24 12 12 24 12 12 12 24 12
internal_value=-5.51895e-11 -0.114901 0.988148 -0.167503 -0.0907271 -0.142284 0.104435 0.183584 0.349198 0.0748159 -0.265643 -0.500891 -0.128415 -0.332291 0.0760305 -0.740613 -0.97696 0.0754608 0.416529 0.82465 0.456581 -0.265607 -0.702738 -0.27307 -0.635582 -1.31344 -0.296653 0.179188 0.235799 -0.207439
internal_weight=1728 1548 180 1368 792 684 228 216 180 120 456 168 288 144 72 72 60 144 72 60 48 72 36 576 72 24 48 24 108 36
internal_count=1728 1548 180 1368 792 684 228 216 180 120 456 168 288 144 72 72 60 144 72 60 48 72 36 576 72 24 48 24 108 36
is_linear=0
shrinkage=0.05


Tree=192
num_leaves=31
num_cat=0
split_feature=0 1 6 0 0 3 3 6 0 6 0 0 6 1 2 6 2 1 2 0 2 0 6 6 6 6 6 0 2 3
split_gain=70826.6 11751.7 7274.82 6800.6 4069.7 4114.66 7694.87 13310.5 10040.9 6121.02 9800.83 12386.6 10437.6 9042.96 15722.7 3901.57 10880.5 6438.24 3653.05 3562.82 3518.82 3146.23 12477.3 2964.01 2826.93 2635.48 2325.1 10674.4 11691.3 15365.2
threshold=619852.88050000009 28539.301500000005 0.15000000000000005 1182183.7235000001 27705.340000000004 43.781500000000008 30.154500000000002 0.25000000000000006 19563.351500000001 0.25000000000000006 12036.576500000001 16052.3765 0.15000000000000005 7848.9580000000014 57.764500000000005 0.25000000000000006 107.75750000000001 31361.745000000006 107.75750000000001 507657.76500000007 31.992000000000001 19563.351500000001 0.15000000000000005 0.15000000000000005 0.25000000000000006 0.15000000000000005 0.25000000000000006 37405.976000000002 71.424500000000009 67.669000000000025
decision_type=2 2 2 2 2 2 2 2 2 2 2 2 2 2 2 2 2 2 2 2 2 2 2 2 2 2 2 2 2 2
left_child=1 4 -2 -4 5 6 7 21 -9 10 12 -12 -7 14 -11 18 17 -17 19 -3 24 22 -1 -20 -8 -23 -6 -28 29 -29
right_child=2 15 3 -5 26 9 20 8 -10 13 11 -13 -14 -15 -16 16 -18 -19 23 -21 -22 25 -24 -25 -26 -27 27 28 -30 -31
leaf_value=-1.6734073638916014 0.48920938730239866 0.082571993768215182 0.97530463039875037 1.9163122653961182 -0.15876419257234645 -0.57028298377990716 -0.7531053543090821 -0.54798388481140126 -2.5933965682983398 0.29620708227157594 0.48117872476577761 -0.91000822521746161 -2.6557073593139648 1.1422463417053224 -1.9204004287719727 0.99569988250732422 1.4244801998138428 -0.42273269891738896 -0.62474980354309084 0.82868931293487558 0.11287354528903962 0.80020923614501938 0.60669879913330071 0.16106366366147995 0.18679655790328981 -0.24770174026489256 -0.59671697616577146 0.19299768249193827 0.58226595818996429 -0.86548300385475163
leaf_weight=12 60 48 96 24 648 12 24 12 12 24 24 48 12 11.999999999999998 11.999999999999998 11.999999999999998 24 24 24 24 144 12 12 24 11.999999999999998 12 60 120 96 48
leaf_count=12 60 48 96 24 648 12 24 12 12 24 24 48 12 12 12 12 24 24 24 24 144 12 12 24 12 12 60 120 96 48
internal_value=4.51864e-10 -0.109156 0.938741 1.16351 -0.159128 -0.29424 -0.172405 -0.609264 -1.57069 -0.50745 -0.737958 -0.446279 -1.613 -0.046435 -0.442662 0.270633 0.599839 0.0500782 0.106029 0.331278 0.00233789 -0.12855 -0.533354 -0.231843 -0.439805 0.276254 -0.104082 0.00528102 0.142099 -0.109425
internal_weight=1728 1548 180 120 1368 396 252 72 24 144 96 72 24 48 36 180 60 36 120 72 180 48 24 48 36 24 972 324 264 168
internal_count=1728 1548 180 120 1368 396 252 72 24 144 96 72 24 48 36 180 60 36 120 72 180 48 24 48 36 24 972 324 264 168
is_linear=0
shrinkage=0.05


Tree=193
num_leaves=31
num_cat=0
split_feature=0 1 6 0 0 3 3 6 0 6 0 0 6 4 2 6 2 1 2 0 2 0 6 6 6 6 3 6 0 2
split_gain=63921 10605.9 6565.52 6137.55 3672.9 3713.48 6944.62 12012.7 9061.92 5524.22 8845.25 11178.9 9419.92 8161.28 14189.8 3521.16 9819.68 5810.51 3296.88 3215.45 3175.74 2839.48 11260.8 2675.02 2551.3 2378.52 2278.44 13775.8 30299.3 15014.5
threshold=619852.88050000009 28539.301500000005 0.15000000000000005 1182183.7235000001 27705.340000000004 43.781500000000008 30.154500000000002 0.25000000000000006 19563.351500000001 0.25000000000000006 12036.576500000001 16052.3765 0.15000000000000005 8.3360000000000021 57.764500000000005 0.25000000000000006 107.75750000000001 31361.745000000006 107.75750000000001 507657.76500000007 31.992000000000001 19563.351500000001 0.15000000000000005 0.15000000000000005 0.25000000000000006 0.15000000000000005 27.516500000000004 0.15000000000000005 68725.196500000005 106.31000000000002
decision_type=2 2 2 2 2 2 2 2 2 2 2 2 2 2 2 2 2 2 2 2 2 2 2 2 2 2 2 2 2 2
left_child=1 4 -2 -4 5 6 7 21 -9 10 12 -12 -7 -11 -15 18 17 -17 19 -3 24 22 -1 -20 -8 -23 27 28 -6 -29
right_child=2 15 3 -5 26 9 20 8 -10 13 11 -13 -14 14 -16 16 -18 -19 23 -21 -22 25 -24 -25 -26 -27 -28 29 -30 -31
leaf_value=-1.589737033843994 0.46474892616271979 0.078443394415080553 0.92653938829898841 1.820496702194214 1.1344465494155884 -0.54176883697509759 -0.71545007228851321 -0.52058472633361808 -2.4637268066406248 1.0851340293884277 0.45711979866027835 -0.86450778469443323 -2.5229219436645507 0.28139674067497256 -1.8243803024291994 0.94591493606567389 1.3532562255859375 -0.40159604549407962 -0.59351229667663574 0.78725483417510989 0.10722988744576772 0.76019873619079581 0.57636384963989251 0.15301048010587692 0.17745672464370729 -0.2353166580200195 -0.066953985875355448 -0.26723016699155172 -1.7666707992553712 -1.7113042354583741
leaf_weight=12 60 48 96 24 36 12 24 12 12 11.999999999999998 24 48 12 24 11.999999999999998 11.999999999999998 24 24 24 24 144 12 12 24 11.999999999999998 12 828 72 11.999999999999998 24
leaf_count=12 60 48 96 24 36 12 24 12 12 12 24 48 12 24 12 12 24 24 24 24 144 12 12 24 12 12 828 72 12 24
internal_value=-8.46814e-10 -0.103698 0.891804 1.10533 -0.151172 -0.279528 -0.163785 -0.5788 -1.49216 -0.482078 -0.70106 -0.423965 -1.53235 -0.0441132 -0.420529 0.257101 0.569847 0.0475743 0.100728 0.314714 0.00222102 -0.122123 -0.506687 -0.220251 -0.417814 0.262441 -0.0988783 -0.282443 0.409167 -0.628249
internal_weight=1728 1548 180 120 1368 396 252 72 24 144 96 72 24 48 36 180 60 36 120 72 180 48 24 48 36 24 972 144 48 96
internal_count=1728 1548 180 120 1368 396 252 72 24 144 96 72 24 48 36 180 60 36 120 72 180 48 24 48 36 24 972 144 48 96
is_linear=0
shrinkage=0.05


Tree=194
num_leaves=31
num_cat=0
split_feature=0 1 6 0 1 1 6 3 1 4 0 1 6 0 0 6 0 0 0 0 1 2 6 2 2 6 0 0 6 3
split_gain=57688.7 9571.84 5925.38 5539.14 3342.75 4764.18 7064.33 8963.01 10527.5 13873.2 5236.43 6623.64 40257.3 73303.2 40876.5 40005.8 7406.26 5877.39 5163.97 4864.47 8283.13 5081.51 3963.28 11633.4 5919.47 31154.5 57588.9 40889.3 21950.1 3633.33
threshold=619852.88050000009 28539.301500000005 0.15000000000000005 1182183.7235000001 9241.5975000000017 10279.872000000001 0.25000000000000006 108.92850000000001 11548.453500000001 46.048000000000009 74959.462500000009 11991.799500000003 0.15000000000000005 37405.976000000002 37405.976000000002 0.15000000000000005 68725.196500000005 55159.639500000012 68725.196500000005 90630.424000000014 19012.117000000002 50.303500000000007 0.25000000000000006 74.89200000000001 74.89200000000001 0.15000000000000005 63082.982000000011 63082.982000000011 0.15000000000000005 67.669000000000025
decision_type=2 2 2 2 2 2 2 2 2 2 2 2 2 2 2 2 2 2 2 2 2 2 2 2 2 2 2 2 2 2
left_child=1 4 -2 -4 29 22 10 8 -8 -10 11 12 14 -14 -7 18 -17 -15 -13 -11 21 -21 24 -24 25 27 -27 -6 -26 -1
right_child=2 -3 3 -5 5 6 7 -9 9 19 -12 15 13 17 -16 16 -18 -19 -20 20 -22 -23 23 -25 28 26 -28 -29 -30 -31
leaf_value=-0.18779882008121129 0.44151146292686461 0.24424594362576801 0.88021241128444672 1.7294718265533449 -2.571223449707031 -1.7522701263427736 -0.56684265732765204 -0.81242842674255378 1.0937666654586793 0.57426794370015466 -0.12420061368208667 -3.1451892852783203 2.1114940643310547 -2.8526801109313968 1.6173845291137696 1.3535408973693848 -0.40314450263977042 -1.4974363327026368 -1.6783372879028318 -0.058733245399263168 0.66463396549224862 -0.99799175262451179 -0.83225550651550295 1.0744245529174805 1.3167881965637207 4.4894855499267576 -0.40902094841003411 1.5563907623291016 -1.7074253082275388 -0.56750874817371366
leaf_weight=504 60 180 96 24 12 11.999999999999998 36 24 48 36 312 12 11.999999999999998 24 36 12 12 11.999999999999998 12 36 24 24 24 11.999999999999998 12 12 12 12 12 72
leaf_count=504 60 180 96 24 12 12 36 24 48 36 312 12 12 24 36 12 12 12 12 36 24 24 24 12 12 12 12 12 12 72
internal_value=1.10379e-10 -0.0985132 0.847213 1.05006 -0.143613 -0.0769589 -0.125688 0.101556 0.209084 0.375354 -0.23931 -0.488712 -0.248927 -1.27283 0.774971 -0.968283 0.475198 -2.40093 -2.41176 0.0879889 -0.120416 -0.434437 0.231656 -0.196695 0.445832 0.766408 2.04023 -0.507416 -0.195319 -0.235263
internal_weight=1728 1548 180 120 1368 792 684 228 204 168 456 144 96 48 48 48 24 36 24 120 84 60 108 36 72 48 24 24 24 576
internal_count=1728 1548 180 120 1368 792 684 228 204 168 456 144 96 48 48 48 24 36 24 120 84 60 108 36 72 48 24 24 24 576
is_linear=0
shrinkage=0.05


Tree=195
num_leaves=31
num_cat=0
split_feature=0 0 1 6 4 4 3 2 6 6 4 1 1 0 0 0 6 2 6 6 6 0 0 0 0 6 0 0 6 1
split_gain=52104.2 8489.4 5350.94 5775.19 13290.5 10527.5 6479.74 5184.76 22399.6 21928.9 14044.4 14013.5 11447.8 5570.72 3142.1 2983.82 2862.27 3769.79 5684.06 3872.56 2632.99 2296.47 2147.77 2090.04 1807.4 3696.02 21539.5 6397.88 11583.2 9331.77
threshold=507657.76500000007 1048200.1775000001 15858.327500000001 0.25000000000000006 101.94350000000001 133.21950000000004 113.36550000000001 71.424500000000009 0.15000000000000005 0.15000000000000005 122.55800000000001 26343.954000000005 24629.120500000001 164842.97150000001 153655.73400000003 388286.60400000011 0.15000000000000005 107.75750000000001 0.25000000000000006 0.25000000000000006 0.25000000000000006 573241.87500000012 240407.42100000003 1182183.7235000001 19740.918500000003 0.25000000000000006 22666.579000000002 27705.340000000004 0.15000000000000005 10484.007500000002
decision_type=2 2 2 2 2 2 2 2 2 2 2 2 2 2 2 2 2 2 2 2 2 2 2 2 2 2 2 2 2 2
left_child=2 16 24 7 6 22 -5 9 11 10 -4 -9 -11 -10 -12 -13 21 19 -19 -18 -3 -2 -6 -22 -1 27 -27 28 -26 -29
right_child=1 20 3 4 5 -7 -8 8 13 12 14 15 -14 -15 -16 -17 17 18 -20 -21 23 -23 -24 -25 25 26 -28 29 -30 -31
leaf_value=-0.27275724675920276 0.81762294769287114 0.90952795743942261 0.20760662555694581 0.87834105491638192 -1.0891258239746093 0.53588173389434812 -0.37662415504455571 -1.4106483221054078 0.94713535308837893 -1.0835222562154134 1.1969989776611327 0.21622901726514102 0.32625261545181278 0.045804677009582517 2.3412059783935546 -0.74940204620361328 0.72779164314270028 0.40647812088330587 1.294990062713623 -0.17041938900947573 1.0843400001525878 0.044293183833360672 -0.26987044811248778 2.0175323486328121 0.018427053093910219 2.0943637847900392 -0.079014840512944939 0.082575313250223797 -1.5350084781646729 -0.38219681845770942
leaf_weight=324 11.999999999999998 48 36 72 24 24 11.999999999999998 48 24 36 12 24 24 60 12 11.999999999999998 24 36 36 24 12 48 11.999999999999998 12 24 11.999999999999998 228 216 24 216
leaf_count=324 12 48 36 72 24 24 12 48 24 36 12 24 24 60 12 12 24 36 36 24 12 48 12 12 24 12 228 216 24 216
internal_value=-8.60007e-09 0.664473 -0.113447 0.0345495 0.293089 -0.275272 0.69906 -0.09472 -0.274017 0.156296 0.832205 -0.851362 -0.519612 0.303328 1.7691 -0.105648 0.48093 0.621915 0.850734 0.278686 1.12333 0.198959 -0.816041 1.55094 -0.174686 -0.130554 0.0296541 -0.210659 -0.758291 -0.149811
internal_weight=1728 252 1476 432 144 60 84 288 168 120 60 84 60 84 24 36 180 120 72 48 72 60 36 24 1044 720 240 480 48 432
internal_count=1728 252 1476 432 144 60 84 288 168 120 60 84 60 84 24 36 180 120 72 48 72 60 36 24 1044 720 240 480 48 432
is_linear=0
shrinkage=0.05


Tree=196
num_leaves=31
num_cat=0
split_feature=0 1 6 0 6 2 1 1 1 6 2 1 0 0 0 1 6 0 0 6 0 0 0 0 6 2 2 6 0 0
split_gain=47497.1 7616.71 4897.16 4563.34 2958.29 8202.94 4803.66 2915.81 4091.68 5790.67 7366.07 8340.69 8967.79 5378.49 4595.57 5876.63 36332.2 65440.8 37428.6 36105.3 6684.15 5304.35 4660.48 3558.04 3482.8 10499.1 5342.33 28116.9 51974 36902.6
threshold=619852.88050000009 28539.301500000005 0.15000000000000005 1182183.7235000001 0.25000000000000006 107.75750000000001 31361.745000000006 9241.5975000000017 10279.872000000001 0.25000000000000006 11.119000000000002 11548.453500000001 90630.424000000014 100590.71350000003 74959.462500000009 11991.799500000003 0.15000000000000005 37405.976000000002 37405.976000000002 0.15000000000000005 68725.196500000005 55159.639500000012 68725.196500000005 55159.639500000012 0.25000000000000006 74.89200000000001 74.89200000000001 0.15000000000000005 63082.982000000011 63082.982000000011
decision_type=2 2 2 2 2 2 2 2 2 2 2 2 2 2 2 2 2 2 2 2 2 2 2 2 2 2 2 2 2 2
left_child=1 7 -2 -4 -3 6 -6 -1 24 14 -11 -12 -13 -14 15 16 18 -18 -10 22 -21 -19 -17 -20 26 -26 27 29 -29 -9
right_child=2 4 3 -5 5 -7 -8 8 9 10 11 12 13 -15 -16 19 17 21 23 20 -22 -23 -24 -25 25 -27 -28 28 -30 -31
leaf_value=-0.2152165340880553 0.39991654694080353 0.073036849498748779 0.79898818433284768 1.5698217868804933 0.84248981475830087 1.2190478324890137 -0.38272129297256474 -2.4467908859252927 -1.6687854766845704 -1.1125335693359375 -0.53454980452855427 0.79825569629669202 -0.61988417307535815 0.216969920322299 -0.10756145303065962 -2.9688199996948241 2.0017906188964845 -2.6909362792968752 1.907112216949463 1.3049736976623534 -0.36387746334075927 -1.4034546852111818 -1.5753105163574217 0.8526509284973145 -0.78669197559356696 1.0246541023254394 -0.18968138694763184 4.2608825683593743 -0.39269866943359372 1.4744424819946289
leaf_weight=576 60 120 96 24 11.999999999999998 24 24 12 11.999999999999998 11.999999999999998 36 60 24 96 312 12 11.999999999999998 24 24 12 12 11.999999999999998 12 11.999999999999998 24 11.999999999999998 24 12 12 12
leaf_count=576 60 120 96 24 12 24 24 12 12 12 36 60 24 96 312 12 12 24 24 12 12 12 12 12 24 12 24 12 12 12
internal_value=8.55437e-10 -0.0893886 0.768742 0.953155 0.216367 0.503029 0.0256824 -0.12962 -0.0673674 -0.112526 0.0932151 0.160201 0.299151 0.0495991 -0.215397 -0.44904 -0.223181 -1.19588 0.749522 -0.900759 0.470548 -2.26178 -2.27207 1.55563 0.218638 -0.18291 0.419412 0.723959 1.93409 -0.486174
internal_weight=1728 1548 180 120 180 60 36 1368 792 684 228 216 180 120 456 144 96 48 48 48 24 36 24 36 108 36 72 48 24 24
internal_count=1728 1548 180 120 180 60 36 1368 792 684 228 216 180 120 456 144 96 48 48 48 24 36 24 36 108 36 72 48 24 24
is_linear=0
shrinkage=0.05


Tree=197
num_leaves=31
num_cat=0
split_feature=0 1 6 0 6 2 1 2 0 6 0 0 2 3 2 3 4 0 6 0 0 6 6 2 2 0 0 4 3 0
split_gain=42866.1 6874.08 4419.69 4118.41 2669.85 7403.15 4335.3 2715.89 2662.79 5403.92 18399.5 7517.38 8441.38 11355.2 11257.4 8406.2 8169.82 6123.08 10453.8 5994.34 5339.53 97454.6 9925.63 87652.1 72628.8 11418.5 5713.55 4384.02 6807.4 4537.67
threshold=619852.88050000009 28539.301500000005 0.15000000000000005 1182183.7235000001 0.25000000000000006 107.75750000000001 31361.745000000006 107.75750000000001 19740.918500000003 0.25000000000000006 22666.579000000002 37405.976000000002 71.424500000000009 67.669000000000025 106.31000000000002 64.121000000000009 20.410000000000004 27705.340000000004 0.15000000000000005 37405.976000000002 37306.64650000001 0.15000000000000005 0.15000000000000005 53.76550000000001 53.76550000000001 33295.90400000001 31159.647000000004 99.099000000000018 27.516500000000004 208019.18150000004
decision_type=2 2 2 2 2 2 2 2 2 2 2 2 2 2 2 2 2 2 2 2 2 2 2 2 2 2 2 2 2 2
left_child=1 8 -2 -4 7 6 -6 -3 -1 17 -11 16 13 15 -14 -13 -12 18 -10 20 22 -22 23 -19 -24 -26 -25 -21 -29 -30
right_child=2 4 3 -5 5 -7 -8 -9 9 10 11 12 14 -15 -16 -17 -18 19 -20 27 21 -23 24 26 25 -27 -28 28 29 -31
leaf_value=-0.24835854547995107 0.37992071568965913 0.26360313147306441 0.75903877913951878 1.491330623626709 0.80036535263061526 1.1580954551696778 -0.36358524560928346 -0.22194217145442963 0.028266529738903048 2.0004064559936525 0.30825009346008303 -0.03158610413471858 0.81802113850911473 -0.7322813587728888 -0.43238950967788697 1.014625072479248 -0.82158794403076174 4.2370487213134771 -1.4474972248077393 -0.34092538140036843 -2.3244514465332027 4.0478385925292963 -3.8492500305175783 0.19351167678833009 0.01270822286605835 1.9017011642456056 -1.1427090644836426 -0.59137303829193122 0.14793790765106679 -0.58127999305725098
leaf_weight=324 60 72 96 24 11.999999999999998 24 24 48 24 11.999999999999998 24 96 72 48 24 24 48 11.999999999999998 24 264 12 12 11.999999999999998 11.999999999999998 24 11.999999999999998 24 48 192 24
leaf_count=324 60 72 96 24 12 24 24 48 24 12 24 96 72 48 24 24 48 12 24 264 12 12 12 12 24 12 24 48 192 24
internal_value=2.48396e-09 -0.0849192 0.730305 0.905497 0.205549 0.477877 0.0243983 0.069385 -0.123139 -0.0842774 0.0765979 0.00789043 0.131399 -0.082326 0.505418 0.177656 -0.444975 -0.164715 -0.709615 -0.124352 0.19464 0.861694 0.0278762 0.536286 -0.480533 0.642373 -0.697302 -0.19685 -0.0527748 0.0669137
internal_weight=1728 1548 180 120 180 60 36 120 1368 1044 348 336 264 168 96 120 72 696 48 648 120 24 96 48 48 36 36 528 264 216
internal_count=1728 1548 180 120 180 60 36 120 1368 1044 348 336 264 168 96 120 72 696 48 648 120 24 96 48 48 36 36 528 264 216
is_linear=0
shrinkage=0.05


Tree=198
num_leaves=31
num_cat=0
split_feature=0 0 1 6 3 4 4 2 6 6 4 1 1 0 0 0 6 2 6 6 0 6 2 0 2 6 2 6 3 2
split_gain=38737.2 6588.88 3971.12 4192.14 10041.1 7524.31 5328.64 4309.44 20215.6 19790.8 12620.3 12220.7 10093.1 5127.22 2835.75 2665.67 2205.19 2958.55 4630.9 3276.72 2132.52 2087.35 1722 1580 1533.1 70928.9 53707.8 32355.6 42991.1 47413.7
threshold=507657.76500000007 1048200.1775000001 15858.327500000001 0.25000000000000006 108.92850000000001 115.82000000000001 133.21950000000004 71.424500000000009 0.15000000000000005 0.15000000000000005 122.55800000000001 26343.954000000005 24629.120500000001 164842.97150000001 153655.73400000003 388286.60400000011 0.15000000000000005 107.75750000000001 0.25000000000000006 0.25000000000000006 573241.87500000012 0.25000000000000006 81.107000000000014 1182183.7235000001 31.205000000000002 0.15000000000000005 30.574000000000002 0.15000000000000005 62.127500000000005 37.846500000000013
decision_type=2 2 2 2 2 2 2 2 2 2 2 2 2 2 2 2 2 2 2 2 2 2 2 2 2 2 2 2 2 2
left_child=2 16 24 7 5 -5 -7 9 11 10 -4 22 -11 -10 -12 -13 20 19 -19 -18 -2 -3 -9 -23 25 26 -1 28 29 -26
right_child=1 21 3 4 -6 6 -8 8 13 12 14 15 -14 -15 -16 -17 17 18 -20 -21 -22 23 -24 -25 27 -27 -28 -29 -30 -31
leaf_value=0.41216805775960286 0.75990982055664069 0.78681588172912598 0.19841746886571249 0.7599419077237447 -0.68365741968154914 -0.57505074739456175 0.47857826948165894 -0.79597487449645998 0.92220292091369638 -1.0232172330220541 1.1351302146911619 0.20821373760700226 0.30051456689834599 0.057495245933532717 2.2221269607543941 -0.70448665618896489 0.64403541088104255 0.33670173486073818 1.138687292734782 -0.18219142556190493 0.014695947244763375 0.95222167968749982 -1.4875911712646486 1.7635980606079098 -2.1435451507568359 -0.85114262359482906 4.0251960754394531 0.10958174239053871 -1.4124202147126199 0.25688854977488518
leaf_weight=72 11.999999999999998 48 36 72 24 24 24 11.999999999999998 24 36 12 24 24 60 12 11.999999999999998 24 36 36 24 48 12 36 12 24 168 11.999999999999998 528 96 144
leaf_count=72 12 48 36 72 24 24 24 12 24 36 12 24 24 60 12 12 24 36 36 24 48 12 36 12 24 168 12 528 96 144
internal_value=2.44903e-10 0.572935 -0.0978181 0.0296765 0.249949 0.436671 -0.0482362 -0.0804599 -0.243923 0.148389 0.790502 -0.792401 -0.493725 0.304555 1.67863 -0.0960197 0.411237 0.534986 0.737695 0.230922 0.163739 0.977181 -1.31469 1.35791 -0.150575 -0.25799 0.928315 -0.116397 -0.568354 -0.0860306
internal_weight=1728 252 1476 432 144 120 48 288 168 120 60 84 60 84 24 36 180 120 72 48 60 72 48 24 1044 252 84 792 264 168
internal_count=1728 252 1476 432 144 120 48 288 168 120 60 84 60 84 24 36 180 120 72 48 60 72 48 24 1044 252 84 792 264 168
is_linear=0
shrinkage=0.05


Tree=199
num_leaves=31
num_cat=0
split_feature=0 1 6 3 4 4 4 6 0 0 3 0 6 6 6 0 0 0 2 0 2 0 3 6 0 0 6 6 1 6
split_gain=35299.6 5584.58 3757.43 9115.73 5802.95 4809.1 4688.51 7979.09 9730.62 8240.66 4221.61 3858.48 32659.2 4551.76 3639.92 3387.25 3192.88 3138.31 2716.67 2559.26 2314.53 5180.78 1599.28 5645.89 28819.1 10820.9 8741.37 2606.34 2491.5 57525.8
threshold=619852.88050000009 15858.327500000001 0.25000000000000006 108.92850000000001 115.82000000000001 133.21950000000004 64.634000000000015 0.15000000000000005 145818.27200000003 145818.27200000003 95.222000000000023 208019.18150000004 0.15000000000000005 0.15000000000000005 0.15000000000000005 1182183.7235000001 256199.82050000003 303117.76850000006 113.36550000000001 153655.73400000003 107.75750000000001 507657.76500000007 18.680500000000006 0.15000000000000005 47382.240000000013 47382.240000000013 0.25000000000000006 0.25000000000000006 2158.8095000000008 0.15000000000000005
decision_type=2 2 2 2 2 2 2 2 2 2 2 2 2 2 2 2 2 2 2 2 2 2 2 2 2 2 2 2 2 2
left_child=1 22 6 4 20 -6 7 8 -3 -9 11 12 19 17 -2 -16 -11 -13 -10 -8 21 -4 23 24 -1 27 -27 -25 29 -24
right_child=14 2 3 -5 5 -7 10 9 18 16 -12 13 -14 -15 15 -17 -18 -19 -20 -21 -22 -23 28 25 -26 26 -28 -29 -30 -31
leaf_value=-1.476888084411621 0.34474748462438587 -1.4468048095703125 0.67542568683624271 -0.64947451353073127 -0.54629822373390202 0.45464937090873719 1.0783737182617186 0.87609281539916994 -0.43092972834904986 -0.66642687320709237 0.42751798431078597 -1.3460251808166506 -1.0137498378753662 0.10928737322489422 0.68888896852731707 1.3530037403106689 0.14916109144687653 -0.35571045279502872 0.4377646923065186 2.1110206604003903 1.0527249336242677 -0.46264081001281743 -2.5446243286132812 0.58827314376831052 1.9883596420288083 -2.3884622573852536 -0.47999715805053705 -0.45382800102233878 -0.14190231877514439 1.6952810764312745
leaf_weight=12 60 24 60 24 24 24 12 24 36 24 72 11.999999999999998 24 36 96 24 24 24 11.999999999999998 12 24 11.999999999999998 11.999999999999998 12 12 12 12 12 936 24
leaf_count=12 60 24 60 24 24 24 12 24 36 24 72 12 24 36 96 24 24 24 12 12 24 12 12 12 12 12 12 12 936 24
internal_value=1.75572e-09 -0.0770609 0.0596221 0.252692 0.403053 -0.0458244 -0.0369129 -0.252582 -0.624772 0.119609 0.124839 -0.0567689 0.290474 -0.288264 0.662724 0.821712 -0.258633 -0.685815 -0.213756 1.5947 0.627492 0.485748 -0.143046 -0.370424 0.255736 -0.683504 -1.43423 0.0672226 -0.126203 0.281979
internal_weight=1728 1548 504 168 144 48 336 144 72 72 192 120 48 72 180 120 48 36 48 24 96 72 1044 72 24 48 24 24 972 36
internal_count=1728 1548 504 168 144 48 336 144 72 72 192 120 48 72 180 120 48 36 48 24 96 72 1044 72 24 48 24 24 972 36
is_linear=0
shrinkage=0.05


Tree=200
num_leaves=31
num_cat=0
split_feature=0 1 6 3 4 4 4 6 0 0 3 2 6 2 2 6 6 0 0 0 2 2 0 0 1 3 6 0 0 6
split_gain=31857.9 5040.08 3391.08 8226.95 5237.16 4340.21 4231.38 7201.13 8781.88 7437.19 3814.19 4007.88 17935.4 6671.57 5266.5 4107.96 3285.03 3056.99 2881.58 2832.33 2451.79 2088.87 4675.66 2056.99 1478.75 1443.35 5095.42 26009.2 9765.88 7889.09
threshold=619852.88050000009 15858.327500000001 0.25000000000000006 108.92850000000001 115.82000000000001 133.21950000000004 64.634000000000015 0.15000000000000005 145818.27200000003 145818.27200000003 105.34800000000001 81.107000000000014 0.15000000000000005 68.52800000000002 45.337500000000006 0.15000000000000005 0.15000000000000005 1182183.7235000001 256199.82050000003 303117.76850000006 113.36550000000001 107.75750000000001 507657.76500000007 240407.42100000003 19012.117000000002 18.680500000000006 0.15000000000000005 47382.240000000013 47382.240000000013 0.25000000000000006
decision_type=2 2 2 2 2 2 2 2 2 2 2 2 2 2 2 2 2 2 2 2 2 2 2 2 2 2 2 2 2 2
left_child=1 25 6 4 21 -6 7 8 -3 -9 11 12 13 23 -14 19 -2 -18 -11 -13 -10 22 24 -8 -4 26 27 -1 -28 -30
right_child=16 2 3 -5 5 -7 10 9 20 18 -12 15 14 -15 -16 -17 17 -19 -20 -21 -22 -23 -24 -25 -26 -27 28 -29 29 -31
leaf_value=-1.4030436515808105 0.32751011759042742 -1.3744646072387696 0.94566354751586923 -0.61700081825256348 -0.51898329257965092 0.43191688656806948 1.0244549751281737 0.83228816986083987 -0.40938324928283693 -0.63310551643371582 0.5045911550521851 -1.2787239074707033 0.31981766223907471 2.0054695129394533 -0.96306233406066899 0.10382301012674969 0.65444451496005063 1.2853535175323487 0.14170304238796236 -0.33792494162917142 0.41587648391723636 1.0000886917114258 -0.43950877189636234 0.098670256137847898 0.43898162047068284 -0.11989284763610904 0.063861417770385745 1.8889415740966795 -2.2690391540527339 -0.45599732398986809
leaf_weight=12 60 24 24 24 24 24 12 24 36 24 48 11.999999999999998 11.999999999999998 11.999999999999998 24 36 96 24 24 24 11.999999999999998 24 11.999999999999998 12 36 972 24 12 12 12
leaf_count=12 60 24 24 24 24 24 12 24 36 24 48 12 12 12 24 36 96 24 24 24 12 24 12 12 36 972 24 12 12 12
internal_value=-3.44934e-11 -0.0732079 0.056641 0.240058 0.382901 -0.0435332 -0.0350673 -0.239953 -0.593534 0.113629 0.118597 -0.0100681 0.253715 1.04286 -0.535436 -0.273851 0.629588 0.780626 -0.245701 -0.651525 -0.203068 0.596118 0.461461 0.561563 0.641654 -0.135894 -0.351903 0.242949 -0.649328 -1.36252
internal_weight=1728 1548 504 168 144 48 336 144 72 72 192 144 72 36 36 72 180 120 48 36 48 96 72 24 60 1044 72 24 48 24
internal_count=1728 1548 504 168 144 48 336 144 72 72 192 144 72 36 36 72 180 120 48 36 48 96 72 24 60 1044 72 24 48 24
is_linear=0
shrinkage=0.05


Tree=201
num_leaves=31
num_cat=0
split_feature=0 1 0 6 3 4 4 4 6 0 0 3 2 6 2 2 6 3 0 0 6 2 0 0 6 0 2 6 0 1
split_gain=28751.8 4548.67 3063.88 3060.45 7424.82 4726.54 3917.04 3818.82 6499.02 7925.65 6712.06 3442.3 3617.12 16186.7 6021.1 4753.02 3707.43 2692.06 2600.62 2249.09 2101.84 1885.2 4219.78 1856.43 1661.86 1408.34 3578.77 9192.55 26476.3 8699.17
threshold=619852.88050000009 15858.327500000001 1048200.1775000001 0.25000000000000006 108.92850000000001 115.82000000000001 133.21950000000004 64.634000000000015 0.15000000000000005 145818.27200000003 145818.27200000003 105.34800000000001 81.107000000000014 0.15000000000000005 68.52800000000002 45.337500000000006 0.15000000000000005 43.144500000000008 256199.82050000003 256199.82050000003 0.15000000000000005 107.75750000000001 507657.76500000007 240407.42100000003 0.25000000000000006 19740.918500000003 43.663000000000004 0.25000000000000006 18495.691000000003 2579.4600000000005
decision_type=2 2 2 2 2 2 2 2 2 2 2 2 2 2 2 2 2 2 2 2 2 2 2 2 2 2 2 2 2 2
left_child=1 25 20 7 5 21 -7 8 9 -3 -10 12 13 14 23 -15 17 -14 -12 -11 -2 22 -5 -9 -4 26 27 29 -29 -1
right_child=2 3 24 4 -6 6 -8 11 10 19 18 -13 16 15 -16 -17 -18 -19 -20 -21 -22 -23 -24 -25 -26 -27 -28 28 -30 -31
leaf_value=-0.33576891422271732 0.11773536105950673 -1.3057413578033448 0.68089752197265629 0.60957167148590097 -0.58615074157714842 -0.49303416013717655 0.41032106280326847 0.97323226928710926 0.79067373275756836 0.14934268891811373 -0.60145027637481696 0.47936160266399386 -0.0074768230319023138 0.30382678508758548 1.9051959991455079 -0.91490921974182138 0.098631850878397626 -0.92468416690826416 0.13461788892745971 -0.53517248630523684 0.58564713845650362 0.95008420944213867 -0.41753330230712893 0.093736743927001945 1.1904720783233642 -0.090142397193445106 -0.40145755807558703 0.28522675832112632 -1.8587353706359864 0.53321679433186853
leaf_weight=48 36 24 48 60 24 24 24 12 24 24 24 48 11.999999999999998 11.999999999999998 11.999999999999998 24 36 24 24 24 72 24 11.999999999999998 12 24 720 144 36 24 72
leaf_count=48 36 24 48 60 24 24 24 12 24 24 24 48 12 12 12 24 36 24 24 24 72 24 12 12 24 720 144 36 24 72
internal_value=-2.68359e-09 -0.0695475 0.598108 0.053809 0.228055 0.363756 -0.0413565 -0.0333139 -0.227955 -0.563857 0.107947 0.112667 -0.00956469 0.241029 0.990722 -0.508664 -0.260158 -0.618948 -0.233416 -0.192915 0.429677 0.566312 0.438388 0.533485 0.850756 -0.129099 -0.215669 -0.0670377 -0.572358 0.185623
internal_weight=1728 1548 180 504 168 144 48 336 144 72 72 192 144 72 36 36 72 36 48 48 108 96 72 24 72 1044 324 180 60 120
internal_count=1728 1548 180 504 168 144 48 336 144 72 72 192 144 72 36 36 72 36 48 48 108 96 72 24 72 1044 324 180 60 120
is_linear=0
shrinkage=0.05


Tree=202
num_leaves=31
num_cat=0
split_feature=0 1 6 1 1 6 0 2 0 1 0 0 1 6 6 0 0 0 0 0 6 2 2 6 0 0 6 3 6 0
split_gain=25986.9 5613.09 4556.24 2120.25 3957.38 3937.42 5633.01 5439.3 4488.65 6447.08 4048.79 3567.99 4963.8 32423.4 29909.8 52774.9 29645.6 5580.4 4230.2 3720.82 3177.47 8549.4 4249.71 21848.3 41891.1 29573.7 20873.3 2737.86 5320.53 15096.2
threshold=684755.53550000011 28539.301500000005 0.25000000000000006 9241.5975000000017 10279.872000000001 0.25000000000000006 37405.976000000002 11.119000000000002 90630.424000000014 11991.799500000003 100590.71350000003 74959.462500000009 11991.799500000003 0.15000000000000005 0.15000000000000005 37405.976000000002 37405.976000000002 68725.196500000005 55159.639500000012 68725.196500000005 0.25000000000000006 74.89200000000001 74.89200000000001 0.15000000000000005 63082.982000000011 63082.982000000011 0.15000000000000005 67.669000000000025 0.15000000000000005 44158.321000000004
decision_type=2 2 2 2 2 2 2 2 2 2 2 2 2 2 2 2 2 2 2 2 2 2 2 2 2 2 2 2 2 2
left_child=1 3 -2 27 20 11 -7 -8 9 -9 -10 12 14 19 16 -16 -6 -15 -17 -14 22 -22 23 25 -25 -5 -24 -1 29 -29
right_child=2 -3 -4 4 5 6 7 8 10 -11 -12 -13 13 17 15 18 -18 -19 -20 -21 21 -23 26 24 -26 -27 -28 28 -30 -31
leaf_value=-0.1276529440567607 0.44421635530889036 0.17840711362659933 1.0408370971679688 -2.120010948181152 -1.4399928092956544 -0.97194566726684573 -0.89347867965698247 -0.023580821355183922 -0.5751928846041362 0.86157437562942507 0.15088256783783438 -0.076999264955520633 -2.7151147842407224 1.2688890457153319 1.8187337875366212 -2.3933146476745608 1.4296557744344076 -0.25596091747283933 -1.2435592651367189 -1.4699878692626953 -0.68989212512969977 0.94463806152343754 1.3615682601928709 3.8575641632080071 -0.32030661106109615 1.3903119087219238 -1.5875346183776855 0.18888573646545409 -0.15334172397851945 -2.3191183090209959
leaf_weight=504 96 216 48 12 11.999999999999998 11.999999999999998 11.999999999999998 36 24 48 96 312 12 12 11.999999999999998 24 36 12 11.999999999999998 12 24 11.999999999999998 12 12 12 12 12 12 48 12
leaf_count=504 96 216 48 12 12 12 12 36 24 48 96 312 12 12 12 24 36 12 12 12 24 12 12 12 12 12 12 12 48 12
internal_value=-5.88113e-10 -0.0584627 0.64309 -0.0958632 -0.0427785 -0.08719 0.0824634 0.141042 0.201896 0.482222 0.00566748 -0.172017 -0.377888 -0.793044 -0.17031 -1.05286 0.712244 0.506464 -2.01006 -2.09255 0.238494 -0.145049 0.430265 0.70189 1.76863 -0.36485 -0.112983 -0.168855 -0.457267 -1.06512
internal_weight=1728 1584 144 1368 792 684 228 216 204 84 120 456 144 48 96 48 48 24 36 24 108 36 72 48 24 24 24 576 72 24
internal_count=1728 1584 144 1368 792 684 228 216 204 84 120 456 144 48 96 48 48 24 36 24 108 36 72 48 24 24 24 576 72 24
is_linear=0
shrinkage=0.05


Tree=203
num_leaves=31
num_cat=0
split_feature=0 1 0 0 6 0 0 4 2 3 2 3 0 6 1 0 6 1 1 0 1 6 0 0 0 0 2 1 0 0
split_gain=23496.9 3741.95 2764.84 1960.03 3828 16853.5 5753.8 6980.9 5563.94 8255.46 7808.11 6333.28 5504.78 9785.17 4711.19 5371.23 11361.1 64491.1 32921 5036.31 4252.41 11341.8 62293.3 43146.6 9003.69 3817.76 3635.52 3896 3478.31 3358.04
threshold=619852.88050000009 28539.301500000005 1182183.7235000001 19740.918500000003 0.25000000000000006 22666.579000000002 37405.976000000002 20.410000000000004 71.424500000000009 67.669000000000025 99.851500000000016 64.121000000000009 27705.340000000004 0.15000000000000005 10484.007500000002 74959.462500000009 0.15000000000000005 11991.799500000003 11991.799500000003 68725.196500000005 9241.5975000000017 0.15000000000000005 41777.992500000008 41777.992500000008 37306.64650000001 55159.639500000012 49.048000000000009 11548.453500000001 63082.982000000011 68725.196500000005
decision_type=2 2 2 2 2 2 2 2 2 2 2 2 2 2 2 2 2 2 2 2 2 2 2 2 2 2 2 2 2 2
left_child=1 3 -2 -1 12 -6 7 -7 9 11 -10 26 13 -5 20 16 17 -16 25 -20 -14 23 24 -22 -23 -18 27 -8 -24 -19
right_child=2 -3 -4 4 5 6 8 -9 10 -11 -12 -13 14 -15 15 -17 18 29 19 -21 21 22 28 -25 -26 -27 -28 -29 -30 -31
leaf_value=-0.19850265361644603 0.44271482229232789 0.15143732388814291 0.93261637687683108 0.071807551383972171 1.9188865661621095 0.31198022961616517 -0.65827565193176274 -0.73241739273071294 0.77290937900543222 -0.60773473680019385 -0.1585237701733907 0.89460687637329106 -0.094925993680953988 -1.3559797286987305 1.3581730206807456 -0.073149295036609358 -2.2736489295959474 -2.5793590545654297 1.2054446220397947 -0.24316287040710446 -1.6910017967224122 1.7277971267700192 -1.5081579208374023 1.3071430683135987 3.6646862030029292 -1.1813813209533692 -0.5464332262674968 0.32863897651433949 -0.30429127216339108 -1.3964884757995604
leaf_weight=324 144 180 36 24 11.999999999999998 24 11.999999999999998 48 60 48 36 24 120 24 36 312 24 12 12 12 24 12 12 24 12 11.999999999999998 24 60 12 12
leaf_count=324 144 180 36 24 12 24 12 48 60 48 36 24 120 24 36 312 24 12 12 12 24 12 12 24 12 12 24 60 12 12
internal_value=4.52899e-09 -0.0628715 0.540695 -0.0910701 -0.0577289 0.0776717 0.0119141 -0.384285 0.119968 -0.053548 0.423622 0.168127 -0.125429 -0.642086 -0.0871583 -0.182489 -0.466773 0.0197343 -0.953279 0.481141 0.103503 0.35154 0.895009 -0.191929 2.69624 -1.90956 -0.0134934 0.164153 -0.906225 -1.98792
internal_weight=1728 1548 180 1368 1044 348 336 72 264 168 96 120 696 48 648 432 120 60 60 24 216 96 48 48 24 36 96 72 24 24
internal_count=1728 1548 180 1368 1044 348 336 72 264 168 96 120 696 48 648 432 120 60 60 24 216 96 48 48 24 36 96 72 24 24
is_linear=0
shrinkage=0.05


Tree=204
num_leaves=31
num_cat=0
split_feature=0 1 6 0 3 3 6 0 6 0 0 6 4 2 2 6 0 6 6 0 4 0 6 0 0 6 2 2 6 4
split_gain=21333.7 4515.75 4112.01 1773.29 2757.24 5213.67 9875.56 7195.37 4245.48 8754.38 8926.17 8435.07 7567.18 12435.5 2348.98 2305.45 2100.19 8559.96 1869.45 1677.38 1554.14 1482.9 1323.67 11586.8 3606.28 1267.89 3094.25 1660.99 3084.14 1244.05
threshold=684755.53550000011 28539.301500000005 0.25000000000000006 27705.340000000004 43.781500000000008 30.154500000000002 0.25000000000000006 19563.351500000001 0.25000000000000006 12036.576500000001 16052.3765 0.15000000000000005 8.3360000000000021 57.764500000000005 31.992000000000001 0.25000000000000006 19563.351500000001 0.15000000000000005 0.15000000000000005 22666.579000000002 84.478000000000009 1048200.1775000001 0.15000000000000005 22666.579000000002 22666.579000000002 0.15000000000000005 107.75750000000001 107.75750000000001 0.25000000000000006 33.389500000000005
decision_type=2 2 2 2 2 2 2 2 2 2 2 2 2 2 2 2 2 2 2 2 2 2 2 2 2 2 2 2 2 2
left_child=1 3 21 4 5 6 16 -8 9 11 -11 -6 -10 19 15 -7 17 -1 -18 -14 -4 -2 23 -12 -24 26 -3 -27 -29 -5
right_child=2 25 20 29 8 14 7 -9 12 10 22 -13 13 -15 -16 -17 18 -19 -20 -21 -22 -23 24 -25 -26 27 -28 28 -30 -31
leaf_value=-1.2965107917785643 0.19723349809646606 0.21994619183242323 0.67602739334106454 0.055644553899765019 -0.4318478107452392 -0.57631068229675297 -0.39794900417327878 -2.1294424057006833 1.1210752487182618 0.52077902555465705 -2.0213853836059568 -2.3065780639648437 0.7463598728179931 -1.6429634094238281 0.15817843799789746 0.27248377799987794 0.75052366256713865 0.59204707145690916 -0.13205044269561766 -0.089647805690765373 1.2450440883636475 0.59025853872299194 0.21527161598205563 0.17585107088088989 -1.0105407714843748 0.12506956597790123 -0.4753783226013184 0.084508097171783453 0.88608779907226565 -0.080416883394200972
leaf_weight=12 48 48 24 216 12 24 12 12 11.999999999999998 24 12 12 12 11.999999999999998 144 11.999999999999998 12 12 12 12 24 48 12 12 12 96 24 24 24 756
leaf_count=12 48 48 24 216 12 24 12 12 12 24 12 12 12 12 144 12 12 12 12 12 24 48 12 12 12 96 24 24 24 756
internal_value=1.68845e-09 -0.0529705 0.582676 -0.0865166 -0.175704 -0.0759704 -0.435564 -1.2637 -0.350237 -0.542209 -0.266541 -1.36921 0.033706 -0.32875 0.0678669 -0.293379 -0.0214976 -0.352232 0.309237 0.328356 0.960536 0.393746 -0.660201 -0.922767 -0.397635 0.159488 -0.0118286 0.245146 0.485298 -0.050181
internal_weight=1728 1584 144 1368 396 252 72 24 144 96 72 24 48 36 180 36 48 24 24 24 48 96 48 24 24 216 72 144 48 972
internal_count=1728 1584 144 1368 396 252 72 24 144 96 72 24 48 36 180 36 48 24 24 24 48 96 48 24 24 216 72 144 48 972
is_linear=0
shrinkage=0.05


Tree=205
num_leaves=31
num_cat=0
split_feature=0 0 1 6 4 0 1 6 1 4 1 2 1 2 2 6 0 0 1 3 0 2 2 1 0 4 3 6 0 0
split_gain=19315.4 3663.39 2219.56 2990.86 31337.3 45316.8 19197.9 40291.9 19461.1 18761.7 13520.3 23004.6 12436.1 11823.1 11643.6 9308.44 37669.6 8490.94 5427.05 4365.94 4318.33 3999.58 3919.05 3658.62 2629.47 2444.98 2297.93 5248.59 13383.5 3298.93
threshold=507657.76500000007 1048200.1775000001 9241.5975000000017 0.15000000000000005 28.488500000000005 68725.196500000005 9804.0705000000016 0.25000000000000006 11991.799500000003 20.410000000000004 13134.513000000001 71.424500000000009 13134.513000000001 71.424500000000009 68.52800000000002 0.25000000000000006 37405.976000000002 55159.639500000012 10129.240500000002 113.36550000000001 256199.82050000003 27.516500000000004 68.52800000000002 12485.131000000003 37306.64650000001 140.45600000000005 67.669000000000025 0.15000000000000005 44158.321000000004 44158.321000000004
decision_type=2 2 2 2 2 2 2 2 2 2 2 2 2 2 2 2 2 2 2 2 2 2 2 2 2 2 2 2 2 2
left_child=2 -2 26 4 9 -6 7 -5 15 -4 -7 14 23 22 25 16 -8 -18 -17 -15 -13 -20 -14 -10 -11 -12 -1 28 -28 -29
right_child=1 -3 3 6 5 10 8 -9 12 24 11 20 13 19 -16 18 17 -19 21 -21 -22 -23 -24 -25 -26 -27 27 29 -30 -31
leaf_value=-0.10796884163504555 0.28399918287992482 0.70599592526753741 0.39234070777893071 3.478669357299804 1.2735332107543946 -1.4108148574829102 1.6386251449584961 -0.61868071556091309 0.25030536651611329 -1.2862253189086914 -0.014163435697555543 -1.2049590746561687 -0.14813138643900556 0.44490257998307547 1.8214645385742188 0.85597848892211914 -1.9158078829447431 -0.70167362689971924 0.19115121364593507 -0.28350895643234253 -0.43051192859808607 -0.64213832219441735 -0.83117899894714364 1.0063872575759889 -2.1927080154418945 0.58296241760253908 0.16705852746963501 -0.52258959114551551 -2.1943952560424802 0.30643239021301272
leaf_weight=504 180 72 11.999999999999998 12 60 24 11.999999999999998 12 24 11.999999999999998 60 36 168 144 11.999999999999998 11.999999999999998 36 24 24 24 36 36 24 48 24 24 12 24 12 24
leaf_count=504 180 72 12 12 60 24 12 12 24 12 60 36 168 144 12 12 36 24 24 24 36 36 24 48 24 24 12 24 12 24
internal_value=-4.58763e-10 0.40457 -0.0690729 -0.0200216 -0.148924 0.0741045 0.0444297 1.42999 -0.0133022 -1.31983 -0.300717 -0.142131 0.154494 0.0345205 0.364572 -0.51669 -0.918691 -1.43015 -0.114689 0.340844 -0.817736 -0.308823 -0.233512 0.75436 -1.89055 0.156444 -0.145715 -0.409942 -1.01367 -0.108079
internal_weight=1728 252 1476 900 300 252 600 24 576 48 192 168 432 360 96 144 72 60 72 168 72 60 192 72 36 84 576 72 24 48
internal_count=1728 252 1476 900 300 252 600 24 576 48 192 168 432 360 96 144 72 60 72 168 72 60 192 72 36 84 576 72 24 48
is_linear=0
shrinkage=0.05


Tree=206
num_leaves=31
num_cat=0
split_feature=0 6 1 0 6 0 0 6 0 4 2 3 2 3 1 0 6 1 1 0 1 6 0 0 0 2 1 0 0 2
split_gain=17570.4 3711.09 3641.84 1535.11 3248.83 15127.5 4856.85 8230.95 4765.24 6269 4558.5 7333.62 6417.48 5818.74 4093.58 4544.85 9492.95 52827.2 26893.6 4255.39 3359.66 9403.16 49940.7 35017.6 7333.56 3168.77 3196.56 3054.16 3028.66 2931.49
threshold=684755.53550000011 0.25000000000000006 28539.301500000005 19740.918500000003 0.25000000000000006 22666.579000000002 27705.340000000004 0.15000000000000005 37405.976000000002 20.410000000000004 71.424500000000009 67.669000000000025 99.851500000000016 64.121000000000009 10484.007500000002 74959.462500000009 0.15000000000000005 11991.799500000003 11991.799500000003 68725.196500000005 9241.5975000000017 0.15000000000000005 41777.992500000008 41777.992500000008 37306.64650000001 49.048000000000009 11548.453500000001 55159.639500000012 44158.321000000004 43.663000000000004
decision_type=2 2 2 2 2 2 2 2 2 2 2 2 2 2 2 2 2 2 2 2 2 2 2 2 2 2 2 2 2 2
left_child=2 -2 3 29 6 -6 7 -5 9 -7 11 13 -12 25 20 16 17 -16 27 -20 -8 23 24 -22 -23 26 -10 -18 -13 -1
right_child=1 -3 -4 4 5 8 14 -9 10 -11 12 28 -14 -15 15 -17 18 -19 19 -21 21 22 -24 -25 -26 -27 -28 -29 -30 -31
leaf_value=-0.038754582405090332 0.34930884242057803 0.88775906562805185 0.14272389329142041 0.058389192819595342 1.8204317092895508 0.31299526095390323 -0.073760918974876397 -1.2511076927185059 -0.5892341136932373 -0.67671775817871094 0.70359278678894044 0.1206106185913086 -0.1408320228258769 0.86029992103576669 1.2306085427602134 -0.063396983192517214 -2.0601552009582522 -1.7978201866149903 1.0920707702636718 -0.23949916362762447 -1.522260618209839 1.5566938400268553 -0.79485700130462655 1.1787285327911377 3.3047359466552728 -0.50768417517344167 0.30471206068992618 -1.0832077026367188 -0.79661095937093096 -0.34142462611198426
leaf_weight=180 96 48 216 24 11.999999999999998 24 120 24 11.999999999999998 48 60 11.999999999999998 36 24 36 312 24 24 12 12 24 12 24 24 12 24 60 11.999999999999998 36 144
leaf_count=180 96 48 216 24 12 24 120 24 12 48 60 12 36 24 36 312 24 24 12 12 24 12 24 24 12 24 60 12 36 144
internal_value=-4.48415e-10 0.528792 -0.048072 -0.0781977 -0.0486911 0.0760467 -0.11106 -0.596359 0.0137472 -0.346813 0.112082 -0.044976 0.386933 0.163956 -0.0751119 -0.163975 -0.425476 0.0192371 -0.870189 0.426286 0.102613 0.323081 0.817929 -0.171766 2.43071 -0.0101303 0.155721 -1.73451 -0.567306 -0.173275
internal_weight=1728 144 1584 1368 1044 348 696 48 336 72 264 168 96 120 648 432 120 60 60 24 216 96 48 48 24 96 72 36 48 324
internal_count=1728 144 1584 1368 1044 348 696 48 336 72 264 168 96 120 648 432 120 60 60 24 216 96 48 48 24 96 72 36 48 324
is_linear=0
shrinkage=0.05


Tree=207
num_leaves=31
num_cat=0
split_feature=0 6 1 4 0 3 3 6 0 6 0 0 6 4 2 2 6 0 6 6 0 6 0 0 0 6 2 2 6 4
split_gain=15857.3 3349.26 3286.76 1402.61 1388.59 2184.12 4509.73 8912.69 6613.86 3733.34 7982.67 7939.7 7612.65 6869.07 11151.3 2089.42 2080.67 1805.23 7725.37 1687.18 1559.89 1445.96 10121.8 2895.07 1191.33 1021.44 2748.73 1434.8 2783.44 1035.52
threshold=684755.53550000011 0.25000000000000006 28539.301500000005 84.478000000000009 27705.340000000004 43.781500000000008 30.154500000000002 0.25000000000000006 19563.351500000001 0.25000000000000006 12036.576500000001 16052.3765 0.15000000000000005 8.3360000000000021 57.764500000000005 31.992000000000001 0.25000000000000006 19563.351500000001 0.15000000000000005 0.15000000000000005 22666.579000000002 0.15000000000000005 22666.579000000002 22666.579000000002 1048200.1775000001 0.15000000000000005 107.75750000000001 107.75750000000001 0.25000000000000006 87.761500000000012
decision_type=2 2 2 2 2 2 2 2 2 2 2 2 2 2 2 2 2 2 2 2 2 2 2 2 2 2 2 2 2 2
left_child=2 24 4 -3 5 6 7 17 -9 10 12 -12 -7 -11 20 16 -8 18 -1 -19 -15 22 -13 -23 -2 26 29 -27 -29 -4
right_child=1 3 25 -5 -6 9 15 8 -10 13 11 21 -14 14 -16 -17 -18 19 -20 -21 -22 23 -24 -25 -26 27 -28 28 -30 -31
leaf_value=-1.2092156410217285 0.15570641905069352 0.57308816909790039 0.60251512527465823 1.1136540412902833 -0.042134276388113394 -0.38778576850891111 -0.54015893936157233 -0.35558187961578369 -2.0156341552734371 1.0874911308288575 0.51720973253250124 -1.8978466033935544 -2.1687793731689449 0.73151154518127437 -1.5383456230163575 0.15450575848420461 0.26619575023651126 0.72033362388610833 0.58491435050964347 -0.11811174154281615 -0.074685698747634879 0.22697770595550534 0.15578613281249998 -0.87132892608642565 0.50798038244247434 0.10087027549743653 -0.45508277416229248 0.054923957586288458 0.81642465591430669 0.066189826031525942
leaf_weight=12 48 24 11.999999999999998 24 972 12 24 12 12 11.999999999999998 24 12 12 12 11.999999999999998 144 11.999999999999998 12 12 12 12 12 12 12 48 96 24 24 24 36
leaf_count=12 48 24 12 24 972 12 24 12 12 12 24 12 12 12 12 144 12 12 12 12 12 12 12 12 48 96 24 24 24 36
internal_value=-5.26025e-09 0.502353 -0.0456684 0.843371 -0.0742878 -0.15321 -0.0644452 -0.398883 -1.18561 -0.308549 -0.48857 -0.225332 -1.27828 0.0514928 -0.29384 0.0693298 -0.271374 -0.00551985 -0.312151 0.301111 0.328413 -0.596603 -0.87103 -0.322176 0.331843 0.135588 -0.0181802 0.212472 0.435674 0.200271
internal_weight=1728 144 1584 48 1368 396 252 72 24 144 96 72 24 48 36 180 36 48 24 24 24 48 24 24 96 216 72 144 48 48
internal_count=1728 144 1584 48 1368 396 252 72 24 144 96 72 24 48 36 180 36 48 24 24 24 48 24 24 96 216 72 144 48 48
is_linear=0
shrinkage=0.05


Tree=208
num_leaves=31
num_cat=0
split_feature=0 1 6 0 6 4 4 3 1 2 0 6 2 2 3 2 3 1 3 4 2 1 6 2 0 2 4 0 0 6
split_gain=14352.4 2319.88 2162.8 1851.13 1572.22 81150.4 45756.5 25207.8 33320.6 28106.5 21109 18203.5 16190 34937.7 24295.6 16728 13213 26524.9 10877.9 18175.3 15553 8522.96 8624.6 27734 7965.86 7889.51 6580.35 6064.14 7287.96 5695.94
threshold=619852.88050000009 15904.846000000003 0.15000000000000005 1182183.7235000001 0.15000000000000005 149.54050000000004 149.54050000000004 62.127500000000005 2158.8095000000008 31.205000000000002 68725.196500000005 0.25000000000000006 31.205000000000002 36.14800000000001 62.127500000000005 40.431500000000007 72.187000000000026 10279.872000000001 43.781500000000008 39.486500000000014 42.413500000000006 7848.9580000000014 0.25000000000000006 66.080000000000013 90630.424000000014 106.31000000000002 82.975500000000011 45843.734500000013 33295.90400000001 0.25000000000000006
decision_type=2 2 2 2 2 2 2 2 2 2 2 2 2 2 2 2 2 2 2 2 2 2 2 2 2 2 2 2 2 2
left_child=1 4 -2 -4 5 7 12 8 -1 -9 18 -8 -6 29 15 -15 -11 -18 19 20 -10 -16 23 -23 -12 -17 -21 28 -24 -14
right_child=2 -3 3 -5 6 -7 11 9 10 16 24 -13 13 14 21 25 17 -19 -20 26 -22 22 27 -25 -26 -27 -28 -29 -30 -31
leaf_value=-1.7676775932312012 0.1774726974964142 0.043846253974315449 0.44694409854710104 0.93789455890655526 -0.44490212500095372 3.8678760528564453 -3.5702907562255852 1.3949192047119141 3.1681560516357425 -1.7741140365600587 -1.2916369438171387 -0.81623697280883778 1.6222080230712892 -1.557934045791626 -0.44935691058635713 -0.092765219608942684 0.62642046213150027 -1.5195111592610679 -0.22248931725819909 -0.15554208358128865 0.96354681253433228 3.1416059494018556 1.0331165313720703 0.54528065125147507 -0.1156429688135783 -1.0435575723648072 0.8004584153493246 0.87140128612518319 -0.34452836513519292 0.73276874224344901
leaf_weight=24 60 468 96 24 144 11.999999999999998 12 11.999999999999998 11.999999999999998 48 24 12 36 24 24 240 24 36 36 36 24 11.999999999999998 11.999999999999998 72 36 24 36 24 48 36
leaf_count=24 60 468 96 24 144 12 12 12 12 48 24 12 36 24 24 240 24 36 36 36 24 12 12 72 36 24 36 24 48 36
internal_value=-1.99027e-09 -0.0491373 0.42258 0.545134 -0.0894301 -0.174746 -0.0467721 -0.314147 -0.00542249 -0.900723 0.201902 -2.19326 0.0272448 0.150414 -0.00364765 -0.294095 -1.15579 -0.661139 0.530211 0.781111 1.69842 0.432024 0.557935 0.916184 -0.586041 -0.179201 0.322458 0.199687 -0.0689994 1.17749
internal_weight=1728 1548 180 120 1080 360 720 348 228 120 204 24 696 552 480 288 108 60 144 108 36 192 168 84 60 264 72 84 60 72
internal_count=1728 1548 180 120 1080 360 720 348 228 120 204 24 696 552 480 288 108 60 144 108 36 192 168 84 60 264 72 84 60 72
is_linear=0
shrinkage=0.05


Tree=209
num_leaves=31
num_cat=0
split_feature=0 0 6 2 2 4 1 0 0 4 0 4 6 3 0 4 4 6 0 0 6 2 0 6 3 4 4 0 0 0
split_gain=13051.4 2615.03 1820.11 5820.56 13132.1 6953.1 14170.4 12566.8 7773.09 6069.43 5098.79 4376.43 8687.85 4366.46 3761.31 3505.38 11614.1 6923.2 4715.21 4724.15 12785.5 22901.5 17383.7 6303.83 3303.46 3301.1 8191.52 2995.43 2738.22 2731.39
threshold=507657.76500000007 1048200.1775000001 0.25000000000000006 31.205000000000002 29.406000000000002 17.934000000000005 6575.9135000000015 27705.340000000004 38531.177500000013 122.55800000000001 12036.576500000001 6.4535000000000009 0.15000000000000005 78.015500000000017 208019.18150000004 17.934000000000005 19.046500000000005 0.15000000000000005 22666.579000000002 3304.2185000000004 0.15000000000000005 42.413500000000006 18495.691000000003 0.15000000000000005 27.516500000000004 33.389500000000005 38.12850000000001 35745.162000000004 19740.918500000003 63082.982000000011
decision_type=2 2 2 2 2 2 2 2 2 2 2 2 2 2 2 2 2 2 2 2 2 2 2 2 2 2 2 2 2 2
left_child=2 -2 11 4 24 6 10 28 -9 25 -5 12 -1 -8 -11 18 17 -17 19 23 21 -21 -22 -13 -4 -10 -27 -6 -7 -26
right_child=1 -3 3 5 27 7 13 8 9 14 -12 15 -14 -15 -16 16 -18 -19 -20 20 22 -23 -24 -25 29 26 -28 -29 -30 -31
leaf_value=-1.714248466491699 0.23069105307261151 0.58722914457321174 0.48794424533843994 -0.34771085977554322 -1.8926073074340817 0.80128552913665774 0.82879121303558356 -0.56925748984018965 0.92810158729553227 -0.40099075188239414 -1.3783653259277344 -1.0603709220886228 0.18836479187011718 -0.12498004585504532 0.58870978355407722 -0.35727200508117674 -0.089523590356111529 -2.0557022094726558 -0.17778720060984296 3.0097482681274417 0.67061567306518555 0.33454139232635499 -1.6601341247558594 0.5603069305419921 0.20703149437904358 -0.54493027925491333 0.47629515462451516 -0.77542514801025386 1.726323127746582 -0.48159021933873492
leaf_weight=12 180 72 24 24 12 24 24 36 24 48 24 12 12 24 11.999999999999998 12 768 12 72 11.999999999999998 24 24 11.999999999999998 12 24 24 108 12 11.999999999999998 36
leaf_count=12 180 72 24 24 12 24 24 36 24 48 24 12 12 24 12 12 768 12 72 12 24 24 12 12 24 24 108 12 12 36
internal_value=-6.96767e-10 0.332559 -0.0567784 0.0217436 -0.302539 0.112948 -0.255566 0.235786 0.110951 0.224319 -0.863038 -0.0960393 -0.762942 0.351906 -0.203051 -0.0793668 -0.123371 -1.20649 0.128082 0.357483 0.559988 1.22628 -0.106301 -0.250032 -0.00783131 0.388692 0.290618 -1.33402 1.10963 -0.206142
internal_weight=1728 252 1476 492 108 384 96 288 252 216 48 984 24 48 60 960 792 24 168 96 72 36 36 24 84 156 132 24 36 60
internal_count=1728 252 1476 492 108 384 96 288 252 216 48 984 24 48 60 960 792 24 168 96 72 36 36 24 84 156 132 24 36 60
is_linear=0
shrinkage=0.05


Tree=210
num_leaves=31
num_cat=0
split_feature=0 6 1 4 0 3 3 6 0 6 0 0 6 4 2 2 6 0 6 6 0 6 0 0 0 6 2 2 6 4
split_gain=11881.5 2901.95 2495.96 1206.07 1128.65 1748.08 3192.25 7450.23 5272.59 2893.17 6508.84 6453.99 6248.18 5157.14 9210.06 1589.77 1840.76 1293.8 5689.21 1293.91 1181.87 940.958 7384.49 2283.15 926.71 877.575 2467.43 1287.2 2414.78 903.828
threshold=684755.53550000011 0.25000000000000006 28539.301500000005 84.478000000000009 27705.340000000004 43.781500000000008 30.154500000000002 0.25000000000000006 19563.351500000001 0.25000000000000006 12036.576500000001 16052.3765 0.15000000000000005 8.3360000000000021 57.764500000000005 31.992000000000001 0.25000000000000006 19563.351500000001 0.15000000000000005 0.15000000000000005 22666.579000000002 0.15000000000000005 22666.579000000002 22666.579000000002 1048200.1775000001 0.15000000000000005 107.75750000000001 107.75750000000001 0.25000000000000006 87.761500000000012
decision_type=2 2 2 2 2 2 2 2 2 2 2 2 2 2 2 2 2 2 2 2 2 2 2 2 2 2 2 2 2 2
left_child=2 24 4 -3 5 6 7 17 -9 10 12 -12 -7 -11 20 16 -8 18 -1 -19 -15 22 -13 -23 -2 26 29 -27 -29 -4
right_child=1 3 25 -5 -6 9 15 8 -10 13 11 21 -14 14 -16 -17 -18 19 -20 -21 -22 23 -24 -25 -26 27 -28 28 -30 -31
leaf_value=-1.0073524475097655 0.12077612504363061 0.50163857936859135 0.55866250991821287 1.002902364730835 -0.035482616544750982 -0.33940842151641842 -0.4936637282371521 -0.31577899456024167 -1.7979768753051755 0.94002122879028327 0.47410169839859012 -1.6285360336303709 -1.9529170989990232 0.65950994491577142 -1.3878717422485352 0.13063575898607571 0.26477949619293212 0.64877023696899405 0.532291555404663 -0.085484874248504636 -0.042234563827514643 0.17894655466079712 0.12556517124176023 -0.79640522003173819 0.43147259950637817 0.083980581909418109 -0.43805013895034794 0.046456253528594976 0.75573647022247314 0.057600182294845585
leaf_weight=12 48 24 11.999999999999998 24 972 12 24 12 12 11.999999999999998 24 12 12 12 11.999999999999998 144 11.999999999999998 12 12 12 12 12 12 12 48 96 24 24 24 36
leaf_count=12 48 24 12 24 972 12 24 12 12 12 24 12 12 12 12 144 12 12 12 12 12 12 12 12 48 96 24 24 24 36
internal_value=4.80838e-09 0.43484 -0.0395309 0.75227 -0.0644708 -0.135624 -0.0562119 -0.337589 -1.05688 -0.274594 -0.433069 -0.195371 -1.14616 0.0423562 -0.256865 0.0563387 -0.240849 0.0220561 -0.23753 0.281643 0.308638 -0.530107 -0.751485 -0.308729 0.276124 0.118422 -0.0241062 0.189686 0.401096 0.182866
internal_weight=1728 144 1584 48 1368 396 252 72 24 144 96 72 24 48 36 180 36 48 24 24 24 48 24 24 96 216 72 144 48 48
internal_count=1728 144 1584 48 1368 396 252 72 24 144 96 72 24 48 36 180 36 48 24 24 24 48 24 24 96 216 72 144 48 48
is_linear=0
shrinkage=0.05


Tree=211
num_leaves=31
num_cat=0
split_feature=0 6 1 4 0 3 3 6 0 6 0 0 6 4 2 2 6 0 6 6 0 6 0 0 0 4 6 4 4 4
split_gain=10723 2619.01 2252.6 1088.48 1018.6 1577.64 2881 6723.83 4758.51 2611.09 5874.22 5824.73 5638.99 4654.31 8312.08 1434.77 1661.28 1167.65 5134.51 1167.76 1066.64 849.215 6664.5 2060.54 836.356 826.747 22459.1 17604.6 13335 5583.34
threshold=684755.53550000011 0.25000000000000006 28539.301500000005 84.478000000000009 27705.340000000004 43.781500000000008 30.154500000000002 0.25000000000000006 19563.351500000001 0.25000000000000006 12036.576500000001 16052.3765 0.15000000000000005 8.3360000000000021 57.764500000000005 31.992000000000001 0.25000000000000006 19563.351500000001 0.15000000000000005 0.15000000000000005 22666.579000000002 0.15000000000000005 22666.579000000002 22666.579000000002 1048200.1775000001 33.389500000000005 0.15000000000000005 28.488500000000005 20.410000000000004 28.488500000000005
decision_type=2 2 2 2 2 2 2 2 2 2 2 2 2 2 2 2 2 2 2 2 2 2 2 2 2 2 2 2 2 2
left_child=2 24 4 -3 5 6 7 17 -9 10 12 -12 -7 -11 20 16 -8 18 -1 -19 -15 22 -13 -23 -2 26 27 28 -6 -28
right_child=1 3 -4 -5 25 9 15 8 -10 13 11 21 -14 14 -16 -17 -18 19 -20 -21 -22 23 -24 -25 -26 -27 29 -29 -30 -31
leaf_value=-0.95698480606079084 0.1147373165935278 0.47655663490295413 0.11250073636571567 0.95275726318359377 -0.10519239902496338 -0.32243800163269043 -0.46898055076599121 -0.29999003410339353 -1.7080780029296871 0.8930201530456543 0.45039660930633546 -1.547109317779541 -1.8552711486816404 0.62653446197509766 -1.3184782028198243 0.12410396610697111 0.25154054164886475 0.61633172035217276 0.50567698478698719 -0.081210631132125843 -0.04012283384799957 0.16999922990798949 0.11928690671920775 -0.75658497810363767 0.40989896655082703 -0.058356913861143528 0.55231274604797365 1.0797733306884767 -1.6267380714416504 -0.2831019639968872
leaf_weight=12 48 24 216 24 24 12 24 12 12 11.999999999999998 24 12 12 12 11.999999999999998 144 11.999999999999998 12 12 12 12 12 12 12 48 756 120 11.999999999999998 36 24
leaf_count=12 48 24 216 24 24 12 24 12 12 12 24 12 12 12 12 144 12 12 12 12 12 12 12 12 48 756 120 12 36 24
internal_value=1.47632e-09 0.413098 -0.0375543 0.714657 -0.0612472 -0.128842 -0.0534013 -0.320709 -1.00403 -0.260864 -0.411416 -0.185602 -1.08885 0.0402384 -0.244022 0.0535218 -0.228807 0.0209533 -0.225654 0.267561 0.293206 -0.503602 -0.713911 -0.293293 0.262318 -0.0337085 0.052561 -0.668471 -1.01812 0.413077
internal_weight=1728 144 1584 48 1368 396 252 72 24 144 96 72 24 48 36 180 36 48 24 24 24 48 24 24 96 972 216 72 60 144
internal_count=1728 144 1584 48 1368 396 252 72 24 144 96 72 24 48 36 180 36 48 24 24 24 48 24 24 96 972 216 72 60 144
is_linear=0
shrinkage=0.05


Tree=212
num_leaves=31
num_cat=0
split_feature=0 6 1 4 0 3 3 6 0 6 0 0 6 1 2 2 6 0 6 6 0 6 2 2 6 4 6 0 0 0
split_gain=9677.52 2363.66 2032.97 982.355 919.291 1423.82 2600.11 6068.26 4294.55 2356.51 5301.49 5256.81 5089.19 4200.52 7501.65 1294.88 1499.31 1053.8 4633.9 1053.9 962.64 792.012 2226.86 1161.7 2179.34 815.705 766.416 6014.71 1859.64 754.811
threshold=684755.53550000011 0.25000000000000006 28539.301500000005 84.478000000000009 27705.340000000004 43.781500000000008 30.154500000000002 0.25000000000000006 19563.351500000001 0.25000000000000006 12036.576500000001 16052.3765 0.15000000000000005 7848.9580000000014 57.764500000000005 31.992000000000001 0.25000000000000006 19563.351500000001 0.15000000000000005 0.15000000000000005 22666.579000000002 0.15000000000000005 107.75750000000001 107.75750000000001 0.25000000000000006 87.761500000000012 0.15000000000000005 22666.579000000002 22666.579000000002 1048200.1775000001
decision_type=2 2 2 2 2 2 2 2 2 2 2 2 2 2 2 2 2 2 2 2 2 2 2 2 2 2 2 2 2 2
left_child=2 29 4 -3 5 6 7 17 -9 10 12 -12 -7 14 20 16 -8 18 -1 -19 -11 22 25 -23 -25 -4 27 -13 -28 -2
right_child=1 3 21 -5 -6 9 15 8 -10 13 11 26 -14 -15 -16 -17 -18 19 -20 -21 -22 23 -24 24 -26 -27 28 -29 -30 -31
leaf_value=-0.90913553237915024 0.10900045856833458 0.45272881984710694 0.52510433197021489 0.90511937141418464 -0.032023067373797724 -0.30631608963012691 -0.44553151130676272 -0.28499054908752436 -1.6226741790771482 0.59520773887634271 0.42787678241729737 -1.4697538375854491 -1.762507629394531 0.84836912155151367 -1.2525543212890626 0.11789877116680146 0.23896350860595705 0.58551511764526365 0.48039312362670894 -0.077150094509124745 -0.038116693496704102 0.074156521260738378 -0.42177267074584962 0.038508403301239016 0.71232459545135507 0.049095136920611071 0.1614992618560791 0.11332256793975828 -0.71875572204589844 0.38940402269363406
leaf_weight=12 48 24 11.999999999999998 24 972 12 24 12 12 12 24 12 12 11.999999999999998 11.999999999999998 144 11.999999999999998 12 12 12 12 96 24 24 24 36 12 12 12 48
leaf_count=12 48 24 12 24 972 12 24 12 12 12 24 12 12 12 12 144 12 12 12 12 12 96 24 24 24 36 12 12 12 48
internal_value=4.82908e-11 0.392443 -0.0356766 0.678924 -0.0581849 -0.1224 -0.0507313 -0.304674 -0.953832 -0.247821 -0.390845 -0.176322 -1.03441 0.0382265 -0.231821 0.0508457 -0.217367 0.0199057 -0.214371 0.254183 0.278546 0.106876 -0.0285259 0.174577 0.375416 0.168097 -0.478422 -0.678216 -0.278628 0.249202
internal_weight=1728 144 1584 48 1368 396 252 72 24 144 96 72 24 48 36 180 36 48 24 24 24 216 72 144 48 48 48 24 24 96
internal_count=1728 144 1584 48 1368 396 252 72 24 144 96 72 24 48 36 180 36 48 24 24 24 216 72 144 48 48 48 24 24 96
is_linear=0
shrinkage=0.05


Tree=213
num_leaves=31
num_cat=0
split_feature=0 6 1 0 6 4 4 3 1 2 0 6 2 2 3 2 3 1 3 4 2 6 4 4 0 4 0 0 2 6
split_gain=8786.29 1654.82 1518.92 1240.45 1180.08 72846.9 40586.5 19909.5 26966.7 24294.2 18109.1 16862.2 12972.4 30418.6 20345.2 12890.3 10180.5 21857.7 9393.9 14802.9 12013.2 7605.87 10975.8 14418.1 15535.3 13929.6 8148.92 7189.19 6369.53 5558.9
threshold=619852.88050000009 0.15000000000000005 15904.846000000003 1182183.7235000001 0.15000000000000005 149.54050000000004 149.54050000000004 62.127500000000005 2158.8095000000008 31.205000000000002 68725.196500000005 0.25000000000000006 31.205000000000002 36.14800000000001 52.614000000000004 40.431500000000007 72.187000000000026 10279.872000000001 43.781500000000008 39.486500000000014 42.413500000000006 0.25000000000000006 14.624000000000001 28.488500000000005 44158.321000000004 25.389500000000002 16052.3765 90630.424000000014 106.31000000000002 0.25000000000000006
decision_type=2 2 2 2 2 2 2 2 2 2 2 2 2 2 2 2 2 2 2 2 2 2 2 2 2 2 2 2 2 2
left_child=2 -2 4 -3 5 7 12 8 -1 -9 18 -8 -6 29 15 -15 -11 -18 19 20 -10 22 -16 25 -25 -24 -23 -12 -17 -14
right_child=1 3 -4 -5 6 -7 11 9 10 16 27 -13 13 14 21 28 17 -19 -20 -21 -22 26 23 24 -26 -27 -28 -29 -30 -31
leaf_value=-1.5880253791809082 0.1162359967827797 0.35745745003223423 0.036792610088984178 0.75934951305389409 -0.38701636294523878 3.685251617431641 -3.3810066223144526 1.335942554473877 2.8406288146972658 -1.578230929374695 -1.216285800933838 -0.73036074638366699 1.5435585975646973 -1.4227068424224854 -0.12132900555928548 -0.10526406572510799 0.56752111911773684 -1.3804869333902996 -0.211548121770223 0.30716566145420077 0.90307461023330693 -1.1899265289306642 0.99769929250081391 -1.3031497955322267 0.90020904541015634 2.964761543273926 0.18350878424114653 -0.099091506004333502 -0.96922527551651005 0.66488382021586112
leaf_weight=24 60 96 468 24 144 11.999999999999998 12 11.999999999999998 11.999999999999998 48 24 12 36 24 36 192 24 36 36 72 24 11.999999999999998 36 11.999999999999998 24 11.999999999999998 108 36 24 36
leaf_count=24 60 96 468 24 144 12 12 12 12 48 24 12 36 24 36 192 24 36 36 72 24 12 36 12 24 12 108 36 24 36
internal_value=3.65975e-09 0.330636 -0.038446 0.437836 -0.0710494 -0.144964 -0.0340922 -0.27704 -0.00267207 -0.79834 0.18384 -2.05568 0.0356178 0.14587 0.0021176 -0.323404 -1.03548 -0.601284 0.487927 0.721086 1.54893 0.32764 0.609114 0.922161 0.165756 1.48946 0.0461653 -0.545969 -0.20126 1.10422
internal_weight=1728 180 1548 120 1080 360 720 348 228 120 204 24 696 552 480 240 108 60 144 108 36 240 120 84 36 48 120 60 216 72
internal_count=1728 180 1548 120 1080 360 720 348 228 120 204 24 696 552 480 240 108 60 144 108 36 240 120 84 36 48 120 60 216 72
is_linear=0
shrinkage=0.05


Tree=214
num_leaves=31
num_cat=0
split_feature=0 6 2 6 6 0 6 2 2 4 0 1 0 3 3 3 2 0 3 3 0 3 4 6 4 4 6 0 6 2
split_gain=7983.05 2535.26 1989.9 2465.13 2339.55 1579.71 1090.65 3691.76 9315.18 5082.09 10747.7 9909.73 6843.21 5532.48 5977.04 4594.47 3903.21 3408 3325.61 2802.04 2782.1 2631.65 2462.53 5234.57 2560.2 7502.14 4628.35 3688.01 3310.15 27991.1
threshold=388286.60400000011 0.15000000000000005 107.75750000000001 0.25000000000000006 0.25000000000000006 507657.76500000007 0.25000000000000006 31.205000000000002 27.516500000000004 17.934000000000005 27705.340000000004 6575.9135000000015 38531.177500000013 72.187000000000026 67.669000000000025 64.121000000000009 7.3575000000000008 12036.576500000001 78.015500000000017 31.992000000000001 35745.162000000004 50.303500000000007 6.4535000000000009 0.15000000000000005 17.934000000000005 19.046500000000005 0.15000000000000005 22666.579000000002 0.15000000000000005 42.413500000000006
decision_type=2 2 2 2 2 2 2 2 2 2 2 2 2 2 2 2 2 2 2 2 2 2 2 2 2 2 2 2 2 2
left_child=6 5 3 -3 -4 -2 22 8 16 11 19 17 -12 14 15 21 -8 -9 -13 -11 -10 -14 23 -1 27 26 -26 28 29 -24
right_child=1 2 4 -5 -6 -7 7 9 20 10 12 18 13 -15 -16 -17 -18 -19 -20 -21 -22 -23 24 -25 25 -27 -28 -29 -30 -31
leaf_value=-1.3173545837402343 -0.5061157703399658 0.42472257614135744 0.23660340905189514 -0.29191406369209288 0.6396771589914958 0.10717127243322987 -0.73871259689331059 -0.31185908317565919 -1.5221896171569824 1.6266382217407227 -0.55921969413757322 0.69902079105377202 0.094735683169629839 0.54106302658716843 -0.71753323078155518 0.76491272449493408 0.24911519050598147 -1.1544745445251465 -0.13334689438343048 0.69088346958160407 -0.58976991176605231 -0.70503678321838381 2.69859733581543 0.1594907522201538 -0.28042287826538081 -0.076616444510798298 -1.669119071960449 -0.15971072514851889 0.020077490806579591 -0.089825272560119629
leaf_weight=12 11.999999999999998 24 72 24 72 84 11.999999999999998 24 11.999999999999998 11.999999999999998 36 24 72 72 24 24 60 24 24 24 24 11.999999999999998 11.999999999999998 12 12 744 12 72 48 36
leaf_count=12 12 24 72 24 72 84 12 24 12 12 36 24 72 72 24 24 60 24 24 24 24 12 12 12 12 744 12 72 48 36
internal_value=2.45162e-09 0.240308 0.345206 0.0664043 0.43814 0.0305104 -0.0480615 0.0134769 -0.243874 0.0881916 0.197185 -0.225165 0.0763428 0.188501 -0.00380579 0.1548 0.0844772 -0.733167 0.282837 1.0028 -0.900576 -0.0195175 -0.0788307 -0.578932 -0.0660076 -0.104684 -0.974771 0.110798 0.313679 0.60728
internal_weight=1728 288 192 48 144 96 1440 480 108 372 276 96 240 204 132 108 72 48 48 36 36 84 960 24 936 768 24 168 96 48
internal_count=1728 288 192 48 144 96 1440 480 108 372 276 96 240 204 132 108 72 48 48 36 36 84 960 24 936 768 24 168 96 48
is_linear=0
shrinkage=0.05


Tree=215
num_leaves=31
num_cat=0
split_feature=0 6 6 2 4 4 4 0 4 3 2 4 0 2 2 2 3 2 6 3 3 3 2 1 6 4 3 1 4 1
split_gain=7242.73 1370.67 1349.15 3861.76 6460.85 4346.57 7821.09 7490.27 6051.77 4452.71 4315.45 6128.8 7411.86 4404.83 3210.58 4012.4 2316.19 4343.91 8620.23 10025.1 9446.15 5629.06 4172.33 7974.52 10257.8 28393.9 22347.6 28639.6 19081.9 16517.2
threshold=619852.88050000009 0.15000000000000005 0.25000000000000006 74.89200000000001 22.396000000000004 82.975500000000011 39.486500000000014 35745.162000000004 42.097000000000008 27.516500000000004 36.14800000000001 14.624000000000001 12036.576500000001 53.76550000000001 99.851500000000016 107.75750000000001 95.222000000000023 27.516500000000004 0.15000000000000005 85.117000000000004 85.117000000000004 25.237500000000004 43.663000000000004 5600.7615000000014 0.15000000000000005 28.488500000000005 76.597500000000011 9804.0705000000016 25.389500000000002 7848.9580000000014
decision_type=2 2 2 2 2 2 2 2 2 2 2 2 2 2 2 2 2 2 2 2 2 2 2 2 2 2 2 2 2 2
left_child=2 -2 16 5 -5 6 10 -7 -8 -9 -4 13 -13 -12 -6 -16 17 18 20 -20 21 -1 -19 -24 26 28 27 29 -26 -25
right_child=1 -3 3 4 14 7 8 9 -10 -11 11 12 -14 -15 15 -17 -18 22 19 -21 -22 -23 23 24 25 -27 -28 -29 -30 -31
leaf_value=0.53732352256774907 0.10506563337519766 0.3977544128894806 0.77651224136352548 -0.49793294668197635 0.65936153411865239 -1.446080207824707 1.5453063964843752 0.47673522233963017 0.31528898954391482 -0.26363979596080206 -0.2104170689980189 0.53616638183593757 -0.85313996076583865 0.66406972408294684 -0.1917387843132019 0.64288489818573002 0.11810024331013363 0.11446934521198274 -0.47232350905736287 -2.1410793304443358 1.2729763031005861 -0.78897986412048349 -0.62593683004379275 -0.029353992144266768 0.63621511459350588 -0.1865338031734739 -1.1284662246704102 0.50073326826095588 2.8203542709350589 -1.5439670244852701
leaf_weight=11.999999999999998 60 120 11.999999999999998 24 60 11.999999999999998 11.999999999999998 24 60 132 36 11.999999999999998 48 24 36 24 144 240 36 11.999999999999998 11.999999999999998 24 72 36 60 168 60 108 11.999999999999998 36
leaf_count=12 60 120 12 24 60 12 12 24 60 132 36 12 48 24 36 24 144 240 36 12 12 24 72 36 60 168 60 108 12 36
internal_value=-4.94916e-09 0.300191 -0.034906 0.0311071 0.250958 -0.0539964 0.101103 -0.242332 0.520292 -0.149736 -0.127545 -0.217951 -0.575279 0.139378 0.400736 0.142111 -0.0679125 -0.0980768 -0.415714 -0.889512 0.058085 -0.346879 -0.0595753 -0.135247 -0.0616435 0.169498 -0.292785 -0.0142242 1.00024 -0.786661
internal_weight=1728 180 1548 516 144 372 204 168 72 156 132 120 60 60 120 60 1032 888 96 48 48 36 792 552 480 240 240 180 72 72
internal_count=1728 180 1548 516 144 372 204 168 72 156 132 120 60 60 120 60 1032 888 96 48 48 36 792 552 480 240 240 180 72 72
is_linear=0
shrinkage=0.05


Tree=216
num_leaves=31
num_cat=0
split_feature=0 6 1 6 4 4 3 1 2 0 6 1 3 2 6 0 0 0 0 1 6 3 3 4 6 0 4 2 0 2
split_gain=6605.22 1742.73 1360.27 874.464 65208.6 35971.8 16059.1 23768.4 19809.1 16237 15761.6 11465.8 15159.5 14855.4 11499.9 9650.96 8918.74 14535.3 8254.39 8177.1 8474.93 18111.1 8124.35 20711.8 7612.32 9358.46 14689.3 7778.62 7677.59 6713.03
threshold=684755.53550000011 0.25000000000000006 15904.846000000003 0.15000000000000005 149.54050000000004 149.54050000000004 62.127500000000005 2158.8095000000008 31.205000000000002 68725.196500000005 0.25000000000000006 2158.8095000000008 52.614000000000004 31.205000000000002 0.25000000000000006 68725.196500000005 44158.321000000004 41777.992500000008 4747.4170000000004 7848.9580000000014 0.25000000000000006 64.121000000000009 42.413500000000006 39.486500000000014 0.25000000000000006 7391.9660000000013 49.236500000000007 43.663000000000004 27705.340000000004 27.516500000000004
decision_type=2 2 2 2 2 2 2 2 2 2 2 2 2 2 2 2 2 2 2 2 2 2 2 2 2 2 2 2 2 2
left_child=2 -2 3 4 6 11 7 -1 -8 22 -7 18 15 14 -14 24 17 -10 -5 -15 21 -21 23 -9 25 -13 -27 29 -29 -26
right_child=1 -3 -4 5 -6 10 8 9 16 -11 -12 12 13 19 -16 -17 -18 -19 -20 20 -22 -23 -24 -25 27 26 -28 28 -30 -31
leaf_value=-1.491676425933838 0.20122309988364578 0.57020977735519407 0.038352310160795849 0.12628283500671386 3.4990966796875003 -3.2138492584228509 1.209327507019043 1.9973536014556885 -0.92845805048942565 -0.51925419807434092 -0.65117220878601068 0.18322606086730958 -2.0340253829956052 -0.094677074750264489 0.15495051145553587 0.13089075113336246 -1.5746127764383953 0.97780389785766608 1.4376423120498658 2.6793365478515625 0.19795194268226624 0.60276157515389583 -0.071385318040847787 0.30128827393054963 0.2173965334892273 -1.5391463994979859 -0.30215995088219644 0.98869953155517587 -0.27601270675659179 -0.8067668795585633
leaf_weight=24 96 48 504 24 11.999999999999998 12 11.999999999999998 24 60 60 12 24 12 72 12 120 36 11.999999999999998 24 11.999999999999998 96 84 48 72 24 48 48 24 24 48
leaf_count=24 96 48 504 24 12 12 12 24 60 60 12 24 12 72 12 120 36 12 24 12 96 84 48 72 24 48 48 24 24 48
internal_value=1.54358e-09 0.324219 -0.0294744 -0.0611269 -0.124754 -0.0293132 -0.249715 -0.00330149 -0.7179 0.171801 -1.93251 0.0363143 -0.0189189 0.251464 -0.939537 -0.235226 -0.932036 -0.610748 0.781963 0.359737 0.530143 0.862333 0.459741 0.725305 -0.418284 -0.699877 -0.920653 -0.13669 0.356343 -0.465379
internal_weight=1728 144 1584 1080 360 720 348 228 120 204 24 696 648 288 24 360 108 72 48 264 192 96 144 96 240 120 96 120 48 72
internal_count=1728 144 1584 1080 360 720 348 228 120 204 24 696 648 288 24 360 108 72 48 264 192 96 144 96 240 120 96 120 48 72
is_linear=0
shrinkage=0.05


Tree=217
num_leaves=31
num_cat=0
split_feature=0 6 1 4 6 4 4 4 6 0 0 3 2 6 0 0 6 3 0 0 2 0 0 3 0 0 0 0 0 2
split_gain=5961.21 1572.82 1234.55 845.607 684.915 3708.36 3087.27 2831.05 3931.2 5620.53 4764.9 2499.56 2916.21 12981.1 5163.28 3554.5 2476.02 2086.13 2826.37 1947.78 1890.19 1771.17 1627.33 1430.78 1410.92 1298.78 815.612 676.363 655.766 645.177
threshold=684755.53550000011 0.25000000000000006 15858.327500000001 84.478000000000009 0.25000000000000006 101.94350000000001 133.21950000000004 64.634000000000015 0.15000000000000005 145818.27200000003 145818.27200000003 105.34800000000001 81.107000000000014 0.15000000000000005 240407.42100000003 240407.42100000003 0.15000000000000005 101.51950000000001 573241.87500000012 256199.82050000003 113.36550000000001 303117.76850000006 153655.73400000003 43.144500000000008 240407.42100000003 137286.37700000001 573241.87500000012 164842.97150000001 1048200.1775000001 22.312000000000005
decision_type=2 2 2 2 2 2 2 2 2 2 2 2 2 2 2 2 2 2 2 2 2 2 2 2 2 2 2 2 2 2
left_child=2 28 29 -3 7 17 24 8 10 25 -4 12 13 14 22 -15 21 -6 27 -11 -12 -14 -9 -18 -7 -10 -21 -19 -2 -1
right_child=1 3 4 -5 5 6 -8 11 9 19 20 -13 16 15 -16 -17 23 18 -20 26 -22 -23 -24 -25 -26 -27 -28 -29 -30 -31
leaf_value=-0.20416667660077414 0.060482071712613106 0.33183741569519043 -1.0146517276763916 0.75156116485595703 0.49486283302307132 -0.66753640174865725 0.2980854004621506 0.89584131240844711 0.34001238346099849 -0.54780480861663816 -0.3329492767651876 0.34858397245407108 -1.0264268875122071 -0.80989890098571782 0.037315487861633301 0.24403715133666992 -0.38980553150177005 0.13760470151901247 0.71717014312744143 0.38068740367889403 0.39165546894073489 -0.2824579358100891 1.7192817687988278 0.27886487245559693 -0.12537258863449097 1.0756469726562499 -0.20226900577545162 -0.32213823795318608 0.32184182405471806 -0.049049300586981051
leaf_weight=72 48 24 24 24 60 24 24 12 12 24 36 72 11.999999999999998 24 11.999999999999998 11.999999999999998 11.999999999999998 11.999999999999998 11.999999999999998 12 11.999999999999998 24 12 24 24 12 12 24 48 972
leaf_count=72 48 24 24 24 60 24 24 12 12 24 36 72 12 24 12 12 12 12 12 12 12 24 12 24 24 12 12 24 48 972
internal_value=1.51771e-09 0.308008 -0.0280007 0.541699 0.0333756 0.113011 -0.164941 -0.00644215 -0.178169 0.083078 -0.439416 0.108042 -0.0122284 0.21278 0.884146 -0.458587 -0.237236 0.298313 0.0526246 -0.229298 -0.151798 -0.530448 1.30756 0.0559747 -0.396454 0.70783 0.0892092 -0.168891 0.191162 -0.0597471
internal_weight=1728 144 1584 48 540 180 72 360 144 72 72 216 144 72 36 36 72 108 48 48 48 36 24 36 48 24 24 36 96 1044
internal_count=1728 144 1584 48 540 180 72 360 144 72 72 216 144 72 36 36 72 108 48 48 48 36 24 36 48 24 24 36 96 1044
is_linear=0
shrinkage=0.05


Tree=218
num_leaves=31
num_cat=0
split_feature=0 6 1 4 6 4 4 4 6 0 0 3 2 6 0 0 6 3 0 0 2 0 0 3 0 0 0 0 0 2
split_gain=5379.99 1419.47 1114.18 763.16 618.136 3346.79 2786.26 2555.02 3547.91 5072.53 4300.33 2255.86 2631.88 11715.5 4659.86 3207.94 2234.6 1882.73 2550.8 1757.87 1705.89 1598.48 1468.67 1291.28 1273.35 1172.15 736.089 610.418 591.828 585.175
threshold=684755.53550000011 0.25000000000000006 15858.327500000001 84.478000000000009 0.25000000000000006 101.94350000000001 133.21950000000004 64.634000000000015 0.15000000000000005 145818.27200000003 145818.27200000003 105.34800000000001 81.107000000000014 0.15000000000000005 240407.42100000003 240407.42100000003 0.15000000000000005 101.51950000000001 573241.87500000012 256199.82050000003 113.36550000000001 303117.76850000006 153655.73400000003 43.144500000000008 240407.42100000003 137286.37700000001 573241.87500000012 164842.97150000001 1048200.1775000001 27.516500000000004
decision_type=2 2 2 2 2 2 2 2 2 2 2 2 2 2 2 2 2 2 2 2 2 2 2 2 2 2 2 2 2 2
left_child=2 28 29 -3 7 17 24 8 10 25 -4 12 13 14 22 -15 21 -6 27 -11 -12 -14 -9 -18 -7 -10 -21 -19 -2 -1
right_child=1 3 4 -5 5 6 -8 11 9 19 20 -13 16 15 -16 -17 23 18 -20 26 -22 -23 -24 -25 -26 -27 -28 -29 -30 -31
leaf_value=-0.15034390191237135 0.05745796971023083 0.31524555683135991 -0.96391911506652839 0.71398313045501716 0.47011970281600957 -0.63415956497192383 0.28318113386631011 0.85104923248290998 0.32301175594329834 -0.52041456699371336 -0.31630180676778163 0.3311547746260961 -0.9751054763793946 -0.7694039583206177 0.035449713468551636 0.23183529376983644 -0.37031526565551759 0.13072446584701539 0.68131160736083984 0.36165304183959956 0.37207269668579102 -0.26833505332469942 1.6333177566528319 0.26492162942886355 -0.11910395622253418 1.0218646049499511 -0.19215555191040037 -0.3060313403606415 0.30574972033500675 -0.041786226855383982
leaf_weight=144 48 24 24 24 60 24 24 12 12 24 36 72 11.999999999999998 24 11.999999999999998 11.999999999999998 11.999999999999998 11.999999999999998 11.999999999999998 12 11.999999999999998 24 12 24 24 12 12 24 48 900
leaf_count=144 48 24 24 24 60 24 24 12 12 24 36 72 12 24 12 12 12 12 12 12 12 24 12 24 24 12 12 24 48 900
internal_value=2.29381e-09 0.292607 -0.0266007 0.514614 0.0317068 0.10736 -0.156694 -0.00612004 -0.169261 0.0789241 -0.417445 0.10264 -0.011617 0.202141 0.839939 -0.435658 -0.225375 0.283397 0.0499933 -0.217833 -0.144208 -0.503925 1.24218 0.053176 -0.376632 0.672438 0.0847487 -0.160446 0.181604 -0.0567597
internal_weight=1728 144 1584 48 540 180 72 360 144 72 72 216 144 72 36 36 72 108 48 48 48 36 24 36 48 24 24 36 96 1044
internal_count=1728 144 1584 48 540 180 72 360 144 72 72 216 144 72 36 36 72 108 48 48 48 36 24 36 48 24 24 36 96 1044
is_linear=0
shrinkage=0.05


Tree=219
num_leaves=31
num_cat=0
split_feature=0 6 1 4 6 4 4 4 6 0 0 3 2 6 0 0 6 3 4 0 2 3 0 3 0 0 0 0 0 2
split_gain=4855.44 1281.07 1005.55 688.752 557.867 3020.48 2514.6 2305.91 3201.99 4577.96 3881.04 2035.91 2375.27 10573.2 4205.52 2895.16 2016.73 1730.78 1735.43 1586.48 1539.57 1452.28 1325.47 1165.38 1149.2 1057.86 1007.49 664.321 642.72 543.233
threshold=684755.53550000011 0.25000000000000006 15858.327500000001 84.478000000000009 0.25000000000000006 101.94350000000001 133.21950000000004 64.634000000000015 0.15000000000000005 145818.27200000003 145818.27200000003 105.34800000000001 81.107000000000014 0.15000000000000005 240407.42100000003 240407.42100000003 0.15000000000000005 83.933000000000007 64.634000000000015 256199.82050000003 113.36550000000001 43.144500000000008 153655.73400000003 43.144500000000008 240407.42100000003 137286.37700000001 573241.87500000012 573241.87500000012 137286.37700000001 22.312000000000005
decision_type=2 2 2 2 2 2 2 2 2 2 2 2 2 2 2 2 2 2 2 2 2 2 2 2 2 2 2 2 2 2
left_child=2 -2 29 -3 7 17 24 8 10 25 -4 12 13 14 22 -15 21 -6 26 -11 -12 -14 -9 -18 -7 -10 28 -21 -19 -1
right_child=1 3 4 -5 5 6 -8 11 9 19 20 -13 16 15 -16 -17 23 18 -20 27 -22 -23 -24 -25 -26 -27 -28 -29 -30 -31
leaf_value=-0.1864411493142446 0.17252365536987782 0.29948327541351322 -0.91572318077087411 0.67828395366668703 0.55229709943135574 -0.60245158672332766 0.26902207732200623 0.80849676132202131 0.30686116218566895 -0.49439383745193483 -0.30048670967419944 0.31459703942139949 -0.029611977934837344 -0.73093376159667978 0.033677229285240175 0.22024352550506593 -0.35179948806762695 0.45192723274230961 -0.42120690345764161 0.34357039928436278 0.35346906185150151 -0.70328741073608403 1.5516518592834472 0.25167554616928101 -0.11314876079559327 0.97077140808105455 0.64724602699279787 -0.18254777193069457 0.02939523458480835 -0.044105459719037815
leaf_weight=72 96 24 24 24 36 24 24 12 12 24 36 72 11.999999999999998 24 11.999999999999998 11.999999999999998 11.999999999999998 11.999999999999998 11.999999999999998 12 11.999999999999998 24 12 24 24 12 11.999999999999998 12 36 972
leaf_count=72 96 24 24 24 36 24 24 12 12 24 36 72 12 24 12 12 12 12 12 12 12 24 12 24 24 12 12 12 36 972
internal_value=2.59391e-09 0.277977 -0.0252706 0.488884 0.0301215 0.101992 -0.148859 -0.00581403 -0.160797 0.0749779 -0.396573 0.0975083 -0.0110361 0.192034 0.797942 -0.413875 -0.214106 0.269227 0.127692 -0.206941 -0.136998 -0.478729 1.18007 0.0505172 -0.3578 0.638816 0.237472 0.0805113 0.135028 -0.0539217
internal_weight=1728 144 1584 48 540 180 72 360 144 72 72 216 144 72 36 36 72 108 72 48 48 36 24 36 48 24 60 24 48 1044
internal_count=1728 144 1584 48 540 180 72 360 144 72 72 216 144 72 36 36 72 108 72 48 48 36 24 36 48 24 60 24 48 1044
is_linear=0
shrinkage=0.05


Tree=220
num_leaves=31
num_cat=0
split_feature=0 6 1 1 6 0 3 3 4 2 6 0 0 6 3 0 2 0 3 0 0 3 0 4 1 4 4 4 6 0
split_gain=4382.04 1207.64 942.476 1560.46 1721.31 3535.28 2944.1 2653.25 2775.55 1930.14 10987.9 10187.5 6053.22 2409.02 20109.9 12675.9 10655.1 9934.47 7263.27 7564.78 6380.06 4944.33 3470.6 3386.13 1980.31 1839.87 1806.57 1705.37 1630.52 4173.08
threshold=684755.53550000011 0.15000000000000005 9241.5975000000017 10279.872000000001 0.25000000000000006 37405.976000000002 95.222000000000023 108.92850000000001 37.504500000000007 31.426500000000004 0.15000000000000005 68725.196500000005 55159.639500000012 0.15000000000000005 76.597500000000011 47382.240000000013 40.431500000000007 80810.85000000002 68.52800000000002 90630.424000000014 93897.382000000027 78.673500000000004 208019.18150000004 140.45600000000005 15904.846000000003 137.47000000000003 64.634000000000015 140.45600000000005 0.15000000000000005 164842.97150000001
decision_type=2 2 2 2 2 2 2 2 2 2 2 2 2 2 2 2 2 2 2 2 2 2 2 2 2 2 2 2 2 2
left_child=2 -2 -1 -4 6 -6 9 8 -7 10 11 -5 -12 14 16 -15 -11 -17 19 -18 -19 -16 24 -21 -22 -10 28 -27 -8 -30
right_child=1 -3 3 4 5 7 26 -9 25 13 12 -13 -14 15 21 17 18 20 -20 23 22 -23 -24 -25 -26 27 -28 -29 29 -31
leaf_value=-0.075027817394584417 0.059305025637149816 0.36646467745304112 0.18473472330305313 0.84173824787139895 -0.75947961807250985 0.91587753295898444 -0.31495800018310549 -0.28510123292605083 0.20589826405048373 -1.2561865806579591 -1.9052764892578127 -0.94252185821533208 -0.52991017103195193 1.1119857788085938 -1.8716201782226562 -1.5045358657836916 1.3436424255371096 0.56929702758789069 1.4740692138671876 -0.19919846653938295 -0.10101037696003914 -0.73690217733383179 0.11759147047996521 0.50351810455322266 -0.68735837936401367 -0.65640044212341309 0.25430347770452499 0.031868635945849953 0.92223281860351569 -0.2197338342666626
leaf_weight=576 48 96 108 24 11.999999999999998 11.999999999999998 36 36 192 11.999999999999998 11.999999999999998 11.999999999999998 24 24 11.999999999999998 11.999999999999998 11.999999999999998 36 11.999999999999998 60 24 48 48 24 36 11.999999999999998 96 36 11.999999999999998 24
leaf_count=576 48 96 108 24 12 12 36 36 192 12 12 12 24 24 12 12 12 36 12 60 24 48 48 24 36 12 96 36 12 24
internal_value=2.03511e-09 0.264078 -0.0240071 0.0051476 -0.0164029 0.0813869 -0.0652977 0.116423 0.173784 -0.134367 -0.37069 0.246985 -0.988366 -0.0871021 -0.216444 0.0422398 0.157257 -0.122337 0.314306 0.169336 -0.00715324 -0.963846 -0.199303 0.0015777 -0.452819 0.136679 0.112308 -0.140199 -0.0770181 0.160922
internal_weight=1728 144 1584 1008 900 300 600 288 252 432 72 36 36 360 180 180 120 156 108 96 144 60 108 84 60 240 168 48 72 36
internal_count=1728 144 1584 1008 900 300 600 288 252 432 72 36 36 360 180 180 120 156 108 96 144 60 108 84 60 240 168 48 72 36
is_linear=0
shrinkage=0.05


Tree=221
num_leaves=31
num_cat=0
split_feature=0 1 6 6 4 0 0 0 0 4 0 2 2 3 3 2 4 6 4 0 6 1 0 0 6 1 1 1 0 0
split_gain=3990.94 1003.49 994.281 703.815 2512.91 4623.35 15101.4 9058.71 3121.4 4030.02 2984.61 2690.23 3850.02 3240.74 3279.98 2441.84 1982.44 3557.14 2408.26 3168.11 11671.8 21889.6 5992.12 5401.6 14483.5 13617.6 9014 5239.13 5302.34 4188.22
threshold=840329.43250000023 31361.745000000006 0.25000000000000006 0.25000000000000006 6.4535000000000009 19740.918500000003 12036.576500000001 22666.579000000002 37405.976000000002 20.410000000000004 3923.9490000000001 74.89200000000001 99.851500000000016 67.669000000000025 64.121000000000009 27.516500000000004 6.4535000000000009 0.15000000000000005 8.3360000000000021 12036.576500000001 0.15000000000000005 2158.8095000000008 4747.4170000000004 19740.918500000003 0.15000000000000005 4540.7175000000016 4540.7175000000016 2158.8095000000008 4747.4170000000004 22666.579000000002
decision_type=2 2 2 2 2 2 2 2 2 2 2 2 2 2 2 2 2 2 2 2 2 2 2 2 2 2 2 2 2 2
left_child=1 3 -2 16 -5 6 10 -7 9 -9 -6 13 -13 14 15 -10 17 -1 -18 20 27 22 -22 24 25 -21 -26 28 -20 -25
right_child=2 -3 -4 4 5 7 -8 8 11 -11 -12 12 -14 -15 -16 -17 18 -19 19 23 21 -23 -24 29 26 -27 -28 -29 -30 -31
leaf_value=-1.1173671722412108 0.18701919515927634 0.080709166328112286 0.50884364446004227 0.72922153472900397 -0.25823473930358887 1.429104518890381 -1.1216860135396323 0.26768914088606838 0.45042204856872559 -0.52584173083305363 0.46159983476003008 0.5673588180541993 -0.086690358320871991 -0.30569749832153326 0.66716477870941171 -0.13193939361307358 0.44594298601150517 0.10006582736968993 -0.66340713500976556 2.4685749053955082 0.49611396789550777 -0.84933059215545659 2.0762144088745114 -0.71945955902338032 -1.4438956260681153 0.40568894147872925 0.23445962220430375 -0.36185243129730227 -2.149781227111816 -0.047658781296220323
leaf_weight=12 72 216 36 11.999999999999998 24 11.999999999999998 36 24 24 48 36 60 36 60 24 72 24 12 12 11.999999999999998 12 24 12 24 11.999999999999998 24 24 24 12 696
leaf_count=12 72 216 36 12 24 12 36 24 24 48 36 60 36 60 24 72 24 12 12 12 12 24 12 24 12 24 24 24 12 696
internal_value=-8.31292e-10 -0.0196196 0.294294 -0.0350548 0.0150098 -0.00378525 -0.312091 0.0784296 0.0318546 -0.261331 0.173666 0.108338 0.32209 -0.00566335 0.144354 0.013651 -0.0600871 -0.508651 -0.0482828 -0.0616402 -0.332903 0.218417 1.28616 -0.0287599 0.384163 1.09332 -0.324992 -0.884223 -1.40659 -0.0700521
internal_weight=1728 1620 108 1404 468 456 96 360 348 72 60 276 96 180 120 96 936 24 912 888 96 48 24 792 72 36 36 48 24 720
internal_count=1728 1620 108 1404 468 456 96 360 348 72 60 276 96 180 120 96 936 24 912 888 96 48 24 792 72 36 36 48 24 720
is_linear=0
shrinkage=0.05


Tree=222
num_leaves=31
num_cat=0
split_feature=0 1 6 6 4 0 0 0 0 4 0 4 3 2 4 4 0 3 4 6 4 0 6 1 0 0 6 1 1 1
split_gain=3601.82 905.649 897.339 635.193 2267.9 4172.57 13629 8175.48 2817.06 3637.1 2693.61 2468.26 2716.36 2110.2 2101.04 4209.75 1821.49 2709.54 1789.15 3210.32 2173.46 2859.22 10533.8 19755.4 5407.89 4874.94 13071.4 12289.9 8135.14 4728.31
threshold=840329.43250000023 31361.745000000006 0.25000000000000006 0.25000000000000006 6.4535000000000009 19740.918500000003 12036.576500000001 22666.579000000002 37405.976000000002 20.410000000000004 3923.9490000000001 99.099000000000018 27.516500000000004 106.31000000000002 33.389500000000005 38.12850000000001 208019.18150000004 50.303500000000007 6.4535000000000009 0.15000000000000005 8.3360000000000021 12036.576500000001 0.15000000000000005 2158.8095000000008 4747.4170000000004 19740.918500000003 0.15000000000000005 4540.7175000000016 4540.7175000000016 2158.8095000000008
decision_type=2 2 2 2 2 2 2 2 2 2 2 2 2 2 2 2 2 2 2 2 2 2 2 2 2 2 2 2 2 2
left_child=1 3 -2 18 -5 6 10 -7 9 -9 -6 13 -13 14 -10 -16 17 -14 19 -1 -20 22 29 24 -24 26 27 -23 -28 -22
right_child=2 -3 -4 4 5 7 -8 8 11 -11 -12 12 16 -15 15 -17 -18 -19 20 -21 21 25 23 -25 -26 -27 28 -29 -30 -31
leaf_value=-1.0614988327026367 0.17766823371251425 0.076673703226778245 0.48340144952138264 0.69276046752929688 -0.24532300233840942 1.3576493263244629 -1.0656016667683921 0.25430469363927843 0.75011110305786133 -0.49954964518547063 0.43851985931396487 0.42790094017982483 -0.027014220158259074 -0.18191280364990237 -0.6489458560943604 0.35221465655735562 0.42061166763305669 -0.57570384343465164 0.42364583015441898 0.095062530040740958 -1.3362644910812378 2.3451459884643557 0.47130827903747552 -0.80686405897140512 1.9724037170410154 -0.066549535803496845 -1.3717008590698243 0.3854045152664185 0.22273663431406021 -0.3437597990036011
leaf_weight=12 72 216 36 11.999999999999998 24 11.999999999999998 36 24 24 48 36 24 60 24 11.999999999999998 84 11.999999999999998 36 24 12 24 11.999999999999998 12 24 12 720 11.999999999999998 24 24 24
leaf_count=12 72 216 36 12 24 12 36 24 24 48 36 24 60 24 12 84 12 36 24 12 24 12 12 24 12 720 12 24 24 24
internal_value=-1.57118e-09 -0.0186386 0.279579 -0.0333021 0.0142593 -0.00359597 -0.296486 0.0745081 0.0302619 -0.248265 0.164983 0.102921 -0.0532517 0.246079 0.331678 0.22707 -0.160175 -0.232773 -0.0570827 -0.483218 -0.0458687 -0.0585582 -0.316258 0.207496 1.22186 -0.0273219 0.364955 1.03865 -0.308743 -0.840012
internal_weight=1728 1620 108 1404 468 456 96 360 348 72 60 276 132 144 120 96 108 96 936 24 912 888 96 48 24 792 72 36 36 48
internal_count=1728 1620 108 1404 468 456 96 360 348 72 60 276 132 144 120 96 108 96 936 24 912 888 96 48 24 792 72 36 36 48
is_linear=0
shrinkage=0.05


Tree=223
num_leaves=31
num_cat=0
split_feature=0 1 6 0 6 4 4 6 3 1 2 0 3 1 1 3 2 6 0 3 4 6 3 1 0 0 6 0 4 2
split_gain=3250.65 847.81 840.782 623.587 517.365 58506.6 31397.8 14762.2 12962.8 17585.9 16723.1 13079.2 8718.46 14878.6 8531.68 12075.4 11711.9 9275.73 7972.73 6849.37 15245.3 6704.68 10424.9 17646.1 15978.3 6168.99 5946.73 8223.98 11457.8 5952.51
threshold=840329.43250000023 15904.846000000003 0.15000000000000005 1048200.1775000001 0.15000000000000005 149.54050000000004 149.54050000000004 0.25000000000000006 62.127500000000005 2158.8095000000008 31.205000000000002 68725.196500000005 72.187000000000026 10279.872000000001 2158.8095000000008 52.614000000000004 31.205000000000002 0.25000000000000006 68725.196500000005 42.413500000000006 39.486500000000014 0.25000000000000006 72.187000000000026 10279.872000000001 37306.64650000001 4747.4170000000004 0.25000000000000006 7391.9660000000013 49.236500000000007 43.663000000000004
decision_type=2 2 2 2 2 2 2 2 2 2 2 2 2 2 2 2 2 2 2 2 2 2 2 2 2 2 2 2 2 2
left_child=1 4 3 -2 5 8 14 -8 9 -1 -10 19 -12 -14 25 18 17 -17 26 20 -11 22 24 -24 -18 -6 27 -16 -29 -28
right_child=2 -3 -4 -5 6 -7 7 -9 10 11 12 -13 13 -15 15 16 21 -19 -20 -21 -22 -23 23 -25 -26 -27 29 28 -30 -31
leaf_value=-1.2694512367248536 -0.22598869800567628 0.033446968115038347 0.36424754063288373 0.21545327305793763 0.1188705086708069 3.3403503417968752 -3.0369478225708004 -0.55684561729431148 1.1395321846008302 1.7550297737121583 -1.3302415847778322 -0.45881258010864256 0.53815432190895085 -1.0690433025360109 0.2143786132335663 -1.8043022155761717 0.24506246248881022 0.16162979602813721 0.13456581900517148 -0.067828384041786191 0.29989890437573197 0.080335288156162615 -0.95264940261840825 0.7976524829864502 1.7347627639770509 1.2525402307510376 -0.40322373708089193 -1.3666717052459718 -0.27418968267738819 0.31560214161872868
leaf_weight=24 11.999999999999998 540 72 24 24 11.999999999999998 12 12 11.999999999999998 24 48 60 24 36 24 12 36 12 120 48 72 132 24 36 36 24 72 48 48 48
leaf_count=24 12 540 72 24 24 12 12 12 12 24 48 60 24 36 24 12 36 12 120 48 72 132 24 36 36 24 72 48 48 48
internal_value=-1.63068e-09 -0.0177067 0.2656 0.0683059 -0.0432835 -0.0922244 -0.0188131 -1.7969 -0.210589 0.0107986 -0.631226 0.161416 -0.827976 -0.426164 0.0425001 -0.0051447 0.236173 -0.821336 -0.198199 0.419845 0.663682 0.33231 0.584285 0.0975317 0.989913 0.685705 -0.364581 -0.613469 -0.820431 -0.115693
internal_weight=1728 1620 108 36 1080 360 720 24 348 228 120 204 108 60 696 648 288 24 360 144 96 264 132 60 72 48 240 120 96 120
internal_count=1728 1620 108 36 1080 360 720 24 348 228 120 204 108 60 696 648 288 24 360 144 96 264 132 60 72 48 240 120 96 120
is_linear=0
shrinkage=0.05


Tree=224
num_leaves=31
num_cat=0
split_feature=0 0 6 4 0 4 2 4 3 2 1 3 0 2 1 4 4 0 0 4 6 4 0 6 1 0 0 6 1 1
split_gain=2983.6 985.03 585.363 2329.3 6050.25 5195.78 3040.7 2550.19 2399.89 2290.5 2565.5 2269.62 2102.19 2012.03 1715.78 1549.37 4035.91 1835.9 1680.44 1439.77 2496.8 1894.53 2389.22 8913.07 16681 4500.33 4216.63 10780.6 10136.7 6701.21
threshold=507657.76500000007 1182183.7235000001 0.25000000000000006 82.975500000000011 37405.976000000002 38.12850000000001 71.424500000000009 6.4535000000000009 48.804500000000012 36.14800000000001 12794.753500000003 33.753000000000007 164842.97150000001 81.107000000000014 11548.453500000001 14.624000000000001 17.934000000000005 33295.90400000001 31159.647000000004 6.4535000000000009 0.15000000000000005 8.3360000000000021 12036.576500000001 0.15000000000000005 2158.8095000000008 4747.4170000000004 19740.918500000003 0.15000000000000005 4540.7175000000016 4540.7175000000016
decision_type=2 2 2 2 2 2 2 2 2 2 2 2 2 2 2 2 2 2 2 2 2 2 2 2 2 2 2 2 2 2
left_child=2 -2 19 5 -5 7 11 -4 14 -9 15 -7 -12 -10 -6 18 -17 -18 -11 20 -1 -21 23 -23 25 -25 27 28 -24 -29
right_child=1 -3 3 4 8 6 -8 9 13 10 12 -13 -14 -15 -16 16 17 -19 -20 21 -22 22 26 24 -26 -27 -28 29 -30 -31
leaf_value=-0.94191179275512682 0.11864830139610504 0.40114725033442183 0.65410566329956055 -0.8612085819244385 -0.37706913948059084 1.2739867210388185 0.14456430435180664 0.56866993904113772 -0.30140190256966487 -0.16499276955922446 0.80019340515136705 0.47997759977976484 -0.13570953607559202 0.3979087352752686 0.26870958457390465 -0.90362272262573251 0.40963540077209476 -0.26784167766571043 0.51822762489318852 0.39879978895187379 0.078056281805038444 -0.76917611956596377 2.1401372909545899 0.44179930686950675 -0.7377135157585144 1.8111564636230466 -0.058391497400589291 -1.2347822189331055 0.36033251285552981 0.21232798099517824
leaf_weight=12 216 36 11.999999999999998 24 11.999999999999998 11.999999999999998 60 11.999999999999998 72 36 12 36 12 11.999999999999998 72 24 11.999999999999998 60 11.999999999999998 24 12 48 11.999999999999998 12 24 12 768 11.999999999999998 24 24
leaf_count=12 216 36 12 24 12 12 60 12 72 36 12 36 12 12 72 24 12 60 12 24 12 48 12 12 24 12 768 12 24 24
internal_value=-2.42489e-09 0.159005 -0.0271472 0.0173829 -0.118608 0.104417 0.38186 -0.0516444 -0.0125225 -0.0986944 -0.146363 0.67848 0.332242 -0.2015 0.176455 -0.226131 -0.342102 -0.154929 0.00581233 -0.0494123 -0.431928 -0.0398494 -0.0510969 -0.287397 0.194382 1.12648 -0.0240911 0.341779 0.953601 -0.270042
internal_weight=1728 252 1476 492 192 300 108 192 168 180 168 48 24 84 84 144 96 72 48 984 24 960 936 96 48 24 840 72 36 36
internal_count=1728 252 1476 492 192 300 108 192 168 180 168 48 24 84 84 144 96 72 48 984 24 960 936 96 48 24 840 72 36 36
is_linear=0
shrinkage=0.05


Tree=225
num_leaves=31
num_cat=0
split_feature=0 6 1 1 6 2 2 6 6 0 0 3 6 0 6 0 6 0 3 3 4 2 6 0 0 6 3 0 2 0
split_gain=2706.67 925.788 691.639 1580.47 1206.51 3328.05 2935.99 10678.4 7870.63 16067.9 13321.8 1179.04 3828.34 7563.88 2052.33 8408.8 1143.43 2628 2316.09 1958.77 1916 1654.59 9109.92 8566.05 4761.89 1897.4 17035.5 10709.5 9265.19 8033.34
threshold=684755.53550000011 0.15000000000000005 9241.5975000000017 10279.872000000001 0.25000000000000006 74.89200000000001 74.89200000000001 0.15000000000000005 0.15000000000000005 63082.982000000011 63082.982000000011 67.669000000000025 0.15000000000000005 44158.321000000004 0.25000000000000006 44158.321000000004 0.25000000000000006 37405.976000000002 95.222000000000023 108.92850000000001 37.504500000000007 31.426500000000004 0.15000000000000005 68725.196500000005 55159.639500000012 0.15000000000000005 76.597500000000011 47382.240000000013 40.431500000000007 80810.85000000002
decision_type=2 2 2 2 2 2 2 2 2 2 2 2 2 2 2 2 2 2 2 2 2 2 2 2 2 2 2 2 2 2
left_child=2 -2 11 4 6 -6 8 -8 10 -10 -4 -1 13 -13 15 -14 18 -18 21 20 -19 22 23 -5 -24 26 28 -27 -23 -29
right_child=1 -3 3 16 5 -7 7 -9 9 -11 -12 12 14 -15 -16 -17 17 19 -20 -21 -22 25 24 -25 -26 27 -28 29 -30 -31
leaf_value=-0.035536759364878802 0.028253503888845444 0.2971906542778015 -1.2874773025512694 0.77229557037353525 -0.38943535089492798 0.63037624359130862 0.9081462860107421 -1.201200008392334 2.4647718429565426 -0.12269225120544432 1.0685300827026365 0.12018606662750242 -0.60299468040466309 -1.6550937652587887 -0.3209779277443886 1.2688139915466308 -0.66086072921752936 0.76018371582031252 0.10209725318210466 -0.25066710313161217 0.11278567006190619 -1.1618066787719727 -1.7111675262451174 -0.86382513046264653 -0.49129407405853276 1.0251338481903076 -0.87562115669250495 -1.3523454666137695 0.30267963906129203 -0.0058390773832798009
leaf_weight=504 48 96 12 24 24 11.999999999999998 12 12 12 12 12 12 12 12 24 12 11.999999999999998 11.999999999999998 168 36 240 11.999999999999998 11.999999999999998 11.999999999999998 24 24 60 11.999999999999998 108 144
leaf_count=504 48 96 12 24 24 12 12 12 12 12 12 12 12 12 24 12 12 12 168 36 240 12 12 12 24 24 60 12 108 144
internal_value=-1.0125e-09 0.207545 -0.0188677 0.00610772 0.186843 -0.0494982 0.305013 -0.146527 0.530783 1.17104 -0.109474 -0.0625748 -0.251841 -0.767454 0.00596586 0.33291 -0.0155805 0.0641214 -0.0554314 0.094329 0.143614 -0.116693 -0.335498 0.226922 -0.897919 -0.0729314 -0.18772 0.0418569 0.156231 -0.109416
internal_weight=1728 144 1584 1008 108 36 72 24 48 24 24 576 72 24 48 24 900 300 600 288 252 432 72 36 36 360 180 180 120 156
internal_count=1728 144 1584 1008 108 36 72 24 48 24 24 576 72 24 48 24 900 300 600 288 252 432 72 36 36 360 180 180 120 156
is_linear=0
shrinkage=0.05


Tree=226
num_leaves=31
num_cat=0
split_feature=0 6 1 1 6 0 3 4 1 2 4 2 2 2 6 0 0 6 3 0 2 0 3 0 0 3 0 4 1 0
split_gain=2465.32 733.011 692.967 1370.19 1136.41 2412.26 2111.26 1969.45 3586.32 1661.21 1514.3 1508.05 1744.99 1493.27 8221.7 7730.86 4297.61 1712.4 15374.5 9665.36 8361.83 7250.09 6589.28 5850.79 5547.44 4236.99 3116.37 3103.56 1754.93 1384.17
threshold=840329.43250000023 0.25000000000000006 9241.5975000000017 10279.872000000001 0.25000000000000006 37405.976000000002 95.222000000000023 99.63600000000001 13134.513000000001 81.107000000000014 64.634000000000015 99.851500000000016 107.75750000000001 31.426500000000004 0.15000000000000005 68725.196500000005 55159.639500000012 0.15000000000000005 76.597500000000011 47382.240000000013 40.431500000000007 80810.85000000002 68.52800000000002 90630.424000000014 93897.382000000027 78.673500000000004 208019.18150000004 140.45600000000005 15904.846000000003 68725.196500000005
decision_type=2 2 2 2 2 2 2 2 2 2 2 2 2 2 2 2 2 2 2 2 2 2 2 2 2 2 2 2 2 2
left_child=2 -2 -1 -4 6 -6 13 11 -9 -10 -8 -7 -13 14 15 -5 -16 18 20 -19 -15 -21 23 -22 -23 -20 28 -25 -26 -18
right_child=1 -3 3 4 5 7 10 8 9 -11 -12 12 -14 17 16 -17 29 19 25 21 22 24 -24 27 26 -27 -28 -29 -30 -31
leaf_value=-0.059446008185235169 0.13919415275255839 0.4155187527338664 0.17750054730309384 0.73368082046508798 -0.62781767845153813 0.38613100449244181 -0.05200740993022919 0.39398023287455242 -0.25160263354579609 0.37237401008605958 0.22883042236790063 -0.18885719776153564 0.27164835929870607 -1.103716278076172 -1.6256092071533204 -0.82063388824462891 -0.84644575119018539 0.97387714385986335 -1.6721759796142579 -1.2847282409667971 1.182204818725586 0.53197440306345622 1.3921894073486329 -0.19028560221195223 -0.09376620575785638 -0.62175611257553109 0.11556659638881683 0.48247232437133791 -0.64574087460835772 -0.087012946605682373
leaf_weight=576 72 36 108 24 11.999999999999998 72 96 36 96 11.999999999999998 96 36 48 11.999999999999998 11.999999999999998 11.999999999999998 12 24 11.999999999999998 11.999999999999998 11.999999999999998 36 11.999999999999998 60 24 48 48 24 36 12
leaf_count=576 72 36 108 24 12 72 96 36 96 12 96 36 48 12 12 12 12 24 12 12 12 36 12 60 24 48 48 24 36 12
internal_value=1.73243e-09 0.231302 -0.0154202 0.00886997 -0.0105874 0.0673263 -0.0495443 0.0951321 -0.0382089 -0.182272 0.0884115 0.218216 0.0742888 -0.110858 -0.318723 0.215576 -0.853023 -0.0692848 -0.178334 0.039764 0.148419 -0.103946 0.287546 0.149465 -0.00554712 -0.83184 -0.184721 0.00193095 -0.424951 -0.466729
internal_weight=1728 108 1620 1044 936 312 624 300 144 108 192 156 84 432 72 36 36 360 180 180 120 156 108 96 144 60 108 84 60 24
internal_count=1728 108 1620 1044 936 312 624 300 144 108 192 156 84 432 72 36 36 360 180 180 120 156 108 96 144 60 108 84 60 24
is_linear=0
shrinkage=0.05


Tree=227
num_leaves=31
num_cat=0
split_feature=0 6 1 1 6 2 2 6 6 0 0 3 6 0 6 0 6 0 3 4 1 0 0 6 0 6 1 1 0 0
split_gain=2224.95 661.542 625.403 1236.6 1088.88 3003.57 2649.73 9637.28 7103.24 14501.3 12023 1064.09 3455.08 6826.41 1852.23 7588.94 1025.61 2177.06 1905.41 1777.43 3236.65 1622.23 1369.91 7503.38 1589.94 4601.02 23575.6 12969.7 1570.62 1491.97
threshold=840329.43250000023 0.25000000000000006 9241.5975000000017 10279.872000000001 0.25000000000000006 74.89200000000001 74.89200000000001 0.15000000000000005 0.15000000000000005 63082.982000000011 63082.982000000011 67.669000000000025 0.15000000000000005 44158.321000000004 0.25000000000000006 44158.321000000004 0.25000000000000006 37405.976000000002 95.222000000000023 99.63600000000001 13134.513000000001 93897.382000000027 37405.976000000002 0.15000000000000005 80810.85000000002 0.15000000000000005 11991.799500000003 11991.799500000003 68725.196500000005 55159.639500000012
decision_type=2 2 2 2 2 2 2 2 2 2 2 2 2 2 2 2 2 2 2 2 2 2 2 2 2 2 2 2 2 2
left_child=2 -2 11 4 6 -6 8 -8 10 -10 -4 -1 13 -13 15 -14 18 -18 22 -19 -21 -22 23 -5 25 26 29 -27 -28 -24
right_child=1 -3 3 16 5 -7 7 -9 9 -11 -12 12 14 -15 -16 -17 17 19 -20 20 21 -23 24 -25 -26 27 28 -29 -30 -31
leaf_value=-0.030787616817369346 0.13223444024721784 0.39474281469980876 -1.2319785118103026 -0.62228579521179195 -0.37883859872817993 0.58998241424560549 0.85386400222778303 -1.1500150680541992 2.3326581954956054 -0.12543267011642453 1.0062285423278807 0.11714906692504881 -0.56987261772155751 -1.5693668365478515 -0.30195674076676371 1.2083455085754393 -0.59642682075500486 0.20730519157189589 0.083990931650623685 0.37428121964136762 -0.53569221496582031 -0.069577185880570186 1.0666354656219483 1.14587926864624 -0.06319726392005881 -1.1896479924519858 -1.5885671615600585 0.31091251075267795 -0.77960219383239737 0.38381717205047611
leaf_weight=504 72 36 12 12 24 11.999999999999998 12 12 12 12 12 12 12 12 24 12 11.999999999999998 156 192 36 24 84 24 12 288 36 12 24 12 11.999999999999998
leaf_count=504 72 36 12 12 24 12 12 12 12 12 12 12 12 12 24 12 12 156 192 36 24 84 24 12 288 36 12 24 12 12
internal_value=-2.69911e-10 0.219737 -0.0146491 0.00842647 0.168626 -0.0558983 0.280887 -0.148076 0.495369 1.10361 -0.112875 -0.0564737 -0.236276 -0.726109 0.00863985 0.319236 -0.010058 0.06396 -0.047067 0.0903755 -0.0362984 -0.173158 -0.105315 0.261797 -0.12691 -0.27982 0.0297837 -0.589424 -1.18408 0.839029
internal_weight=1728 108 1620 1044 108 36 72 24 48 24 24 576 72 24 48 24 936 312 624 300 144 108 432 24 408 120 60 60 24 36
internal_count=1728 108 1620 1044 108 36 72 24 48 24 24 576 72 24 48 24 936 312 624 300 144 108 432 24 408 120 60 60 24 36
is_linear=0
shrinkage=0.05


Tree=228
num_leaves=31
num_cat=0
split_feature=0 6 0 0 6 0 0 6 2 0 1 6 6 0 0 4 0 4 1 0 6 0 0 0 0 6 0 0 0 3
split_gain=2008.02 620.46 579.76 851.459 12784.7 9705.83 7650.09 7305.28 9505.26 9796.65 6802.34 3343.81 3078.44 7805.9 6682.71 3017.95 2725.26 1538.52 1408.27 1303.43 950.724 1175.73 832.291 543.992 529.894 386.708 5688.2 3624.39 372.299 358.476
threshold=840329.43250000023 0.15000000000000005 27705.340000000004 7391.9660000000013 0.15000000000000005 4747.4170000000004 4747.4170000000004 0.15000000000000005 43.663000000000004 19563.351500000001 4852.8110000000006 0.25000000000000006 0.25000000000000006 16052.3765 19740.918500000003 14.624000000000001 22666.579000000002 17.934000000000005 2579.4600000000005 22666.579000000002 0.25000000000000006 3923.9490000000001 19740.918500000003 1048200.1775000001 3923.9490000000001 0.25000000000000006 19563.351500000001 19563.351500000001 1182183.7235000001 27.516500000000004
decision_type=2 2 2 2 2 2 2 2 2 2 2 2 2 2 2 2 2 2 2 2 2 2 2 2 2 2 2 2 2 2
left_child=2 23 3 4 5 18 20 8 9 -5 17 -8 14 -14 -12 -10 22 -9 -1 -16 21 -6 -15 -2 -22 27 -27 -19 -3 -4
right_child=1 28 29 7 6 -7 11 10 15 -11 12 -13 13 16 19 -17 -18 25 -20 -21 24 -23 -24 -25 -26 26 -28 -29 -30 -31
leaf_value=-0.44641916751861577 -0.2356057643890381 0.21309654712677004 -0.071006879055251687 2.0394189834594729 0.48966281414031987 -1.8672590255737305 1.7268871307373044 -1.0065303802490235 -0.88852767944335942 0.28971818089485168 0.27007419466972354 0.54652495384216304 -0.85799999237060554 0.62768893241882318 -1.2783298492431641 0.027070886393388113 -0.00071358960121870041 -1.2725930213928223 0.21696889400482178 -0.54137897491455067 -0.21140986680984497 -0.11648564338684082 1.2165759086608885 0.17670161724090577 0.19551992416381836 0.39544217586517333 -1.1440649032592771 -0.043706190586090085 0.45428484678268433 0.012977297085302847
leaf_weight=24 11.999999999999998 48 144 11.999999999999998 24 11.999999999999998 12 24 11.999999999999998 24 24 12 11.999999999999998 12 12 36 11.999999999999998 12 11.999999999999998 12 24 11.999999999999998 12 24 11.999999999999998 12 12 12 24 1080
leaf_count=24 12 48 144 12 24 12 12 24 12 24 24 12 12 12 12 36 12 12 12 12 24 12 12 24 12 12 12 12 24 1080
internal_value=-1.50003e-09 0.20875 -0.0139167 -0.0665039 0.0304853 -0.635782 0.363619 -0.121926 0.258791 0.872952 -0.312285 1.13671 -0.0367511 0.246388 -0.31989 -0.201829 0.614517 -0.679664 -0.22529 -0.909854 0.105923 0.287613 0.922132 0.0392658 -0.0757666 -0.51623 -0.374311 -0.65815 0.293493 0.00309681
internal_weight=1728 108 1620 396 144 48 96 252 84 36 168 24 96 48 48 48 36 72 36 24 72 36 24 36 36 48 24 24 72 1224
internal_count=1728 108 1620 396 144 48 96 252 84 36 168 24 96 48 48 48 36 72 36 24 72 36 24 36 36 48 24 24 72 1224
is_linear=0
shrinkage=0.05


Tree=229
num_leaves=31
num_cat=0
split_feature=0 6 0 0 0 6 0 0 6 2 0 1 6 6 0 0 4 0 4 1 0 6 0 0 0 0 6 0 0 0
split_gain=1836.4 677.576 538.396 442.634 768.442 11538.2 8759.51 6904.21 6593.01 8578.5 8841.47 6139.11 3017.79 2778.29 7044.83 6031.15 2723.7 2459.55 1388.52 1270.96 1176.35 858.028 1061.1 751.143 478.229 378.964 349.004 5133.6 3271.01 345.22
threshold=619852.88050000009 0.15000000000000005 1182183.7235000001 27705.340000000004 7391.9660000000013 0.15000000000000005 4747.4170000000004 4747.4170000000004 0.15000000000000005 43.663000000000004 19563.351500000001 4852.8110000000006 0.25000000000000006 0.25000000000000006 16052.3765 19740.918500000003 14.624000000000001 22666.579000000002 17.934000000000005 2579.4600000000005 22666.579000000002 0.25000000000000006 3923.9490000000001 19740.918500000003 3923.9490000000001 1048200.1775000001 0.25000000000000006 19563.351500000001 19563.351500000001 16052.3765
decision_type=2 2 2 2 2 2 2 2 2 2 2 2 2 2 2 2 2 2 2 2 2 2 2 2 2 2 2 2 2 2
left_child=3 25 -3 4 5 6 19 21 9 10 -6 18 -9 15 -15 29 -11 23 -10 -1 -17 22 -7 -16 -23 -2 28 -28 -20 -13
right_child=1 2 -4 -5 8 7 -8 12 11 16 -12 13 -14 14 17 20 -18 -19 26 -21 -22 24 -24 -25 -26 -27 27 -29 -30 -31
leaf_value=-0.42409820556640626 -0.088633710394303011 0.16679968386888505 0.43157060146331788 -0.0019007764265148179 1.9374479293823244 0.46517965793609622 -1.7738960266113282 1.6405427932739256 -0.95620386600494389 -0.84410123825073247 0.27523225843906401 0.44620270729064937 0.51919870376586907 -0.8151000022888184 0.59630446434020989 -1.2144133567810058 0.025717342396577199 -0.00067791012115776545 -1.2089633941650391 0.20612044334411622 -0.51431002616882315 -0.20083937644958497 -0.11066136360168458 1.1557471275329589 0.18574392795562744 0.16786653399467469 0.37567005157470701 -1.0868616104125974 -0.041520878672599792 0.066938275098800654
leaf_weight=24 36 96 24 1152 11.999999999999998 24 11.999999999999998 12 24 11.999999999999998 24 12 12 11.999999999999998 12 12 36 11.999999999999998 12 11.999999999999998 12 24 11.999999999999998 12 11.999999999999998 24 12 12 12 12
leaf_count=24 36 96 24 1152 12 24 12 12 24 12 24 12 12 12 12 12 36 12 12 12 12 24 12 12 12 24 12 12 12 12
internal_value=-2.40193e-09 0.151158 0.219754 -0.0175765 -0.0631787 0.0289611 -0.603993 0.345438 -0.11583 0.245852 0.829304 -0.296671 1.07987 -0.0349136 0.234068 -0.303896 -0.191737 0.583791 -0.645681 -0.214025 -0.864362 0.100627 0.273233 0.876026 -0.0719783 0.0139664 -0.490419 -0.355596 -0.625242 0.25657
internal_weight=1728 180 120 1548 396 144 48 96 252 84 36 168 24 96 48 48 48 36 72 36 24 72 36 24 36 60 48 24 24 24
internal_count=1728 180 120 1548 396 144 48 96 252 84 36 168 24 96 48 48 48 36 72 36 24 72 36 24 36 60 48 24 24 24
is_linear=0
shrinkage=0.05


Tree=230
num_leaves=31
num_cat=0
split_feature=0 0 6 4 0 4 2 3 4 2 3 3 3 3 2 3 1 2 4 6 4 0 6 1 0 0 6 1 1 1
split_gain=1671.2 631.55 384.82 1943.54 4605.96 3862.9 2542.52 1883.65 1878.78 1687.94 1961.5 4281.63 2379.91 3736.98 1632.81 1550.55 1294.45 1083.74 1076.66 1797.76 1427.78 1774.58 6591.04 12214.5 3343.23 3233.23 8146.33 7271.36 5087.11 2929.74
threshold=507657.76500000007 1182183.7235000001 0.25000000000000006 82.975500000000011 37405.976000000002 38.12850000000001 71.424500000000009 48.804500000000012 6.4535000000000009 36.14800000000001 72.187000000000026 78.015500000000017 57.764500000000005 43.781500000000008 81.107000000000014 33.753000000000007 11548.453500000001 42.413500000000006 6.4535000000000009 0.15000000000000005 8.3360000000000021 12036.576500000001 0.15000000000000005 2158.8095000000008 4747.4170000000004 19740.918500000003 0.15000000000000005 4540.7175000000016 4540.7175000000016 2158.8095000000008
decision_type=2 2 2 2 2 2 2 2 2 2 2 2 2 2 2 2 2 2 2 2 2 2 2 2 2 2 2 2 2 2
left_child=2 -2 18 5 -5 8 15 16 -4 -10 12 -12 13 17 -9 -7 -6 -11 19 -1 -20 22 29 24 -24 26 27 -23 -28 -22
right_child=1 -3 3 4 7 6 -8 14 9 10 11 -13 -14 -15 -16 -17 -18 -19 20 -21 21 25 23 -25 -26 -27 28 -29 -30 -31
leaf_value=-0.80189619064331041 0.086687572217649889 0.31288934548695885 0.56648926734924321 -0.7563633918762207 -0.32923083305358891 1.0979598045349122 0.11752564191818238 -0.27329035732481216 0.49323878288269046 -0.74816946983337407 0.62593917846679692 -0.2362318470453223 -0.5798577229181926 0.42746874094009402 0.35668034553527833 0.44167709350585938 0.23168189426263175 -0.19949876070022585 0.35070002675056461 0.063591361045837388 -1.0484395265579225 1.8405755996704103 0.37825574874877926 -0.62682175636291504 1.5585156440734862 -0.046625790162943305 -1.0686179161071778 0.33316093683242798 0.19222385436296463 -0.2671830177307129
leaf_weight=12 216 36 11.999999999999998 24 11.999999999999998 11.999999999999998 60 72 11.999999999999998 11.999999999999998 24 36 36 24 11.999999999999998 36 72 36 24 12 24 11.999999999999998 12 24 12 768 11.999999999999998 24 24 24
leaf_count=12 216 36 12 24 12 12 60 72 12 12 24 36 36 24 12 36 72 36 24 12 24 12 12 24 12 768 12 24 24 24
internal_value=-1.94759e-09 0.119002 -0.0203174 0.0157878 -0.108433 0.0952891 0.334513 -0.0158715 -0.0392744 -0.0796587 -0.12058 0.108637 -0.247922 -0.0819547 -0.183295 0.605748 0.151552 -0.336666 -0.0383701 -0.369152 -0.0301005 -0.0398646 -0.243515 0.170782 0.968386 -0.0165903 0.303788 0.835632 -0.228057 -0.657811
internal_weight=1728 252 1476 492 192 300 108 168 192 180 168 60 108 72 84 48 84 48 984 24 960 936 96 48 24 840 72 36 36 48
internal_count=1728 252 1476 492 192 300 108 168 192 180 168 60 108 72 84 48 84 48 984 24 960 936 96 48 24 840 72 36 36 48
is_linear=0
shrinkage=0.05


Tree=231
num_leaves=31
num_cat=0
split_feature=0 6 0 0 0 6 0 6 2 0 0 1 6 6 0 0 4 0 0 4 1 6 0 0 0 1 2 0 6 6
split_gain=1508.59 611.512 443.188 412.566 680.486 9534.46 7522.48 5604.21 7036.85 7144.81 5578.14 5021.97 2458.01 2424 5862.81 5354.26 2223.56 1944.11 1061.65 1058.17 961.963 769.698 791.969 611.811 359.539 351.77 995.067 1061.99 10272.5 6889.33
threshold=619852.88050000009 0.15000000000000005 1182183.7235000001 27705.340000000004 7391.9660000000013 0.15000000000000005 4747.4170000000004 0.15000000000000005 43.663000000000004 19563.351500000001 4747.4170000000004 4852.8110000000006 0.25000000000000006 0.25000000000000006 16052.3765 19740.918500000003 14.624000000000001 22666.579000000002 22666.579000000002 17.934000000000005 2579.4600000000005 0.25000000000000006 3923.9490000000001 19740.918500000003 3923.9490000000001 10279.872000000001 67.669000000000025 44158.321000000004 0.15000000000000005 0.25000000000000006
decision_type=2 2 2 2 2 2 2 2 2 2 2 2 2 2 2 2 2 2 2 2 2 2 2 2 2 2 2 2 2 2
left_child=3 -2 -3 4 5 6 20 8 9 -6 21 19 -12 15 -15 -13 -10 23 -17 -9 -1 22 -7 -16 -23 26 -5 -28 -29 -30
right_child=1 2 -4 25 7 10 -8 11 16 -11 12 13 -14 14 17 18 -18 -19 -20 -21 -22 24 -24 -25 -26 -27 27 28 29 -31
leaf_value=-0.37000272274017337 0.0066716697812080382 0.15412532389163972 0.39434760808944702 0.11904956102371217 1.7485467910766603 0.42369678020477297 -1.6327793121337892 -0.86297397613525395 -0.76180138587951662 0.25430727899074557 1.4805898666381836 0.23734658062458039 0.46857681274414054 -0.7453520774841309 0.53816475868225089 -1.1513613700866698 0.024108940362930299 0.011167577654123307 -0.48626327514648432 -0.45635434985160828 0.1782794237136841 -0.18082246780395508 -0.07378720045089722 1.0430618286132811 0.15437288284301759 -0.01674861067009193 0.037942180534203847 -1.4891210556030274 1.1497056961059569 -0.5445651531219482
leaf_weight=24 60 96 24 180 11.999999999999998 24 11.999999999999998 24 11.999999999999998 24 12 24 12 11.999999999999998 12 12 36 11.999999999999998 12 48 11.999999999999998 24 11.999999999999998 12 11.999999999999998 864 72 11.999999999999998 12 12
leaf_count=24 60 96 24 180 12 24 12 24 12 24 12 24 12 12 12 12 36 12 12 48 12 24 12 12 12 864 72 12 12 12
internal_value=-9.53743e-10 0.137004 0.20217 -0.0159307 -0.0599567 0.0267496 -0.548626 -0.109503 0.223955 0.752387 0.314438 -0.276232 0.974583 -0.0394862 0.211761 -0.290733 -0.172369 0.530798 -0.818812 -0.591894 -0.187242 0.0943891 0.257869 0.790613 -0.0690907 -0.000796708 0.047059 -0.0729253 -0.29466 0.30257
internal_weight=1728 180 120 1548 396 144 48 252 84 36 96 168 24 96 48 48 48 36 24 72 36 72 36 24 36 1152 288 108 36 24
internal_count=1728 180 120 1548 396 144 48 252 84 36 96 168 24 96 48 48 48 36 24 72 36 72 36 24 36 1152 288 108 36 24
is_linear=0
shrinkage=0.05


Tree=232
num_leaves=31
num_cat=0
split_feature=0 0 6 4 0 4 2 3 4 2 2 3 3 3 3 1 3 2 2 6 0 3 2 2 6 2 2 6 2 2
split_gain=1386.64 517.978 353.693 1746.51 4061.93 3244.97 2133.91 1689.64 1510.28 1473.61 1354.58 1614.31 3855.67 2090.51 3307.11 1198.2 1192.71 1020.65 1303.97 2855.75 3719.38 3720.52 3647.42 2359.24 45847.2 25182.7 19955.8 8833.07 17559.4 16991.4
threshold=507657.76500000007 1182183.7235000001 0.25000000000000006 82.975500000000011 37405.976000000002 38.12850000000001 71.424500000000009 48.804500000000012 6.4535000000000009 81.107000000000014 36.14800000000001 72.187000000000026 78.015500000000017 57.764500000000005 43.781500000000008 11548.453500000001 33.753000000000007 7.3575000000000008 27.516500000000004 0.15000000000000005 68725.196500000005 85.117000000000004 25.045500000000004 31.205000000000002 0.15000000000000005 30.574000000000002 30.574000000000002 0.15000000000000005 36.14800000000001 36.14800000000001
decision_type=2 2 2 2 2 2 2 2 2 2 2 2 2 2 2 2 2 2 2 2 2 2 2 2 2 2 2 2 2 2
left_child=2 -2 17 5 -5 8 16 15 -4 -9 -10 13 -13 14 -12 -6 -7 -1 19 22 21 -21 -19 24 26 -26 -20 29 -29 -25
right_child=1 -3 3 4 7 6 -8 9 10 -11 11 12 -14 -15 -16 -17 -18 18 23 20 -22 -23 -24 27 25 -27 -28 28 -30 -31
leaf_value=0.28624918460845949 0.079133202715052503 0.28398876190185546 0.51125655174255369 -0.71011257171630859 -0.31872177124023438 0.99090871810913095 0.11193987846374512 -0.25878841007749237 0.44514799118041992 0.33968377113342285 -0.30431602299213412 0.59411234855651862 -0.22404808153708777 -0.53135037422180176 0.41452791690826418 0.22093522548675537 0.41531533002853394 0.24079391295090319 0.68113293647766116 -0.40396242737770083 0.040184697508811956 -1.4822314262390137 -0.73380799293518073 -1.2511529922485352 -0.074787181615829465 -2.8800672531127933 3.1783660888671879 1.1732997894287109 0.013323409624140839 -0.11009138062082489
leaf_weight=24 216 36 11.999999999999998 24 11.999999999999998 11.999999999999998 60 72 11.999999999999998 11.999999999999998 48 24 36 36 24 72 36 48 24 24 24 11.999999999999998 11.999999999999998 36 24 11.999999999999998 11.999999999999998 36 348 348
leaf_count=24 216 36 12 24 12 12 60 72 12 12 48 24 36 36 24 72 36 48 24 24 24 12 12 36 24 12 12 36 348 348
internal_value=8.25255e-10 0.108398 -0.018507 0.0161073 -0.101649 0.0914712 0.310728 -0.0147255 -0.0318609 -0.173292 -0.0680687 -0.104727 0.103216 -0.220251 -0.0647014 0.143841 0.559214 -0.0358142 -0.0438657 -0.198042 -0.441957 -0.763385 0.0458735 -0.0218406 0.251832 -1.00988 1.51354 -0.0474974 0.122071 -0.217066
internal_weight=1728 252 1476 492 192 300 108 168 192 84 180 168 60 108 72 84 48 984 960 120 60 36 60 840 72 36 36 768 384 384
internal_count=1728 252 1476 492 192 300 108 168 192 84 180 168 60 108 72 84 48 984 960 120 60 36 60 840 72 36 36 768 384 384
is_linear=0
shrinkage=0.05


Tree=233
num_leaves=31
num_cat=0
split_feature=0 6 0 0 6 0 6 2 0 0 1 6 0 0 6 1 0 0 4 1 6 0 0 6 0 0 4 0 3 6
split_gain=1255.21 521.272 442.467 625.313 8150.69 6181.35 5066.23 6161.53 6629.15 4504.54 4354.46 2108.93 4881.59 4832.22 2053.52 2006.76 1531.11 958.142 941.149 897.66 708.437 653.037 498.323 322.921 3895.27 2760.74 317.752 300.537 299.78 2715.91
threshold=840329.43250000023 0.25000000000000006 27705.340000000004 7391.9660000000013 0.15000000000000005 4747.4170000000004 0.15000000000000005 43.663000000000004 19563.351500000001 4747.4170000000004 4852.8110000000006 0.25000000000000006 16052.3765 19740.918500000003 0.25000000000000006 7848.9580000000014 22666.579000000002 22666.579000000002 17.934000000000005 2579.4600000000005 0.25000000000000006 3923.9490000000001 19740.918500000003 0.25000000000000006 19563.351500000001 19563.351500000001 84.478000000000009 16052.3765 27.516500000000004 0.15000000000000005
decision_type=2 2 2 2 2 2 2 2 2 2 2 2 2 2 2 2 2 2 2 2 2 2 2 2 2 2 2 2 2 2
left_child=2 -2 3 4 5 19 7 8 -5 20 18 13 -13 27 -11 -9 22 -15 -8 -1 21 -6 -14 25 -25 -20 -3 -12 29 -4
right_child=1 26 28 6 9 -7 10 15 -10 14 11 12 16 17 -16 -17 -18 -19 23 -21 -22 -23 -24 24 -26 -27 -28 -29 -30 -31
leaf_value=-0.35477015972137455 0.087371075153350838 0.11031608581542969 0.24318113327026369 1.6666240692138672 0.40184576511383058 -1.4885827064514161 -0.81255044937133791 0.028408062458038331 0.22731586992740632 1.3478954315185545 0.40174784660339347 -0.68151693344116215 0.48569369316101069 -1.0944594383239745 0.42289061546325679 -0.71820678710937502 0.021811603009700777 -0.46261625289916986 -1.0950225830078124 0.17487002611160279 -0.062414205074310308 -0.049899721145629884 0.94136323928832999 0.33760442733764645 -0.93637704849243153 -0.022498951852321623 0.42543132305145265 0.047878295183181763 0.012895575249912562 -0.2174492987804115
leaf_weight=24 72 11.999999999999998 48 11.999999999999998 24 11.999999999999998 24 36 24 12 12 11.999999999999998 12 12 12 11.999999999999998 11.999999999999998 12 12 11.999999999999998 36 11.999999999999998 12 12 12 12 24 12 1080 96
leaf_count=24 72 12 48 12 24 12 24 36 24 12 12 12 12 12 12 12 12 12 12 12 36 12 12 12 12 12 24 12 1080 96
internal_value=-3.15011e-09 0.165045 -0.011003 -0.0569436 0.0261735 -0.505813 -0.104439 0.21261 0.707085 0.292167 -0.262964 -0.0425122 0.191838 -0.276862 0.885393 -0.158246 0.482956 -0.778538 -0.556899 -0.178223 0.0944249 0.251264 0.713528 -0.429074 -0.299386 -0.558761 0.320393 0.224813 0.00386012 -0.0639058
internal_weight=1728 108 1620 396 144 48 252 84 36 96 168 96 48 48 24 48 36 24 72 36 72 36 24 48 24 24 36 24 1224 144
internal_count=1728 108 1620 396 144 48 252 84 36 96 168 96 48 48 24 48 36 24 72 36 72 36 24 48 24 24 36 24 1224 144
is_linear=0
shrinkage=0.05


Tree=234
num_leaves=31
num_cat=0
split_feature=0 0 6 4 1 4 1 2 2 4 1 2 0 0 4 0 0 0 4 2 2 6 2 0 3 0 2 6 2 2
split_gain=1158.33 433.923 328.656 1503.49 3473.19 2828.69 2297.5 2237.95 1810.09 1230.23 1121.41 1627.75 1477.66 2215.61 1394.45 1743.58 1345.77 978.111 959.932 914.707 1159.92 2509.21 3386.55 3364.42 3405.99 2200.57 2089.47 41233.5 22742.5 18091.6
threshold=507657.76500000007 1182183.7235000001 0.25000000000000006 82.975500000000011 10484.007500000002 38.12850000000001 13134.513000000001 81.107000000000014 71.424500000000009 6.4535000000000009 12794.753500000003 57.764500000000005 41777.992500000008 44158.321000000004 17.934000000000005 31159.647000000004 164842.97150000001 19740.918500000003 15.803000000000003 7.3575000000000008 27.516500000000004 0.15000000000000005 25.045500000000004 68725.196500000005 85.117000000000004 37405.976000000002 31.205000000000002 0.15000000000000005 30.574000000000002 30.574000000000002
decision_type=2 2 2 2 2 2 2 2 2 2 2 2 2 2 2 2 2 2 2 2 2 2 2 2 2 2 2 2 2 2
left_child=2 -2 19 5 -5 9 -6 -8 17 -4 11 14 -13 -14 15 18 -12 -7 -11 -1 21 22 25 24 -23 -21 27 29 -29 -22
right_child=1 -3 3 4 6 8 7 -9 -10 10 16 12 13 -15 -16 -17 -18 -19 -20 20 26 23 -24 -25 -26 -27 -28 28 -30 -31
leaf_value=0.27129194438457488 0.072287712784277078 0.25978644688924157 0.46140904426574708 -0.53549008369445805 0.29717708528041842 0.1290091872215271 -0.24022932854436696 0.30724284648895267 0.1080015528202057 -0.09538954744736354 0.6311389446258544 -0.51136691570281989 0.49638500213623049 -0.33570750355720524 0.36123515367507936 0.44935383796691897 -0.11768555641174315 0.65025526682535817 -0.61176896095275879 -0.35655069351196289 0.64107099771499643 -0.37708056867122652 -0.70927667617797852 0.043289303779602051 -1.4087645530700685 0.4252857963244121 -0.044592896092217421 -0.070807740092277527 -2.7367086410522461 3.0188030242919925
leaf_weight=24 216 36 11.999999999999998 36 48 11.999999999999998 84 24 60 36 12 36 11.999999999999998 24 24 11.999999999999998 12 36 11.999999999999998 11.999999999999998 24 24 11.999999999999998 24 11.999999999999998 36 768 24 11.999999999999998 11.999999999999998
leaf_count=24 216 36 12 36 48 12 84 24 60 36 12 36 12 24 24 12 12 36 12 12 24 24 12 24 12 36 768 24 12 12
internal_value=1.37974e-11 0.0990732 -0.0169149 0.0164517 -0.0928051 0.086376 0.00935298 -0.118569 0.291087 -0.0287739 -0.0614527 -0.110403 -0.284855 -0.0583433 0.0391266 -0.0897168 0.256727 0.519944 -0.224484 -0.0335983 -0.0412205 -0.186632 0.042006 -0.415269 -0.720975 0.229827 -0.0204475 0.237103 -0.959441 1.43365
internal_weight=1728 252 1476 492 192 300 156 108 108 192 180 156 72 36 84 60 24 48 48 984 960 120 60 60 36 48 840 72 36 36
internal_count=1728 252 1476 492 192 300 156 108 108 192 180 156 72 36 84 60 24 48 48 984 960 120 60 60 36 48 840 72 36 36
is_linear=0
shrinkage=0.05


Tree=235
num_leaves=31
num_cat=0
split_feature=0 6 0 0 2 6 6 1 2 0 2 0 0 6 0 6 2 0 0 1 6 6 0 0 4 1 0 4 1 6
split_gain=1047.72 1052.73 818.808 749.544 624.945 1408.56 840.755 562.928 460.648 284.991 278.054 271.464 585.815 7262.98 5625.37 4474.02 5407.26 6133.75 3933.17 3771.9 1939.88 1830.99 4361.08 4073.58 1811.1 1269.55 864.723 790.801 785.218 668.62
threshold=388286.60400000011 0.15000000000000005 507657.76500000007 573241.87500000012 107.75750000000001 0.25000000000000006 0.25000000000000006 55820.384000000005 110.56550000000001 619852.88050000009 110.56550000000001 27705.340000000004 7391.9660000000013 0.15000000000000005 4747.4170000000004 0.15000000000000005 43.663000000000004 19563.351500000001 4747.4170000000004 4852.8110000000006 0.25000000000000006 0.25000000000000006 19740.918500000003 16052.3765 14.624000000000001 7458.433500000001 22666.579000000002 17.934000000000005 2579.4600000000005 0.25000000000000006
decision_type=2 2 2 2 2 2 2 2 2 2 2 2 2 2 2 2 2 2 2 2 2 2 2 2 2 2 2 2 2 2
left_child=11 2 -2 -4 5 -3 8 -5 -6 -7 -8 12 13 14 28 16 17 -14 29 27 -20 22 -21 -23 -18 -25 -24 -17 -1 -15
right_child=1 4 3 7 6 9 10 -9 -10 -11 -12 -13 15 18 -16 19 24 -19 20 21 -22 23 26 25 -26 -27 -28 -29 -30 -31
leaf_value=-0.32700306177139282 -0.43447775840759278 0.26926472187042239 0.37290990352630615 -0.19372415145238242 -0.19687823057174683 -0.44474363327026362 0.54726133346557615 0.085890737300117814 0.14247714161872865 -0.10014790296554564 0.28360700130462652 -0.0040411202429697429 1.5855224609375 0.24647186199824014 -1.411923885345459 -0.75551388263702401 -0.68006677627563483 0.20103812515735628 1.2827302932739257 0.21580206453800202 0.38368430137634274 -0.62187275886535653 -1.0375068664550779 0.86178236007690434 0.029217303295930225 0.23191453367471696 -0.43725581169128414 -0.40399913862347603 0.1683561682701111 -0.058263993263244634
leaf_weight=24 11.999999999999998 24 11.999999999999998 36 11.999999999999998 12 11.999999999999998 36 60 12 60 1044 11.999999999999998 36 11.999999999999998 24 11.999999999999998 24 12 24 12 11.999999999999998 12 11.999999999999998 36 24 12 48 11.999999999999998 36
leaf_count=24 12 24 12 36 12 12 12 36 60 12 60 1044 12 36 12 24 12 24 12 24 12 12 12 12 36 24 12 48 12 36
internal_value=1.19002e-09 0.0870572 -0.0481335 0.00705852 0.154653 -0.00159052 0.206734 -0.0539167 0.0859179 -0.272446 0.327549 -0.0174114 -0.0526605 0.0277887 -0.474393 -0.0986314 0.199312 0.662533 0.27888 -0.247603 0.833207 -0.0424275 -0.26079 0.175935 -0.148104 0.44187 -0.737381 -0.521171 -0.161883 0.0941039
internal_weight=1728 288 96 84 192 48 144 72 72 24 72 1440 396 144 48 252 84 36 96 168 24 96 48 48 48 36 24 72 36 72
internal_count=1728 288 96 84 192 48 144 72 72 24 72 1440 396 144 48 252 84 36 96 168 24 96 48 48 48 36 24 72 36 72
is_linear=0
shrinkage=0.05


Tree=236
num_leaves=31
num_cat=0
split_feature=0 6 4 4 6 4 3 1 2 0 0 1 0 0 3 3 2 2 2 0 1 6 0 1 0 6 0 2 0 0
split_gain=947.55 410.539 41578.5 22167.6 11755.5 7366.6 9074.13 9802.2 7807.54 6243.38 6241.68 7077.39 5217.93 9054.19 4838.61 4750.18 4874.98 11974.5 6467.88 4616.43 5581.4 3440.5 3399.33 3331.43 2511.54 7179.78 4187.73 12357.6 3310.63 11445.9
threshold=1048200.1775000001 0.15000000000000005 149.54050000000004 149.54050000000004 0.25000000000000006 64.634000000000015 62.127500000000005 2579.4600000000005 42.413500000000006 145818.27200000003 68725.196500000005 13134.513000000001 44158.321000000004 41777.992500000008 23.917000000000005 12.640500000000001 31.205000000000002 34.065500000000007 52.25350000000001 208019.18150000004 15904.846000000003 0.25000000000000006 4747.4170000000004 7848.9580000000014 145818.27200000003 0.25000000000000006 33295.90400000001 67.669000000000025 44158.321000000004 41777.992500000008
decision_type=2 2 2 2 2 2 2 2 2 2 2 2 2 2 2 2 2 2 2 2 2 2 2 2 2 2 2 2 2 2
left_child=1 2 5 15 -5 6 7 22 -9 12 -7 -12 13 23 -10 -3 -17 21 -19 20 -13 -18 -1 -8 25 26 -20 -28 29 -29
right_child=-2 3 -4 4 -6 10 9 8 14 -11 11 19 -14 -15 -16 16 17 18 24 -21 -22 -23 -24 -25 -26 -27 27 28 -30 -31
leaf_value=-0.31065291166305542 0.17756734987099965 -0.65228536128997805 2.8680648803710938 -2.5996711730957029 -0.38650510311126707 0.61501931548118594 0.058976525068283082 1.5062463760375977 1.0723541259765625 -0.079950892329216011 -0.82601099014282231 -0.050142769018809 -1.1084273934364319 0.81834259033203127 -0.012105077753464382 -0.16880177804268898 1.0727255503336588 -0.16308638649682206 0.180549193918705 -0.15552388256681818 0.83030831019083662 0.38146046797434491 -1.3413277626037599 -0.87245250940322883 0.036431532962755725 0.00028942624727884927 2.2129711151123046 1.092320919036865 0.71962958574295044 -1.0915132522583006
leaf_weight=24 72 24 11.999999999999998 12 12 48 11.999999999999998 11.999999999999998 11.999999999999998 60 24 36 48 11.999999999999998 72 192 36 240 60 84 36 36 11.999999999999998 48 264 144 11.999999999999998 12 48 12
leaf_count=24 72 24 12 12 12 48 12 12 12 60 24 36 48 12 72 192 36 240 60 84 36 36 12 48 264 144 12 12 48 12
internal_value=7.54544e-11 -0.00772032 -0.0429276 0.00988331 -1.49309 -0.107616 -0.265485 0.0493942 0.313246 -0.496397 0.108415 -0.0266795 -0.70462 -0.435415 0.142818 0.0432827 0.059091 0.109734 0.0536103 0.0962946 0.390083 0.727093 -0.654211 -0.686167 0.147826 0.249938 0.499587 0.727471 0.479888 0.000403833
internal_weight=1728 1656 552 1104 24 540 312 132 96 180 228 180 120 72 84 1080 1056 864 792 156 72 72 36 60 552 288 144 84 72 24
internal_count=1728 1656 552 1104 24 540 312 132 96 180 228 180 120 72 84 1080 1056 864 792 156 72 72 36 60 552 288 144 84 72 24
is_linear=0
shrinkage=0.05


Tree=237
num_leaves=31
num_cat=0
split_feature=0 6 0 0 2 1 0 6 1 1 6 2 6 6 0 0 2 0 6 6 6 4 4 6 0 2 2 2 0 1
split_gain=930.308 901.346 718.547 699.38 527.621 475.739 359.949 1137.95 229.581 1116.28 763.406 2014.37 7900.59 6147.93 11725.9 9390.71 1868.98 713.232 8642.56 5631.39 828.41 36486.6 18694.4 10609.3 5831.24 5588.01 6410.32 5717.65 4684.81 4589.42
threshold=388286.60400000011 0.15000000000000005 507657.76500000007 573241.87500000012 127.01650000000002 55820.384000000005 573241.87500000012 0.25000000000000006 9241.5975000000017 10279.872000000001 0.25000000000000006 74.89200000000001 0.15000000000000005 0.15000000000000005 63082.982000000011 63082.982000000011 74.89200000000001 44158.321000000004 0.15000000000000005 0.25000000000000006 0.15000000000000005 149.54050000000004 149.54050000000004 0.25000000000000006 38531.177500000013 36.14800000000001 31.205000000000002 42.413500000000006 7391.9660000000013 4852.8110000000006
decision_type=2 2 2 2 2 2 2 2 2 2 2 2 2 2 2 2 2 2 2 2 2 2 2 2 2 2 2 2 2 2
left_child=8 2 -2 -4 6 -5 7 -3 17 10 11 13 -13 15 -15 -10 -12 20 -19 -20 21 25 24 -24 28 26 -1 -27 -22 -30
right_child=1 4 3 5 -6 -7 -8 -9 9 -11 16 12 -14 14 -16 -17 -18 18 19 -21 22 -23 23 -25 -26 27 -28 -29 29 -31
leaf_value=-0.0072977066040039069 -0.40497765541076663 0.26425397396087641 0.36204061508178714 -0.17878084381421408 0.28814365863800051 0.078269354005654657 0.13207984328269959 -0.42432804107666011 -1.1236404418945312 -0.021586856626407813 -0.29248243570327759 0.77742547988891597 -1.0369375228881834 2.1023225784301753 -0.10805894136428831 0.85443820953369132 0.47175331115722657 -1.351952075958252 1.0573596954345701 -0.47444119453430167 0.25886547453701497 2.7246616363525393 -2.4696876525878904 -0.36717984676361082 0.77703530788421638 0.74348087310791022 -1.1629285335540771 -0.11935499720275403 -0.48686262592673302 0.0020465196420749029
leaf_weight=24 11.999999999999998 12 11.999999999999998 36 48 36 120 12 12 756 24 12 12 12 12 12 11.999999999999998 11.999999999999998 12 12 96 11.999999999999998 12 12 24 24 24 96 72 144
leaf_count=24 12 12 12 36 48 36 120 12 12 756 24 12 12 12 12 12 12 12 12 12 96 12 12 12 24 24 24 96 72 144
internal_value=4.64799e-10 0.0820345 -0.0430589 0.00864374 0.144581 -0.0502557 0.096727 -0.080037 -0.0164069 -0.00010603 0.15026 0.244258 -0.129756 0.431265 0.997132 -0.134601 -0.0377372 -0.0408582 -0.256345 0.291459 -0.0264924 0.0610887 -0.070283 -1.41843 0.0260135 -0.129166 -0.585113 0.0532122 -0.0317575 -0.160923
internal_weight=1728 288 96 84 192 72 144 24 1440 864 108 72 24 48 24 24 36 576 36 24 540 180 360 24 336 168 48 120 312 216
internal_count=1728 288 96 84 192 72 144 24 1440 864 108 72 24 48 24 24 36 576 36 24 540 180 360 24 336 168 48 120 312 216
is_linear=0
shrinkage=0.05


Tree=238
num_leaves=31
num_cat=0
split_feature=0 6 0 0 2 6 6 1 2 2 0 6 4 0 4 2 3 2 4 1 2 0 0 3 2 0 1 2 2 2
split_gain=839.603 813.465 648.489 631.191 480.471 1187.6 758.781 429.354 400.546 262.996 229.928 229.297 1024.8 2769.95 1936.89 1767.9 1496.62 1187.3 1018.6 953.51 1416.82 1307.58 1743.74 1251.67 1321.51 1220.74 885.09 865.764 827.104 729.347
threshold=388286.60400000011 0.15000000000000005 507657.76500000007 573241.87500000012 107.75750000000001 0.25000000000000006 0.25000000000000006 55820.384000000005 110.56550000000001 110.56550000000001 619852.88050000009 0.25000000000000006 82.975500000000011 37405.976000000002 38.12850000000001 71.424500000000009 48.804500000000012 81.107000000000014 6.4535000000000009 12794.753500000003 57.764500000000005 41777.992500000008 44158.321000000004 43.781500000000008 37.846500000000013 164842.97150000001 11548.453500000001 50.303500000000007 47.44700000000001 7.3575000000000008
decision_type=2 2 2 2 2 2 2 2 2 2 2 2 2 2 2 2 2 2 2 2 2 2 2 2 2 2 2 2 2 2
left_child=11 2 -2 -4 5 -3 8 -5 -6 -8 -7 29 14 -14 18 28 26 27 -13 20 23 -22 -23 24 -20 -21 -15 -18 -16 -1
right_child=1 4 3 7 6 10 9 -9 -10 -11 -12 12 13 16 15 -17 17 -19 19 25 21 22 -24 -25 -26 -27 -28 -29 -30 -31
leaf_value=0.24247108697891237 -0.38472878932952881 0.24905949831008911 0.34393856525421146 -0.16984181205431623 -0.1954598903656006 -0.40311164855957027 0.51147270202636719 0.074355886007348701 0.12098372459411622 0.25505709052085879 -0.093590182065963742 0.42662606239318851 -0.57931069135665891 -0.25338969230651859 0.26267080903053286 0.041090118139982229 -0.1084453230102857 0.30615248680114748 0.3324837923049927 0.60084896087646478 -0.47011339664459229 0.4481656551361084 -0.29001945853233341 0.26809268891811372 -0.27339278856913246 -0.1123414635658264 0.21042724053064982 -0.47624359130859378 0.67777729034423828 -0.036673393697203259
leaf_weight=24 11.999999999999998 24 11.999999999999998 36 11.999999999999998 12 11.999999999999998 36 60 60 12 11.999999999999998 24 11.999999999999998 24 48 48 11.999999999999998 11.999999999999998 12 36 11.999999999999998 24 36 36 12 72 24 24 936
leaf_count=24 12 24 12 36 12 12 12 36 60 60 12 12 24 12 24 48 48 12 12 12 36 12 24 36 36 12 72 24 24 936
internal_value=1.17639e-09 0.0779328 -0.040906 0.00821154 0.137352 0.000354291 0.183018 -0.047743 0.0682431 0.297793 -0.248351 -0.0155865 0.0126299 -0.0768477 0.0722817 0.255657 -0.0050673 -0.154302 -0.019406 -0.0491415 -0.0942792 -0.257036 -0.0439578 0.0452262 -0.121924 0.244254 0.144168 -0.231045 0.470224 -0.0296948
internal_weight=1728 288 96 84 192 48 144 72 72 72 24 1440 480 192 288 96 168 84 192 180 156 72 36 84 48 24 84 72 48 960
internal_count=1728 288 96 84 192 48 144 72 72 72 24 1440 480 192 288 96 168 84 192 180 156 72 36 84 48 24 84 72 48 960
is_linear=0
shrinkage=0.05


Tree=239
num_leaves=31
num_cat=0
split_feature=1 6 3 2 3 1 4 6 2 0 4 4 0 1 4 0 3 3 3 3 3 1 0 0 1 1 6 0 0 0
split_gain=764.462 741.09 580.172 495.211 293.809 337.704 319.207 248.698 919.67 1166.48 2645.02 2095.96 1266.95 1464.6 2834.9 1126.21 969.356 2310.06 1382.8 1343.79 1006.78 839.975 764.712 735.136 716.846 2470.18 2404.79 20406.3 11939.5 2204.57
threshold=31361.745000000006 0.15000000000000005 95.222000000000023 127.01650000000002 105.84350000000002 55820.384000000005 84.478000000000009 0.25000000000000006 7.3575000000000008 37405.976000000002 49.236500000000007 39.486500000000014 33295.90400000001 6575.9135000000015 17.934000000000005 19740.918500000003 72.187000000000026 67.669000000000025 64.121000000000009 50.303500000000007 83.933000000000007 11548.453500000001 27705.340000000004 12036.576500000001 10484.007500000002 9241.5975000000017 0.15000000000000005 41777.992500000008 41777.992500000008 37306.64650000001
decision_type=2 2 2 2 2 2 2 2 2 2 2 2 2 2 2 2 2 2 2 2 2 2 2 2 2 2 2 2 2 2
left_child=7 2 -2 -3 6 -6 -4 24 -9 10 11 12 13 14 23 -13 17 18 19 21 -18 -11 -12 -10 25 -1 28 29 -27 -28
right_child=1 3 4 -5 5 -7 -8 8 9 16 22 15 -14 -15 -16 -17 20 -19 -20 -21 -22 -23 -24 -25 -26 26 27 -29 -30 -31
leaf_value=-0.044920382325653922 -0.36549234390258789 0.082232517004013073 0.32674164772033693 0.26433545351028442 -0.16134971479574842 0.080784947937354454 0.010906057059764863 -0.41828627586364747 -0.14096586704254152 -0.17776951193809509 -0.78083496093750004 0.10783519744873045 -0.38621649742126468 0.27580122152964276 0.32890741825103764 0.79285635948181143 0.42913623650868732 -0.43322606086730958 0.44307991266250613 -0.47462882995605471 0.094674279093742375 0.1576356432977177 -0.29198682308197021 -0.53231399059295659 -0.075749507046451697 -0.80017714500427251 1.0406179428100584 -0.5420396625995636 0.77696895599365234 1.9990400314331052
leaf_weight=384 11.999999999999998 168 11.999999999999998 48 36 24 24 11.999999999999998 24 24 11.999999999999998 12 24 36 24 12 36 24 24 11.999999999999998 60 84 24 24 456 24 12 24 24 12
leaf_count=384 12 168 12 48 36 24 24 12 24 24 12 12 24 36 24 12 36 24 24 12 60 84 24 24 456 24 12 24 24 12
internal_value=-6.03204e-10 0.0692289 -0.0377131 0.1227 0.00325931 -0.0644958 0.116185 -0.0159759 0.0137844 0.0251547 -0.0686182 0.0205321 -0.0576158 0.0154065 -0.114791 0.450346 0.0933532 0.0209278 0.0966201 0.0273282 0.220098 0.0831012 -0.454936 -0.33664 -0.030856 0.0117928 0.238645 0.488895 -0.0116041 1.51983
internal_weight=1728 324 108 216 96 60 36 1404 468 456 192 156 132 108 72 24 264 168 144 120 96 108 36 48 936 480 96 48 48 24
internal_count=1728 324 108 216 96 60 36 1404 468 456 192 156 132 108 72 24 264 168 144 120 96 108 36 48 936 480 96 48 48 24
is_linear=0
shrinkage=0.05


Tree=240
num_leaves=31
num_cat=0
split_feature=1 6 3 2 3 1 4 6 2 0 4 4 0 1 4 0 3 3 3 3 3 1 0 0 6 1 1 0 4 1
split_gain=689.927 668.834 523.605 446.928 265.162 304.778 288.084 224.45 830.002 1052.75 2387.13 1891.6 1143.42 1321.8 2558.5 1016.4 874.844 2084.83 1247.97 1212.77 917.513 758.077 691.162 1377.07 2479.66 8896.45 3229.11 2120.49 1226.65 2323.78
threshold=31361.745000000006 0.15000000000000005 95.222000000000023 127.01650000000002 105.84350000000002 55820.384000000005 84.478000000000009 0.25000000000000006 7.3575000000000008 37405.976000000002 49.236500000000007 39.486500000000014 33295.90400000001 6575.9135000000015 17.934000000000005 19740.918500000003 72.187000000000026 67.669000000000025 64.121000000000009 50.303500000000007 81.107000000000014 11548.453500000001 3923.9490000000001 12036.576500000001 0.15000000000000005 2158.8095000000008 2158.8095000000008 7391.9660000000013 14.624000000000001 10484.007500000002
decision_type=2 2 2 2 2 2 2 2 2 2 2 2 2 2 2 2 2 2 2 2 2 2 2 2 2 2 2 2 2 2
left_child=7 2 -2 -3 6 -6 -4 22 -9 10 11 12 13 14 -10 -13 17 18 19 21 -18 -11 -1 24 26 -26 -24 -27 -25 -30
right_child=1 3 4 -5 5 -7 -8 8 9 16 -12 15 -14 -15 -16 -17 20 -19 -20 -21 -22 -23 23 28 25 27 -28 -29 29 -31
leaf_value=0.15548928081989288 -0.34721772670745854 0.07812089025974274 0.3104045629501343 0.25111868977546692 -0.15328223109245301 0.076745704375207432 0.010360755026340485 -0.39737193584442143 -0.31980792284011844 -0.16888104081153871 -0.43218940099080405 0.10244343280792234 -0.36690567731857304 0.26201116181910039 0.31246204376220704 0.75321350097656248 0.47682511806488037 -0.41156477928161622 0.42092591524124146 -0.45089740753173829 0.11984847684701283 0.14975386013587316 -1.2120351791381836 -0.21787073289354644 1.1560938835144043 -0.041297796368598934 -0.20749683976173403 -0.98126468658447252 0.10945372306741774 -0.071962028781050125
leaf_weight=48 11.999999999999998 168 11.999999999999998 48 36 24 24 11.999999999999998 48 24 36 12 24 36 24 12 24 24 24 11.999999999999998 72 84 11.999999999999998 72 11.999999999999998 12 24 12 288 456
leaf_count=48 12 168 12 48 36 24 24 12 48 24 36 12 24 36 24 12 24 24 24 12 72 84 12 72 12 12 24 12 288 456
internal_value=2.44041e-10 0.0657674 -0.0358274 0.116565 0.00309635 -0.0612711 0.110375 -0.0151771 0.0130952 0.023897 -0.0651873 0.0195055 -0.054735 0.0146362 -0.109051 0.427828 0.0886855 0.0198814 0.0917891 0.0259618 0.209093 0.0789461 -0.0293132 -0.0393026 -0.248916 0.0445105 -0.542343 -0.511281 -0.0208072 -0.00173658
internal_weight=1728 324 108 216 96 60 36 1404 468 456 192 156 132 108 72 24 264 168 144 120 96 108 936 888 72 36 36 24 816 744
internal_count=1728 324 108 216 96 60 36 1404 468 456 192 156 132 108 72 24 264 168 144 120 96 108 936 888 72 36 36 24 816 744
is_linear=0
shrinkage=0.05


Tree=241
num_leaves=31
num_cat=0
split_feature=0 6 4 0 0 6 0 6 2 0 0 1 6 4 6 0 0 0 0 4 1 6 0 6 6 0 0 0 0 6
split_gain=644.853 362.748 288.784 249.096 480.531 5074.3 3706.3 3508.43 3908.33 4840.06 2613.41 2445.62 1592.18 1382.59 1380.45 3787.93 2808.92 1022.7 825.852 699.556 646.246 522.899 496.296 396.26 285.946 2546.51 2239.38 272.806 245.468 244.003
threshold=684755.53550000011 0.25000000000000006 84.478000000000009 27705.340000000004 7391.9660000000013 0.15000000000000005 4747.4170000000004 0.15000000000000005 43.663000000000004 19563.351500000001 4747.4170000000004 4852.8110000000006 0.25000000000000006 14.624000000000001 0.25000000000000006 19740.918500000003 16052.3765 22666.579000000002 22666.579000000002 17.934000000000005 2579.4600000000005 0.25000000000000006 3923.9490000000001 0.25000000000000006 0.25000000000000006 19563.351500000001 19563.351500000001 19740.918500000003 16052.3765 0.15000000000000005
decision_type=2 2 2 2 2 2 2 2 2 2 2 2 2 2 2 2 2 2 2 2 2 2 2 2 2 2 2 2 2 2
left_child=3 -2 -3 4 5 6 20 8 9 -6 21 19 -12 -10 15 28 -16 27 -17 23 -1 22 -7 -9 26 -26 -21 -18 -13 -5
right_child=1 2 -4 29 7 10 -8 11 13 -11 12 14 -14 -15 16 18 17 -19 -20 24 -22 -23 -24 -25 25 -27 -28 -29 -30 -31
leaf_value=-0.28657406568527222 0.045188927836716179 0.090891835093498241 0.33617393970489506 -0.02980784245512702 1.3923669815063477 0.35458493232727051 -1.1514334678649902 -0.86096715927124012 -0.58149986267089848 0.1625218540430069 1.0982892036437988 0.36257722377777096 0.28379113674163814 0.038218952404956028 -0.52478413581848149 -0.9789725303649901 0.37840414047241211 -0.018348486721515657 -0.39236779212951656 -0.93220148086547838 0.16281658411026001 -0.046177695194880172 -0.039232906699180607 -0.45463166236877434 0.30988676548004146 -0.72018375396728507 0.033756563067436213 0.7155528545379638 0.042767360806465149 0.018261224896919847
leaf_weight=24 96 24 24 396 11.999999999999998 24 11.999999999999998 12 11.999999999999998 24 12 12 12 36 11.999999999999998 12 12 11.999999999999998 12 12 11.999999999999998 36 11.999999999999998 12 12 12 12 12 12 792
leaf_count=24 96 24 24 396 12 24 12 12 12 24 12 12 12 36 12 12 12 12 12 12 12 36 12 12 12 12 12 12 12 792
internal_value=-1.36896e-09 0.101304 0.213533 -0.00920942 -0.0435523 0.0293099 -0.390441 -0.0851878 0.178653 0.57247 0.239186 -0.217108 0.69104 -0.116711 -0.0518964 -0.241499 0.137706 0.358536 -0.68567 -0.43739 -0.136777 0.0885673 0.223312 -0.657799 -0.327185 -0.205148 -0.449222 0.546978 0.202672 0.0022382
internal_weight=1728 144 48 1584 396 144 48 252 84 36 96 168 24 48 96 48 48 36 24 72 36 72 36 24 48 24 24 24 24 1188
internal_count=1728 144 48 1584 396 144 48 252 84 36 96 168 24 48 96 48 48 36 24 72 36 72 36 24 48 24 24 24 24 1188
is_linear=0
shrinkage=0.05


Tree=242
num_leaves=31
num_cat=0
split_feature=0 6 4 0 0 6 0 6 2 0 0 1 6 4 6 0 0 0 0 4 1 6 0 6 6 0 0 0 4 0
split_gain=581.98 327.38 260.627 224.809 433.68 4579.56 3344.93 3166.36 3527.27 4368.16 2358.6 2207.17 1436.94 1247.78 1245.85 3418.61 2535.05 922.989 745.332 631.349 583.237 471.916 447.907 357.625 258.066 2298.22 2021.04 246.208 234.253 221.535
threshold=684755.53550000011 0.25000000000000006 84.478000000000009 27705.340000000004 7391.9660000000013 0.15000000000000005 4747.4170000000004 0.15000000000000005 43.663000000000004 19563.351500000001 4747.4170000000004 4852.8110000000006 0.25000000000000006 14.624000000000001 0.25000000000000006 19740.918500000003 16052.3765 22666.579000000002 22666.579000000002 17.934000000000005 2579.4600000000005 0.25000000000000006 3923.9490000000001 0.25000000000000006 0.25000000000000006 19563.351500000001 19563.351500000001 19740.918500000003 17.934000000000005 16052.3765
decision_type=2 2 2 2 2 2 2 2 2 2 2 2 2 2 2 2 2 2 2 2 2 2 2 2 2 2 2 2 2 2
left_child=3 -2 -3 4 5 6 20 8 9 -6 21 19 -12 -10 15 29 -16 27 -17 23 -1 22 -7 -9 26 -26 -21 -18 -15 -13
right_child=1 2 -4 -5 7 10 -8 11 13 -11 12 14 -14 28 16 18 17 -19 -20 24 -22 -23 -24 -25 25 -27 -28 -29 -30 -31
leaf_value=-0.27224537134170534 0.042929483205080034 0.086347241699695598 0.31936525106430058 0.0021262916124830345 1.3227486610412598 0.33685567378997805 -1.0938617706298828 -0.8179187774658202 -0.55242486000061042 0.15439576208591463 1.0433747291564941 0.34444835186004635 0.26960158348083491 0.21668317317962649 -0.49854493141174316 -0.93002386093139633 0.35948393344879148 -0.017431062459945679 -0.37274940013885494 -0.88559141159057608 0.15467575788497925 -0.043868809938430786 -0.037271261215209961 -0.43190007209777825 0.29439241886138912 -0.68417453765869141 0.032068735361099242 0.67977519035339351 -0.053879580646753314 0.040628993511199946
leaf_weight=24 96 24 24 1188 11.999999999999998 24 11.999999999999998 12 11.999999999999998 24 12 12 12 11.999999999999998 11.999999999999998 12 12 11.999999999999998 12 12 11.999999999999998 36 11.999999999999998 12 12 12 12 12 24 12
leaf_count=24 96 24 24 1188 12 24 12 12 12 24 12 12 12 12 12 12 12 12 12 12 12 36 12 12 12 12 12 12 24 12
internal_value=-1.10207e-09 0.0962384 0.202856 -0.00874895 -0.0413747 0.0278444 -0.370919 -0.0809284 0.16972 0.543847 0.227226 -0.206253 0.656488 -0.110875 -0.0493016 -0.229424 0.130821 0.340609 -0.651387 -0.415521 -0.129938 0.0841389 0.212147 -0.624909 -0.310826 -0.194891 -0.426761 0.51963 0.036308 0.192539
internal_weight=1728 144 48 1584 396 144 48 252 84 36 96 168 24 48 96 48 48 36 24 72 36 72 36 24 48 24 24 24 36 24
internal_count=1728 144 48 1584 396 144 48 252 84 36 96 168 24 48 96 48 48 36 24 72 36 72 36 24 48 24 24 24 36 24
is_linear=0
shrinkage=0.05


Tree=243
num_leaves=31
num_cat=0
split_feature=1 6 3 2 3 1 4 0 6 0 6 2 0 4 0 4 1 4 4 3 1 1 2 2 2 2 6 3 3 3
split_gain=535.992 562.788 464.368 380.748 243.862 277.497 265.304 189.66 882.778 253.97 182.704 751.805 927.752 1890.89 1501.08 1745.94 2178.71 833.387 862.364 748.761 695.704 942.363 732.112 1551.9 686.932 1506.57 3518.53 4349.48 4068.02 1797.43
threshold=31361.745000000006 0.15000000000000005 95.222000000000023 127.01650000000002 105.84350000000002 55820.384000000005 84.478000000000009 573241.87500000012 0.25000000000000006 507657.76500000007 0.25000000000000006 7.3575000000000008 37405.976000000002 49.236500000000007 33295.90400000001 17.934000000000005 6575.9135000000015 137.47000000000003 135.84850000000003 31.224500000000003 16961.718500000003 19012.117000000002 74.89200000000001 67.669000000000025 7.3575000000000008 27.516500000000004 0.15000000000000005 85.117000000000004 85.117000000000004 25.237500000000004
decision_type=2 2 2 2 2 2 2 2 2 2 2 2 2 2 2 2 2 2 2 2 2 2 2 2 2 2 2 2 2 2
left_child=10 2 -2 7 6 -6 -4 8 -3 -10 24 -12 13 14 15 16 -13 18 19 -14 22 -22 23 -21 -1 26 27 29 -28 -26
right_child=1 3 4 -5 5 -7 -8 -9 9 -11 11 12 17 -15 -16 -17 -18 -19 -20 20 21 -23 -24 -25 25 -27 28 -29 -30 -31
leaf_value=0.23791545927524568 -0.32847275733947756 0.19950705766677856 0.29626841545104982 0.22875734567642214 -0.14809404065211615 0.071397493034601217 0.0083317965269088749 0.1026805466413498 -0.066692221164703358 -0.39199311733245845 -0.37852272987365726 -0.2776931166648865 -0.16145636141300201 -0.38785353501637782 -0.3495797634124756 0.32085107564926152 0.23686899989843369 -0.10521880139907201 0.5370298385620117 0.22787852525711061 -0.38901379108428957 0.09636307656764985 0.40022086302439375 -0.39499800205230717 0.30711112022399906 -0.011037407994872947 -0.25738748311996462 0.90664443969726571 -1.3204050064086914 -0.44235376119613651
leaf_weight=24 11.999999999999998 24 11.999999999999998 48 36 24 24 120 12 12 11.999999999999998 48 24 36 24 48 36 48 11.999999999999998 60 11.999999999999998 60 36 11.999999999999998 11.999999999999998 816 36 11.999999999999998 11.999999999999998 24
leaf_count=24 12 24 12 48 36 24 24 120 12 12 12 48 24 36 24 48 36 48 12 60 12 60 36 12 12 816 36 12 12 24
internal_value=1.29846e-09 0.057968 -0.0352253 0.104565 0.00143061 -0.0602974 0.104311 0.069081 -0.0149178 -0.229343 -0.0133772 0.0121307 0.022411 -0.0612176 0.0141599 0.0802944 -0.0571665 0.0832319 0.12511 0.100879 0.135857 0.0154669 0.216117 0.124066 -0.0261312 -0.0330798 -0.22044 0.082262 -0.523142 -0.192532
internal_weight=1728 324 108 216 96 60 36 168 48 24 1404 468 456 192 156 132 84 264 216 204 180 72 108 72 936 912 96 48 48 36
internal_count=1728 324 108 216 96 60 36 168 48 24 1404 468 456 192 156 132 84 264 216 204 180 72 108 72 936 912 96 48 48 36
is_linear=0
shrinkage=0.05


Tree=244
num_leaves=31
num_cat=0
split_feature=0 6 4 0 0 6 0 6 2 0 0 1 6 4 6 0 0 2 0 4 1 6 0 6 1 6 0 6 1 1
split_gain=485.003 277.433 228.566 194.107 413.47 4065.44 3066.39 2871.91 3183.36 3942.26 2035.5 1922.7 1356.05 1126.12 1078.77 3085.29 2134.82 826.156 672.662 546.715 498.755 428.531 376.703 346.652 238.8 926.455 1882.04 3125.95 17500.3 9882.43
threshold=684755.53550000011 0.25000000000000006 84.478000000000009 27705.340000000004 7391.9660000000013 0.15000000000000005 4747.4170000000004 0.15000000000000005 43.663000000000004 19563.351500000001 4747.4170000000004 4852.8110000000006 0.25000000000000006 14.624000000000001 0.25000000000000006 19740.918500000003 16052.3765 47.44700000000001 22666.579000000002 17.934000000000005 2579.4600000000005 0.25000000000000006 3923.9490000000001 0.25000000000000006 10484.007500000002 0.25000000000000006 74959.462500000009 0.15000000000000005 11991.799500000003 11991.799500000003
decision_type=2 2 2 2 2 2 2 2 2 2 2 2 2 2 2 2 2 2 2 2 2 2 2 2 2 2 2 2 2 2
left_child=3 -2 -3 4 5 6 20 8 9 -6 21 19 -12 -10 15 -13 -16 -18 -17 23 -1 22 -7 -9 -5 26 27 28 -26 -29
right_child=1 2 -4 24 7 10 -8 11 13 -11 12 14 -14 -15 16 18 17 -19 -20 -21 -22 -23 -24 -25 25 -27 -28 29 -30 -31
leaf_value=-0.2472983241081238 0.038780882023274899 0.076895852386951458 0.29511103630065921 0.038725470337602833 1.2571631431579591 0.32056475877761842 -1.0386168479919433 -0.7764709949493408 -0.5242517471313477 0.14722784683108331 0.99175786972045887 0.1834636151790619 0.24007894992828366 0.035044479253701868 -0.45973305702209477 -0.88297080993652333 -0.028402960300445559 0.4797050952911377 -0.35356006622314451 -0.29417141526937485 0.14749383926391602 -0.037766448656717938 -0.02253832370042801 -0.39642040729522704 0.72801291147867842 0.061612746140195268 -0.0018559007856406664 -1.0035361289978029 -1.0150432109832763 0.30631130635738374
leaf_weight=24 96 24 24 324 11.999999999999998 24 11.999999999999998 12 11.999999999999998 24 12 24 12 36 11.999999999999998 12 11.999999999999998 24 12 48 11.999999999999998 36 11.999999999999998 12 36 288 456 36 24 24
leaf_count=24 96 24 24 324 12 24 12 12 12 24 12 24 12 36 12 12 12 24 12 48 12 36 12 12 36 288 456 36 24 24
internal_value=-1.73227e-09 0.0878551 0.186003 -0.00798683 -0.0383029 0.0292841 -0.34643 -0.0769241 0.161786 0.517206 0.217141 -0.196279 0.615918 -0.10478 -0.0497912 -0.217401 0.117819 0.310336 -0.618265 -0.391596 -0.115701 0.0842153 0.206197 -0.586446 0.00211854 -0.0116091 -0.04822 -0.224403 0.0307905 -0.479597
internal_weight=1728 144 48 1584 396 144 48 252 84 36 96 168 24 48 96 48 48 36 24 72 36 72 36 24 1188 864 576 120 60 60
internal_count=1728 144 48 1584 396 144 48 252 84 36 96 168 24 48 96 48 48 36 24 72 36 72 36 24 1188 864 576 120 60 60
is_linear=0
shrinkage=0.05


Tree=245
num_leaves=31
num_cat=0
split_feature=1 6 3 2 3 1 4 0 6 0 3 6 4 0 2 0 0 0 4 1 6 0 0 3 2 6 1 6 1 3
split_gain=441.003 488.843 416.379 334.408 221.614 251.255 241.219 165.306 809.167 229.208 160.551 2123.43 9926.87 8931.86 5148.1 3184.93 8331.21 3782.89 3143.73 2362.24 2581.48 1950.65 1937.47 1594.95 1182.28 4191.42 1074.75 1006.97 3048.97 931.508
threshold=31361.745000000006 0.15000000000000005 95.222000000000023 127.01650000000002 105.84350000000002 55820.384000000005 84.478000000000009 573241.87500000012 0.25000000000000006 507657.76500000007 65.925000000000011 0.15000000000000005 91.152500000000018 208019.18150000004 76.349000000000018 44158.321000000004 145818.27200000003 41777.992500000008 91.152500000000018 26343.954000000005 0.25000000000000006 87041.996000000028 45843.734500000013 85.117000000000004 74.89200000000001 0.25000000000000006 26343.954000000005 0.25000000000000006 24629.120500000001 62.127500000000005
decision_type=2 2 2 2 2 2 2 2 2 2 2 2 2 2 2 2 2 2 2 2 2 2 2 2 2 2 2 2 2 2
left_child=10 2 -2 7 6 -6 -4 8 -3 -10 29 12 15 23 18 17 21 -12 24 20 -16 -17 -22 -14 -13 -26 -18 28 -20 -1
right_child=1 3 4 -5 5 -7 -8 -9 9 -11 11 14 13 -15 19 16 26 -19 27 -21 22 -23 -24 -25 25 -27 -28 -29 -30 -31
leaf_value=-0.014420577911001565 -0.31195633411407475 0.18962449431419373 0.28154778480529785 0.21239887177944183 -0.14195110003153485 0.066904497146606443 0.0069920808076858526 0.094122725129127505 -0.066438245773315419 -0.37547409534454346 -0.32902043834328654 0.081158633232116695 1.3064580917358399 -0.73934450149536135 0.59063416481018061 -1.3332860946655274 -0.20150476619601251 0.69606642723083501 -0.89991543292999276 -0.18466887474060059 -0.44143228530883794 -0.69580321311950688 0.26888385340571402 0.60046752691268923 -0.96403150558471662 0.35749261379241942 0.37802836894989017 -0.20056868394215904 0.076201498508453369 0.17342085838317872
leaf_weight=792 11.999999999999998 24 11.999999999999998 48 36 24 24 120 12 12 36 120 11.999999999999998 11.999999999999998 60 24 24 11.999999999999998 24 24 11.999999999999998 24 48 24 12 12 11.999999999999998 36 11.999999999999998 72
leaf_count=792 12 24 12 48 36 24 24 120 12 12 36 120 12 12 60 24 24 12 24 24 12 24 48 24 12 12 12 36 12 72
internal_value=-6.79952e-10 0.0525811 -0.0342743 0.0960089 0.000435955 -0.0584089 0.0985106 0.0627546 -0.0156658 -0.220956 -0.0121341 -0.0335213 -0.17374 0.442012 0.0365883 -0.39765 -0.583309 -0.0727487 -0.117794 0.268161 0.358727 -1.01454 0.126821 0.835798 0.0170873 -0.303269 -0.00832705 -0.387556 -0.574543 0.00123288
internal_weight=1728 324 108 216 96 60 36 168 48 24 1404 540 180 48 360 132 84 48 216 144 120 48 60 36 144 24 36 72 36 864
internal_count=1728 324 108 216 96 60 36 168 48 24 1404 540 180 48 360 132 84 48 216 144 120 48 60 36 144 24 36 72 36 864
is_linear=0
shrinkage=0.05


Tree=246
num_leaves=31
num_cat=0
split_feature=0 6 4 0 0 6 0 6 2 0 0 1 6 6 0 0 4 0 0 6 0 0 1 6 0 1 6 1 1 6
split_gain=404.31 234.861 200.438 165.587 368.821 3669.06 2767.41 2681.97 2885.74 3505.01 1837.04 1709.79 1223.84 973.592 2784.48 1909.93 957.041 753.006 595.595 516.937 2191.62 1919.87 450.126 386.749 339.975 224.287 850.594 1091.8 1050.6 2233.33
threshold=684755.53550000011 0.25000000000000006 84.478000000000009 27705.340000000004 7391.9660000000013 0.15000000000000005 4747.4170000000004 0.15000000000000005 43.663000000000004 19563.351500000001 4747.4170000000004 4852.8110000000006 0.25000000000000006 0.25000000000000006 19740.918500000003 16052.3765 14.624000000000001 22666.579000000002 22666.579000000002 0.25000000000000006 19563.351500000001 18495.691000000003 2579.4600000000005 0.25000000000000006 3923.9490000000001 10484.007500000002 0.25000000000000006 7047.768500000001 9241.5975000000017 0.15000000000000005
decision_type=2 2 2 2 2 2 2 2 2 2 2 2 2 2 2 2 2 2 2 2 2 2 2 2 2 2 2 2 2 2
left_child=3 -2 -3 4 5 6 22 8 9 -6 23 19 -12 14 -13 -15 -10 -17 -16 20 -9 -21 -1 24 -7 26 28 -28 -5 -30
right_child=1 2 -4 25 7 10 -8 11 16 -11 12 13 -14 15 18 17 -18 -19 -20 21 -22 -23 -24 -25 -26 -27 27 -29 29 -31
leaf_value=-0.23421236276626589 0.035062078945338727 0.068344923853874209 0.27269244194030762 -0.0038255389779806139 1.1950260162353517 0.30525755882263184 -0.98596496582031257 -0.78112838268280038 -0.48158812522888184 0.14845248013734819 0.9428910255432128 0.17262198179960253 0.22879602909088131 -0.43602538108825684 -0.83810129165649405 0.45405136346817021 0.034013279496381686 -0.031040742993354797 -0.33993999958038329 0.27905983924865724 0.046446767449378971 -0.4955109477043152 0.14084017276763916 -0.0351570983727773 -0.020690378546714783 -0.011262635457225972 0.37259809970855717 -0.13325860500335693 -0.023072469234466556 0.45925340652465824
leaf_weight=24 96 24 24 120 11.999999999999998 24 11.999999999999998 24 11.999999999999998 24 12 24 12 11.999999999999998 12 24 36 11.999999999999998 12 11.999999999999998 11.999999999999998 24 11.999999999999998 36 11.999999999999998 864 11.999999999999998 96 48 48
leaf_count=24 96 24 24 120 12 24 12 24 12 24 12 24 12 12 12 24 36 12 12 12 12 24 12 36 12 864 12 96 48 48
internal_value=8.34957e-10 0.0802143 0.170519 -0.00729221 -0.0352927 0.0285409 -0.328387 -0.0717691 0.158912 0.49731 0.207005 -0.187109 0.585844 -0.0489701 -0.208199 0.110259 -0.0948871 0.292354 -0.589021 -0.371295 -0.50527 -0.237321 -0.109195 0.0807256 0.196608 0.00204129 0.0375184 -0.0770523 0.0948038 0.21809
internal_weight=1728 144 48 1584 396 144 48 252 84 36 96 168 24 96 48 48 48 36 24 72 36 36 36 72 36 1188 324 108 216 96
internal_count=1728 144 48 1584 396 144 48 252 84 36 96 168 24 96 48 48 48 36 24 72 36 36 36 72 36 1188 324 108 216 96
is_linear=0
shrinkage=0.05


Tree=247
num_leaves=31
num_cat=0
split_feature=1 6 3 2 3 2 4 3 6 4 0 2 0 0 0 4 1 6 0 0 2 2 6 0 6 1 2 6 6 0
split_gain=374.93 430.516 372.855 293.165 201.667 238.131 219.637 150.576 1867.58 8925.66 8061.01 4647 2924.77 7520.38 3380.6 2804.43 2117.55 2267.55 1761.54 1717.1 1445.12 1112.96 3963.39 988.143 908.79 2751.7 902.586 3394.6 1986.3 1056.05
threshold=31361.745000000006 0.15000000000000005 95.222000000000023 127.01650000000002 105.84350000000002 117.89800000000001 84.478000000000009 65.925000000000011 0.15000000000000005 91.152500000000018 208019.18150000004 76.349000000000018 44158.321000000004 145818.27200000003 41777.992500000008 91.152500000000018 26343.954000000005 0.25000000000000006 87041.996000000028 45843.734500000013 11.119000000000002 74.89200000000001 0.25000000000000006 256199.82050000003 0.25000000000000006 24629.120500000001 67.669000000000025 0.25000000000000006 0.25000000000000006 256199.82050000003
decision_type=2 2 2 2 2 2 2 2 2 2 2 2 2 2 2 2 2 2 2 2 2 2 2 2 2 2 2 2 2 2
left_child=7 2 -2 -3 6 -6 -4 -1 9 12 20 15 14 18 -9 21 17 -13 -14 -19 -11 26 -23 -15 25 -17 28 29 -10 -28
right_child=1 3 4 -5 5 -7 -8 8 11 10 -12 16 13 23 -16 24 -18 19 -20 -21 -22 22 -24 -25 -26 -27 27 -29 -30 -31
leaf_value=0.0017568190323395865 -0.29579536914825438 0.058100880682468416 0.26803352832794192 0.19821355044841768 -0.13764610638221106 0.065681583061814305 0.0060474902391433718 -0.3066325962543488 -0.29784974406162895 0.34656322002410889 -0.70181412696838386 0.55696043014526375 -1.2662446022033693 0.17788342982530594 0.66241674423217778 -0.85435652732849121 -0.17487229108810426 -0.41269769668579104 -0.66044991016387944 0.25600280240178108 1.0185748577117921 -0.93879261016845694 0.3462809085845947 -0.37780957221984868 -0.18997712532679242 0.0729545533657074 0.99682826995849594 -0.1757998913526535 0.22738777001698815 0.33348658084869381
leaf_weight=864 11.999999999999998 168 11.999999999999998 48 36 24 24 36 36 11.999999999999998 11.999999999999998 60 24 24 11.999999999999998 24 24 11.999999999999998 24 48 24 12 12 11.999999999999998 36 11.999999999999998 12 24 36 12
leaf_count=864 12 168 12 48 36 24 24 36 36 12 12 60 24 24 12 24 24 12 24 48 24 12 12 12 36 12 12 24 36 12
internal_value=1.1357e-09 0.0484824 -0.0330269 0.089237 -0.000180831 -0.056315 0.0933762 -0.0111882 -0.0319003 -0.163401 0.420475 0.03385 -0.375719 -0.553633 -0.0643703 -0.112826 0.253864 0.339612 -0.963347 0.122263 0.794571 0.0145681 -0.296256 -0.00734757 -0.367615 -0.545253 0.0767329 0.244679 -0.035231 0.665157
internal_weight=1728 324 108 216 96 60 36 1404 540 180 48 360 132 84 48 216 144 120 48 60 36 144 24 36 72 36 120 48 72 24
internal_count=1728 324 108 216 96 60 36 1404 540 180 48 360 132 84 48 216 144 120 48 60 36 144 24 36 72 36 120 48 72 24
is_linear=0
shrinkage=0.05


Tree=248
num_leaves=31
num_cat=0
split_feature=0 6 0 0 2 6 6 2 2 1 0 2 3 6 4 0 2 1 0 0 0 1 6 3 0 6 1 0 0 3
split_gain=339.806 380.705 340.902 352.072 271.356 958.218 556.863 328.267 312.799 256.887 145.04 129.685 115.955 1659.57 7423.87 7001.52 4004.54 2644.65 4299.59 4058.04 3051 1911.09 2046.46 1882.41 2287.86 3001.32 2307.01 1549.68 1410.44 1368.23
threshold=388286.60400000011 0.15000000000000005 507657.76500000007 573241.87500000012 107.75750000000001 0.25000000000000006 0.25000000000000006 110.56550000000001 110.56550000000001 55820.384000000005 619852.88050000009 127.01650000000002 65.925000000000011 0.15000000000000005 91.152500000000018 208019.18150000004 76.349000000000018 26343.954000000005 44158.321000000004 87041.996000000028 41777.992500000008 26343.954000000005 0.25000000000000006 68.52800000000002 240407.42100000003 0.25000000000000006 24629.120500000001 45843.734500000013 74959.462500000009 85.117000000000004
decision_type=2 2 2 2 2 2 2 2 2 2 2 2 2 2 2 2 2 2 2 2 2 2 2 2 2 2 2 2 2 2
left_child=12 2 -2 -4 5 -3 8 -8 -6 -5 -7 -9 -1 14 17 29 23 18 20 -20 -14 22 -18 -15 25 26 -25 -24 -27 -16
right_child=1 4 3 9 6 10 7 11 -10 -11 -12 -13 13 16 15 -17 21 -19 19 -21 -22 -23 27 24 -26 28 -28 -29 -30 -31
leaf_value=0.0016689750383159629 -0.2810056209564209 0.21067199707031251 0.25463185310363773 -0.13234106078743935 -0.20681321620941162 -0.35904228687286377 0.46159930229187013 0.11510660350322724 0.072829187512397767 0.056547063589096072 -0.11321042776107787 0.26515558958053592 -0.29130098521709441 0.12154823541641235 1.1907695770263673 -0.34767380505800249 0.52911239624023432 0.35079591274261479 -1.2029323577880859 -0.4066478427499533 0.62929592132568368 -0.16612868309020998 -0.39206283092498784 -0.70579521059989936 0.10772018656134606 0.14727136194705964 0.069306826591491705 0.24320265240967276 -0.34757006168365479 0.53687881231307988
leaf_weight=864 11.999999999999998 24 11.999999999999998 36 11.999999999999998 12 11.999999999999998 36 60 36 12 24 36 72 11.999999999999998 24 60 11.999999999999998 24 48 11.999999999999998 24 11.999999999999998 48 48 36 11.999999999999998 48 24 24
leaf_count=864 12 24 12 36 12 12 12 36 60 36 12 24 36 72 12 24 60 12 24 48 12 24 12 48 48 36 12 48 24 24
internal_value=-2.64823e-09 0.0495791 -0.0317195 0.00389284 0.0902284 -0.0127272 0.124547 0.222872 0.0262221 -0.037897 -0.236126 0.175126 -0.00991582 -0.027293 -0.147318 0.313836 0.0327195 -0.356933 -0.427706 -0.672076 -0.0611518 0.241171 0.322631 -0.0923515 -0.184023 -0.30072 -0.550775 0.11615 -0.0506652 0.754842
internal_weight=1728 288 96 84 192 48 144 72 72 72 24 60 1440 576 192 60 384 132 120 72 48 144 120 240 168 120 60 60 60 36
internal_count=1728 288 96 84 192 48 144 72 72 72 24 60 1440 576 192 60 384 132 120 72 48 144 120 240 168 120 60 60 60 36
is_linear=0
shrinkage=0.05


Tree=249
num_leaves=31
num_cat=0
split_feature=1 6 3 2 6 6 2 2 4 3 2 4 3 6 4 0 2 1 0 0 0 4 1 6 0 2 2 2 6 0
split_gain=310.207 337.174 308.25 251.536 902.5 502.569 296.261 282.302 203.04 176.339 211.425 167.631 124.319 1543.2 7189.53 6721.77 3776.56 2386.8 3880.38 3662.38 2753.52 2325.74 1724.76 1846.93 1398.59 1280.86 1238.28 916.361 3331.38 826.985
threshold=31361.745000000006 0.15000000000000005 95.222000000000023 107.75750000000001 0.25000000000000006 0.25000000000000006 110.56550000000001 110.56550000000001 115.82000000000001 105.84350000000002 117.89800000000001 84.478000000000009 65.925000000000011 0.15000000000000005 91.152500000000018 208019.18150000004 76.349000000000018 26343.954000000005 44158.321000000004 87041.996000000028 41777.992500000008 91.152500000000018 26343.954000000005 0.25000000000000006 45843.734500000013 99.851500000000016 11.119000000000002 74.89200000000001 0.25000000000000006 45843.734500000013
decision_type=2 2 2 2 2 2 2 2 2 2 2 2 2 2 2 2 2 2 2 2 2 2 2 2 2 2 2 2 2 2
left_child=12 2 -2 4 -3 7 -7 -5 -6 11 -11 -4 -1 14 17 26 21 18 20 -20 -14 27 23 29 -25 -21 -16 -15 -29 -18
right_child=1 3 9 5 8 6 -8 -9 -10 10 -12 -13 13 16 15 -17 22 -19 19 25 -22 -23 -24 24 -26 -27 -28 28 -30 -31
leaf_value=0.0015855309932872102 -0.26695532798767091 0.18088264465332032 0.24190025329589845 -0.19647256135940552 -0.34109017848968509 0.43851933479309085 0.16636988937854769 0.069187729954719543 -0.089197081327438366 -0.12729488536715508 0.064292354695498946 0.013023285195231438 -0.27673592766125998 0.070965243577957152 0.30239112377166749 -0.64933972358703618 0.87391252517700202 0.33325612545013428 -1.1427857398986816 -0.23719424108664194 0.59783110618591306 -0.33348295688629154 -0.15782223939895632 -0.37245969772338872 0.23104252442717554 -0.83367900848388676 0.92445487976074225 -0.85656318664550768 0.32160329818725586 0.40984286069869996
leaf_weight=864 11.999999999999998 36 11.999999999999998 11.999999999999998 11.999999999999998 11.999999999999998 60 60 24 36 24 24 36 120 11.999999999999998 11.999999999999998 11.999999999999998 11.999999999999998 24 36 11.999999999999998 72 24 11.999999999999998 48 11.999999999999998 24 12 12 48
leaf_count=864 12 36 12 12 12 12 60 60 24 36 24 24 36 120 12 12 12 12 24 36 12 72 24 12 48 12 24 12 12 48
internal_value=2.32917e-09 0.0440996 -0.0280343 0.0801666 0.0038606 0.11832 0.211728 0.024911 -0.173161 0.00183086 -0.05066 0.0893156 -0.0101768 -0.0289966 -0.148533 0.37549 0.0307715 -0.339087 -0.406321 -0.638472 -0.0580942 -0.101456 0.229112 0.306499 0.110342 -0.386315 0.7171 0.0145577 -0.26748 0.502657
internal_weight=1728 324 108 216 72 144 72 72 36 96 60 36 1404 540 180 48 360 132 120 72 48 216 144 120 60 48 36 144 24 60
internal_count=1728 324 108 216 72 144 72 72 36 96 60 36 1404 540 180 48 360 132 120 72 48 216 144 120 60 48 36 144 24 60
is_linear=0
shrinkage=0.05


Tree=250
num_leaves=31
num_cat=0
split_feature=1 6 3 2 3 1 3 0 6 0 6 0 0 1 3 6 4 0 2 1 0 0 0 4 1 6 0 3 2 2
split_gain=279.962 304.299 278.195 236.144 159.146 199.409 151.287 115.04 608.358 159.322 114.96 516.055 269.898 183.053 112.198 1392.74 6488.55 6066.4 3408.34 2154.08 3502.04 3305.3 2485.05 2098.98 1556.59 1666.85 1262.22 1173.78 1155.97 827.016
threshold=31361.745000000006 0.15000000000000005 95.222000000000023 127.01650000000002 105.84350000000002 55820.384000000005 105.34800000000001 573241.87500000012 0.25000000000000006 507657.76500000007 0.25000000000000006 619852.88050000009 619852.88050000009 55820.384000000005 65.925000000000011 0.15000000000000005 91.152500000000018 208019.18150000004 76.349000000000018 26343.954000000005 44158.321000000004 87041.996000000028 41777.992500000008 91.152500000000018 26343.954000000005 0.25000000000000006 45843.734500000013 85.117000000000004 99.851500000000016 74.89200000000001
decision_type=2 2 2 2 2 2 2 2 2 2 2 2 2 2 2 2 2 2 2 2 2 2 2 2 2 2 2 2 2 2
left_child=14 2 -2 7 6 -6 -4 8 -3 -10 12 -12 -9 -13 -1 16 19 27 23 20 22 -22 -16 29 25 -20 -27 -18 -23 -17
right_child=1 3 4 -5 5 -7 -8 10 9 -11 11 13 -14 -15 15 18 17 -19 24 -21 21 28 -24 -25 -26 26 -28 -29 -30 -31
leaf_value=0.001506249648001459 -0.25360755920410155 0.16079742312431336 0.012372121959924699 0.17396431863307954 -0.12255238493283589 0.063511107116937637 0.22980525493621828 -0.18664892911911013 -0.066384404897689805 -0.32403566837310788 0.41659340858459476 0.14764436781406404 0.078465941175818454 -0.047640214487910275 -0.26289913455645242 0.067416977435350425 1.0850084304809571 -0.61687273979187018 0.47752394080162053 0.31659331321716311 -1.0856464385986329 -0.22533452709515892 0.56793956756591801 -0.31680880784988408 -0.14993112981319429 -0.35383670330047612 0.21949039148166777 0.47936373949050903 -0.79199504852294922 -0.25410593748092652
leaf_weight=864 11.999999999999998 24 24 48 36 24 11.999999999999998 11.999999999999998 12 12 11.999999999999998 24 48 24 36 120 11.999999999999998 11.999999999999998 60 11.999999999999998 24 36 11.999999999999998 72 24 11.999999999999998 48 24 11.999999999999998 24
leaf_count=864 12 24 24 48 36 24 12 12 12 12 12 24 48 24 36 120 12 12 60 12 24 36 12 72 24 12 48 24 12 24
internal_value=4.94118e-10 0.0418947 -0.0266326 0.0761583 0.00173932 -0.048127 0.0848498 0.0482137 -0.0172063 -0.19521 0.0743817 0.12332 0.025443 0.0500021 -0.009668 -0.0275468 -0.141106 0.356716 0.0292329 -0.322132 -0.386005 -0.606549 -0.0551895 -0.0963831 0.217657 0.291174 0.104825 0.681245 -0.367 0.0138298
internal_weight=1728 324 108 216 96 60 36 168 48 24 120 60 60 48 1404 540 180 48 360 132 120 72 48 216 144 120 60 36 48 144
internal_count=1728 324 108 216 96 60 36 168 48 24 120 60 60 48 1404 540 180 48 360 132 120 72 48 216 144 120 60 36 48 144
is_linear=0
shrinkage=0.05


Tree=251
num_leaves=31
num_cat=0
split_feature=0 6 0 3 1 4 2 4 0 4 0 4 1 1 1 6 0 0 0 0 6 1 1 0 2 6 4 4 2 2
split_gain=252.815 132.435 715.622 844.035 794.625 1665.42 1395.24 1437.2 1037.83 1134.32 971.686 878.151 709.487 574.705 1514.16 2199.7 15300.6 9240.5 2660.69 1300.93 3049.61 12041.5 7333.46 1165.49 1160.11 2740.78 29859.6 27186 7004.83 4726.76
threshold=619852.88050000009 0.25000000000000006 573241.87500000012 105.34800000000001 10484.007500000002 82.975500000000011 57.764500000000005 17.934000000000005 90630.424000000014 99.63600000000001 31159.647000000004 14.624000000000001 11991.799500000003 10484.007500000002 9241.5975000000017 0.15000000000000005 41777.992500000008 41777.992500000008 37306.64650000001 74959.462500000009 0.15000000000000005 11991.799500000003 11991.799500000003 63082.982000000011 43.663000000000004 0.15000000000000005 149.54050000000004 149.54050000000004 36.14800000000001 31.205000000000002
decision_type=2 2 2 2 2 2 2 2 2 2 2 2 2 2 2 2 2 2 2 2 2 2 2 2 2 2 2 2 2 2
left_child=1 13 3 4 5 6 7 10 12 -10 -3 -8 -6 14 24 17 18 -16 -17 20 21 -15 -22 -18 25 26 28 -27 29 -1
right_child=-2 2 -4 -5 8 -7 11 -9 9 -11 -12 -13 -14 19 15 16 23 -19 -20 -21 22 -23 -24 -25 -26 27 -28 -29 -30 -31
leaf_value=0.022021174430847168 0.05608525930593411 -0.14939179420471191 0.39576373100280765 -0.22822066346804301 0.061744187275568643 -0.35401922067006431 0.25455460548400882 0.29728807449340822 0.1744339779019356 -0.11021166096131008 0.3536423206329346 -0.20744042793909709 0.35538069605827333 0.63310984770456957 -0.73232138156890869 0.80634069442749012 -0.80102977752685534 0.65515992641448983 1.8592519760131834 -0.011201380938291551 -0.90069344838460297 -0.81275794506073007 0.22765460610389709 -0.10416432619094847 -0.10815865385811776 0.19476670707975116 2.5876216888427734 -2.3494136810302737 0.44849980672200518 -0.97032041549682624
leaf_weight=24 180 48 11.999999999999998 36 36 36 11.999999999999998 60 60 84 11.999999999999998 72 48 36 24 12 12 24 12 432 36 24 24 12 192 84 11.999999999999998 11.999999999999998 36 24
leaf_count=24 180 48 12 36 36 36 12 60 60 84 12 72 48 36 24 12 12 24 12 432 36 24 24 12 192 84 12 12 36 24
internal_value=1.91007e-10 -0.00652154 0.0141608 0.00507504 0.0230209 -0.0404815 0.0148487 0.124252 0.0898655 0.00839069 -0.048785 -0.141441 0.229536 -0.0168627 0.0231503 0.200759 0.4401 -0.0385807 1.3328 -0.0516567 -0.197296 0.0547627 -0.449354 -0.452597 -0.021252 0.0656547 0.254565 -0.123256 -0.0787284 -0.47415
internal_weight=1728 1548 516 504 468 240 204 120 228 144 60 84 84 1032 480 96 48 48 24 552 120 60 60 24 384 192 96 96 84 48
internal_count=1728 1548 516 504 468 240 204 120 228 144 60 84 84 1032 480 96 48 48 24 552 120 60 60 24 384 192 96 96 84 48
is_linear=0
shrinkage=0.05


Tree=252
num_leaves=31
num_cat=0
split_feature=0 0 0 6 6 2 0 0 0 1 6 6 0 0 1 4 0 6 0 0 1 6 2 1 6 3 4 6 2 2
split_gain=235.745 161.382 302.371 3151.53 2625.3 2458.73 2918.36 2181.13 1589.76 1540.82 1121.27 724.324 2422.75 1560.69 711.426 673.767 604.077 496.794 1940.01 1605.82 352.125 334.254 322.019 252.916 515.367 852.871 972.728 1460.58 8316.25 3232.13
threshold=1048200.1775000001 27705.340000000004 7391.9660000000013 0.15000000000000005 0.15000000000000005 43.663000000000004 19563.351500000001 4747.4170000000004 4747.4170000000004 4852.8110000000006 0.25000000000000006 0.25000000000000006 19740.918500000003 16052.3765 7458.433500000001 14.624000000000001 22666.579000000002 0.25000000000000006 19563.351500000001 18495.691000000003 2579.4600000000005 0.25000000000000006 42.413500000000006 10279.872000000001 0.25000000000000006 46.238000000000007 101.94350000000001 0.15000000000000005 71.424500000000009 66.83750000000002
decision_type=2 2 2 2 2 2 2 2 2 2 2 2 2 2 2 2 2 2 2 2 2 2 2 2 2 2 2 2 2 2
left_child=1 2 3 7 5 6 -4 20 21 17 -10 12 -11 -13 -15 -7 -14 18 -6 -19 -1 22 -5 -3 25 -25 27 29 -29 -27
right_child=-2 23 4 8 9 15 -8 -9 10 11 -12 13 16 14 -16 -17 -18 19 -20 -21 -22 -23 -24 24 -26 26 -28 28 -30 -31
leaf_value=-0.22067419290542603 0.088569341351588574 0.046053336746990685 1.1125238418579102 -0.029720073938369753 -0.74456303119659428 -0.39522235393524174 0.15754311382770539 -0.88847656250000007 0.88568220138549791 0.17018385529518129 0.20216593742370603 -0.40417795181274419 -0.7911141395568847 0.56858682632446289 0.097077853977680206 0.037394671080013119 -0.2894181966781616 0.24991657733917239 0.034060215950012206 -0.45847599506378178 0.11104730367660523 -0.03370019793510437 0.28750360012054443 -0.12999784361038888 0.044194396290882135 0.6158322334289551 0.088072197185829287 -0.79426479339599609 0.22530952483415603 -0.24124140973118219
leaf_weight=24 72 288 11.999999999999998 11.999999999999998 24 11.999999999999998 24 11.999999999999998 12 24 12 11.999999999999998 12 11.999999999999998 24 36 12 11.999999999999998 11.999999999999998 24 11.999999999999998 36 24 168 324 11.999999999999998 192 24 120 132
leaf_count=24 72 288 12 12 24 12 24 12 12 24 12 12 12 12 24 36 12 12 12 24 12 36 24 168 324 12 192 24 120 132
internal_value=1.06498e-10 -0.00385084 -0.0316931 0.0261048 -0.0647205 0.16351 0.47587 -0.304694 0.191504 -0.178836 0.543924 -0.0477 -0.185041 0.0896411 0.254248 -0.0707596 -0.540266 -0.353684 -0.485022 -0.222345 -0.1101 0.0740311 0.181762 0.00489959 -0.00729412 -0.0330384 0.000897439 -0.0572191 0.0553805 -0.169819
internal_weight=1728 1656 396 144 252 84 36 48 96 168 24 96 48 48 36 48 24 72 36 36 36 72 36 1260 972 648 480 288 144 144
internal_count=1728 1656 396 144 252 84 36 48 96 168 24 96 48 48 36 48 24 72 36 36 36 72 36 1260 972 648 480 288 144 144
is_linear=0
shrinkage=0.05


Tree=253
num_leaves=31
num_cat=0
split_feature=0 0 0 6 6 2 0 0 0 1 6 6 0 0 1 4 0 6 0 0 1 6 2 1 6 3 4 6 0 0
split_gain=218.966 156.532 272.89 2844.25 2369.33 2219 2633.82 1968.47 1434.75 1390.59 1011.94 653.702 2186.53 1408.52 642.062 608.075 545.18 448.356 1750.86 1449.26 317.793 301.664 290.622 213.206 419.579 819.878 802.783 4219.05 4298.79 3811.58
threshold=1182183.7235000001 27705.340000000004 7391.9660000000013 0.15000000000000005 0.15000000000000005 43.663000000000004 19563.351500000001 4747.4170000000004 4747.4170000000004 4852.8110000000006 0.25000000000000006 0.25000000000000006 19740.918500000003 16052.3765 7458.433500000001 14.624000000000001 22666.579000000002 0.25000000000000006 19563.351500000001 18495.691000000003 2579.4600000000005 0.25000000000000006 42.413500000000006 10279.872000000001 0.25000000000000006 46.238000000000007 64.634000000000015 0.15000000000000005 145818.27200000003 145818.27200000003
decision_type=2 2 2 2 2 2 2 2 2 2 2 2 2 2 2 2 2 2 2 2 2 2 2 2 2 2 2 2 2 2
left_child=1 2 3 7 5 6 -4 20 21 17 -10 12 -11 -13 -15 -7 -14 18 -6 -19 -1 22 -5 -3 25 -25 27 29 -29 -27
right_child=-2 23 4 8 9 15 -8 -9 10 11 -12 13 16 14 -16 -17 -18 19 -20 -21 -22 -23 -24 24 -26 26 -28 28 -30 -31
leaf_value=-0.2096404790878296 0.12202113370100659 0.043750667882462346 1.0568976402282715 -0.028234070539474489 -0.70733487606048584 -0.37546124458312991 0.14966595768928528 -0.84405269622802737 0.84139814376831046 0.16167466714978218 0.19205764532089231 -0.3839690446853638 -0.75155844688415518 0.54015746116638186 0.092223960161209109 0.03552494045191755 -0.27494728565216059 0.23742074966430665 0.032357203960418704 -0.43555219173431398 0.10549494028091431 -0.032015186548233036 0.27312841415405276 -0.12349795198866301 0.040590898721434537 -0.6218961358070374 0.058695114838580288 0.50484335795044899 -0.12998866887763144 -0.02412055626511574
leaf_weight=24 36 288 11.999999999999998 11.999999999999998 24 11.999999999999998 24 11.999999999999998 12 24 12 11.999999999999998 12 11.999999999999998 24 36 12 11.999999999999998 11.999999999999998 24 11.999999999999998 36 24 168 336 48 288 48 60 60
leaf_count=24 36 288 12 12 24 12 24 12 12 24 12 12 12 12 24 36 12 12 12 24 12 36 24 168 336 48 288 48 60 60
internal_value=-3.63205e-10 -0.00259619 -0.0301084 0.0247995 -0.0614844 0.155335 0.452077 -0.28946 0.181929 -0.169894 0.516728 -0.045315 -0.175789 0.0851591 0.241535 -0.0672216 -0.513253 -0.335999 -0.460771 -0.211228 -0.104595 0.0703295 0.172674 0.00581033 -0.00502977 -0.0278401 0.00404585 -0.0688198 0.152159 -0.289799
internal_weight=1728 1692 396 144 252 84 36 48 96 168 24 96 48 48 36 48 24 72 36 36 36 72 36 1296 1008 672 504 216 108 108
internal_count=1728 1692 396 144 252 84 36 48 96 168 24 96 48 48 36 48 24 72 36 36 36 72 36 1296 1008 672 504 216 108 108
is_linear=0
shrinkage=0.05


Tree=254
num_leaves=31
num_cat=0
split_feature=0 6 0 0 2 2 0 6 6 0 0 1 0 1 6 1 1 6 3 6 6 4 4 4 4 1 1 0 0 0
split_gain=198.048 223.299 226.683 279.421 205.914 193.486 129.741 523.974 101.386 422.833 230.202 167.187 96.6538 278.848 725.446 856.879 751.721 1106.03 848.185 8349.88 5300.98 28084.1 21958.6 10457.7 7068.41 5287.33 4877.22 5363.95 1726.79 678.983
threshold=388286.60400000011 0.15000000000000005 507657.76500000007 573241.87500000012 127.01650000000002 117.89800000000001 573241.87500000012 0.25000000000000006 0.25000000000000006 619852.88050000009 619852.88050000009 55820.384000000005 27705.340000000004 10484.007500000002 0.25000000000000006 7047.768500000001 7047.768500000001 0.15000000000000005 64.121000000000009 0.15000000000000005 0.15000000000000005 149.54050000000004 149.54050000000004 49.236500000000007 49.236500000000007 9804.0705000000016 9804.0705000000016 41777.992500000008 41777.992500000008 38531.177500000013
decision_type=2 2 2 2 2 2 2 2 2 2 2 2 2 2 2 2 2 2 2 2 2 2 2 2 2 2 2 2 2 2
left_child=12 2 -2 -4 6 -5 7 -3 10 -10 -8 -11 -1 14 16 -16 17 -14 20 25 22 23 24 -22 -18 -20 -21 -28 -27 -17
right_child=1 4 3 5 -6 -7 8 -9 9 11 -12 -13 13 -15 15 29 18 -19 19 26 21 -23 -24 -25 -26 28 27 -29 -30 -31
leaf_value=-0.028603031678181706 -0.2276923179626465 0.16658779382705688 0.22800235748291017 -0.11456737766663234 0.15866768658161165 0.049362459778785707 -0.18152246475219727 -0.3006621122360229 0.37173626422882083 0.13321861624717712 0.063321413472294807 -0.053411102760583168 -0.51142063140869132 -0.016926461052563454 0.33146998882293705 -0.2496448338031769 -1.0068063735961914 0.16743509769439696 -0.97135820388793948 0.99003567695617678 1.7617992401123048 -2.2364332199096681 2.4537504196166995 -0.045971834287047389 0.47942274808883667 -0.34593760967254639 0.72951602935791016 -0.76546845436096189 0.50229439735412595 0.016301339864730837
leaf_weight=396 11.999999999999998 12 11.999999999999998 36 48 36 11.999999999999998 12 11.999999999999998 24 48 24 12 720 11.999999999999998 48 11.999999999999998 12 24 24 11.999999999999998 11.999999999999998 11.999999999999998 24 24 12 12 12 12 48
leaf_count=396 12 12 12 36 48 36 12 12 12 24 48 24 12 720 12 48 12 12 24 24 12 12 12 24 24 12 12 12 12 48
internal_value=1.16372e-09 0.0378503 -0.0244131 0.0046268 0.0689819 -0.0326025 0.0390867 -0.0670372 0.0603114 0.10627 0.0143526 0.0399038 -0.00757005 0.000407977 0.038929 -0.0668782 0.0918325 -0.171993 0.124811 0.0197199 0.229901 -0.141644 0.601447 0.556619 -0.015987 -0.44659 0.48603 -0.0179762 0.0781784 -0.116672
internal_weight=1728 288 96 84 192 72 144 24 120 60 60 48 1440 1044 324 108 216 24 192 96 96 48 48 36 36 48 48 24 24 96
internal_count=1728 288 96 84 192 72 144 24 120 60 60 48 1440 1044 324 108 216 24 192 96 96 48 48 36 36 48 48 24 24 96
is_linear=0
shrinkage=0.05


Tree=255
num_leaves=31
num_cat=0
split_feature=0 6 0 0 2 2 0 6 6 0 0 1 0 1 6 1 1 6 3 6 6 4 4 4 4 1 1 0 0 6
split_gain=178.739 201.528 204.582 252.178 185.838 174.621 117.092 472.887 91.501 381.607 207.758 150.886 87.23 251.66 654.715 773.333 678.428 998.19 765.487 7535.77 4784.13 25345.9 19817.6 9438.09 6379.24 4771.82 4401.69 4840.96 1558.43 622.066
threshold=388286.60400000011 0.15000000000000005 507657.76500000007 573241.87500000012 127.01650000000002 117.89800000000001 573241.87500000012 0.25000000000000006 0.25000000000000006 619852.88050000009 619852.88050000009 55820.384000000005 27705.340000000004 10484.007500000002 0.25000000000000006 7047.768500000001 7047.768500000001 0.15000000000000005 64.121000000000009 0.15000000000000005 0.15000000000000005 149.54050000000004 149.54050000000004 49.236500000000007 49.236500000000007 9804.0705000000016 9804.0705000000016 41777.992500000008 41777.992500000008 0.25000000000000006
decision_type=2 2 2 2 2 2 2 2 2 2 2 2 2 2 2 2 2 2 2 2 2 2 2 2 2 2 2 2 2 2
left_child=12 2 -2 -4 6 -5 7 -3 10 -10 -8 -11 -1 14 16 -16 17 -14 20 25 22 23 24 -22 -18 -20 -21 -28 -27 -15
right_child=1 4 3 5 -6 -7 8 -9 9 11 -12 -13 13 29 15 -17 18 -19 19 26 21 -23 -24 -25 -26 28 27 -29 -30 -31
leaf_value=-0.027172880497704627 -0.21630771160125734 0.15825841426849363 0.21660225391387941 -0.10883901193737984 0.15073429793119431 0.046894337485233945 -0.17244633436203005 -0.28562901020050047 0.35314946174621586 0.12655768096446993 0.060155344288796188 -0.050740550085902218 -0.4858495712280273 -0.048943137284368277 0.31489648818969729 -0.11083815842866898 -0.95646600723266606 0.15906333923339844 -0.92279033660888676 0.94053387641906738 1.6737092971801759 -2.1246114730834962 2.3310628890991212 -0.043673247843980793 0.45545158386230472 -0.32864072322845456 0.69304022789001463 -0.72719502449035645 0.47717967033386222 0.049645846933126452
leaf_weight=396 11.999999999999998 12 11.999999999999998 36 48 36 11.999999999999998 12 11.999999999999998 24 48 24 12 480 11.999999999999998 96 11.999999999999998 12 24 24 11.999999999999998 11.999999999999998 11.999999999999998 24 24 12 12 12 12 240
leaf_count=396 12 12 12 36 48 36 12 12 12 24 48 24 12 480 12 96 12 12 24 24 12 12 12 24 24 12 12 12 12 240
internal_value=-9.11112e-10 0.0359577 -0.0231924 0.00439546 0.0655328 -0.0309723 0.0371323 -0.0636853 0.0572959 0.100957 0.013635 0.0379086 -0.00719155 0.000387575 0.0369825 -0.0635343 0.0872409 -0.163393 0.11857 0.0187339 0.218406 -0.134562 0.571375 0.528788 -0.0151876 -0.42426 0.461728 -0.0170774 0.0742695 -0.0160801
internal_weight=1728 288 96 84 192 72 144 24 120 60 60 48 1440 1044 324 108 216 24 192 96 96 48 48 36 36 48 48 24 24 720
internal_count=1728 288 96 84 192 72 144 24 120 60 60 48 1440 1044 324 108 216 24 192 96 96 48 48 36 36 48 48 24 24 720
is_linear=0
shrinkage=0.05


Tree=256
num_leaves=31
num_cat=0
split_feature=1 6 3 2 0 2 0 3 6 4 0 2 1 0 0 4 0 1 3 6 0 2 6 4 4 3 3 6 6 3
split_gain=162.661 184.061 183.082 176.746 111.265 157.595 118.034 90.3253 894.383 4957.83 5302.85 2461.18 1841.32 2673.21 2487.41 1796.45 1574.48 1196.88 1169.98 1148.85 979.068 967.465 685.636 23128.2 12006.9 8716.35 7758.24 7685.24 7068.4 4319.94
threshold=31361.745000000006 0.15000000000000005 95.222000000000023 127.01650000000002 573241.87500000012 117.89800000000001 507657.76500000007 65.925000000000011 0.15000000000000005 91.152500000000018 208019.18150000004 76.349000000000018 26343.954000000005 44158.321000000004 87041.996000000028 91.152500000000018 41777.992500000008 26343.954000000005 85.117000000000004 0.25000000000000006 45843.734500000013 99.851500000000016 0.15000000000000005 149.54050000000004 149.54050000000004 62.127500000000005 62.127500000000005 0.25000000000000006 0.25000000000000006 12.640500000000001
decision_type=2 2 2 2 2 2 2 2 2 2 2 2 2 2 2 2 2 2 2 2 2 2 2 2 2 2 2 2 2 2
left_child=7 2 -2 -3 6 -6 -4 22 9 12 18 15 13 16 -15 -10 -9 19 -11 -13 -21 -16 23 26 25 -24 29 -26 -27 -1
right_child=1 3 4 -5 5 -7 -8 8 11 10 -12 17 -14 14 21 -17 -18 -19 -20 20 -22 -23 24 -25 27 28 -28 -29 -30 -31
leaf_value=0.97984132766723642 -0.20549232959747316 0.034405802935361864 -0.015995064377784727 0.14319758564233781 -0.10339706068237622 0.044549617047111197 0.20577213764190672 -0.20800879995028176 0.017306894467522701 1.0272731781005859 -0.58951392173767092 0.40137927234172821 0.31788530349731448 -0.94000740051269538 -0.18698322474956514 -0.28857741951942445 0.45332069396972657 -0.14012292623519898 0.42260894775390628 -0.31198797225952152 0.1929533399641514 -0.70538487434387209 -0.042553992468922858 2.2145097732543948 -2.0183809280395506 1.2693292617797853 -0.88677887916564946 -0.22891647815704341 0.05582892894744873 0.0077369917742908002
leaf_weight=11.999999999999998 11.999999999999998 168 12 48 36 36 12 36 144 11.999999999999998 11.999999999999998 60 11.999999999999998 24 36 72 11.999999999999998 24 24 11.999999999999998 48 11.999999999999998 504 11.999999999999998 12 24 24 12 24 240
leaf_count=12 12 168 12 48 36 36 12 36 144 12 12 60 12 24 36 72 12 24 24 12 48 12 504 12 12 24 24 12 24 240
internal_value=-1.4401e-10 0.0319339 -0.021362 0.0585818 0.00165434 -0.0294237 0.0948885 -0.00736935 -0.0234111 -0.114413 0.320744 0.0220898 -0.272652 -0.331706 -0.524392 -0.0846545 -0.0426764 0.182206 0.624164 0.246672 0.0919651 -0.316584 0.00265673 0.0656472 -0.0288385 0.0187619 -0.0277816 -1.12365 0.662579 0.0540277
internal_weight=1728 324 108 216 96 72 24 1404 540 180 48 360 132 120 72 216 48 144 36 120 60 48 864 288 576 552 276 24 48 252
internal_count=1728 324 108 216 96 72 24 1404 540 180 48 360 132 120 72 216 48 144 36 120 60 48 864 288 576 552 276 24 48 252
is_linear=0
shrinkage=0.05


Tree=257
num_leaves=31
num_cat=0
split_feature=1 6 3 2 0 2 0 0 6 6 0 6 0 6 1 1 0 1 4 4 6 4 4 1 0 2 3 6 1 0
split_gain=146.802 166.115 165.231 159.513 100.417 142.23 106.525 83.6242 226.123 468.739 218.108 158.775 678.757 1099.92 4358.33 1361.25 1115.56 784.948 1267.59 1173.86 3939.74 18889.2 16090.3 4450.69 5454.39 2996.81 7047.59 1923.97 7604.69 6797.7
threshold=31361.745000000006 0.15000000000000005 95.222000000000023 127.01650000000002 573241.87500000012 117.89800000000001 507657.76500000007 3923.9490000000001 0.25000000000000006 0.15000000000000005 3304.2185000000004 0.25000000000000006 12036.576500000001 0.15000000000000005 2158.8095000000008 2158.8095000000008 7391.9660000000013 10484.007500000002 14.624000000000001 28.488500000000005 0.15000000000000005 149.54050000000004 149.54050000000004 9804.0705000000016 38531.177500000013 74.89200000000001 64.121000000000009 0.15000000000000005 5600.7615000000014 33295.90400000001
decision_type=2 2 2 2 2 2 2 2 2 2 2 2 2 2 2 2 2 2 2 2 2 2 2 2 2 2 2 2 2 2
left_child=7 2 -2 -3 6 -6 -4 8 9 10 -1 12 13 15 -15 -9 -16 18 -14 27 21 23 25 24 -21 26 -22 29 -29 -20
right_child=1 3 4 -5 5 -7 -8 11 -10 -11 -12 -13 17 14 16 -17 -18 -19 19 20 22 -23 -24 -25 -26 -27 -28 28 -30 -31
leaf_value=-0.19883805513381958 -0.19521770477294922 0.032685512438807303 -0.015195310115814207 0.1360377088189125 -0.098227205251654001 0.042322138758997124 0.1954835295677185 -0.79944815635681155 -0.079827013611793521 0.26438848972320556 0.10262213945388793 0.0145752397105769 -0.1415129628032446 0.80424470901489264 -0.021905870735645292 -0.14722848832607269 -0.70368046760559078 -0.052632203041330761 0.60698086023330688 0.14212902556173504 -0.18803298436105254 2.1037841796875001 -1.9174617767333986 0.55852656364440922 -0.8309811592102051 -0.69170064926147468 0.86134128570556645 -0.63042278289794929 0.82299226125081393 -0.58305600881576536
leaf_weight=12 11.999999999999998 168 12 48 36 36 12 11.999999999999998 24 24 12 444 72 11.999999999999998 12 24 12 456 24 36 48 11.999999999999998 11.999999999999998 24 24 11.999999999999998 24 11.999999999999998 36 24
leaf_count=12 12 168 12 48 36 36 12 12 24 24 12 444 72 12 12 24 12 456 24 36 48 12 12 24 24 12 24 12 36 24
internal_value=-3.28947e-10 0.0303372 -0.0202939 0.0556527 0.00157163 -0.0279525 0.0901441 -0.00700088 0.0454845 0.10814 -0.048108 -0.00983793 -0.0220445 -0.169208 0.0262195 -0.364635 -0.362793 -0.00905952 0.0461325 0.0930439 0.0216656 0.248158 -0.204826 -0.0169317 -0.247115 0.0398357 0.161758 0.2358 0.459639 0.0119624
internal_weight=1728 324 108 216 96 72 24 1404 72 48 24 1332 888 72 36 36 24 816 360 288 192 96 96 84 60 84 72 96 48 48
internal_count=1728 324 108 216 96 72 24 1404 72 48 24 1332 888 72 36 36 24 816 360 288 192 96 96 84 60 84 72 96 48 48
is_linear=0
shrinkage=0.05


Tree=258
num_leaves=31
num_cat=0
split_feature=0 6 4 0 0 6 6 2 0 0 0 2 6 6 0 0 4 6 0 3 1 6 0 0 0 0 1 2 0 6
split_gain=135.543 124.208 116.649 90.9321 240.123 2365.83 2001.87 1974.55 2184.04 1599.53 1190.46 1113.27 800.11 524.913 2255.97 1733.57 473.174 412.507 1348.97 1183.19 261.008 242.676 236.713 212.07 195.87 193.276 169.129 320.113 333.283 8710.03
threshold=840329.43250000023 0.25000000000000006 84.478000000000009 27705.340000000004 7391.9660000000013 0.15000000000000005 0.15000000000000005 43.663000000000004 19563.351500000001 4747.4170000000004 4747.4170000000004 47.44700000000001 0.25000000000000006 0.25000000000000006 19740.918500000003 16052.3765 14.624000000000001 0.25000000000000006 19563.351500000001 43.781500000000008 2579.4600000000005 0.25000000000000006 3923.9490000000001 22666.579000000002 22666.579000000002 19740.918500000003 10279.872000000001 67.669000000000025 37306.64650000001 0.15000000000000005
decision_type=2 2 2 2 2 2 2 2 2 2 2 2 2 2 2 2 2 2 2 2 2 2 2 2 2 2 2 2 2 2
left_child=3 -2 -3 4 5 9 7 8 -6 20 21 17 -12 14 -13 -15 -9 18 -8 -19 -1 22 -7 -20 -21 -17 27 28 29 -5
right_child=1 2 -4 26 6 10 11 16 -10 -11 12 13 -14 15 -16 25 -18 19 23 24 -22 -23 -24 -25 -26 -27 -28 -29 -30 -31
leaf_value=-0.18810485601425173 0.016319692259033524 0.0027823833748698238 0.19370841979980469 0.77186336517333987 0.97610559463500979 0.25116906166076663 -0.63369905948638916 -0.33642327785491943 0.14996284246444702 -0.75947575569152836 0.76403245925903318 0.1399739183485508 0.18664249181747436 -0.36058285236358645 -0.69966235160827639 0.2335564851760864 0.026119282096624376 -0.40958687067031863 0.045057487487792966 0.22973744869232174 0.097491025924682617 -0.023079951604207359 -0.020810577273368838 -0.25220081806182859 -0.055941587686538688 0.51733732223510731 -0.0071874325525843443 -0.03142461677392324 0.13301221662097507 -0.39473100006580353
leaf_weight=24 72 11.999999999999998 24 24 11.999999999999998 24 24 11.999999999999998 24 11.999999999999998 12 24 12 11.999999999999998 11.999999999999998 12 36 24 12 12 11.999999999999998 36 11.999999999999998 12 12 12 936 108 108 48
leaf_count=24 72 12 24 24 12 24 24 12 24 12 12 24 12 12 12 12 36 24 12 12 12 36 12 12 12 12 936 108 108 48
internal_value=-5.21498e-10 0.0542353 0.130066 -0.00361568 -0.0244421 0.027064 -0.0538741 0.145424 0.425344 -0.259549 0.17037 -0.153523 0.475337 -0.00490059 -0.139905 0.130104 -0.0645164 -0.26499 -0.368635 -0.161344 -0.0929062 0.0687146 0.160509 -0.103572 0.0868979 0.375447 0.00312227 0.0366288 0.0774608 -0.00586621
internal_weight=1728 108 36 1620 396 144 252 84 36 48 96 168 24 72 36 36 48 96 48 48 36 72 36 24 24 24 1224 288 180 72
internal_count=1728 108 36 1620 396 144 252 84 36 48 96 168 24 72 36 36 48 96 48 48 36 72 36 24 24 24 1224 288 180 72
is_linear=0
shrinkage=0.05


Tree=259
num_leaves=31
num_cat=0
split_feature=1 3 6 2 2 6 0 6 2 0 6 4 4 2 6 3 2 3 2 6 4 4 1 2 0 0 6 0 1 4
split_gain=128.069 133.782 3447.05 5034.9 3358.53 2078.23 1196.28 999.117 933.351 883.609 687.523 18003 9382.81 9077.17 6170.06 5268.72 3804.91 3394.66 3055.12 5929.5 2737.73 3544.3 2824.45 4417.6 2141.2 2139.54 1936.39 1849.45 1461.51 1078.13
threshold=24629.120500000001 76.597500000000011 0.15000000000000005 76.349000000000018 76.349000000000018 0.25000000000000006 37405.976000000002 0.25000000000000006 78.163500000000013 45843.734500000013 0.15000000000000005 149.54050000000004 149.54050000000004 68.52800000000002 0.25000000000000006 62.127500000000005 68.52800000000002 62.127500000000005 66.080000000000013 0.25000000000000006 140.45600000000005 107.81800000000001 2579.4600000000005 40.431500000000007 47382.240000000013 145818.27200000003 0.25000000000000006 41777.992500000008 2158.8095000000008 14.624000000000001
decision_type=2 2 2 2 2 2 2 2 2 2 2 2 2 2 2 2 2 2 2 2 2 2 2 2 2 2 2 2 2 2
left_child=1 10 3 -3 5 6 -4 -6 -5 -9 11 13 16 15 -14 20 17 28 19 -19 21 22 -1 -24 -15 -17 27 -18 -12 -30
right_child=-2 2 4 8 7 -7 -8 9 -10 -11 12 -13 14 24 -16 25 26 18 -20 -21 -22 -23 23 -25 -26 -27 -28 -29 29 -31
leaf_value=-0.35963373184204106 0.022334845214843371 0.30965974628925325 -0.23959078788757321 -0.94163684844970708 0.37554504126310351 0.065404435992240911 -0.94560041427612296 -0.29675796031951907 -0.44862549901008608 0.18293629437685013 0.25190421640872956 1.9600019454956055 -1.801852226257324 0.2884750783443451 -0.19846287965774534 -0.68633682131767282 0.029085469245910645 1.1571038246154786 0.086403976753354081 0.045658111572265625 0.39062054157257081 -0.53076420625050857 0.6039972384770711 -0.074358793348073965 0.95637035369873047 0.060103213787078863 -0.059362199902534489 -0.6876688162485759 0.18092986941337585 -0.07239730104449249
leaf_weight=36 468 24 12 11.999999999999998 60 24 12 11.999999999999998 48 48 48 11.999999999999998 12 24 12 48 11.999999999999998 24 72 24 36 36 36 72 24 11.999999999999998 48 36 48 336
leaf_count=36 468 24 12 12 60 24 12 12 48 48 48 12 12 24 12 48 12 24 72 24 36 36 36 72 24 12 48 36 48 336
internal_value=-2.04266e-10 -0.0082958 -0.0408804 -0.302403 0.0898807 -0.263596 -0.592596 0.231271 -0.547228 0.0869974 -0.00014964 0.0582484 -0.0293487 -0.0121869 -1.00016 -0.122554 0.00660722 0.0571339 0.292395 0.601381 -0.00741629 -0.0870237 0.0239115 0.15176 0.622423 -0.537049 -0.283921 -0.50848 -0.00821634 -0.0407314
internal_weight=1728 1260 252 84 168 48 24 120 60 60 1008 336 672 324 24 276 648 552 120 48 216 180 144 108 48 60 96 48 432 384
internal_count=1728 1260 252 84 168 48 24 120 60 60 1008 336 672 324 24 276 648 552 120 48 216 180 144 108 48 60 96 48 432 384
is_linear=0
shrinkage=0.05


Tree=260
num_leaves=31
num_cat=0
split_feature=3 6 3 6 0 0 0 6 4 4 6 4 4 3 4 0 1 0 1 4 1 0 1 6 1 1 4 2 3 0
split_gain=119.152 2908.03 2338.88 1230.6 2606.4 405.878 356.125 338.057 17552.7 9232.03 5568.48 3266.24 4089.7 3653.14 3050.84 2634.52 4802.06 2156.37 2954.1 1844.13 1551.33 1990.57 4694.46 5899.68 2545.02 1744.05 1354.17 1258.66 2089.82 1704.22
threshold=23.917000000000005 0.15000000000000005 12.640500000000001 0.25000000000000006 47382.240000000013 55159.639500000012 55159.639500000012 0.15000000000000005 149.54050000000004 149.54050000000004 0.25000000000000006 64.634000000000015 19.046500000000005 42.413500000000006 28.488500000000005 68725.196500000005 13134.513000000001 208019.18150000004 15904.846000000003 33.389500000000005 2158.8095000000008 31159.647000000004 9804.0705000000016 0.25000000000000006 9241.5975000000017 8505.381000000003 38.12850000000001 76.349000000000018 40.431500000000007 68725.196500000005
decision_type=2 2 2 2 2 2 2 2 2 2 2 2 2 2 2 2 2 2 2 2 2 2 2 2 2 2 2 2 2 2
left_child=1 2 -1 4 -3 -6 -4 8 11 20 -11 12 13 -2 -14 -13 -17 18 -18 -16 -9 -22 23 24 -23 -25 -21 28 29 -24
right_child=7 3 6 -5 5 -7 -8 9 -10 10 -12 15 14 -15 19 16 17 -19 -20 26 21 22 27 25 -26 -27 -28 -29 -30 -31
leaf_value=0.88602180480957038 0.89710044860839844 0.1606438159942627 -0.16150922775268553 -0.027600886424382527 -0.94747180938720688 -0.53623509407043446 0.22369909286499021 0.43897541165351872 1.8620018005371095 -1.711759567260742 -0.18853973150253295 0.45868950684865317 -0.66385620236396792 -0.035527308923857553 0.38987579345703127 -0.66960263252258301 -0.024984606107076011 -0.057970996863312196 0.61555503209431972 -0.76394910812377936 -0.093809186518192297 0.58009908994038895 -0.14268604516983033 0.30775732994079591 1.4209018707275392 -0.29502195119857788 -0.2068762991577387 0.094952659215778112 -0.099838944392589238 0.37334079295396805
leaf_weight=11.999999999999998 11.999999999999998 11.999999999999998 12 36 12 12 12 24 11.999999999999998 12 12 36 48 84 11.999999999999998 24 36 108 36 11.999999999999998 240 36 24 24 11.999999999999998 24 120 336 288 48
leaf_count=12 12 12 12 36 12 12 12 24 12 12 12 36 48 84 12 24 36 108 36 12 240 36 24 24 12 24 120 336 288 48
internal_value=1.53927e-10 -0.0508505 0.316071 -0.234311 -0.441021 -0.741853 0.0310949 0.00339003 -0.0289114 0.0195408 -0.95015 -0.0718867 -0.18541 0.0810512 -0.318641 0.0643418 -0.005249 0.0833315 0.295285 -0.20357 0.0415792 0.0323374 0.0705636 0.398334 0.7903 0.00636769 -0.257519 0.025354 -0.0396048 0.201332
internal_weight=1728 108 36 72 36 24 24 1620 540 1080 24 528 288 96 192 240 204 180 72 144 1056 1032 792 96 48 48 132 696 360 72
internal_count=1728 108 36 72 36 24 24 1620 540 1080 24 528 288 96 192 240 204 180 72 144 1056 1032 792 96 48 48 132 696 360 72
is_linear=0
shrinkage=0.05


Tree=261
num_leaves=31
num_cat=0
split_feature=1 6 4 3 4 0 2 3 4 4 0 0 0 1 4 3 2 2 0 0 2 2 2 6 0 0 2 2 6 0
split_gain=114.94 98.6588 474.142 1155.62 894.485 865.882 800.586 526.69 870.975 497.03 739.076 627.856 500.877 470.917 904.942 425.552 354.06 665.294 336.413 328.469 309.06 303.204 593.427 1104.68 1416.72 1523.15 1258.32 728.517 788.562 554.895
threshold=52693.838000000011 0.25000000000000006 64.634000000000015 27.516500000000004 38.12850000000001 35745.162000000004 71.424500000000009 105.34800000000001 99.099000000000018 33.389500000000005 41777.992500000008 164842.97150000001 33295.90400000001 6575.9135000000015 17.934000000000005 107.29100000000001 81.107000000000014 50.303500000000007 68725.196500000005 19740.918500000003 53.76550000000001 7.3575000000000008 27.516500000000004 0.15000000000000005 68725.196500000005 37405.976000000002 25.045500000000004 30.574000000000002 0.15000000000000005 37405.976000000002
decision_type=2 2 2 2 2 2 2 2 2 2 2 2 2 2 2 2 2 2 2 2 2 2 2 2 2 2 2 2 2 2
left_child=1 21 4 18 9 -5 19 8 -7 10 12 -12 13 14 -3 -8 17 -10 -4 -6 -15 -1 23 26 25 -25 29 28 -24 -23
right_child=-2 2 3 5 6 7 15 -9 16 -11 11 -13 -14 20 -16 -17 -18 -19 -20 -21 -22 22 27 24 -26 -27 -28 -29 -30 -31
leaf_value=0.16297546029090881 0.042769112624228001 -0.1913645476102829 0.096727204322814939 -0.49531412124633789 0.091895782947540292 0.1925878127415975 0.00046051502227783208 -0.27471517324447631 -0.050117216578551706 -0.22659020721912385 0.36512395143508913 -0.077826213836669933 -0.24472008943557741 -0.051724267005920414 0.18466363549232484 0.3266324043273926 0.16983331441879274 -0.34861660003662109 0.47112283706665031 0.39395751953125002 0.25905085802078248 -0.14958280324935913 0.38921133875846864 -0.011459724605083467 0.024538883566856386 -0.70137584209442139 -0.42757077217102052 -0.013577240891754628 -0.016108104586601259 0.24302072475353875
leaf_weight=24 144 48 12 11.999999999999998 11.999999999999998 36 60 24 84 24 24 11.999999999999998 24 11.999999999999998 24 11.999999999999998 11.999999999999998 24 12 36 24 11.999999999999998 24 11.999999999999998 24 24 11.999999999999998 864 24 36
leaf_count=24 144 48 12 12 12 36 60 24 84 24 24 12 24 12 24 12 12 24 12 36 24 12 24 12 24 24 12 864 24 36
internal_value=-6.26056e-10 -0.0038881 0.0137591 -0.0431862 0.0531827 -0.0840751 0.16027 -0.0566592 -0.0231121 -0.013747 0.0166591 0.217474 -0.0381085 0.00780517 -0.0660218 0.0548225 -0.087822 -0.11645 0.283925 0.318442 0.155459 -0.0127117 -0.0167974 -0.121323 -0.273027 -0.471404 0.0303817 -0.00304414 0.186552 0.14487
internal_weight=1728 1584 528 216 312 192 120 180 156 192 168 36 132 108 72 72 120 108 24 48 36 1056 1032 120 60 36 60 912 48 48
internal_count=1728 1584 528 216 312 192 120 180 156 192 168 36 132 108 72 72 120 108 24 48 36 1056 1032 120 60 36 60 912 48 48
is_linear=0
shrinkage=0.05


Tree=262
num_leaves=31
num_cat=0
split_feature=0 6 0 3 1 4 2 4 0 0 0 4 3 1 0 4 3 3 1 0 6 1 1 1 6 0 0 0 3 0
split_gain=104.999 83.0012 436.789 643.494 499.299 1040.93 897.007 882.829 842.635 834.099 601.603 575.103 514.61 501.515 843.815 472.172 424.511 353.118 289.641 889.589 2240.3 7660.79 4940.35 842.308 962.446 8257.63 4515.83 1444.67 749.224 746.256
threshold=619852.88050000009 0.25000000000000006 573241.87500000012 105.34800000000001 10484.007500000002 82.975500000000011 57.764500000000005 17.934000000000005 90630.424000000014 93897.382000000027 31159.647000000004 14.624000000000001 25.237500000000004 9804.0705000000016 41777.992500000008 99.63600000000001 83.933000000000007 31.992000000000001 10484.007500000002 74959.462500000009 0.15000000000000005 11991.799500000003 11991.799500000003 9241.5975000000017 0.15000000000000005 41777.992500000008 41777.992500000008 37306.64650000001 18.680500000000006 37306.64650000001
decision_type=2 2 2 2 2 2 2 2 2 2 2 2 2 2 2 2 2 2 2 2 2 2 2 2 2 2 2 2 2 2
left_child=1 18 3 4 5 6 7 10 12 -10 -3 -8 -6 -13 -15 16 -11 -9 23 20 21 28 -22 -1 26 27 29 -26 -20 -25
right_child=-2 2 -4 -5 8 -7 11 17 9 15 -12 13 -14 14 -16 -17 -18 -19 19 -21 22 -23 -24 24 25 -27 -28 -29 -30 -31
leaf_value=-0.017100945650599896 0.036144368251164759 -0.11291204616427422 0.31030080318450931 -0.19863125284512839 0.0039045870304107669 -0.27747391462326049 0.20929636955261233 0.48008289337158205 -0.39879703521728516 0.24877910614013674 0.28290026187896727 -0.25788852870464324 0.27785223007202148 -0.27443168163299558 0.31851806640624997 -0.049729198051823513 -0.022697880864143372 0.17683754414319994 0.84239950180053713 -0.0036367129534482959 -0.74401117960611984 -0.63343780040740971 0.18210920095443728 -0.21599311828613277 0.5746829986572265 -0.34900792241096501 0.47514374256134034 1.3505356788635252 0.35852724313735962 -0.77361307144165037
leaf_weight=384 180 48 11.999999999999998 36 24 36 11.999999999999998 11.999999999999998 11.999999999999998 36 11.999999999999998 48 60 12 12 72 24 48 11.999999999999998 432 36 24 24 12 12 24 24 12 24 12
leaf_count=384 180 48 12 36 24 36 12 12 12 36 12 48 60 12 12 72 24 48 12 432 36 24 24 12 12 24 24 12 24 12
internal_value=-1.9437e-09 -0.00420284 0.0121707 0.00507233 0.0207418 -0.0295954 0.0141479 0.101869 0.0737284 0.000314111 -0.0337496 -0.111167 0.199581 -0.164578 0.0220432 0.0365969 0.140188 0.237487 -0.0123896 -0.0370904 -0.157524 0.0585157 -0.373563 0.0160163 0.148486 0.306801 -0.00982968 0.962609 0.519818 -0.494803
internal_weight=1728 1548 516 504 468 240 204 120 228 144 60 84 84 72 24 132 60 60 1032 552 120 60 60 480 96 48 48 24 36 24
internal_count=1728 1548 516 504 468 240 204 120 228 144 60 84 84 72 24 132 60 60 1032 552 120 60 60 480 96 48 48 24 36 24
is_linear=0
shrinkage=0.05


Tree=263
num_leaves=31
num_cat=0
split_feature=0 6 0 0 6 6 0 2 0 1 0 6 6 1 0 1 0 4 6 0 0 6 1 0 4 0 0 0 1 6
split_gain=99.3999 85.9783 80.3873 227.814 1718.54 1550.68 1314.61 1290.82 1815.73 904.539 851.45 774.651 484.015 1633.48 956.987 458.219 439.355 361.013 319.852 1331.05 1011.98 201.059 193.996 180.781 158.099 140.93 130.618 101.459 96.8574 417.518
threshold=1182183.7235000001 0.25000000000000006 27705.340000000004 7391.9660000000013 0.15000000000000005 0.15000000000000005 4747.4170000000004 43.663000000000004 19563.351500000001 4852.8110000000006 4747.4170000000004 0.25000000000000006 0.25000000000000006 5600.7615000000014 16052.3765 7458.433500000001 16052.3765 14.624000000000001 0.25000000000000006 19563.351500000001 18495.691000000003 0.25000000000000006 2579.4600000000005 3923.9490000000001 17.934000000000005 22666.579000000002 22666.579000000002 19563.351500000001 10484.007500000002 0.25000000000000006
decision_type=2 2 2 2 2 2 2 2 2 2 2 2 2 2 2 2 2 2 2 2 2 2 2 2 2 2 2 2 2 2
left_child=2 -2 3 4 6 7 22 8 -5 18 21 -12 13 -11 -14 -16 -15 -9 19 -7 -20 23 -1 -6 -19 -17 -18 -22 -4 -30
right_child=1 -3 28 5 10 9 -8 17 -10 12 11 -13 14 16 15 25 26 24 20 -21 27 -23 -24 -25 -26 -27 -28 -29 29 -31
leaf_value=-0.14657423496246338 0.027574475109577182 0.19148975610733032 0.027950365344683332 0.85377941131591806 0.22765280604362489 -0.59216988086700439 -0.66879353523254403 -0.28197500705718997 0.10050841718912125 -0.65483498573303223 0.69282078742980957 0.12469133138656614 -0.31178073883056645 0.26579611301422118 0.45607876777648926 0.19883155822753906 0.011902746558189391 0.18288025856018067 0.20848584175109863 0.052775388956069952 -0.25106644630432123 -0.018682583173116048 0.099644690752029419 -0.010031691193580628 -0.039394107460975651 -0.04349245429039001 -0.22138686180114742 -0.45667471885681143 -0.026788423889903008 0.042726950908516664
leaf_weight=24 24 11.999999999999998 324 11.999999999999998 24 24 11.999999999999998 11.999999999999998 24 11.999999999999998 12 12 11.999999999999998 11.999999999999998 11.999999999999998 12 12 11.999999999999998 11.999999999999998 11.999999999999998 12 36 11.999999999999998 11.999999999999998 24 12 12 12 648 324
leaf_count=24 24 12 324 12 24 24 12 12 24 12 12 12 12 12 12 12 12 12 12 12 12 36 12 12 24 12 12 12 648 324
internal_value=4.29874e-10 0.0822129 -0.00174921 -0.0214652 0.0287034 -0.050133 -0.215574 0.125273 0.351599 -0.137836 0.150842 0.408756 -0.0373607 -0.149631 0.0749093 0.203806 0.0187707 -0.0444707 -0.271803 -0.377188 -0.166418 0.064871 -0.0645013 0.148425 0.0346973 0.0776696 -0.104742 -0.353871 0.00427512 -0.00361663
internal_weight=1728 36 1692 396 144 252 48 84 36 168 96 24 96 48 48 36 36 48 72 36 36 72 36 36 36 24 24 24 1296 972
internal_count=1728 36 1692 396 144 252 48 84 36 168 96 24 96 48 48 36 36 48 72 36 36 72 36 36 36 24 24 24 1296 972
is_linear=0
shrinkage=0.05


Tree=264
num_leaves=31
num_cat=0
split_feature=0 3 6 3 2 6 0 6 4 4 6 4 4 3 4 3 4 0 0 4 0 0 4 4 4 6 4 4 2 0
split_gain=91.0595 65.7196 2236.89 1956.96 1059.19 1439.51 258.749 240.357 15933.4 8125.58 5129.2 2922.26 3769.99 2990.76 2144.78 1980.44 3352.38 2440.11 2202.72 1638.7 1633.52 1841.68 1330.54 2119.38 2503.78 4973.63 1955.09 1528.16 1284.51 1202.78
threshold=619852.88050000009 23.917000000000005 0.15000000000000005 12.640500000000001 106.31000000000002 0.25000000000000006 55159.639500000012 0.15000000000000005 149.54050000000004 149.54050000000004 0.25000000000000006 64.634000000000015 19.046500000000005 42.413500000000006 28.488500000000005 46.238000000000007 107.81800000000001 208019.18150000004 100590.71350000003 33.389500000000005 38531.177500000013 145818.27200000003 82.975500000000011 19.046500000000005 28.488500000000005 0.25000000000000006 25.389500000000002 15.803000000000003 29.406000000000002 240407.42100000003
decision_type=2 2 2 2 2 2 2 2 2 2 2 2 2 2 2 2 2 2 2 2 2 2 2 2 2 2 2 2 2 2
left_child=1 2 3 -1 -4 -6 -5 8 11 22 -11 12 13 -3 -14 16 28 18 -17 -16 -21 -22 23 27 25 26 -25 -9 -13 -19
right_child=-2 7 4 6 5 -7 -8 9 -10 10 -12 15 14 -15 19 17 -18 29 -20 20 21 -23 -24 24 -26 -27 -28 -29 -30 -31
leaf_value=0.80161895751953127 0.033659687538941704 0.81109037399291994 -0.066830746829509735 -0.14457113742828367 -0.86087942123413075 -0.086413252353668202 0.18377615213394163 0.053533897101879127 1.7690380096435547 -1.6260353088378903 -0.16413071155548095 0.55407195091247563 -0.60148670673370364 -0.032761961647442411 0.34590616226196291 0.18780904412269595 -0.60782750844955447 -0.52951731681823733 0.77447376251220712 0.014888989428679148 -0.59042602777481079 -0.11733502348264058 -0.043016849848486131 0.54467166264851885 0.077013846945304137 0.0091245055198669444 1.2816113471984865 -0.23783807655175529 -0.024295623600482943 0.083563252538442614
leaf_weight=11.999999999999998 180 11.999999999999998 48 12 12 12 12 120 11.999999999999998 12 12 11.999999999999998 48 84 11.999999999999998 48 24 11.999999999999998 24 36 48 36 336 36 312 48 11.999999999999998 72 48 24
leaf_count=12 180 12 48 12 12 12 12 120 12 12 12 12 48 84 12 48 24 12 24 36 48 36 336 36 312 48 12 72 48 24
internal_value=-1.37974e-09 -0.00391392 -0.0415324 0.280275 -0.202436 -0.473646 0.0196025 -0.00109253 -0.0299815 0.013352 -0.895083 -0.0761102 -0.180319 0.0727196 -0.315272 0.0736892 -0.108395 0.21531 0.383364 -0.211194 -0.266904 -0.387673 0.0366452 0.0812559 0.14572 0.369016 0.728907 -0.0557306 0.0913779 -0.120797
internal_weight=1728 1548 108 36 72 24 24 1440 480 960 24 468 276 96 180 192 84 108 72 132 120 84 936 600 408 96 48 192 60 36
internal_count=1728 1548 108 36 72 24 24 1440 480 960 24 468 276 96 180 192 84 108 72 132 120 84 936 600 408 96 48 192 60 36
is_linear=0
shrinkage=0.05


Tree=265
num_leaves=31
num_cat=0
split_feature=1 6 0 0 6 1 0 0 2 6 2 2 0 0 6 1 1 6 1 1 1 1 2 2 1 6 0 0 0 4
split_gain=88.8387 1363.47 12936.3 6201.68 4629.1 1376.02 1463.41 1337.48 1302.88 1598.81 1766.5 1413.67 879.694 1764.18 826.814 6749.54 4403.31 7126.16 4091.02 5543.05 2364.68 3168.67 2136.78 2513.59 2400.05 2034.53 4531.92 1602.15 1427.55 1245.42
threshold=8058.1010000000015 0.15000000000000005 35745.162000000004 35745.162000000004 0.25000000000000006 2158.8095000000008 31159.647000000004 7391.9660000000013 53.76550000000001 0.25000000000000006 43.663000000000004 37.846500000000013 18495.691000000003 19563.351500000001 0.15000000000000005 9804.0705000000016 9804.0705000000016 0.25000000000000006 11991.799500000003 13134.513000000001 11991.799500000003 13134.513000000001 71.424500000000009 68.52800000000002 26343.954000000005 0.25000000000000006 37405.976000000002 37405.976000000002 55159.639500000012 140.45600000000005
decision_type=2 2 2 2 2 2 2 2 2 2 2 2 2 2 2 2 2 2 2 2 2 2 2 2 2 2 2 2 2 2
left_child=1 2 5 7 -5 -1 12 -3 9 11 -11 -9 -7 -14 15 -2 17 -16 27 -20 25 -22 23 29 -24 26 -18 -17 -28 -21
right_child=14 3 -4 4 -6 6 -8 8 -10 10 -12 -13 13 -15 16 18 20 -19 19 22 21 -23 24 -25 -26 -27 28 -29 -30 -31
leaf_value=-0.37131106257438662 -0.70456962585449223 0.13904248215258122 1.6805862426757814 -1.544733428955078 -0.15592416524887084 -0.042463629245758056 -0.48619270324707031 -0.080353376269340526 0.052036947477608925 -0.2341019560893377 0.31968879699707031 -0.5757609685262044 0.77053589820861823 0.09272921346127988 0.90712865193684911 -0.17651665210723877 0.51731772422790534 -0.087730375925699877 -0.65082330703735358 -0.0077389900883038836 0.3550299714008967 0.0014391475625223282 -0.40197790265083316 0.8637805938720704 0.022944975892702738 0.0061860760052998868 -0.74623071352640791 0.45636370658874514 -0.24839750826358797 0.40816352367401126
leaf_weight=24 36 96 11.999999999999998 12 12 60 11.999999999999998 24 96 36 24 36 11.999999999999998 48 36 11.999999999999998 11.999999999999998 36 36 72 72 528 48 11.999999999999998 108 72 36 60 24 24
leaf_count=24 36 96 12 12 12 60 12 24 96 36 24 36 12 48 36 12 12 36 36 72 72 528 48 12 108 72 36 60 24 24
internal_value=4.04004e-10 -0.0176675 0.0986361 -0.0758193 -0.850329 -0.0230523 0.0402674 -0.0162416 -0.0852568 -0.195092 -0.0125857 -0.377598 0.0929135 0.228291 0.00727484 -0.0508415 0.036333 0.409699 0.0124225 -0.0688081 0.000200796 0.04387 0.0105576 0.181519 -0.107801 -0.181754 -0.369695 0.350884 -0.547097 0.0962366
internal_weight=1728 504 168 336 24 156 132 312 216 120 60 60 120 60 1224 408 816 72 372 300 744 600 264 108 156 144 72 72 60 96
internal_count=1728 504 168 336 24 156 132 312 216 120 60 60 120 60 1224 408 816 72 372 300 744 600 264 108 156 144 72 72 60 96
is_linear=0
shrinkage=0.05


Tree=266
num_leaves=31
num_cat=0
split_feature=3 6 2 6 3 3 2 0 6 4 6 2 0 4 0 0 2 6 4 4 1 0 3 0 3 0 0 0 2 0
split_gain=90.1213 198.85 649.883 1342.3 1299.15 1148.81 618.369 658.43 1042.73 648.734 1772.03 3059.02 5352.91 3584.67 2951.5 2378.07 1854.44 1713.9 10627.9 10208.9 4868.51 4206.77 3076.68 2773.43 1930.75 1507.42 1399.95 1391.9 1225.18 1176.49
threshold=95.222000000000023 0.25000000000000006 27.516500000000004 0.15000000000000005 85.117000000000004 85.117000000000004 74.89200000000001 41777.992500000008 0.15000000000000005 49.236500000000007 0.15000000000000005 52.25350000000001 7391.9660000000013 43.561500000000002 37306.64650000001 31159.647000000004 36.14800000000001 0.15000000000000005 149.54050000000004 149.54050000000004 15904.846000000003 100590.71350000003 31.224500000000003 90630.424000000014 31.224500000000003 145818.27200000003 44158.321000000004 93897.382000000027 42.413500000000006 22666.579000000002
decision_type=2 2 2 2 2 2 2 2 2 2 2 2 2 2 2 2 2 2 2 2 2 2 2 2 2 2 2 2 2 2
left_child=1 2 3 5 -5 -1 9 8 -8 10 15 12 -12 14 -13 16 -4 19 21 20 22 24 -11 -24 -19 -17 -16 -26 29 -18
right_child=-2 -3 6 4 -6 -7 7 -9 -10 17 11 13 -14 -15 26 25 28 18 -20 -21 -22 -23 23 -25 27 -27 -28 -29 -30 -31
leaf_value=-0.097006797790527344 0.020941918066731006 0.021095000514508907 -0.58671398162841804 -0.17952809234460196 -0.78025727272033696 0.46789579391479497 -0.16769082546234129 -0.11809193821890014 0.49145183563232414 0.27318638165791831 0.45207132101058961 0.1323164040222764 -0.46247382164001466 -0.53485641479492185 1.1721743583679201 -0.59792523384094243 0.73200907707214347 0.010136163234710694 -1.4674967765808107 1.5965568542480471 0.70395147800445557 -0.35908305247624717 -0.72783615589141848 -0.033935391902923585 0.64998380343119311 -0.086354970932006836 0.51074775457382204 0.028179818391799928 -0.030573194411893684 0.031863111257553096
leaf_weight=36 396 444 11.999999999999998 36 11.999999999999998 11.999999999999998 12 168 12 36 24 48 48 11.999999999999998 11.999999999999998 36 12 36 11.999999999999998 11.999999999999998 24 36 24 36 36 24 24 11.999999999999998 72 12
leaf_count=36 396 444 12 36 12 12 12 168 12 36 24 48 48 12 12 36 12 36 12 12 24 36 24 36 36 24 24 12 72 12
internal_value=7.94211e-10 -0.00622597 -0.0198865 -0.142746 -0.32971 0.0442189 -0.00499443 -0.0830954 0.161881 0.0199979 -0.0260871 0.0887376 -0.157625 0.27351 0.388991 -0.140912 -0.000697884 0.0786516 -0.048746 0.206049 0.0669984 0.0931291 -0.0922399 -0.311496 0.286934 -0.393297 0.731223 0.494533 0.0725541 0.381936
internal_weight=1728 1332 888 96 48 48 792 192 24 600 336 168 72 96 84 168 108 264 132 132 120 120 96 60 84 60 36 48 96 24
internal_count=1728 1332 888 96 48 48 792 192 24 600 336 168 72 96 84 168 108 264 132 132 120 120 96 60 84 60 36 48 96 24
is_linear=0
shrinkage=0.05


Tree=267
num_leaves=31
num_cat=0
split_feature=0 6 0 0 6 6 0 2 0 0 1 6 6 1 0 1 0 4 6 0 0 6 1 4 0 0 0 0 3 6
split_gain=82.595 78.1322 63.653 181.231 1165.85 1071.57 932.872 882.441 1193.7 674.09 647.603 579.53 364.041 1262.05 863.387 365.102 356.62 319.247 198.101 984.104 836.96 168.675 158.309 148.929 136.319 111.872 100.928 82.3765 75.7124 3552.41
threshold=1182183.7235000001 0.25000000000000006 27705.340000000004 7391.9660000000013 0.15000000000000005 0.15000000000000005 4747.4170000000004 43.663000000000004 19563.351500000001 4747.4170000000004 4852.8110000000006 0.25000000000000006 0.25000000000000006 5600.7615000000014 16052.3765 7458.433500000001 16052.3765 14.624000000000001 0.25000000000000006 19563.351500000001 18495.691000000003 0.25000000000000006 2579.4600000000005 17.934000000000005 3923.9490000000001 22666.579000000002 19563.351500000001 22666.579000000002 23.917000000000005 0.15000000000000005
decision_type=2 2 2 2 2 2 2 2 2 2 2 2 2 2 2 2 2 2 2 2 2 2 2 2 2 2 2 2 2 2
left_child=2 -2 3 4 6 7 22 8 -5 21 18 -11 13 -12 -14 -16 -15 -9 19 -7 -20 24 -1 -19 -6 -17 -22 -18 29 -4
right_child=1 -3 28 5 9 10 -8 17 -10 11 12 -13 14 16 15 25 27 23 20 -21 26 -23 -24 -25 -26 -27 -28 -29 -30 -31
leaf_value=-0.12246960401535034 0.022856069169938566 0.17911323308944704 0.45062198638916018 0.69540863037109379 0.19504076838493348 -0.49875771999359131 -0.55737829208374023 -0.26258633136749271 0.084646737575531011 0.60139045715332029 -0.57403221130371096 0.10999366044998167 -0.30252499580383302 0.24061193466186526 0.4123849391937256 0.18255668878555298 -0.00058675310574471948 0.17902618646621704 0.19291424751281738 0.055798321962356567 -0.21597087383270261 -0.026817278067270918 0.099952393770217904 -0.03670555856078863 -0.011356518417596818 -0.03334417641162872 -0.42103977203369136 -0.18585286140441892 0.0066972979770522885 -0.29440398067235946
leaf_weight=24 24 11.999999999999998 24 11.999999999999998 24 24 11.999999999999998 11.999999999999998 24 12 11.999999999999998 12 11.999999999999998 11.999999999999998 11.999999999999998 12 12 11.999999999999998 11.999999999999998 11.999999999999998 12 36 11.999999999999998 24 11.999999999999998 12 12 12 1224 48
leaf_count=24 24 12 24 12 24 24 12 12 24 12 12 12 12 12 12 12 12 12 12 12 12 36 12 24 12 12 12 12 1224 48
internal_value=-6.78335e-10 0.0749418 -0.00159451 -0.0191387 0.0256077 -0.0447081 -0.175591 0.101104 0.288234 0.126207 -0.117614 0.355692 -0.0325984 -0.129965 0.0647681 0.187199 0.0180574 -0.0392428 -0.230969 -0.313906 -0.148032 0.0497122 -0.0483289 0.035205 0.126242 0.0746063 -0.318505 -0.0932198 0.00376623 -0.046062
internal_weight=1728 36 1692 396 144 252 48 84 36 96 168 24 96 48 48 36 36 48 72 36 36 72 36 36 36 24 24 24 1296 72
internal_count=1728 36 1692 396 144 252 48 84 36 96 168 24 96 48 48 36 36 48 72 36 36 72 36 36 36 24 24 24 1296 72
is_linear=0
shrinkage=0.05


Tree=268
num_leaves=31
num_cat=0
split_feature=3 6 2 2 2 6 3 3 2 0 6 4 6 2 0 4 0 0 6 4 4 1 0 3 0 3 2 0 0 0
split_gain=76.1456 187.811 598.281 921.808 588.539 1157.99 1194.44 1057.17 568.641 596.515 941.06 569.517 1629.19 2615.29 4376.51 3213.35 2712.52 2147.3 1545.12 9588.47 9218.51 4399.49 3792.27 2763.73 2503.02 1748.71 1508.89 1360.44 1263.46 1256.19
threshold=95.222000000000023 0.25000000000000006 27.516500000000004 31.205000000000002 27.516500000000004 0.15000000000000005 85.117000000000004 85.117000000000004 74.89200000000001 41777.992500000008 0.15000000000000005 49.236500000000007 0.15000000000000005 52.25350000000001 7391.9660000000013 43.561500000000002 37306.64650000001 31159.647000000004 0.15000000000000005 149.54050000000004 149.54050000000004 15904.846000000003 100590.71350000003 31.224500000000003 90630.424000000014 31.224500000000003 36.14800000000001 145818.27200000003 44158.321000000004 93897.382000000027
decision_type=2 2 2 2 2 2 2 2 2 2 2 2 2 2 2 2 2 2 2 2 2 2 2 2 2 2 2 2 2 2
left_child=1 4 -3 -4 5 7 -7 -1 11 10 -10 12 17 14 -14 16 -15 26 20 22 21 23 25 -13 -25 -20 -6 -19 -18 -27
right_child=-2 2 3 -5 8 6 -8 -9 9 -11 -12 18 13 15 -16 -17 28 27 19 -21 -22 -23 -24 24 -26 29 -28 -29 -30 -31
leaf_value=-0.097737288475036627 0.019249754497837841 0.18753741532564164 -0.24061457713445031 0.024745371343774927 -0.52950935363769536 -0.16556729724009833 -0.74157929420471191 0.44416613578796388 -0.15964114665985107 -0.11303228810429573 0.46654438972473139 0.25789304574330651 0.40955698490142822 0.12017854333389551 -0.41738263666629793 -0.50844845771789549 1.1132308006286622 -0.5683638254801433 0.0084761401017506913 -1.3944568634033203 1.5163941383361816 0.6684190034866333 -0.34146377245585124 -0.69177920818328864 -0.032573489348093669 0.61714975039164233 0.065172877442091701 -0.082372078299522408 0.48487548828125004 0.026435962319374087
leaf_weight=36 396 48 36 360 11.999999999999998 36 11.999999999999998 11.999999999999998 12 168 12 36 24 48 48 11.999999999999998 11.999999999999998 36 36 11.999999999999998 11.999999999999998 24 36 24 36 36 96 24 24 11.999999999999998
leaf_count=36 396 48 36 360 12 36 12 12 12 168 12 36 24 48 48 12 12 36 36 12 12 24 36 24 36 36 96 24 24 12
internal_value=4.35048e-10 -0.0057229 0.0208288 0.00062174 -0.0189988 -0.135916 -0.30957 0.0377386 -0.004827 -0.0797218 0.153452 0.0191393 -0.0240404 0.0860594 -0.141736 0.256906 0.366242 -0.13414 0.0740954 -0.0468668 0.195057 0.0629238 0.0878922 -0.08845 -0.296256 0.271902 -0.000902926 -0.373967 0.694327 0.469471
internal_weight=1728 1332 444 396 888 96 48 48 792 192 24 600 336 168 72 96 84 168 264 132 132 120 120 96 60 84 108 60 36 48
internal_count=1728 1332 444 396 888 96 48 48 792 192 24 600 336 168 72 96 84 168 264 132 132 120 120 96 60 84 108 60 36 48
is_linear=0
shrinkage=0.05


Tree=269
num_leaves=31
num_cat=0
split_feature=0 6 0 0 6 6 2 0 0 0 1 6 6 1 0 1 0 4 6 0 0 6 1 4 0 0 0 3 6 6
split_gain=72.5402 70.5143 54.2363 143.177 961.151 875.906 780.043 1095.28 750.468 584.136 551.555 480.801 298.483 1067.59 779.207 329.505 295.15 288.12 155.572 817.811 734.869 147.824 137.419 134.408 100.964 97.503 79.1027 61.4871 3246.4 1640.52
threshold=1182183.7235000001 0.25000000000000006 27705.340000000004 7391.9660000000013 0.15000000000000005 0.15000000000000005 43.663000000000004 19563.351500000001 4747.4170000000004 4747.4170000000004 4852.8110000000006 0.25000000000000006 0.25000000000000006 5600.7615000000014 16052.3765 7458.433500000001 16052.3765 14.624000000000001 0.25000000000000006 19563.351500000001 18495.691000000003 0.25000000000000006 2579.4600000000005 17.934000000000005 22666.579000000002 3923.9490000000001 19563.351500000001 23.917000000000005 0.15000000000000005 0.25000000000000006
decision_type=2 2 2 2 2 2 2 2 2 2 2 2 2 2 2 2 2 2 2 2 2 2 2 2 2 2 2 2 2 2
left_child=2 -2 3 4 8 6 7 -5 22 21 18 -11 13 -12 -14 -16 -15 -8 19 -7 -20 25 -1 -19 -17 -6 -22 28 -4 -30
right_child=1 -3 27 5 9 10 17 -9 -10 11 12 -13 14 16 15 24 -18 23 20 -21 26 -23 -24 -25 -26 -27 -28 -29 29 -31
leaf_value=-0.11553201079368591 0.020750777237117293 0.16919507980346682 0.43336011767387395 0.65737957954406745 0.17204534411430361 -0.45295071601867676 -0.25271563529968261 0.072337751835584649 -0.50303392410278325 0.55084309577941892 -0.52446146011352546 0.10325671434402464 -0.28863601684570311 0.2225724220275879 0.39052844047546387 0.17219158411026 -0.081128714978694921 0.16681623458862305 0.18203127384185791 0.052584600448608403 -0.20640959739685055 -0.029426882664362594 0.091696131229400638 -0.038128923997282987 -0.032914236187934869 -0.0025103274732828141 -0.38795704841613765 0.0060954488608438301 -0.57116281986236572 0.013453182578086854
leaf_weight=24 24 11.999999999999998 24 11.999999999999998 24 24 11.999999999999998 24 11.999999999999998 12 11.999999999999998 12 11.999999999999998 11.999999999999998 11.999999999999998 12 24 11.999999999999998 11.999999999999998 11.999999999999998 12 36 11.999999999999998 24 12 11.999999999999998 12 1224 24 24
leaf_count=24 24 12 24 12 24 24 12 24 12 12 12 12 12 12 12 12 24 12 12 12 12 36 12 24 12 12 12 1224 24 24
internal_value=1.51017e-10 0.0702322 -0.0014943 -0.0176889 0.0220831 -0.0404158 0.091414 0.267352 -0.1606 0.113425 -0.106331 0.32705 -0.0278721 -0.116037 0.0602924 0.176602 0.020105 -0.0405393 -0.210942 -0.284439 -0.137445 0.0422166 -0.046456 0.0301861 0.0696387 0.11386 -0.297183 0.00345404 -0.0414498 -0.278855
internal_weight=1728 36 1692 396 144 252 84 36 48 96 168 24 96 48 48 36 36 48 72 36 36 72 36 36 24 36 24 1296 72 48
internal_count=1728 36 1692 396 144 252 84 36 48 96 168 24 96 48 48 36 36 48 72 36 36 72 36 36 24 36 24 1296 72 48
is_linear=0
shrinkage=0.05


Tree=270
num_leaves=31
num_cat=0
split_feature=2 6 4 3 2 2 6 6 2 2 6 6 0 0 4 0 0 2 6 1 2 0 0 0 0 6 6 6 3 3
split_gain=67.3556 83.7914 105.038 76.8766 75.0707 163.971 7360.53 4551.9 7545.14 3785.96 3382.93 1565.42 1285.37 759.247 759.237 744.355 521.211 381.15 346.001 1619.18 776.828 310.656 286.132 212.181 209.507 567.918 349.792 131.592 4131.06 2432.66
threshold=110.56550000000001 0.25000000000000006 84.478000000000009 105.84350000000002 36.14800000000001 31.205000000000002 0.15000000000000005 0.15000000000000005 30.574000000000002 30.574000000000002 0.25000000000000006 0.25000000000000006 619852.88050000009 619852.88050000009 115.82000000000001 37405.976000000002 68725.196500000005 25.045500000000004 0.25000000000000006 10484.007500000002 27.516500000000004 619852.88050000009 55159.639500000012 74959.462500000009 74959.462500000009 0.25000000000000006 0.25000000000000006 0.15000000000000005 50.303500000000007 50.303500000000007
decision_type=2 2 2 2 2 2 2 2 2 2 2 2 2 2 2 2 2 2 2 2 2 2 2 2 2 2 2 2 2 2
left_child=4 -2 3 -3 5 7 12 8 14 16 -11 13 -7 -8 15 -1 18 -16 19 -9 -20 -13 -21 -17 25 -18 -26 28 -6 -29
right_child=1 2 -4 -5 27 6 11 9 -10 10 -12 21 -14 -15 17 23 24 -19 20 22 -22 -23 -24 -25 26 -27 -28 29 -30 -31
leaf_value=0.0036878764629364015 0.0040971009992063047 0.13705449104309084 0.15556547641754151 -0.0090777168671290088 0.18407436541535638 -0.59762409528096516 0.6267912864685059 -0.0019672799234588942 1.4402696609497072 -1.3250387191772459 -0.13779162168502807 0.18160727620124817 -8.9789472986012705e-05 0.16755053997039795 0.043971344828605652 0.44900481700897221 -0.081583070755004872 -0.30115082263946535 0.10265515645345052 -0.70480508804321285 -0.26458580493927003 -0.11215016841888428 -0.35952003002166744 0.19150435924530029 0.1156873881816864 0.40486583709716789 -0.15426339209079742 -0.11821493657700943 -0.17096490073535178 0.074436356836748832
leaf_weight=24 144 11.999999999999998 24 36 132 36 36 36 11.999999999999998 12 12 36 11.999999999999998 11.999999999999998 24 24 12 11.999999999999998 36 12 24 11.999999999999998 12 11.999999999999998 24 12 24 264 216 432
leaf_count=24 144 12 24 36 132 36 36 36 12 12 12 36 12 12 24 24 12 12 36 12 24 12 12 12 24 12 24 264 216 432
internal_value=9.07905e-10 0.0261176 0.0701587 0.0274553 -0.00373109 0.012909 0.0573028 -0.00682153 0.258217 -0.139341 -0.731415 0.310075 -0.448241 0.511981 0.11046 0.219378 -0.0653314 -0.0710694 -0.129143 -0.214045 -0.0442412 0.108168 -0.532163 0.363171 0.0410218 0.161641 -0.019288 -0.0111905 -0.0362948 0.00136173
internal_weight=1728 216 72 48 1512 468 144 324 108 216 24 96 48 48 96 60 192 36 120 60 60 48 24 36 72 24 48 1044 348 696
internal_count=1728 216 72 48 1512 468 144 324 108 216 24 96 48 48 96 60 192 36 120 60 60 48 24 36 72 24 48 1044 348 696
is_linear=0
shrinkage=0.05


Tree=271
num_leaves=31
num_cat=0
split_feature=2 6 4 3 2 2 6 6 2 2 6 6 0 0 4 0 0 2 6 1 2 0 0 0 0 6 6 0 6 3
split_gain=60.7884 75.6218 94.7969 71.3655 67.7513 147.984 6642.88 4108.09 6809.49 3416.83 3053.1 1412.8 1160.05 685.221 685.211 671.781 470.393 343.988 312.266 1461.31 701.087 280.367 258.234 191.493 189.08 512.546 315.688 126.06 118.762 3728.28
threshold=110.56550000000001 0.25000000000000006 84.478000000000009 110.15800000000002 36.14800000000001 31.205000000000002 0.15000000000000005 0.15000000000000005 30.574000000000002 30.574000000000002 0.25000000000000006 0.25000000000000006 619852.88050000009 619852.88050000009 115.82000000000001 37405.976000000002 68725.196500000005 25.045500000000004 0.25000000000000006 10484.007500000002 27.516500000000004 619852.88050000009 55159.639500000012 74959.462500000009 74959.462500000009 0.25000000000000006 0.25000000000000006 19563.351500000001 0.15000000000000005 50.303500000000007
decision_type=2 2 2 2 2 2 2 2 2 2 2 2 2 2 2 2 2 2 2 2 2 2 2 2 2 2 2 2 2 2
left_child=4 -2 3 -3 5 7 12 8 14 16 -11 13 -7 -8 15 27 18 -16 19 -9 -20 -13 -21 -17 25 -18 -26 -1 29 -6
right_child=1 2 -4 -5 28 6 11 9 -10 10 -12 21 -14 -15 17 23 24 -19 20 22 -22 -23 -24 -25 26 -27 -28 -29 -30 -31
leaf_value=-0.11108828783035277 0.003892246447503567 0.087049379944801331 0.14778720140457155 -0.034884244203567505 0.17487064684656534 -0.56774287223815922 0.59545170466105146 -0.001868917855123679 1.3682561874389649 -1.2587867736816405 -0.13090204000473021 0.1725269138813019 -8.5300003411248334e-05 0.15917301177978516 0.041772772371768956 0.42655456066131592 -0.07750391960144043 -0.28609328269958495 0.097522399822870892 -0.66956481933593748 -0.25135652422904969 -0.10654265880584718 -0.34154403209686279 0.18192914724349976 0.10990301966667176 0.38462255001068113 -0.14655021727085113 0.11809525489807127 0.0012936415450497606 -0.162416657143169
leaf_weight=12 144 24 24 24 132 36 36 36 11.999999999999998 12 12 36 11.999999999999998 11.999999999999998 24 24 12 11.999999999999998 36 12 24 11.999999999999998 12 11.999999999999998 24 12 24 12 696 216
leaf_count=12 144 24 24 24 132 36 36 36 12 12 12 36 12 12 24 24 12 12 36 12 24 12 12 12 24 12 24 12 696 216
internal_value=5.03725e-10 0.0248118 0.0666508 0.0260826 -0.00354454 0.0122636 0.0544377 -0.00648046 0.245306 -0.132374 -0.694844 0.294571 -0.425828 0.486382 0.104937 0.208409 -0.0620648 -0.0675159 -0.122686 -0.203343 -0.0420292 0.10276 -0.505554 0.345013 0.0389707 0.153559 -0.0183236 0.00350348 -0.0106309 -0.0344801
internal_weight=1728 216 72 48 1512 468 144 324 108 216 24 96 48 48 96 60 192 36 120 60 60 48 24 36 72 24 48 24 1044 348
internal_count=1728 216 72 48 1512 468 144 324 108 216 24 96 48 48 96 60 192 36 120 60 60 48 24 36 72 24 48 24 1044 348
is_linear=0
shrinkage=0.05


Tree=272
num_leaves=31
num_cat=0
split_feature=1 6 0 0 6 1 0 0 2 2 0 6 1 1 1 6 1 1 1 1 2 2 1 6 0 0 0 2 4 1
split_gain=60.0054 802.558 7758.77 3733.86 2755.42 731.693 973.871 702.047 762.424 582.865 907.559 550.863 4528.13 3096.86 2922.4 5289.72 2529.62 1814.4 1622.16 2426.57 1583.06 2029.47 1938.66 1446.26 3222.96 1351.63 1163.21 959.096 853.326 801.033
threshold=8058.1010000000015 0.15000000000000005 35745.162000000004 35745.162000000004 0.25000000000000006 2579.4600000000005 31159.647000000004 7391.9660000000013 47.44700000000001 42.413500000000006 19563.351500000001 0.15000000000000005 9804.0705000000016 11548.453500000001 9804.0705000000016 0.25000000000000006 13134.513000000001 12485.131000000003 11991.799500000003 13134.513000000001 71.424500000000009 68.52800000000002 26343.954000000005 0.25000000000000006 37405.976000000002 37405.976000000002 55159.639500000012 71.424500000000009 140.45600000000005 8505.381000000003
decision_type=2 2 2 2 2 2 2 2 2 2 2 2 2 2 2 2 2 2 2 2 2 2 2 2 2 2 2 2 2 2
left_child=1 2 5 7 -5 -1 9 -3 -9 10 -7 12 -2 25 15 -13 17 -15 23 -20 21 28 -22 24 -16 -14 -26 -21 -18 -17
right_child=11 3 -4 4 -6 6 -8 8 -10 -11 -12 14 13 16 18 29 20 -19 19 27 22 -23 -24 -25 26 -27 -28 -29 -30 -31
leaf_value=-0.21723397970199587 -0.57690871556599932 0.099597228667698809 1.2998434066772462 -1.1958475112915037 -0.12435693740844725 0.60656332969665527 -0.38753914833068848 -0.16793407239019872 0.021112535446882248 0.0051239348948001863 0.074010825157165533 0.76243481636047372 -0.13529478311538698 -0.079384279251098644 0.43912587165832523 0.23884632587432864 -0.0077417988756981991 -0.69420146942138672 0.30872661868731183 -0.081691281773425925 -0.3584647655487061 0.76800251007080078 0.023435728624463081 0.008014378945032756 -0.63825872739156086 0.45799043178558352 -0.18887370824813843 0.055369689000340609 0.33652190566062928 -0.26147627830505371
leaf_weight=36 36 96 11.999999999999998 12 12 11.999999999999998 11.999999999999998 96 120 72 24 36 11.999999999999998 24 11.999999999999998 11.999999999999998 72 24 72 216 48 11.999999999999998 108 72 36 48 24 312 24 24
leaf_count=36 36 96 12 12 12 12 12 96 120 72 24 36 12 24 12 12 72 24 72 216 48 12 108 72 36 48 24 312 24 24
internal_value=-2.03215e-09 -0.0145201 0.0747094 -0.0591348 -0.660102 -0.0195317 0.0397789 -0.0129065 -0.0629082 0.0872587 0.251528 0.00597885 -0.041458 0.0103598 0.0296973 0.333866 -0.0529044 -0.386793 0.000261566 0.0364306 0.00780264 0.154955 -0.0940721 -0.150443 -0.3089 0.339333 -0.458505 -0.000700708 0.0783241 -0.0947021
internal_weight=1728 504 168 336 24 156 120 312 216 108 36 1224 408 372 816 72 312 48 744 600 264 108 156 144 72 60 60 528 96 36
internal_count=1728 504 168 336 24 156 120 312 216 108 36 1224 408 372 816 72 312 48 744 600 264 108 156 144 72 60 60 528 96 36
is_linear=0
shrinkage=0.05


Tree=273
num_leaves=31
num_cat=0
split_feature=0 0 6 6 2 0 0 6 2 2 2 1 0 6 0 4 0 4 0 0 1 0 0 0 4 6 0 0 6 4
split_gain=56.8853 103.809 689.955 676.77 637.583 819.072 470.716 425.934 1002.9 910.647 699.782 560.232 459.976 384.356 441.152 217.29 171.418 168.272 109.863 101.42 96.9837 94.0996 85.386 83.949 58.6131 1591.91 6458.2 3045.61 2486.77 2101.9
threshold=27705.340000000004 7391.9660000000013 0.15000000000000005 0.15000000000000005 43.663000000000004 19563.351500000001 4747.4170000000004 0.25000000000000006 57.764500000000005 37.846500000000013 43.663000000000004 5600.7615000000014 16052.3765 0.25000000000000006 4747.4170000000004 14.624000000000001 22666.579000000002 17.934000000000005 16052.3765 22666.579000000002 2579.4600000000005 3923.9490000000001 19740.918500000003 3923.9490000000001 133.21950000000004 0.15000000000000005 55159.639500000012 55159.639500000012 0.25000000000000006 140.45600000000005
decision_type=2 2 2 2 2 2 2 2 2 2 2 2 2 2 2 2 2 2 2 2 2 2 2 2 2 2 2 2 2 2
left_child=1 2 6 4 5 -3 20 8 9 19 16 22 -13 14 21 -6 -9 -17 -10 -5 -1 -4 -12 -15 -2 26 -26 28 -27 -28
right_child=24 3 13 7 15 -7 -8 10 18 -11 11 12 -14 23 -16 17 -18 -19 -20 -21 -22 -23 -24 -25 25 27 29 -29 -30 -31
leaf_value=-0.10518232882022858 0.010012900516287322 0.57623515129089353 0.16430928111076357 0.058543884754180903 -0.22366697788238527 0.070310282707214358 -0.40875215530395509 -0.25810587406158447 0.20660166740417477 -0.44185627301534014 0.18717247247695923 -0.27904634475708007 0.15873987674713133 -0.071552616357803342 0.45720891952514653 0.17488830089569093 -0.026658320426940919 -0.05442592464387417 -0.0073520332574844348 -0.14702445268630979 0.06890787482261658 -0.0071728624403476719 0.37579245567321773 0.060694791376590729 1.2348512649536134 -1.1360550880432128 -0.28817932605743407 -0.01871707478745116 -0.1181390881538391 0.25212697585423788
leaf_weight=24 1080 11.999999999999998 24 12 11.999999999999998 24 11.999999999999998 24 12 36 12 12 12 24 11.999999999999998 11.999999999999998 11.999999999999998 24 12 12 11.999999999999998 11.999999999999998 12 24 11.999999999999998 12 36 144 12 36
leaf_count=24 1080 12 24 12 12 24 12 24 12 36 12 12 12 24 12 12 12 24 12 12 12 12 12 24 12 12 36 144 12 36
internal_value=3.30382e-10 -0.0166381 0.0172275 -0.0359898 0.0798893 0.238952 -0.137552 -0.0939294 -0.173543 -0.28281 -0.0143159 0.110665 -0.0601532 0.0946174 0.194664 -0.0394076 -0.180957 0.0220122 0.0996248 -0.0442403 -0.0471523 0.107149 0.281482 -0.00542891 0.00494645 -0.0167669 0.160956 -0.105629 -0.627097 -0.0180262
internal_weight=1728 396 144 252 84 36 48 168 84 60 84 48 24 96 48 48 36 36 24 24 36 36 24 48 1332 252 84 168 24 72
internal_count=1728 396 144 252 84 36 48 168 84 60 84 48 24 96 48 48 36 36 24 24 36 36 24 48 1332 252 84 168 24 72
is_linear=0
shrinkage=0.05


Tree=274
num_leaves=31
num_cat=0
split_feature=3 6 2 0 2 3 2 2 6 3 3 2 0 6 4 6 2 0 4 0 0 0 0 6 4 4 1 1 3 0
split_gain=53.2056 139.23 421.441 797.639 749.389 647.261 519.245 396.745 765.787 789.601 677.941 431.287 500.679 714.691 395.27 1218.68 2037.96 2895.27 2764.51 2281.77 1575.47 1141.43 1073.74 976.894 5767.52 5437.98 3539.68 3202.64 1931.42 1589.87
threshold=95.222000000000023 0.25000000000000006 74.89200000000001 41777.992500000008 67.669000000000025 64.121000000000009 27.516500000000004 27.516500000000004 0.15000000000000005 85.117000000000004 85.117000000000004 74.89200000000001 41777.992500000008 0.15000000000000005 49.236500000000007 0.15000000000000005 52.25350000000001 7391.9660000000013 43.561500000000002 37306.64650000001 31159.647000000004 145818.27200000003 44158.321000000004 0.15000000000000005 149.54050000000004 149.54050000000004 15904.846000000003 15904.846000000003 31.224500000000003 90630.424000000014
decision_type=2 2 2 2 2 2 2 2 2 2 2 2 2 2 2 2 2 2 2 2 2 2 2 2 2 2 2 2 2 2
left_child=1 7 4 -4 5 6 -3 8 10 -10 -1 14 13 -13 15 20 17 -17 19 -18 -9 -22 -21 25 27 26 28 -25 -16 -30
right_child=-2 2 3 -5 -6 -7 -8 11 9 -11 -12 12 -14 -15 23 16 18 -19 -20 22 21 -23 -24 24 -26 -27 -28 -29 29 -31
leaf_value=-0.079480189085006717 0.016090931789949536 0.16019072035948437 -0.27049267292022705 0.16529852662767686 -0.19093958716839554 0.16872663974761964 -0.045775218001183345 -0.00077732644147343111 -0.13634357129534086 -0.60467429161071784 0.35447492599487307 -0.12903069257736205 -0.10032149883253234 0.41666893959045403 0.21052711407343547 0.32285605669021611 0.10209011547267438 -0.34974089860916141 -0.48353338241577148 1.0148555755615234 -0.49839270114898682 -0.053234648704528813 0.43559468984603883 0.19956266358494759 -1.0792523384094239 1.1731086730957032 0.59988758563995359 -0.44620037078857422 -0.56794958114624028 -0.042574703693389893
leaf_weight=36 396 36 11.999999999999998 84 48 60 204 108 36 11.999999999999998 11.999999999999998 12 168 12 36 24 48 48 11.999999999999998 11.999999999999998 36 24 24 96 11.999999999999998 11.999999999999998 24 24 24 36
leaf_count=36 396 36 12 84 48 60 204 108 36 12 12 12 168 12 36 24 48 48 12 12 36 24 24 96 12 12 24 24 24 36
internal_value=2.84894e-10 -0.00478379 0.0180774 0.110825 -0.00750799 0.0218411 -0.0148803 -0.0162144 -0.112209 -0.253426 0.0290086 -0.00457872 -0.0698039 0.143819 0.0162933 -0.0196794 0.0755443 -0.125542 0.226359 0.327772 -0.114903 -0.320329 0.628682 0.0620768 -0.0341047 0.158258 0.0567733 0.0704101 -0.0790052 -0.252725
internal_weight=1728 1332 444 96 348 300 240 888 96 48 48 792 192 24 600 336 168 72 96 84 168 60 36 264 132 132 120 120 96 60
internal_count=1728 1332 444 96 348 300 240 888 96 48 48 792 192 24 600 336 168 72 96 84 168 60 36 264 132 132 120 120 96 60
is_linear=0
shrinkage=0.05


Tree=275
num_leaves=31
num_cat=0
split_feature=0 6 4 1 4 1 1 6 1 6 1 1 1 2 1 2 6 0 0 0 1 0 2 4 1 0 2 1 4 0
split_gain=52.513 94.5015 6287.68 4036.06 3346.91 2752.44 2550.75 2941.05 2133.6 2010.86 1574.58 1464.06 2161.09 1317.88 1690.25 1689.59 1257.38 2717.27 1224.3 1172.67 1105.99 980.725 809.423 638.429 538.349 516.364 498.894 440.869 435.507 425.039
threshold=31159.647000000004 0.15000000000000005 149.54050000000004 9804.0705000000016 149.54050000000004 11548.453500000001 9804.0705000000016 0.25000000000000006 13134.513000000001 0.25000000000000006 12485.131000000003 11991.799500000003 13134.513000000001 71.424500000000009 26343.954000000005 68.52800000000002 0.25000000000000006 37405.976000000002 37306.64650000001 37405.976000000002 8505.381000000003 55159.639500000012 71.424500000000009 140.45600000000005 26343.954000000005 38531.177500000013 68.52800000000002 10129.240500000002 46.048000000000009 303117.76850000006
decision_type=2 2 2 2 2 2 2 2 2 2 2 2 2 2 2 2 2 2 2 2 2 2 2 2 2 2 2 2 2 2
left_child=-1 2 3 -2 6 19 7 18 10 -6 -7 16 -13 15 28 23 17 -8 -3 -5 -9 -19 26 -10 -24 -20 -14 -18 -15 -16
right_child=1 4 -4 5 9 8 11 20 13 -11 -12 12 22 14 29 -17 27 21 25 -21 -22 -23 24 -25 -26 -27 -28 -29 -30 -31
leaf_value=-0.015097057309064136 -0.47779955267906193 0.11314480304718018 1.1144532203674318 -0.12257915735244751 -1.0252897262573242 -0.07053974866867066 0.39583549499511722 0.23703027963638307 -0.004619488927225272 -0.10994337797164916 -0.64328527450561523 0.29124671717484796 -0.048301419367392857 -0.18373489379882812 0.30280694961547855 0.69910736083984382 0.28115019798278812 -0.59342447916666674 0.96411285400390634 0.43003577589988712 -0.24298524260520937 -0.18079289197921755 0.14926375555805863 0.29315665960311893 0.0069598126742574902 0.56241192817687991 -0.29009500741958621 -0.050839589834213265 -0.48494997024536135 -0.012817118020029739
leaf_weight=432 48 11.999999999999998 11.999999999999998 11.999999999999998 12 24 11.999999999999998 24 72 12 24 72 192 24 11.999999999999998 11.999999999999998 11.999999999999998 36 11.999999999999998 48 24 24 96 24 216 24 24 60 24 96
leaf_count=432 48 12 12 12 12 24 12 24 72 12 24 72 192 24 12 12 12 36 12 48 24 24 96 24 216 24 24 60 24 96
internal_value=8.80502e-10 0.00503235 -0.0140619 -0.0463052 0.0145795 0.00937155 0.0312136 0.273771 -0.050271 -0.567617 -0.356913 -8.41488e-05 0.0342771 0.005482 -0.0874692 0.139745 -0.143256 -0.291004 0.55052 0.319513 -0.00297748 -0.428372 -0.000764228 0.0698245 0.0507456 0.696312 -0.0751674 0.00449204 -0.334342 0.0222522
internal_weight=1728 1296 432 420 864 372 840 96 312 24 48 744 600 264 156 108 144 72 48 60 48 60 528 96 312 36 216 72 48 108
internal_count=1728 1296 432 420 864 372 840 96 312 24 48 744 600 264 156 108 144 72 48 60 48 60 528 96 312 36 216 72 48 108
is_linear=0
shrinkage=0.05


Tree=276
num_leaves=31
num_cat=0
split_feature=1 2 2 6 6 2 2 6 6 4 0 0 2 6 1 2 0 2 6 0 6 0 0 0 0 0 6 3 2 0
split_gain=51.4069 38.9857 147.934 6101.94 2654.99 4017.76 2013.4 1814.8 987.139 480.807 461.06 325.854 259.34 198.31 1026.37 547.476 145.875 125.004 262.805 96.9436 86.0879 325.633 108.065 84.4025 83.6023 77.6625 75.3178 2241.68 1438.56 1551.92
threshold=55820.384000000005 36.14800000000001 31.205000000000002 0.15000000000000005 0.15000000000000005 30.574000000000002 30.574000000000002 0.25000000000000006 0.25000000000000006 115.82000000000001 37405.976000000002 68725.196500000005 25.045500000000004 0.25000000000000006 10484.007500000002 27.516500000000004 55159.639500000012 17.543500000000005 0.25000000000000006 74959.462500000009 0.25000000000000006 240407.42100000003 240407.42100000003 63082.982000000011 80810.85000000002 19563.351500000001 0.15000000000000005 12.640500000000001 50.303500000000007 145818.27200000003
decision_type=2 2 2 2 2 2 2 2 2 2 2 2 2 2 2 2 2 2 2 2 2 2 2 2 2 2 2 2 2 2
left_child=1 2 4 -4 5 9 11 -8 24 10 25 13 -11 14 -6 -15 -16 18 -13 -12 22 -22 -19 -17 -5 -1 27 -3 -29 -30
right_child=-2 26 3 8 6 -7 7 -9 -10 12 19 17 -14 15 16 23 -18 20 -20 -21 21 -23 -24 -25 -26 -27 -28 28 29 -31
leaf_value=-0.084684193134307861 0.033400632215327485 0.64824380874633791 -0.47019025484720872 0.45832533836364747 0.00062506049871444711 1.0587306022644043 -0.97402524948120106 -0.10444620847702024 0.14192978342374166 0.038772501051425934 0.34619983434677126 0.10288338661193847 -0.24590942859649659 0.083647140860557564 -0.54476933479309075 -0.31841647624969482 -0.29823045730590819 -0.095874357223510731 -0.22802746295928952 0.17214555740356446 0.32831907272338867 -0.040029060840606687 0.11632122993469236 -0.13088592290878295 0.61995987892150883 0.095202928781509391 0.0019981196714621602 0.12188299763947726 -0.20837774551831761 0.024566037444905802
leaf_weight=12 108 11.999999999999998 36 24 36 11.999999999999998 12 12 36 24 24 12 11.999999999999998 36 12 12 12 12 12 11.999999999999998 12 12 12 12 11.999999999999998 12 792 96 156 132
leaf_count=12 108 12 36 24 36 12 12 12 36 24 24 12 12 36 12 12 12 12 12 12 12 12 12 12 12 12 792 96 156 132
internal_value=9.74129e-10 -0.00222671 0.010636 0.0613143 -0.00625682 0.196159 -0.107465 -0.539236 0.327067 0.0883374 0.175013 -0.0534933 -0.0561215 -0.103949 -0.168225 -0.0396722 -0.4215 0.0305988 -0.062572 0.288182 0.0771842 0.144145 0.0102234 -0.224651 0.512204 0.00525937 -0.00690405 -0.0247084 -0.0457381 -0.101612
internal_weight=1728 1620 432 108 324 108 216 24 72 96 60 192 36 120 60 60 24 72 24 36 48 24 24 24 36 24 1188 396 384 288
internal_count=1728 1620 432 108 324 108 216 24 72 96 60 192 36 120 60 60 24 72 24 36 48 24 24 24 36 24 1188 396 384 288
is_linear=0
shrinkage=0.05


Tree=277
num_leaves=31
num_cat=0
split_feature=3 6 4 1 3 6 1 6 4 4 3 6 3 0 0 0 0 2 6 4 4 0 2 1 2 3 2 2 6 0
split_gain=55.9255 1276.71 1895.46 1880.44 1242.67 1660.73 1557.78 1165.19 4342.31 2116.1 1727.1 1637.86 1110.5 1077.17 1317.53 1047.56 1059.25 887.99 813.829 811.521 1201.82 906.477 938.643 794.637 642.914 829.107 547.022 1543.85 729.192 530.234
threshold=52.614000000000004 0.15000000000000005 64.634000000000015 21993.230500000001 65.925000000000011 0.25000000000000006 9241.5975000000017 0.15000000000000005 149.54050000000004 149.54050000000004 12.640500000000001 0.25000000000000006 12.640500000000001 145818.27200000003 44158.321000000004 41777.992500000008 37306.64650000001 57.764500000000005 0.25000000000000006 140.45600000000005 99.63600000000001 18495.691000000003 47.44700000000001 24629.120500000001 76.349000000000018 105.34800000000001 37.846500000000013 31.426500000000004 0.25000000000000006 256199.82050000003
decision_type=2 2 2 2 2 2 2 2 2 2 2 2 2 2 2 2 2 2 2 2 2 2 2 2 2 2 2 2 2 2
left_child=7 2 13 -4 5 6 -3 8 10 12 -1 -11 18 14 15 16 -2 -7 -9 20 21 -12 -23 -5 -6 -26 27 -14 -29 -15
right_child=1 4 3 23 24 17 -8 9 -10 11 19 -13 26 29 -16 -17 -18 -19 -20 -21 -22 22 -24 -25 25 -27 -28 28 -30 -31
leaf_value=0.61583166122436528 -0.083213102817535411 0.25799452463785805 0.48043155670166016 -0.39498941898345952 -0.036782549863511864 0.22158055901527407 0.91580724716186523 -0.65384359359741206 1.0057940483093262 -0.92532396316528309 -0.1166516411304474 -0.099223893880844113 -0.037895805318839848 0.19417531490325929 -0.45391103029251101 0.30391132831573486 -0.47624473571777348 -0.20853322744369507 -0.071524524688720698 0.21825154225031534 -0.25711270570755007 0.33080202142397563 -0.0069421999156475071 0.039980924368969037 0.15607659667730334 -0.0135949877401193 -0.055561873089108205 0.49250308275222782 0.10274043083190919 -0.10922942468508456
leaf_weight=11.999999999999998 60 36 24 11.999999999999998 264 24 11.999999999999998 12 11.999999999999998 12 60 12 120 24 48 11.999999999999998 24 24 12 36 48 36 48 84 144 144 288 24 24 36
leaf_count=12 60 36 24 12 264 24 12 12 12 12 60 12 120 24 48 12 24 24 12 36 48 36 48 84 144 144 288 24 24 36
internal_value=3.73364e-10 0.00793288 -0.0731069 0.084574 0.0484528 0.214486 0.422448 -0.0101994 0.0775861 -0.0540922 0.0311757 -0.512274 -0.0311831 -0.16586 -0.240024 -0.13308 -0.195508 0.00652367 -0.362684 0.000404361 -0.040442 0.0317816 0.137805 -0.0143904 0.0195775 0.0712408 -0.0137357 0.0579664 0.297622 0.0121325
internal_weight=1728 972 324 120 648 96 48 756 252 504 240 24 480 204 144 96 84 48 24 228 192 144 84 96 552 288 456 168 48 60
internal_count=1728 972 324 120 648 96 48 756 252 504 240 24 480 204 144 96 84 48 24 228 192 144 84 96 552 288 456 168 48 60
is_linear=0
shrinkage=0.05


Tree=278
num_leaves=31
num_cat=0
split_feature=3 6 4 1 3 6 1 6 4 4 3 6 3 0 0 0 0 2 6 4 4 1 1 2 2 3 6 3 0 0
split_gain=50.4728 1152.23 1710.65 1697.1 1121.51 1498.81 1405.9 1051.59 3918.94 1909.78 1558.71 1478.17 1002.22 972.145 1189.07 945.425 955.973 801.411 734.481 732.398 1091.61 717.16 706.34 1156.8 580.23 748.269 524.719 839.814 619.314 572.109
threshold=52.614000000000004 0.15000000000000005 64.634000000000015 21993.230500000001 65.925000000000011 0.25000000000000006 9241.5975000000017 0.15000000000000005 149.54050000000004 149.54050000000004 12.640500000000001 0.25000000000000006 12.640500000000001 145818.27200000003 44158.321000000004 41777.992500000008 37306.64650000001 57.764500000000005 0.25000000000000006 140.45600000000005 107.81800000000001 24629.120500000001 2579.4600000000005 40.431500000000007 76.349000000000018 105.34800000000001 0.25000000000000006 101.51950000000001 87041.996000000028 45843.734500000013
decision_type=2 2 2 2 2 2 2 2 2 2 2 2 2 2 2 2 2 2 2 2 2 2 2 2 2 2 2 2 2 2
left_child=7 2 13 -4 5 6 -3 8 10 12 -1 -11 18 14 15 16 -2 -7 -9 20 22 -5 -12 -24 -6 26 27 28 -26 -28
right_child=1 4 3 21 24 17 -8 9 -10 11 19 -13 -14 -15 -16 -17 -18 -19 -20 -21 -22 -23 23 -25 25 -27 29 -29 -30 -31
leaf_value=0.58504004478454597 -0.079052450656890871 0.24509479800860087 0.45640997886657719 -0.37523994445800785 -0.034943421252749185 0.21050153374671937 0.87001695632934573 -0.62115139961242671 0.95550432205200198 -0.87905778884887686 -0.17539477149645488 -0.094262701272964475 -0.013048899005444951 0.011525843441486359 -0.43121547400951388 0.28871574401855471 -0.45243251323699951 -0.19810656309127808 -0.067948299646377552 0.20733897089958192 -0.2865985910097758 0.037981877688850675 0.31426192323366803 -0.024503402624811446 0.3640909552574158 -0.012915240476528804 -0.26232979297637943 0.62555642127990729 0.036188881099224093 0.11585959792137146
leaf_weight=11.999999999999998 60 36 24 11.999999999999998 264 24 11.999999999999998 12 11.999999999999998 12 36 12 456 60 48 11.999999999999998 24 24 12 36 36 84 36 84 24 144 11.999999999999998 11.999999999999998 36 60
leaf_count=12 60 36 24 12 264 24 12 12 12 12 36 12 456 60 48 12 24 24 12 36 36 84 36 84 24 144 12 12 36 60
internal_value=3.08285e-10 0.00753624 -0.0694515 0.0803453 0.0460301 0.203761 0.401325 -0.00968945 0.0737068 -0.0513876 0.0296169 -0.48666 -0.0296239 -0.157567 -0.228023 -0.126426 -0.185732 0.00619749 -0.34455 0.000384146 -0.0384199 -0.0136709 0.0188521 0.0771262 0.0185986 0.0676788 0.148273 0.243717 0.16735 0.052828
internal_weight=1728 972 324 120 648 96 48 756 252 504 240 24 480 204 144 96 84 48 24 228 192 96 156 120 552 288 144 72 60 72
internal_count=1728 972 324 120 648 96 48 756 252 504 240 24 480 204 144 96 84 48 24 228 192 96 156 120 552 288 144 72 60 72
is_linear=0
shrinkage=0.05


Tree=279
num_leaves=31
num_cat=0
split_feature=3 6 4 3 3 6 1 6 4 4 3 6 3 3 3 2 0 6 4 4 0 0 3 0 0 2 3 2 2 6
split_gain=45.5517 1039.89 1543.86 1553.78 1012.16 1352.68 1268.82 949.057 3536.84 1723.58 1406.74 1334.05 924.842 904.506 750.626 723.273 670.107 662.869 660.989 990.531 740.266 830.012 626.474 713.882 1205.1 523.657 675.313 493.687 1393.32 658.095
threshold=52.614000000000004 0.15000000000000005 64.634000000000015 81.107000000000014 65.925000000000011 0.25000000000000006 9241.5975000000017 0.15000000000000005 149.54050000000004 149.54050000000004 12.640500000000001 0.25000000000000006 113.36550000000001 12.640500000000001 85.117000000000004 57.764500000000005 16052.3765 0.25000000000000006 140.45600000000005 99.63600000000001 18495.691000000003 19563.351500000001 65.925000000000011 44158.321000000004 145818.27200000003 76.349000000000018 105.34800000000001 37.846500000000013 31.426500000000004 0.25000000000000006
decision_type=2 2 2 2 2 2 2 2 2 2 2 2 2 2 2 2 2 2 2 2 2 2 2 2 2 2 2 2 2 2
left_child=7 2 12 -4 5 6 -3 8 10 13 -1 -11 16 17 -5 -7 -2 -9 19 20 -12 -22 -18 -24 -25 -6 -27 28 -15 -30
right_child=1 4 3 14 25 15 -8 9 -10 11 18 -13 -14 27 -16 -17 22 -19 -20 -21 21 -23 23 24 -26 26 -28 -29 29 -31
leaf_value=0.55578804016113281 0.18546977043151858 0.23284005125363672 0.61608161926269533 -0.35647795200347904 -0.033196252533657981 0.19997645616531373 0.82651605606079104 -0.59009380340576167 0.90772914886474609 -0.83510484695434561 -0.10506714701652527 -0.089549565315246576 0.27615323066711428 -0.035348568558692936 0.062959602149203417 -0.18820124268531802 -0.38698094685872397 -0.06455088257789611 0.19697201649347942 -0.23320332765579224 0.50986976623535163 0.060716169575850167 0.0036580368876457216 -0.40965470820665362 -0.055351365357637405 0.1408591269205014 -0.012269475931922597 -0.052131332664026156 0.46853036880493165 0.098255857825279236
leaf_weight=11.999999999999998 11.999999999999998 36 11.999999999999998 11.999999999999998 264 24 11.999999999999998 12 11.999999999999998 12 60 12 11.999999999999998 120 96 24 36 12 36 48 11.999999999999998 72 48 48 48 144 144 288 24 24
leaf_count=12 12 36 12 12 264 24 12 12 12 12 60 12 12 120 96 24 36 12 36 48 12 72 48 48 48 144 144 288 24 24
internal_value=3.6908e-10 0.00715942 -0.0659789 0.076328 0.0437286 0.193573 0.381259 -0.00920497 0.0700215 -0.0488182 0.0281361 -0.462327 -0.149689 -0.0281427 0.0163554 0.00588761 -0.176304 -0.327322 0.000364936 -0.0364989 0.0290693 0.124881 -0.200422 -0.153783 -0.232503 0.0176687 0.0642948 -0.0123965 0.0557205 0.283393
internal_weight=1728 972 324 120 648 96 48 756 252 504 240 24 204 480 108 48 192 24 228 192 144 84 180 144 96 552 288 456 168 48
internal_count=1728 972 324 120 648 96 48 756 252 504 240 24 204 480 108 48 192 24 228 192 144 84 180 144 96 552 288 456 168 48
is_linear=0
shrinkage=0.05


Tree=280
num_leaves=31
num_cat=0
split_feature=3 6 4 1 3 6 0 6 4 4 3 6 2 3 2 0 6 4 4 1 2 1 3 0 0 2 2 0 2 2
split_gain=41.1104 938.499 1393.34 1420.87 913.476 1220.79 1194.13 856.524 3192 1555.53 1269.58 1203.98 835.465 816.317 652.754 649.402 598.239 596.543 904.7 598.712 967.897 579.929 487.52 806.83 902.044 472.601 621.954 468.712 445.553 1257.47
threshold=52.614000000000004 0.15000000000000005 64.634000000000015 21993.230500000001 65.925000000000011 0.25000000000000006 37306.64650000001 0.15000000000000005 149.54050000000004 149.54050000000004 12.640500000000001 0.25000000000000006 113.36550000000001 12.640500000000001 57.764500000000005 16052.3765 0.25000000000000006 140.45600000000005 107.81800000000001 2579.4600000000005 40.431500000000007 24629.120500000001 65.925000000000011 44158.321000000004 87041.996000000028 76.349000000000018 78.163500000000013 41777.992500000008 37.846500000000013 31.426500000000004
decision_type=2 2 2 2 2 2 2 2 2 2 2 2 2 2 2 2 2 2 2 2 2 2 2 2 2 2 2 2 2 2
left_child=7 2 12 -4 5 6 -3 8 10 13 -1 -11 15 16 -7 -2 -9 18 19 -12 -21 -5 -17 27 -25 -6 -27 -24 29 -15
right_child=1 4 3 21 25 14 -8 9 -10 11 17 -13 -14 28 -16 22 -18 -19 -20 20 -22 -23 23 24 -26 26 -28 -29 -30 -31
leaf_value=0.52799863815307624 0.17619627714157104 0.11280837953090668 0.41661344766616826 -0.3386540412902832 -0.031536437072579492 0.1899776339530945 0.61158382892608643 -0.56058912277221673 0.86234264373779301 -0.79334964752197257 -0.16137167811393738 -0.085072088241577137 0.13490398041903973 -0.033581141941249372 -0.17879117131233216 -0.36763190428415937 -0.061323338747024531 0.18712341984113057 -0.26060849825541177 0.2880271136760712 -0.021846283972263337 0.032934804580041339 -0.086732173959414169 -0.5125662088394165 -0.14987061142921448 0.30477653741836552 0.038925860348072924 0.2740970611572266 -0.049524764913237762 0.26922346800565722
leaf_weight=11.999999999999998 11.999999999999998 24 24 11.999999999999998 264 24 24 12 11.999999999999998 12 36 12 24 120 24 36 12 36 36 36 84 84 36 24 60 24 264 11.999999999999998 288 48
leaf_count=12 12 24 24 12 264 24 24 12 12 12 36 12 24 120 24 36 12 36 36 36 84 84 36 24 60 24 264 12 288 48
internal_value=4.70242e-10 0.00680145 -0.06268 0.0725116 0.0415422 0.183895 0.362196 -0.00874473 0.0665204 -0.0463773 0.0267293 -0.439211 -0.142204 -0.0267356 0.00559323 -0.179152 -0.310956 0.000346689 -0.0346739 0.0174648 0.0711157 -0.0135138 -0.204534 -0.160053 -0.253498 0.0167852 0.0610801 0.00347513 -0.0117766 0.0529345
internal_weight=1728 972 324 120 648 96 48 756 252 504 240 24 204 480 48 180 24 228 192 156 120 96 168 132 84 552 288 48 456 168
internal_count=1728 972 324 120 648 96 48 756 252 504 240 24 204 480 48 180 24 228 192 156 120 96 168 132 84 552 288 48 456 168
is_linear=0
shrinkage=0.05


Tree=281
num_leaves=31
num_cat=0
split_feature=3 6 4 4 3 6 6 4 3 3 0 0 3 0 0 4 0 6 0 0 4 4 6 3 0 0 3 6 0 0
split_gain=38.6094 850.748 2846.95 1376.68 1140.04 1086.59 785.755 1255.74 778.476 733.808 849.891 885.642 725.837 720.837 840.735 691.261 547.139 539.911 533.747 516.708 514.761 797.058 1039.85 507.695 585.816 1007.53 506.477 1634.51 478.873 782.043
threshold=48.804500000000012 0.15000000000000005 149.54050000000004 149.54050000000004 12.640500000000001 0.25000000000000006 0.15000000000000005 64.634000000000015 113.36550000000001 46.238000000000007 68725.196500000005 18495.691000000003 12.640500000000001 208019.18150000004 153655.73400000003 64.634000000000015 16052.3765 0.25000000000000006 19563.351500000001 208019.18150000004 22.396000000000004 28.488500000000005 0.25000000000000006 65.925000000000011 44158.321000000004 145818.27200000003 43.781500000000008 0.25000000000000006 68725.196500000005 18495.691000000003
decision_type=2 2 2 2 2 2 2 2 2 2 2 2 2 2 2 2 2 2 2 2 2 2 2 2 2 2 2 2 2 2
left_child=1 2 4 12 -1 -5 7 8 16 10 11 -6 17 14 -9 20 -2 -3 -13 -17 -8 22 -22 -18 -25 -26 28 -28 29 -14
right_child=6 3 -4 5 9 -7 15 13 -10 -11 -12 18 26 -15 -16 19 23 -19 -20 -21 21 -23 -24 24 25 -27 27 -29 -30 -31
leaf_value=0.50159873962402346 0.16738647222518921 -0.53255968093872064 0.81922550201416022 -0.75368218421936028 -0.094535713195800786 -0.080818486213684079 0.002543384023010731 0.096535220742225647 0.25560038089752196 0.37944278717041019 -0.17961660027503967 0.46997494697570802 0.077638817485421896 -0.036792901264769688 0.56444687843322761 -0.10182990153630576 -0.34925030867258711 -0.058257174491882315 0.10468496650457382 0.034015107846685814 0.53708332777023315 0.079110565564284724 0.071642655134201053 0.0033013783395290375 -0.37261104285717012 -0.048649949138052762 -0.45680232048034669 0.12674019932746888 0.089427976012229918 -0.10659698694944382
leaf_weight=11.999999999999998 11.999999999999998 12 11.999999999999998 12 60 12 144 48 11.999999999999998 11.999999999999998 60 11.999999999999998 96 84 11.999999999999998 120 36 12 60 168 24 216 24 48 48 48 24 24 120 144
leaf_count=12 12 12 12 12 60 12 144 48 12 12 60 12 96 84 12 120 36 12 60 168 24 216 24 48 48 48 24 24 120 144
internal_value=7.16385e-10 -0.00923351 0.0696266 -0.0486636 0.0279822 -0.41725 0.00604954 -0.0552953 -0.135094 0.000122412 -0.0235851 0.0473383 -0.0281865 0.0577531 0.190118 0.036722 -0.159513 -0.295408 0.165567 -0.022587 0.0785871 0.120066 0.304363 -0.181306 -0.13932 -0.21063 -0.0124676 -0.165031 0.00787422 -0.0329027
internal_weight=1728 684 228 456 216 24 1044 348 204 204 192 132 432 144 60 696 192 24 72 288 408 264 48 180 144 96 408 48 360 240
internal_count=1728 684 228 456 216 24 1044 348 204 204 192 132 432 144 60 696 192 24 72 288 408 264 48 180 144 96 408 48 360 240
is_linear=0
shrinkage=0.05


Tree=282
num_leaves=31
num_cat=0
split_feature=0 0 6 6 2 2 2 1 6 0 2 0 0 6 0 1 1 2 0 0 4 1 0 0 3 6 6 0 6 4
split_gain=36.028 91.489 377.269 393.684 671.164 719.24 632.694 477.191 351.087 367.109 347.088 540.57 334.47 278.462 190.194 156.27 140.797 130.43 87.4223 71.4326 70.6481 58.7325 56.9156 46.0998 43.8625 1334.23 789.246 407.963 222.244 3177.04
threshold=27705.340000000004 7391.9660000000013 0.15000000000000005 0.25000000000000006 57.764500000000005 37.846500000000013 43.663000000000004 5600.7615000000014 0.15000000000000005 4747.4170000000004 43.663000000000004 19563.351500000001 16052.3765 0.25000000000000006 4747.4170000000004 7848.9580000000014 5600.7615000000014 36.14800000000001 19740.918500000003 22666.579000000002 10.340000000000002 2579.4600000000005 16052.3765 3923.9490000000001 23.917000000000005 0.15000000000000005 0.25000000000000006 55159.639500000012 0.15000000000000005 149.54050000000004
decision_type=2 2 2 2 2 2 2 2 2 2 2 2 2 2 2 2 2 2 2 2 2 2 2 2 2 2 2 2 2 2
left_child=1 8 10 4 5 19 17 18 9 21 11 -3 -9 14 20 16 -12 -5 -8 -4 -10 -1 -6 -15 25 27 -27 -2 29 -26
right_child=24 2 3 6 22 -7 7 12 13 -11 15 -13 -14 23 -16 -17 -18 -19 -20 -21 -22 -23 -24 -25 28 26 -28 -29 -30 -31
leaf_value=-0.05718432515859604 0.47651877403259268 0.44647617340087892 0.057685726881027216 -0.29117207527160643 0.14925796985626219 -0.38194150924682618 0.18293389081954955 -0.22359588146209713 0.20050718784332278 -0.33136026859283452 -0.050742687284946443 0.035467384755611418 0.14971725940704345 -0.060399872064590458 0.33130192756652832 -0.18916910886764526 0.15901714563369751 -0.089282593131065374 0.3737897396087646 -0.11483547687530515 0.051922089606523517 0.078292262554168712 -0.0047382269054651255 0.037600742280483247 -0.047175696316887353 -0.38896354436874392 0.016531509160995484 0.064226746559143053 0.020954037500279292 0.77826423645019538
leaf_weight=24 12 11.999999999999998 12 11.999999999999998 12 36 12 12 11.999999999999998 11.999999999999998 24 24 12 24 11.999999999999998 11.999999999999998 11.999999999999998 24 12 12 24 11.999999999999998 12 24 408 24 24 12 840 11.999999999999998
leaf_count=24 12 12 12 12 12 36 12 12 12 12 24 24 12 24 12 12 12 24 12 12 24 12 12 24 408 24 24 12 840 12
internal_value=-1.16157e-09 -0.0132411 -0.0314082 -0.0746676 -0.151208 -0.240595 0.00187254 0.120711 0.0185515 -0.0918592 0.0551105 0.17247 -0.0369393 0.0737569 0.158913 -0.0329093 0.0191773 -0.156579 0.278362 -0.0285749 0.10145 -0.0120255 0.0722599 -0.0113996 0.00393653 -0.0340198 -0.186216 0.270373 0.00610546 -0.0235917
internal_weight=1728 396 252 168 84 60 84 48 144 48 84 36 24 96 48 48 36 36 24 24 36 36 24 48 1332 72 48 24 1260 420
internal_count=1728 396 252 168 84 60 84 48 144 48 84 36 24 96 48 48 36 36 24 24 36 36 24 48 1332 72 48 24 1260 420
is_linear=0
shrinkage=0.05


Tree=283
num_leaves=31
num_cat=0
split_feature=3 6 4 4 6 3 3 0 0 6 4 3 0 0 2 6 0 2 4 3 4 6 0 0 3 0 0 3 6 0
split_gain=36.7171 721.785 2313.41 1256.36 980.647 924.923 667.698 750.882 751.356 662.405 1138.66 704.21 650.555 758.763 635.557 1238.35 1253.69 1034.6 664.701 716.552 628.821 569.395 466.329 462.964 459.332 532.566 920.777 458.27 1034.66 1023.5
threshold=48.804500000000012 0.15000000000000005 149.54050000000004 149.54050000000004 0.25000000000000006 12.640500000000001 46.238000000000007 68725.196500000005 18495.691000000003 0.15000000000000005 64.634000000000015 113.36550000000001 208019.18150000004 153655.73400000003 37.846500000000013 0.25000000000000006 7391.9660000000013 31.426500000000004 49.236500000000007 46.238000000000007 64.634000000000015 0.25000000000000006 208019.18150000004 16052.3765 65.925000000000011 44158.321000000004 87041.996000000028 65.925000000000011 0.25000000000000006 37306.64650000001
decision_type=2 2 2 2 2 2 2 2 2 2 2 2 2 2 2 2 2 2 2 2 2 2 2 2 2 2 2 2 2 2
left_child=1 2 5 14 -5 -1 7 8 -7 10 11 23 13 -12 17 16 -16 -3 -18 -20 27 -19 -22 -2 -25 -26 -27 28 29 -11
right_child=9 3 -4 4 -6 6 -8 -9 -10 20 12 -13 -14 -15 15 -17 18 21 19 -21 22 -23 -24 24 25 26 -28 -29 -30 -31
leaf_value=0.45269284248352054 0.15106629133224489 -0.028211944890208542 0.73935103416442871 -0.71704573631286617 -0.077825260162353513 -0.085627135634422313 0.36282942295074466 -0.16827698588371276 0.15394599040349324 0.10278548896312714 0.094067242741584789 0.2451791286468506 -0.032594471637691767 0.53858332633972172 0.14444577693939209 0.034149952368302781 -0.39375420808792116 0.41865960359573368 -0.057728075236082081 -0.48970255851745609 -0.09778611262639364 0.074241350591182712 0.031266650983265469 -0.32942899862925212 0.0062369696795940401 -0.46594855785369876 -0.10833740277836722 0.044597254793804428 0.0053747355937957767 0.56455209255218508
leaf_weight=11.999999999999998 11.999999999999998 120 11.999999999999998 12 12 60 11.999999999999998 60 72 24 48 11.999999999999998 84 11.999999999999998 24 132 48 24 48 11.999999999999998 120 24 168 36 48 24 72 312 48 24
leaf_count=12 12 120 12 12 12 60 12 60 72 24 48 12 84 12 24 132 48 24 48 12 120 24 168 36 48 24 72 312 48 24
internal_value=-5.59979e-10 -0.0090044 0.0636331 -0.0453231 -0.397435 0.0260932 0.000999103 -0.0216153 0.0450491 0.00589943 -0.050425 -0.126413 0.0572242 0.18297 -0.0257613 -0.0741405 -0.182431 0.050263 -0.25507 -0.144123 0.0340616 0.24645 -0.0225053 -0.149637 -0.169684 -0.129748 -0.19774 0.0739913 0.169522 0.333669
internal_weight=1728 684 228 456 24 216 204 192 132 1044 348 204 144 60 432 264 132 168 108 60 696 48 288 192 180 144 96 408 96 48
internal_count=1728 684 228 456 24 216 204 192 132 1044 348 204 144 60 432 264 132 168 108 60 696 48 288 192 180 144 96 408 96 48
is_linear=0
shrinkage=0.05


Tree=284
num_leaves=31
num_cat=0
split_feature=0 0 6 6 2 2 2 1 2 0 0 6 0 6 0 1 4 2 0 0 4 1 0 3 6 6 0 6 4 4
split_gain=33.6388 73.7196 303.512 315.102 568.252 544.838 573.719 429.348 305.54 478.681 298.53 280.725 331.316 229.851 146.561 136.307 119.724 113.602 78.8986 67.3636 59.9201 53.0061 49.3436 43.2973 1093.72 673.283 340.639 181.815 2584.94 1557.18
threshold=27705.340000000004 7391.9660000000013 0.15000000000000005 0.25000000000000006 43.663000000000004 57.764500000000005 37.846500000000013 5600.7615000000014 43.663000000000004 19563.351500000001 16052.3765 0.15000000000000005 4747.4170000000004 0.25000000000000006 4747.4170000000004 7848.9580000000014 17.934000000000005 36.14800000000001 19740.918500000003 22666.579000000002 10.340000000000002 2579.4600000000005 16052.3765 23.917000000000005 0.15000000000000005 0.25000000000000006 55159.639500000012 0.15000000000000005 149.54050000000004 149.54050000000004
decision_type=2 2 2 2 2 2 2 2 2 2 2 2 2 2 2 2 2 2 2 2 2 2 2 2 2 2 2 2 2 2
left_child=1 11 8 5 17 6 19 18 9 -3 -9 12 21 14 20 16 -10 -5 -6 -4 -13 -1 -7 24 26 -26 -2 28 -25 -29
right_child=23 2 3 4 7 22 -8 10 15 -11 -12 13 -14 -15 -16 -17 -18 -19 -20 -21 -22 -23 -24 27 25 -27 -28 29 -30 -31
leaf_value=-0.050043749809265139 0.43005819320678706 0.41645507812500004 0.056212037801742547 -0.27520287036895752 0.1720797061920166 0.13665579557418822 -0.34315671920776369 -0.21268482208251949 0.14351297616958619 0.029689441621303561 0.14000153541564939 0.18325953483581545 -0.3105108976364136 -0.012258704006671907 0.29380385875701903 -0.18002250194549563 -0.049913524091243749 -0.086787144094705587 0.35339274406433102 -0.11132355928421019 0.046420139446854594 0.078659003973007208 -0.0067311786115169516 -0.04217495826237342 -0.35896620750427249 0.015556484460830688 0.053318113088607781 0.0310640294944831 0.70238347053527839 -0.37756374776363377
leaf_weight=24 12 11.999999999999998 12 11.999999999999998 12 12 36 12 11.999999999999998 24 12 11.999999999999998 11.999999999999998 48 11.999999999999998 11.999999999999998 24 24 12 12 24 11.999999999999998 12 408 24 24 12 816 11.999999999999998 24
leaf_count=24 12 12 12 12 12 12 36 12 12 24 12 12 12 48 12 12 24 24 12 12 24 12 12 408 24 24 12 816 12 24
internal_value=3.70804e-10 -0.0127945 -0.0291023 -0.0679032 0.000573144 -0.13638 -0.216916 0.113197 0.0484996 0.158611 -0.0363416 0.0157441 -0.0829848 0.0651086 0.142476 -0.0340841 0.014562 -0.149592 0.262736 -0.0275558 0.0920333 -0.00714283 0.0649623 0.00380377 -0.0339072 -0.171705 0.241688 0.00595868 -0.0209019 0.019389
internal_weight=1728 396 252 168 84 84 60 48 84 36 24 144 48 96 48 48 36 36 24 24 36 36 24 1332 72 48 24 1260 420 840
internal_count=1728 396 252 168 84 84 60 48 84 36 24 144 48 96 48 48 36 36 24 24 36 36 24 1332 72 48 24 1260 420 840
is_linear=0
shrinkage=0.05


Tree=285
num_leaves=31
num_cat=0
split_feature=3 6 4 4 6 3 3 0 0 2 6 0 2 0 6 4 2 0 0 4 6 0 4 4 6 0 0 0 0 0
split_gain=30.6632 603.322 1879.64 1019.91 885.034 750.252 607.219 664.143 637.827 566.473 1040.55 1057.62 889.07 558.135 551.481 1031.79 639.11 587.126 684.784 573.486 490.126 454.632 428.111 688.266 880.061 423.577 420.862 401.723 401.588 367.915
threshold=48.804500000000012 0.15000000000000005 149.54050000000004 149.54050000000004 0.25000000000000006 12.640500000000001 46.238000000000007 68725.196500000005 18495.691000000003 37.846500000000013 0.25000000000000006 7391.9660000000013 31.426500000000004 388286.60400000011 0.15000000000000005 64.634000000000015 113.36550000000001 208019.18150000004 153655.73400000003 64.634000000000015 0.25000000000000006 240407.42100000003 22.396000000000004 28.488500000000005 0.25000000000000006 16052.3765 208019.18150000004 41777.992500000008 45843.734500000013 121294.55000000002
decision_type=2 2 2 2 2 2 2 2 2 2 2 2 2 2 2 2 2 2 2 2 2 2 2 2 2 2 2 2 2 2
left_child=1 2 5 9 -5 -1 7 8 -7 12 11 -11 -3 -13 15 16 25 18 -17 22 -14 -19 -16 24 28 -2 -21 -25 -24 -9
right_child=14 3 -4 4 -6 6 -8 29 -10 10 -12 13 20 -15 19 17 -18 21 -20 26 -22 -23 23 27 -26 -27 -28 -29 -30 -31
leaf_value=0.40855526924133301 0.13633732795715334 -0.024781433478929103 0.66726431846618661 -0.66231527328491202 -0.055055809020996084 -0.077527248859405526 0.34679670333862306 -0.30939429402351382 0.14320536628365518 0.13148149847984314 0.029783163287422879 -0.27565275765955449 0.38960493803024293 0.086027854681015023 -0.00012903666744629543 0.091472628712654117 0.12403151020407677 -0.31378445625305179 0.51376290321350104 -0.094450007254878676 0.070059147477149961 0.018632073203722635 0.69692840576171866 0.26185310482978824 0.064210325479507446 -0.17115009405783244 0.028150115747536932 0.044880878739058973 0.28787064552307123 -0.056661111116409306
leaf_weight=11.999999999999998 11.999999999999998 120 11.999999999999998 12 12 60 11.999999999999998 24 72 24 132 96 24 11.999999999999998 144 48 24 11.999999999999998 11.999999999999998 120 24 72 12 24 24 168 168 192 12 36
leaf_count=12 12 120 12 12 12 60 12 24 72 24 132 96 24 12 144 48 24 12 12 120 24 72 12 24 24 168 168 192 12 36
internal_value=1.22031e-09 -0.00822866 0.0581811 -0.0414335 -0.358686 0.0243431 0.0017424 -0.0198235 0.0428724 -0.0238084 -0.0694826 -0.168748 0.0479653 -0.235466 0.00539119 -0.0460014 -0.118335 0.0564718 0.175931 0.0310875 0.229832 -0.028856 0.0692198 0.107046 0.278305 -0.150651 -0.0229333 0.0689889 0.4924 -0.157754
internal_weight=1728 684 228 456 24 216 204 192 132 432 264 132 168 108 1044 348 204 144 60 696 48 84 408 264 48 180 288 216 24 60
internal_count=1728 684 228 456 24 216 204 192 132 432 264 132 168 108 1044 348 204 144 60 696 48 84 408 264 48 180 288 216 24 60
is_linear=0
shrinkage=0.05


Tree=286
num_leaves=31
num_cat=0
split_feature=3 6 3 2 6 6 4 4 6 4 4 4 4 0 4 4 4 4 2 4 0 2 4 4 4 6 4 4 0 6
split_gain=30.4384 498.33 494.003 306.776 337.355 72.4346 2055.88 1202.32 798.743 532.28 474.084 1179.29 811.108 508.939 444.886 499.329 372.945 647.556 651.86 711.445 581.427 297.727 295.218 631.083 507.993 1612.27 499.201 484.772 483.686 408.083
threshold=23.917000000000005 0.15000000000000005 12.640500000000001 106.31000000000002 0.25000000000000006 0.15000000000000005 149.54050000000004 149.54050000000004 0.25000000000000006 140.45600000000005 17.934000000000005 28.488500000000005 14.624000000000001 37306.64650000001 33.389500000000005 38.12850000000001 133.21950000000004 122.55800000000001 29.406000000000002 107.81800000000001 619852.88050000009 53.76550000000001 64.634000000000015 19.046500000000005 28.488500000000005 0.25000000000000006 25.389500000000002 15.803000000000003 45843.734500000013 0.25000000000000006
decision_type=2 2 2 2 2 2 2 2 2 2 2 2 2 2 2 2 2 2 2 2 2 2 2 2 2 2 2 2 2 2
left_child=1 2 -1 -3 -5 6 9 22 -9 10 12 13 21 -12 -13 -16 17 18 -17 -20 -19 -2 23 27 25 26 -25 -7 -27 -29
right_child=5 3 -4 4 -6 7 -8 8 -10 -11 11 14 -14 -15 15 16 -18 20 19 -21 -22 -23 -24 24 -26 28 -28 29 -30 -31
leaf_value=0.38812751770019532 0.059503412246704107 -0.028667502105236053 -0.0047793254256248479 -0.43506484031677239 -0.060145372152328486 0.028802403733134269 0.63390107154846198 -0.62919950485229492 -0.052303022146224967 0.20210929811000825 -0.14691421190897624 0.2729403257369995 0.24893995523452761 -0.44416413307189945 -0.35362792015075684 0.11699447751045228 -0.17745283643404644 0.48807473182678218 -0.047291194932425729 -0.44344329833984375 -0.0041257563978433602 -0.18954764604568483 -0.011817450085654855 0.2897017478942871 0.045080655099203192 -0.11865125795205433 0.66208195686340332 -0.25434251626332605 0.24789643287658691 -0.016270669301350914
leaf_weight=11.999999999999998 24 48 24 12 12 120 11.999999999999998 12 12 24 36 11.999999999999998 36 24 11.999999999999998 60 36 12 204 11.999999999999998 12 24 480 36 288 36 11.999999999999998 36 11.999999999999998 36
leaf_count=12 24 48 24 12 12 120 12 12 12 24 36 12 36 24 12 60 36 12 204 12 12 24 480 36 288 36 12 36 12 36
internal_value=-7.50232e-11 -0.0257013 0.12619 -0.101647 -0.247605 0.00171342 -0.0132386 0.00918944 -0.340751 -0.0279463 -0.0389014 -0.0605883 0.0695331 -0.265814 -0.0263839 -0.0367055 -0.0253868 -0.00713889 -0.0288009 -0.0692996 0.241974 -0.0650221 0.0171426 0.041276 0.0782833 0.177891 0.382797 -0.0327385 -0.0270143 -0.135307
internal_weight=1728 108 36 72 24 1620 540 1080 24 528 504 420 84 60 360 348 336 300 276 216 24 48 1056 576 384 96 48 192 48 72
internal_count=1728 108 36 72 24 1620 540 1080 24 528 504 420 84 60 360 348 336 300 276 216 24 48 1056 576 384 96 48 192 48 72
is_linear=0
shrinkage=0.05


Tree=287
num_leaves=31
num_cat=0
split_feature=0 0 6 2 0 6 2 2 2 1 0 6 0 6 0 2 4 4 0 0 1 0 0 0 3 6 6 0 6 4
split_gain=29.5429 52.1094 245.759 253.407 386.257 242.562 505.771 440.19 446.79 385.374 269.424 219.357 278.206 175.886 105.302 100.002 95.1107 83.234 68.6923 63.3145 47.7052 47.5426 44.5326 44.1053 40.5671 823.671 550.93 253.485 139.795 1900.05
threshold=27705.340000000004 7391.9660000000013 0.15000000000000005 43.663000000000004 19563.351500000001 0.25000000000000006 43.663000000000004 57.764500000000005 37.846500000000013 5600.7615000000014 16052.3765 0.15000000000000005 4747.4170000000004 0.25000000000000006 22666.579000000002 31.992000000000001 14.624000000000001 17.934000000000005 19740.918500000003 22666.579000000002 2579.4600000000005 3304.2185000000004 16052.3765 3923.9490000000001 23.917000000000005 0.15000000000000005 0.25000000000000006 55159.639500000012 0.15000000000000005 149.54050000000004
decision_type=2 2 2 2 2 2 2 2 2 2 2 2 2 2 2 2 2 2 2 2 2 2 2 2 2 2 2 2 2 2
left_child=1 11 3 4 -3 7 14 8 19 18 -11 12 20 15 -7 -13 -5 -18 -8 -4 -1 -17 -9 -15 25 27 -27 -2 29 -26
right_child=24 2 5 16 -6 6 9 22 -10 10 -12 13 -14 23 -16 21 17 -19 -20 -21 -22 -23 -24 -25 28 26 -28 -29 -30 -31
leaf_value=-0.04647057950496674 0.36872115135192868 0.37602505683898929 0.055231380462646473 -0.15298649072647097 0.028598280996084215 -0.20267329812049867 0.16280009746551513 0.12838934659957885 -0.30448950926462809 -0.20348424911499019 0.13156778812408446 -0.001683136448264122 -0.28376328945159912 -0.059966975450515748 -0.02127107083797455 0.083725738525390628 0.11707346439361573 -0.044204664230346684 0.33197991847991942 -0.1071910500526428 0.075627249479293834 0.2056153416633606 -0.0078282877802848799 0.035890227556228636 -0.036140911418068057 -0.32191373109817506 0.016873937845230103 0.043730905652046202 0.017427025937608309 0.60220603942871098
leaf_weight=24 12 11.999999999999998 12 11.999999999999998 24 24 12 12 36 12 12 11.999999999999998 11.999999999999998 24 11.999999999999998 11.999999999999998 11.999999999999998 24 12 12 11.999999999999998 24 12 24 408 24 24 12 840 11.999999999999998
leaf_count=24 12 12 12 12 24 24 12 12 36 12 12 12 12 24 12 12 12 24 12 12 12 24 12 24 408 24 24 12 840 12
internal_value=-4.07454e-10 -0.0119903 -0.025701 0.0441285 0.144407 -0.0606158 -0.000536302 -0.120695 -0.193086 0.105716 -0.0359582 0.0120035 -0.0752693 0.05564 -0.142206 0.123318 -0.0310806 0.00955471 0.24739 -0.0259798 -0.0057713 0.164985 0.0602805 -0.0120384 0.00356468 -0.0329379 -0.15252 0.206226 0.00565054 -0.0179024
internal_weight=1728 396 252 84 36 168 84 84 60 48 24 144 48 96 36 48 48 36 24 24 36 36 24 48 1332 72 48 24 1260 420
internal_count=1728 396 252 84 36 168 84 84 60 48 24 144 48 96 36 48 48 36 24 24 36 36 24 48 1332 72 48 24 1260 420
is_linear=0
shrinkage=0.05


Tree=288
num_leaves=31
num_cat=0
split_feature=0 4 6 6 3 2 6 3 0 3 3 6 4 4 0 0 6 3 4 2 1 1 1 0 0 1 0 4 0 2
split_gain=28.1987 75.806 1814.23 860.973 1050.3 832.86 424.635 953.859 706.159 852.728 701.172 652.501 1012.86 1954.83 1222.33 560.786 873.38 535.62 498.883 367.804 562.355 486.567 367.155 351.753 350.712 307.067 330.011 278.533 265.415 439.551
threshold=63082.982000000011 82.975500000000011 0.15000000000000005 0.25000000000000006 30.583500000000004 30.574000000000002 0.15000000000000005 62.127500000000005 44158.321000000004 72.187000000000026 52.614000000000004 0.25000000000000006 33.389500000000005 28.488500000000005 33295.90400000001 7391.9660000000013 0.25000000000000006 12.640500000000001 49.236500000000007 78.163500000000013 9804.0705000000016 8505.381000000003 10279.872000000001 16052.3765 35745.162000000004 2158.8095000000008 31159.647000000004 17.934000000000005 27705.340000000004 43.663000000000004
decision_type=2 2 2 2 2 2 2 2 2 2 2 2 2 2 2 2 2 2 2 2 2 2 2 2 2 2 2 2 2 2
left_child=1 6 5 4 -4 -3 7 17 9 -9 15 12 13 14 -12 -8 18 -1 -17 20 21 23 -16 -13 -5 -19 27 -27 29 -18
right_child=-2 2 3 24 -6 -7 10 8 -10 -11 11 19 -14 -15 22 16 28 25 -20 -21 -22 -23 -24 -25 -26 26 -28 -29 -30 -31
leaf_value=0.35028510093688969 0.0061264125210129562 0.091107181708017987 -0.08097516894340516 -0.24947912693023683 -0.54874844551086432 0.5720957279205322 0.052857975079678002 -0.26913093328475951 -0.4102330207824707 0.075012080868085237 0.016869979724287987 -0.19331003427505494 0.45992799997329714 -0.50017943382263186 0.62810654640197761 -0.31625276207923891 -0.13560012578964234 -0.16003160774707795 0.044187808036804201 -0.25809283256530763 0.24714512825012208 -0.21756201386451723 0.28937947750091553 0.1093485850840807 0.062642665704091396 0.18009649713834128 -0.20534698963165285 -0.0038857325911521912 -0.103179931640625 0.23502050638198854
leaf_weight=11.999999999999998 900 36 24 11.999999999999998 24 11.999999999999998 96 36 24 36 48 11.999999999999998 24 11.999999999999998 11.999999999999998 48 11.999999999999998 24 11.999999999999998 11.999999999999998 24 24 24 48 36 36 11.999999999999998 48 24 24
leaf_count=12 900 36 24 12 24 12 96 36 24 36 48 12 24 12 12 48 12 24 12 12 24 24 24 48 36 36 12 48 24 24
internal_value=-1.0984e-10 -0.00665914 -0.0396318 -0.165125 -0.314862 0.211354 0.000282458 -0.0554316 -0.175353 -0.0970594 0.0281395 0.086959 0.169402 0.0967707 0.182049 -0.0372155 -0.109274 0.0317838 -0.244165 0.00451577 0.0336945 -0.0272914 0.402289 0.0488169 -0.0153878 -6.63644e-05 0.0399249 0.0749638 0.0256162 0.11148
internal_weight=1728 828 144 96 48 48 684 228 96 72 456 240 120 96 84 216 120 132 60 120 108 84 36 60 48 120 96 84 60 36
internal_count=1728 828 144 96 48 48 684 228 96 72 456 240 120 96 84 216 120 132 60 120 108 84 36 60 48 120 96 84 60 36
is_linear=0
shrinkage=0.05


Tree=289
num_leaves=31
num_cat=0
split_feature=2 6 2 3 6 3 2 6 6 4 4 6 2 2 2 3 0 0 0 0 0 0 0 0 4 4 4 6 4 0
split_gain=26.4832 36.4088 58.9657 21.0236 376.368 360.235 236.674 259.116 39.0822 1604.02 994.723 642.691 428.693 401.386 1136.86 483.01 701.317 1070.63 620.289 472.931 385.04 379.226 376.371 422.177 321.77 505.792 410.111 1308.97 406.472 389.962
threshold=121.93900000000001 0.25000000000000006 127.01650000000002 23.917000000000005 0.15000000000000005 12.640500000000001 106.31000000000002 0.25000000000000006 0.15000000000000005 140.45600000000005 149.54050000000004 0.25000000000000006 49.048000000000009 31.205000000000002 34.065500000000007 40.431500000000007 145818.27200000003 208019.18150000004 44158.321000000004 41777.992500000008 37306.64650000001 303117.76850000006 87041.996000000028 137286.37700000001 64.634000000000015 19.046500000000005 28.488500000000005 0.25000000000000006 25.389500000000002 45843.734500000013
decision_type=2 2 2 2 2 2 2 2 2 2 2 2 2 2 2 2 2 2 2 2 2 2 2 2 2 2 2 2 2 2
left_child=3 -2 -3 4 5 -1 -6 -8 9 13 24 -12 -11 -5 -15 -16 18 -18 19 20 -17 -19 -20 -24 25 -10 27 28 -27 -29
right_child=1 2 -4 8 6 -7 7 -9 10 12 11 -13 -14 14 15 16 17 21 22 -21 -22 -23 23 -25 -26 26 -28 29 -30 -31
leaf_value=0.33277084827423098 0.003445362439379096 -0.02546750009059906 0.11027778387069703 0.062820711306163249 -0.02481040954589844 -0.0027487576007843018 -0.38140330314636228 -0.052822804450988761 -0.028832124732434752 0.4321715235710144 -0.5711734771728515 -0.053691351413726801 0.066157001256942752 -0.32532395521799723 0.14324404696623486 -0.037733827744211468 0.2698936223983765 -0.22196647524833679 -0.38972138166427617 0.2573497533798218 -0.34051463603973392 0.0075336857388416936 -0.061605551838874818 -0.40405464172363281 -0.020607040837114933 0.26068188349405924 0.040726924346139032 -0.10685115357240041 0.59670119285583501 0.22227299213409424
leaf_weight=11.999999999999998 72 11.999999999999998 24 84 48 24 12 12 192 24 12 12 11.999999999999998 36 36 84 36 24 24 11.999999999999998 11.999999999999998 72 36 11.999999999999998 408 36 288 36 11.999999999999998 11.999999999999998
leaf_count=12 72 12 24 84 48 24 12 12 192 24 12 12 12 36 36 84 36 24 24 12 12 72 36 12 408 36 288 36 12 12
internal_value=-1.58088e-09 0.0239734 0.0650294 -0.00159823 -0.0229105 0.109091 -0.0889113 -0.217113 -7.59211e-05 -0.0114443 0.00560827 -0.312432 0.310167 -0.0361836 -0.0578408 -0.0301701 -0.0501795 0.0373591 -0.114374 -0.0385891 -0.0755814 -0.0498414 -0.228052 -0.147218 0.0133654 0.0374291 0.0705598 0.160058 0.344687 -0.0245701
internal_weight=1728 108 36 1620 108 36 72 24 1512 504 1008 24 36 468 384 348 312 132 180 108 96 96 72 48 984 576 384 96 48 48
internal_count=1728 108 36 1620 108 36 72 24 1512 504 1008 24 36 468 384 348 312 132 180 108 96 96 72 48 984 576 384 96 48 48
is_linear=0
shrinkage=0.05


Tree=290
num_leaves=31
num_cat=0
split_feature=1 6 3 0 6 3 6 3 2 6 6 4 4 6 2 4 4 4 0 2 4 2 2 4 2 4 4 4 0 0
split_gain=25.5661 19.0268 86.5532 20.3303 59.5563 18.8764 339.672 325.112 213.598 233.852 59.3149 1478.69 943.564 629.275 956.25 398.374 819.19 611.453 388.09 386.896 370.187 443.354 760.533 320.814 410.257 377.84 902.712 306.421 292.176 264.799
threshold=55820.384000000005 0.25000000000000006 110.15800000000002 1048200.1775000001 0.15000000000000005 23.917000000000005 0.15000000000000005 12.640500000000001 106.31000000000002 0.25000000000000006 0.15000000000000005 140.45600000000005 140.45600000000005 0.25000000000000006 49.048000000000009 17.934000000000005 28.488500000000005 14.624000000000001 37306.64650000001 49.048000000000009 33.389500000000005 31.205000000000002 40.431500000000007 49.236500000000007 67.669000000000025 133.21950000000004 122.55800000000001 115.82000000000001 37405.976000000002 31159.647000000004
decision_type=2 2 2 2 2 2 2 2 2 2 2 2 2 2 2 2 2 2 2 2 2 2 2 2 2 2 2 2 2 2
left_child=5 3 -3 4 -2 6 7 -1 -8 -10 11 15 29 14 -14 17 18 -7 -17 -13 -18 27 -23 24 -24 26 -25 28 -22 -12
right_child=1 2 -4 -5 -6 10 8 -9 9 -11 12 19 13 -15 -16 16 20 -19 -20 -21 21 22 23 25 -26 -27 -28 -29 -30 -31
leaf_value=0.3161323070526123 -0.0027954280376434326 0.10351674556732178 -0.060945622622966766 0.019607197167351844 0.15473276376724243 -0.056080929934978485 -0.02356988936662674 -0.0026113197207450868 -0.36233313083648677 -0.050181663036346427 -0.02213821461932226 0.41056296825408939 -0.49757959842681887 -0.019728653257091843 0.049072200059890748 -0.12533840934435528 0.24448227882385254 0.2165149450302124 -0.38490886688232423 0.062849152088165286 -0.015055870264768602 -0.34093295335769658 0.040519051253795624 -0.0082937716506421566 -0.21266611739993097 -0.1765136480331421 0.4516770362854004 -0.091314339637756356 0.21016605297724406 0.036960647734148165
leaf_weight=11.999999999999998 12 11.999999999999998 24 48 12 48 48 24 12 12 264 24 24 36 11.999999999999998 36 11.999999999999998 36 24 11.999999999999998 24 24 24 96 48 24 11.999999999999998 24 36 672
leaf_count=12 12 12 24 48 12 48 48 24 12 12 264 24 24 36 12 36 12 36 24 12 24 24 24 96 48 24 12 24 36 672
internal_value=6.19588e-10 0.0235546 -0.00612483 0.0383944 0.0759687 -0.00157031 -0.021765 0.103637 -0.0844657 -0.206257 -0.000127832 -0.0141331 0.00687479 -0.167545 -0.315362 -0.0378863 -0.0594621 0.0607459 -0.229167 0.294658 -0.0280353 -0.0385167 -0.0746944 -0.0433722 -0.128271 0.00293632 0.0428141 0.0596797 0.120077 0.0202917
internal_weight=1728 108 36 72 24 1620 108 36 72 24 1512 504 1008 72 36 468 384 84 60 36 324 312 228 204 72 132 108 84 60 936
internal_count=1728 108 36 72 24 1620 108 36 72 24 1512 504 1008 72 36 468 384 84 60 36 324 312 228 204 72 132 108 84 60 936
is_linear=0
shrinkage=0.05


Tree=291
num_leaves=31
num_cat=0
split_feature=1 4 6 0 1 6 0 0 2 0 6 0 0 6 6 0 0 0 0 6 2 2 6 6 1 0 6 6 0 0
split_gain=23.0734 20.7261 42.867 90.9997 36.4191 62.2001 463.435 313.931 254.733 233.394 324.977 69.9582 38.4169 293.041 292.993 243.977 174.717 122.007 95.0811 35.4493 33.0305 91.4097 2168.59 951.858 877.88 649.704 1411.31 410.1 225.523 118.52
threshold=55820.384000000005 8.3360000000000021 0.15000000000000005 16052.3765 5600.7615000000014 0.25000000000000006 19740.918500000003 18495.691000000003 43.663000000000004 7391.9660000000013 0.15000000000000005 7391.9660000000013 18495.691000000003 0.15000000000000005 0.15000000000000005 19563.351500000001 19563.351500000001 4747.4170000000004 4747.4170000000004 0.15000000000000005 36.14800000000001 31.205000000000002 0.15000000000000005 0.15000000000000005 11548.453500000001 55159.639500000012 0.25000000000000006 0.25000000000000006 37405.976000000002 68725.196500000005
decision_type=2 2 2 2 2 2 2 2 2 2 2 2 2 2 2 2 2 2 2 2 2 2 2 2 2 2 2 2 2 2
left_child=1 2 3 -1 5 8 7 11 12 19 -11 -7 13 18 15 -14 -16 -15 -3 -10 21 23 -23 24 28 26 -25 -24 -6 -27
right_child=-2 4 -4 -5 20 6 -8 -9 9 10 -12 -13 14 17 16 -17 -18 -19 -20 -21 -22 22 27 25 -26 29 -28 -29 -30 -31
leaf_value=0.067531800270080558 0.022376892715692522 -0.039999961853027344 0.052012065425515175 -0.12718988656997679 0.50135421752929688 0.0060559133688608806 0.30270047187805177 -0.18056975603103639 -0.042218512296676634 -0.042317417263984684 -0.30251629352569581 0.14545757770538331 0.33023102283477779 -0.0051713138818740845 -0.21115698814392087 0.011393810063600539 0.058655834197998039 0.22029747962951657 -0.23904042243957516 0.079315567016601557 -0.0039382506345893133 -0.3238862991333008 0.40436341762542727 -0.49500105381011966 -0.0022573441267013552 -0.067084104567766187 0.047237381339073181 0.11206651031970978 0.2358811914920807 0.034346665938695273
leaf_weight=12 108 12 48 12 11.999999999999998 36 11.999999999999998 24 12 24 24 11.999999999999998 12 12 12 12 12 12 12 12 972 24 24 24 48 48 24 24 24 72
leaf_count=12 108 12 48 12 12 36 12 24 12 24 24 12 12 12 12 12 12 12 12 12 972 24 24 24 48 48 24 24 24 72
internal_value=-4.39791e-11 -0.00149179 0.0247317 -0.029829 -0.00271149 -0.0201036 0.0150266 -0.032919 -0.0376686 -0.108762 -0.172417 0.0409063 0.0156512 -0.0159786 0.0472809 0.170812 -0.0762506 0.107563 -0.13952 0.0185485 0.0006703 0.014496 0.0641812 0.000300165 0.137727 -0.0684131 -0.223882 0.258215 0.324372 -0.00622564
internal_weight=1728 1620 72 24 1548 252 84 72 168 72 48 48 96 48 48 24 24 24 24 24 1296 324 72 252 84 168 48 48 36 120
internal_count=1728 1620 72 24 1548 252 84 72 168 72 48 48 96 48 48 24 24 24 24 24 1296 324 72 252 84 168 48 48 36 120
is_linear=0
shrinkage=0.05


Tree=292
num_leaves=31
num_cat=0
split_feature=1 4 6 0 1 6 0 0 0 3 6 6 0 2 2 6 6 1 0 6 6 0 2 0 0 2 6 6 0 0
split_gain=20.8238 18.7053 38.6875 82.1272 32.8682 56.1356 418.25 283.322 230.794 214.318 208.379 95.7295 63.1372 29.81 82.4972 1957.15 859.052 792.287 586.358 1273.71 370.115 203.534 108.744 106.964 90.807 83.7648 237.181 77.6944 297.287 95.583
threshold=55820.384000000005 8.3360000000000021 0.15000000000000005 16052.3765 5600.7615000000014 0.25000000000000006 19740.918500000003 18495.691000000003 19740.918500000003 43.781500000000008 0.15000000000000005 0.15000000000000005 7391.9660000000013 36.14800000000001 31.205000000000002 0.15000000000000005 0.15000000000000005 11548.453500000001 55159.639500000012 0.25000000000000006 0.25000000000000006 37405.976000000002 25.045500000000004 68725.196500000005 37405.976000000002 17.543500000000005 0.25000000000000006 0.25000000000000006 240407.42100000003 240407.42100000003
decision_type=2 2 2 2 2 2 2 2 2 2 2 2 2 2 2 2 2 2 2 2 2 2 2 2 2 2 2 2 2 2
left_child=1 2 3 -1 5 8 7 12 9 -3 -10 -11 -7 14 16 -16 17 21 19 -18 -17 -6 -19 -20 -21 26 -25 29 -29 -27
right_child=-2 4 -4 -5 13 6 -8 -9 10 11 -12 -13 -14 -15 15 20 18 22 23 24 -22 -23 -24 25 -26 27 -28 28 -30 -31
leaf_value=0.064155209064483631 0.021258049478961361 0.015419117808341981 0.049411458335816866 -0.12083039283752439 0.47628650665283206 0.0057531187931696573 0.28756544589996341 -0.17154127359390259 -0.032005363702774042 -0.048397728800773615 -0.32666523456573482 -0.24811573028564449 0.13818470239639283 -0.0037413384336135026 -0.3076919794082642 0.38414525985717773 -0.47025101184844975 0.041305685043334962 -0.063729897886514661 -0.052382224798202509 0.10646318495273591 0.22408713102340699 -0.13249496221542359 0.11354273557662962 0.14213324785232542 -0.092631363868713373 -0.20082256793975828 0.31035239696502681 -0.041598984599113459 0.10693379640579222
leaf_weight=12 108 120 48 12 11.999999999999998 36 11.999999999999998 24 12 12 12 12 11.999999999999998 972 24 24 24 36 48 12 24 24 11.999999999999998 12 12 12 12 12 12 12
leaf_count=12 108 120 48 12 12 36 12 24 12 12 12 12 12 972 24 24 24 36 48 12 24 24 12 12 12 12 12 12 12 12
internal_value=-1.89283e-10 -0.0014172 0.0234951 -0.0283376 -0.00257592 -0.0190984 0.0142753 -0.0312731 -0.0357852 -0.0118602 -0.179335 -0.148257 0.038861 0.000636785 0.0137712 0.0609722 0.000285156 0.13084 -0.0649925 -0.212688 0.245304 0.308154 -0.00214448 -0.00591436 0.0448755 0.0326293 -0.0436399 0.070764 0.134377 0.00715122
internal_weight=1728 1620 72 24 1548 252 84 72 168 144 24 24 48 1296 324 72 252 84 168 48 48 36 48 120 24 72 24 48 24 24
internal_count=1728 1620 72 24 1548 252 84 72 168 144 24 24 48 1296 324 72 252 84 168 48 48 36 48 120 24 72 24 48 24 24
is_linear=0
shrinkage=0.05


Tree=293
num_leaves=31
num_cat=0
split_feature=2 6 2 4 6 0 1 6 0 0 0 3 6 6 0 2 0 6 6 6 2 2 6 4 0 0 3 0 0 0
split_gain=19.198 32.3743 48.9509 16.9021 34.9154 74.1198 29.6066 50.6623 377.471 255.698 208.292 193.422 188.062 86.3958 56.9814 31.783 69.0532 1693.54 1149.52 259.886 542.698 513.947 473.386 315.025 264.445 188.477 158.184 125.417 96.5354 81.9534
threshold=121.93900000000001 0.25000000000000006 127.01650000000002 8.3360000000000021 0.15000000000000005 16052.3765 5600.7615000000014 0.25000000000000006 19740.918500000003 18495.691000000003 19740.918500000003 43.781500000000008 0.15000000000000005 0.15000000000000005 7391.9660000000013 36.14800000000001 38531.177500000013 0.15000000000000005 0.25000000000000006 0.15000000000000005 31.205000000000002 31.205000000000002 0.25000000000000006 115.82000000000001 619852.88050000009 37405.976000000002 64.121000000000009 619852.88050000009 68725.196500000005 37405.976000000002
decision_type=2 2 2 2 2 2 2 2 2 2 2 2 2 2 2 2 2 2 2 2 2 2 2 2 2 2 2 2 2 2
left_child=3 -2 -3 4 5 -1 7 10 9 14 11 -5 -12 -13 -9 16 17 25 -19 20 23 28 26 -18 -22 -8 -23 -24 -21 -20
right_child=1 2 -4 6 -6 -7 15 8 -10 -11 12 13 -14 -15 -16 -17 19 18 29 21 24 22 27 -25 -26 -27 -28 -29 -30 -31
leaf_value=0.060947448015213006 0.0010541257758935293 -0.023328590393066409 0.10035307705402374 0.014648164026439189 0.04694088995456696 -0.1147888660430908 0.45247220993041987 0.0054654628038406372 0.27318716049194336 -0.16296420693397523 -0.030405095219612117 -0.045977842807769773 -0.31033198833465575 -0.23570992946624753 0.13127546310424806 -0.0042690691609795278 0.18939366340637209 -0.44673845767974857 -0.049763110280036923 -0.060543406754732132 -0.29230737686157227 0.43978605270385746 0.10114002525806427 -0.044469153881073004 -0.0048374038189649589 0.17223665714263914 0.21745214462280274 -0.096831589937210083 0.030997868378957114 0.1350265860557556
leaf_weight=12 72 11.999999999999998 24 120 48 12 12 36 11.999999999999998 24 12 12 12 12 11.999999999999998 936 24 24 12 48 24 11.999999999999998 24 36 11.999999999999998 12 24 11.999999999999998 72 12
leaf_count=12 72 12 24 120 48 12 12 36 12 24 12 12 12 12 12 936 24 24 12 48 24 12 24 36 12 12 24 12 72 12
internal_value=-2.14722e-10 0.0204114 0.0591259 -0.00136076 0.0223204 -0.0269207 -0.00246221 -0.0181435 0.0135615 -0.0297094 -0.0339959 -0.0112672 -0.170369 -0.140844 0.036918 0.000586927 0.0132125 -0.0305841 -0.202053 0.0241617 -0.043009 0.057747 0.163356 0.049076 -0.196484 0.312354 0.291563 0.0351495 -0.00561864 0.0426317
internal_weight=1728 108 36 1620 72 24 1548 252 84 72 168 144 24 24 48 1296 360 72 48 288 96 192 72 60 36 24 36 36 120 24
internal_count=1728 108 36 1620 72 24 1548 252 84 72 168 144 24 24 48 1296 360 72 48 288 96 192 72 60 36 24 36 36 120 24
is_linear=0
shrinkage=0.05


Tree=294
num_leaves=31
num_cat=0
split_feature=2 6 2 2 6 0 6 4 6 0 0 6 0 1 0 6 2 0 0 2 0 0 6 0 0 0 1 6 0 3
split_gain=17.3262 29.2178 44.1782 15.4899 59.3365 44.4198 37.0235 15.2541 31.5112 66.8931 26.8669 34.2646 319.829 310.275 243.674 105.456 308.031 281.848 298.782 272.8 190.934 82.1146 67.4164 56.7328 43.8489 82.0626 32.8917 75.0585 440.353 270.144
threshold=121.93900000000001 0.25000000000000006 127.01650000000002 127.01650000000002 0.15000000000000005 1182183.7235000001 0.15000000000000005 8.3360000000000021 0.15000000000000005 16052.3765 27705.340000000004 0.15000000000000005 12036.576500000001 4540.7175000000016 7391.9660000000013 0.25000000000000006 57.764500000000005 19740.918500000003 12036.576500000001 37.846500000000013 22666.579000000002 4747.4170000000004 0.25000000000000006 22666.579000000002 4747.4170000000004 7391.9660000000013 10279.872000000001 0.25000000000000006 44158.321000000004 52.614000000000004
decision_type=2 2 2 2 2 2 2 2 2 2 2 2 2 2 2 2 2 2 2 2 2 2 2 2 2 2 2 2 2 2
left_child=7 3 -3 6 5 -5 -2 8 9 -1 11 12 24 -14 21 16 19 18 -17 23 -19 -13 -23 -16 -9 -26 27 -12 29 -29
right_child=1 2 -4 4 -6 -7 -8 10 -10 -11 26 14 13 -15 15 17 -18 20 -20 -21 -22 22 -24 -25 25 -27 -28 28 -30 -31
leaf_value=0.057900077104568473 0.095900690555572501 -0.022162161767482758 0.095335423946380615 -0.13901165723800657 0.040194359375163913 -0.0029666513204574581 -0.028302586078643794 -0.040557138621807098 0.044593841210007673 -0.10904942750930785 0.033875417523086072 0.010707225650548935 0.31221611499786378 0.027961536869406702 0.054219675064086904 0.12471169233322144 0.12427232265472413 0.25952780246734614 -0.16337685585021974 -0.24028077920277915 -0.022528997063636778 0.20777924060821529 0.040177974104881282 -0.099529045820236195 -0.22859177589416502 -0.043678951263427732 -0.0034966110482684571 -0.095413015782833108 -0.20575157403945923 0.11003774702548981
leaf_weight=12 12 11.999999999999998 24 12 24 12 12 24 48 12 192 48 11.999999999999998 48 12 11.999999999999998 11.999999999999998 12 36 36 12 12 12 12 12 12 936 24 24 48
leaf_count=12 12 12 24 12 24 12 12 24 48 12 192 48 12 48 12 12 12 12 36 36 12 12 12 12 12 12 936 24 24 48
internal_value=-2.62797e-10 0.0193908 0.0561696 0.00100142 -0.0153974 -0.0709892 0.0337991 -0.00129272 0.0212043 -0.0255747 -0.00233909 -0.0151421 0.00785303 0.0848125 -0.0266396 -0.0641916 -0.10698 -0.0214033 -0.0913547 -0.15323 0.118499 0.0484644 0.123979 -0.0226547 -0.0883463 -0.136135 0.00104993 0.0158262 -0.0202723 0.0415542
internal_weight=1728 108 36 72 48 24 24 1620 72 24 1548 324 108 60 216 144 72 72 48 60 24 72 24 24 48 24 1224 288 96 72
internal_count=1728 108 36 72 48 24 24 1620 72 24 1548 324 108 60 216 144 72 72 48 60 24 72 24 24 48 24 1224 288 96 72
is_linear=0
shrinkage=0.05


Tree=295
num_leaves=31
num_cat=0
split_feature=3 6 3 2 6 6 4 4 6 2 3 2 2 0 2 3 0 2 2 4 1 0 1 4 2 4 4 0 1 6
split_gain=16.1732 303.178 291.926 197.799 211.052 50.2676 1101.93 726.053 488.177 753.504 290.282 539.067 681.496 538.937 411.841 376.455 341.375 280.719 275.359 264.592 386.885 657.819 265.163 249.352 224.692 223.695 212.767 194.951 774.51 1434.33
threshold=23.917000000000005 0.15000000000000005 12.640500000000001 106.31000000000002 0.25000000000000006 0.15000000000000005 140.45600000000005 140.45600000000005 0.25000000000000006 49.048000000000009 105.34800000000001 76.349000000000018 68.52800000000002 256199.82050000003 78.163500000000013 101.51950000000001 573241.87500000012 67.669000000000025 49.048000000000009 107.81800000000001 10129.240500000002 31159.647000000004 2158.8095000000008 115.82000000000001 74.129500000000021 133.21950000000004 99.63600000000001 31159.647000000004 9804.0705000000016 0.25000000000000006
decision_type=2 2 2 2 2 2 2 2 2 2 2 2 2 2 2 2 2 2 2 2 2 2 2 2 2 2 2 2 2 2
left_child=1 2 -1 -3 -5 6 10 27 9 -9 11 12 17 24 -13 25 -12 19 -8 20 21 22 -2 -21 -14 -16 -22 -7 29 -29
right_child=5 3 -4 4 -6 7 18 8 -10 -11 16 14 13 -15 15 -17 -18 -19 -20 23 26 -23 -24 -25 -26 -27 -28 28 -30 -31
leaf_value=0.30109794139862062 -0.21716217994689943 -0.019370938837528232 -0.00094010829925537118 -0.34344420433044431 -0.046900314092636106 -0.018480131233280357 0.35382122993469239 -0.43786163330078126 -0.015722027172644936 0.047390854358673101 0.16965505282084148 -0.42631115913391116 0.42986545562744144 -0.13370720148086548 -0.030543688461184507 -0.3724463224411011 -0.025102621614933013 -0.28460478782653809 0.060478955507278442 -0.34008843898773194 0.17268159389495852 -0.23787985245386759 0.030588533398177888 -0.076907096306482958 0.16488209366798401 -0.26702558994293213 -0.070427072048187253 0.35734005272388458 0.011896283126056747 -0.029195037484169007
leaf_weight=11.999999999999998 11.999999999999998 48 24 12 12 264 24 24 36 11.999999999999998 36 11.999999999999998 11.999999999999998 11.999999999999998 60 11.999999999999998 60 11.999999999999998 11.999999999999998 11.999999999999998 36 36 108 36 24 11.999999999999998 11.999999999999998 48 648 48
leaf_count=12 12 48 24 12 12 264 24 24 36 12 36 12 12 12 60 12 60 12 12 12 36 36 108 36 24 12 12 48 648 48
internal_value=4.89591e-10 -0.0187345 0.0997392 -0.0779714 -0.195172 0.00124897 -0.0112068 0.00747687 -0.145916 -0.276111 -0.0302959 -0.0487024 -0.0168223 0.156481 -0.152313 -0.11317 0.0479315 -0.0483319 0.25604 -0.0370808 -0.0122287 -0.0504235 0.00581346 -0.142702 0.25321 -0.0699573 0.111904 0.0184335 0.0315319 0.164073
internal_weight=1728 108 36 72 24 1620 540 1080 72 36 504 408 312 48 96 84 96 264 36 252 204 156 120 48 36 72 48 1008 744 96
internal_count=1728 108 36 72 24 1620 540 1080 72 36 504 408 312 48 96 84 96 264 36 252 204 156 120 48 36 72 48 1008 744 96
is_linear=0
shrinkage=0.05


Tree=296
num_leaves=31
num_cat=0
split_feature=2 6 2 2 0 6 0 0 6 0 6 2 2 6 4 0 2 0 3 1 0 0 2 6 6 0 0 6 0 0
split_gain=15.7769 25.357 39.8708 14.9445 83.1947 264.448 756.705 522.576 351.344 697.719 218.008 441.976 435.779 409.279 254.252 217.715 197.965 156.425 155.991 115.518 111.019 81.5204 75.5977 214.056 70.1192 268.302 86.2637 63.6062 91.4038 68.6933
threshold=121.93900000000001 0.25000000000000006 127.01650000000002 36.14800000000001 38531.177500000013 0.15000000000000005 35745.162000000004 19563.351500000001 0.25000000000000006 35745.162000000004 0.15000000000000005 31.205000000000002 31.205000000000002 0.25000000000000006 115.82000000000001 619852.88050000009 29.406000000000002 37405.976000000002 64.121000000000009 2158.8095000000008 619852.88050000009 68725.196500000005 17.543500000000005 0.25000000000000006 0.25000000000000006 240407.42100000003 240407.42100000003 0.25000000000000006 63082.982000000011 63082.982000000011
decision_type=2 2 2 2 2 2 2 2 2 2 2 2 2 2 2 2 2 2 2 2 2 2 2 2 2 2 2 2 2 2
left_child=3 -2 -3 4 5 6 19 -7 9 -9 11 14 21 18 -6 -13 -10 -8 -14 -1 -15 27 23 -23 26 -26 -24 29 -29 -12
right_child=1 2 -4 -5 10 7 17 8 16 -11 12 15 13 20 -16 -17 -18 -19 -20 -21 -22 22 24 -25 25 -27 -28 28 -30 -31
leaf_value=-0.20630407333374023 0.0013721918997665248 -0.021648867428302767 0.08997383713722229 -0.0042944711710636817 0.17060610055923464 0.064572194684296855 0.41046376228332515 0.05243269801139832 0.12785527706146241 -0.41451187133789064 -0.19724112749099731 -0.26400227546691896 0.41737675666809082 0.093851965665817272 -0.03949163059393565 -0.0031655721366405489 -0.12086974680423737 0.15516557693481445 0.19658916592597964 -0.016305823251605036 -0.092409992218017586 0.10589572191238401 -0.089969670772552482 -0.19275132417678831 0.29286489486694334 -0.041488912701606748 0.099617230892181385 0.10004041194915769 -0.095113134384155265 -0.02806015312671661
leaf_weight=11.999999999999998 72 11.999999999999998 24 1152 24 48 12 11.999999999999998 11.999999999999998 24 12 24 11.999999999999998 24 36 11.999999999999998 24 12 24 24 11.999999999999998 12 12 12 12 12 12 12 12 12
leaf_count=12 72 12 24 1152 24 48 12 12 12 24 12 24 12 24 36 12 24 12 24 24 12 12 12 12 12 12 12 12 12 12
internal_value=9.44258e-11 0.0185036 0.0527663 -0.00123357 0.00630096 -0.0203649 0.0653427 -0.0632186 -0.148413 -0.258864 0.0229671 -0.0385541 0.0537277 0.150975 0.0445475 -0.177057 -0.0379614 0.282815 0.270185 -0.0796386 0.0317646 -0.00462061 0.029028 -0.0434278 0.0652559 0.125688 0.00482378 -0.0550935 0.00246364 -0.112651
internal_weight=1728 108 36 1620 468 180 60 120 72 36 288 96 192 72 60 36 36 24 36 36 36 120 72 24 48 24 24 48 24 24
internal_count=1728 108 36 1620 468 180 60 120 72 36 288 96 192 72 60 36 36 24 36 36 36 120 72 24 48 24 24 48 24 24
is_linear=0
shrinkage=0.05


Tree=297
num_leaves=31
num_cat=0
split_feature=2 6 2 4 6 0 1 6 0 0 0 3 6 6 0 2 2 6 1 6 1 6 3 2 1 3 0 6 0 2
split_gain=14.2387 22.8847 35.9834 14.11 30.5708 60.371 21.3625 41.0103 308.374 195.475 180.272 160.879 150.078 67.7069 48.9366 26.6535 61.0519 291.19 247.211 213.031 352.717 91.4631 531.754 1211.18 733.883 391.585 434.541 1853.24 747.348 979.866
threshold=121.93900000000001 0.25000000000000006 127.01650000000002 8.3360000000000021 0.15000000000000005 16052.3765 5600.7615000000014 0.25000000000000006 19740.918500000003 18495.691000000003 19740.918500000003 43.781500000000008 0.15000000000000005 0.15000000000000005 7391.9660000000013 36.14800000000001 49.048000000000009 0.15000000000000005 15904.846000000003 0.25000000000000006 15904.846000000003 0.15000000000000005 76.597500000000011 68.52800000000002 26343.954000000005 23.917000000000005 145818.27200000003 0.25000000000000006 137286.37700000001 74.129500000000021
decision_type=2 2 2 2 2 2 2 2 2 2 2 2 2 2 2 2 2 2 2 2 2 2 2 2 2 2 2 2 2 2
left_child=3 -2 -3 4 5 -1 7 10 9 14 11 -5 -12 -13 -9 -8 17 18 -17 20 -19 22 23 -18 -24 -23 27 28 29 -27
right_child=1 2 -4 6 -6 -7 15 8 -10 -11 12 13 -14 -15 -16 16 21 19 -20 -21 -22 25 24 -25 -26 26 -28 -29 -30 -31
leaf_value=0.053690367937088007 0.0013035809310774009 -0.020566423237323762 0.085475146770477295 0.015018457099795341 0.043502882495522505 -0.10491166114807127 0.011973758619278671 0.0030236711104710897 0.24769015312194825 -0.14259403944015503 -0.031597620248794554 -0.042809706926345822 -0.28166260719299313 -0.21077167987823484 0.11961483955383301 -0.015933440625667573 -0.079031794411795475 -0.07278524041175842 0.26201131343841555 -0.011441519359747569 -0.4047853946685791 -0.18519892096519472 -0.20303560967246692 0.21509873032569887 0.033735403120517732 0.27956286668777469 -0.028382945060729983 -0.064121944369334313 0.56733512878417969 0.0059740167856216428
leaf_weight=12 72 11.999999999999998 24 120 48 12 360 36 11.999999999999998 24 12 12 12 12 11.999999999999998 24 84 24 11.999999999999998 36 11.999999999999998 24 72 60 60 72 240 144 11.999999999999998 60
leaf_count=12 72 12 24 120 48 12 360 36 12 24 12 12 12 12 12 24 84 24 12 36 12 24 72 60 60 72 240 144 12 60
internal_value=1.34093e-10 0.0175784 0.050128 -0.00117189 0.020465 -0.0256106 -0.00217826 -0.0154985 0.0130268 -0.0260837 -0.0297612 -0.0086164 -0.15663 -0.126791 0.0321715 0.000411792 -0.00403512 -0.0393929 0.0767148 -0.0974467 -0.183452 0.000576765 -0.0229246 0.0435226 -0.0954124 0.0123274 0.0213059 0.0627133 0.189549 0.155204
internal_weight=1728 108 36 1620 72 24 1548 252 84 72 168 144 24 24 48 1296 936 108 36 72 36 828 276 144 132 552 528 288 144 132
internal_count=1728 108 36 1620 72 24 1548 252 84 72 168 144 24 24 48 1296 936 108 36 72 36 828 276 144 132 552 528 288 144 132
is_linear=0
shrinkage=0.05


Tree=298
num_leaves=31
num_cat=0
split_feature=0 6 1 6 2 6 2 2 2 6 1 2 4 0 4 0 6 1 1 1 6 4 1 6 0 4 1 0 0 0
split_gain=13.2912 41.4877 65.2514 123.121 56.3387 205.033 173.686 166.776 62.1388 143.271 54.729 101.007 120.464 110.301 60.4292 39.2672 187.553 771.469 730.417 655.174 1004.15 617.064 500.841 480.731 482.273 439.557 397.977 147.284 119.512 72.0841
threshold=240407.42100000003 0.15000000000000005 28539.301500000005 0.25000000000000006 107.75750000000001 0.25000000000000006 110.56550000000001 110.56550000000001 84.771000000000015 0.25000000000000006 28539.301500000005 107.75750000000001 87.761500000000012 1048200.1775000001 60.407000000000004 100590.71350000003 0.15000000000000005 19012.117000000002 26343.954000000005 19012.117000000002 0.25000000000000006 99.63600000000001 26343.954000000005 0.25000000000000006 208019.18150000004 122.55800000000001 15904.846000000003 153655.73400000003 208019.18150000004 145818.27200000003
decision_type=2 2 2 2 2 2 2 2 2 2 2 2 2 2 2 2 2 2 2 2 2 2 2 2 2 2 2 2 2 2
left_child=15 10 3 -3 8 6 -6 -7 9 -4 -2 12 -12 14 -13 -1 17 25 -19 20 26 -22 23 24 -21 29 -18 -23 -25 -17
right_child=1 2 4 -5 5 7 -8 -9 -10 -11 11 13 -14 -15 -16 16 19 18 -20 22 21 27 -24 28 -26 -27 -28 -29 -30 -31
leaf_value=0.0017559006134117091 -0.11665533781051636 0.21134152412414547 0.1085656613111496 -0.015154686570167539 -0.20190582275390626 0.26122705936431884 0.0064724627137184151 0.057035734057426457 -0.058271178603172304 -0.064200668036937719 0.1887138605117798 0.011291147768497468 0.0057867641250292463 0.045401038508862263 -0.11826921105384827 -0.065894323587417591 -0.048517352342605596 -0.29338265657424928 0.1843781113624573 0.53896837234497064 0.33604223728179933 -0.0064582973718643188 -0.12314480543136597 -0.11321154832839964 0.090697318315505981 0.3233713746070862 -0.38100668589274089 -0.22099575996398926 0.10994012355804442 0.1074119210243225
leaf_weight=1080 11.999999999999998 12 24 12 11.999999999999998 11.999999999999998 60 60 48 24 11.999999999999998 11.999999999999998 36 24 36 12 11.999999999999998 24 11.999999999999998 12 11.999999999999998 24 24 12 12 24 36 11.999999999999998 12 12
leaf_count=1080 12 12 24 12 12 12 60 60 48 24 12 12 36 24 36 12 12 24 12 12 12 24 24 12 12 24 36 12 12 12
internal_value=4.47983e-10 0.00804239 0.0194861 0.0980934 0.0116254 0.0314052 -0.0282573 0.0910676 -0.0180443 0.0221825 -0.0148451 -0.00466403 0.0515185 -0.0421191 -0.0858791 -0.00239098 -0.0201633 0.040839 -0.134129 -0.0506645 -0.136176 0.0255325 0.0633508 0.156599 0.314833 0.172065 -0.297884 -0.0779708 -0.00163571 0.0207588
internal_weight=1728 396 264 24 240 144 72 72 96 48 132 120 48 72 48 1332 252 84 36 168 96 48 72 48 24 48 48 36 24 24
internal_count=1728 396 264 24 240 144 72 72 96 48 132 120 48 72 48 1332 252 84 36 168 96 48 72 48 24 48 48 36 24 24
is_linear=0
shrinkage=0.05


Tree=299
num_leaves=31
num_cat=0
split_feature=3 6 3 2 6 6 4 4 6 2 4 4 4 0 4 4 4 4 0 3 2 4 4 4 0 0 0 1 6 1
split_gain=12.5506 251.637 243.721 160.446 190.474 41.6894 874.57 571.942 398.992 557.424 264.133 646.175 456.032 344.296 263.608 286.911 223.817 385.594 356.773 311.724 199.144 197.929 232.48 187.032 239.678 181.578 167.292 648.791 1196.49 704.316
threshold=23.917000000000005 0.15000000000000005 12.640500000000001 106.31000000000002 0.25000000000000006 0.15000000000000005 140.45600000000005 140.45600000000005 0.25000000000000006 49.048000000000009 17.934000000000005 28.488500000000005 14.624000000000001 37306.64650000001 33.389500000000005 38.12850000000001 133.21950000000004 122.55800000000001 619852.88050000009 29.406000000000002 49.048000000000009 107.81800000000001 64.634000000000015 46.048000000000009 573241.87500000012 240407.42100000003 31159.647000000004 9804.0705000000016 0.25000000000000006 8505.381000000003
decision_type=2 2 2 2 2 2 2 2 2 2 2 2 2 2 2 2 2 2 2 2 2 2 2 2 2 2 2 2 2 2
left_child=1 2 -1 -3 -5 6 10 26 9 -9 12 13 -2 -12 -13 -16 17 19 -19 -17 -8 22 23 -21 -25 -23 -7 28 29 -28
right_child=5 3 -4 4 -6 7 20 8 -10 -11 11 14 -14 -15 15 16 -18 18 -20 21 -22 25 -24 24 -26 -27 27 -29 -30 -31
leaf_value=0.27541503906250003 -0.047203890979290009 -0.01769268959760666 -0.00056105256080627439 -0.31688511371612549 -0.035168424248695367 -0.017698515138842845 0.31099812984466557 -0.3861968278884888 -0.011669346276256773 0.031170096993446351 -0.09755562841892243 0.21228971481323244 0.18821182052294416 -0.34204208850860596 -0.26629602909088135 0.15212242305278778 -0.1352863649527232 0.38166341781616209 -0.0038953196257352826 -0.016452335417270661 0.061533528566360476 -0.31057040691375731 0.025813527293503287 -0.26059764027595522 -0.037140738591551779 -0.035511636734008784 0.13492726162075996 0.010658664232188905 -0.026580286026000977 0.51798403263092041
leaf_weight=11.999999999999998 48 48 24 12 12 264 24 24 36 11.999999999999998 36 11.999999999999998 36 24 11.999999999999998 24 36 12 12 60 11.999999999999998 12 120 24 24 12 24 648 48 24
leaf_count=12 48 48 24 12 12 264 24 24 36 12 36 12 36 24 12 24 36 12 12 60 12 12 120 24 24 12 24 648 48 24
internal_value=-1.86696e-10 -0.0165035 0.091431 -0.0704707 -0.176027 0.00110023 -0.0102431 0.00677189 -0.129372 -0.247075 -0.0272493 -0.0434368 0.0536886 -0.19535 -0.0181179 -0.026063 -0.0174833 -0.00334689 0.188884 -0.0200626 0.227843 -0.0364612 -0.0220844 -0.0753043 -0.148869 -0.173041 0.0164965 0.0286302 0.149938 0.326456
internal_weight=1728 108 36 72 24 1620 540 1080 72 36 504 420 84 60 360 348 336 300 24 276 36 252 228 108 48 24 1008 744 96 48
internal_count=1728 108 36 72 24 1620 540 1080 72 36 504 420 84 60 360 348 336 300 24 276 36 252 228 108 48 24 1008 744 96 48
is_linear=0
shrinkage=0.05


end of trees

feature_importances:
volume_mm3=3422
layer_height=2458
bounding_box_x=984
surface_area_mm2=872
bounding_box_z=723
bounding_box_y=541

parameters:
[boosting: gbdt]
[objective: regression]
[metric: l2]
[tree_learner: serial]
[device_type: cpu]
[data_sample_strategy: bagging]
[data: ]
[valid: ]
[num_iterations: 300]
[learning_rate: 0.05]
[num_leaves: 31]
[num_threads: 8]
[seed: 42]
[deterministic: 0]
[force_col_wise: 0]
[force_row_wise: 0]
[histogram_pool_size: -1]
[max_depth: -1]
[min_data_in_leaf: 10]
[min_sum_hessian_in_leaf: 0.001]
[bagging_fraction: 1]
[pos_bagging_fraction: 1]
[neg_bagging_fraction: 1]
[bagging_freq: 0]
[bagging_seed: 400]
[bagging_by_query: 0]
[feature_fraction: 1]
[feature_fraction_bynode: 1]
[feature_fraction_seed: 30056]
[extra_trees: 0]
[extra_seed: 12879]
[early_stopping_round: 0]
[early_stopping_min_delta: 0]
[first_metric_only: 0]
[max_delta_step: 0]
[lambda_l1: 0]
[lambda_l2: 0]
[linear_lambda: 0]
[min_gain_to_split: 0]
[drop_rate: 0.1]
[max_drop: 50]
[skip_drop: 0.5]
[xgboost_dart_mode: 0]
[uniform_drop: 0]
[drop_seed: 17869]
[top_rate: 0.2]
[other_rate: 0.1]
[min_data_per_group: 100]
[max_cat_threshold: 32]
[cat_l2: 10]
[cat_smooth: 10]
[max_cat_to_onehot: 4]
[top_k: 20]
[monotone_constraints: ]
[monotone_constraints_method: basic]
[monotone_penalty: 0]
[feature_contri: ]
[forcedsplits_filename: ]
[refit_decay_rate: 0.9]
[cegb_tradeoff: 1]
[cegb_penalty_split: 0]
[cegb_penalty_feature_lazy: ]
[cegb_penalty_feature_coupled: ]
[path_smooth: 0]
[interaction_constraints: ]
[verbosity: 1]
[saved_feature_importance_type: 0]
[use_quantized_grad: 0]
[num_grad_quant_bins: 4]
[quant_train_renew_leaf: 0]
[stochastic_rounding: 1]
[linear_tree: 0]
[max_bin: 255]
[max_bin_by_feature: ]
[min_data_in_bin: 3]
[bin_construct_sample_cnt: 200000]
[data_random_seed: 175]
[is_enable_sparse: 1]
[enable_bundle: 1]
[use_missing: 1]
[zero_as_missing: 0]
[feature_pre_filter: 1]
[pre_partition: 0]
[two_round: 0]
[header: 0]
[label_column: ]
[weight_column: ]
[group_column: ]
[ignore_column: ]
[categorical_feature: ]
[forcedbins_filename: ]
[precise_float_parser: 0]
[parser_config_file: ]
[objective_seed: 16083]
[num_class: 1]
[is_unbalance: 0]
[scale_pos_weight: 1]
[sigmoid: 1]
[boost_from_average: 1]
[reg_sqrt: 0]
[alpha: 0.9]
[fair_c: 1]
[poisson_max_delta_step: 0.7]
[tweedie_variance_power: 1.5]
[lambdarank_truncation_level: 30]
[lambdarank_norm: 1]
[label_gain: ]
[lambdarank_position_bias_regularization: 0]
[eval_at: ]
[multi_error_top_k: 1]
[auc_mu_weights: ]
[num_machines: 1]
[local_listen_port: 12400]
[time_out: 120]
[machine_list_filename: ]
[machines: ]
[gpu_platform_id: -1]
[gpu_device_id: -1]
[gpu_device_id_list: ]
[gpu_use_dp: 0]
[num_gpu: 1]

end of parameters

pandas_categorical:[]
