tree
version=v4
num_class=1
num_tree_per_iteration=1
label_index=0
max_feature_idx=9
objective=regression
feature_names=volume_mm3 surface_area_mm2 bounding_box_x bounding_box_y bounding_box_z infill_pct layer_height material_PLA material_PETG material_ABS
feature_infos=[2872.194:1245324.196] [1855.8109999999999:71283.813999999998] [6.665:148.48099999999999] [11.645:141.72200000000001] [5.0830000000000002:149.643] [10:50] [0.10000000000000001:0.29999999999999999] [0:1] [0:1] [0:1]
tree_sizes=2813 2828 2808 2816 2820 2833 2844 2816 2839 2831 2845 2796 2840 2822 2810 2829 2867 2815 2771 2842 2812 2776 2849 2822 2783 2782 2783 2794 2794 2783 2801 2774 2808 2801 2807 2760 2779 2754 2735 2802 2774 2795 2800 2784 2793 2786 2791 2805 2778 2766 2819 2778 2806 2769 2802 2787 2767 2762 2806 2783 2845 2777 2769 2824 2820 2839 2832 2784 2798 2805 2788 2795 2817 2810 2817 2825 2801 2819 2813 2812 2781 2766 2790 2787 2783 2803 2792 2818 2768 2756 2803 2732 2789 2730 2752 2724 2747 2671 2793 2694 2722 2660 2656 2688 2682 2651 2678 2651 2677 2672 2693 2696 2686 2670 2697 2668 2678 2639 2652 2679 2701 2703 2695 2734 2711 2673 2684 2694 2690 2704 2670 2719 2665 2669 2729 2748 2667 2685 2685 2727 2672 2736 2688 2702 2710 2710 2673 2745 2729 2736 2749 2720 2722 2766 2734 2771 2726 2738 2768 2716 2735 2731 2741 2744 2774 2768 2767 2686 2787 2792 2736 2768 2763 2799 2741 2768 2749 2780 2752 2787 2723 2710 2787 2773 2751 2847 2753 2759 2809 2702 2790 2787 2738 2817 2764 2812 2811 2719 2766 2845 2773 2717 2697 2830 2757 2895 2886 2763 2741 2757 2732 2740 2773 2798 2839 2734 2753 2776 2807 2776 2835 2824 2725 2702 2780 2822 2742 2718 2729 2769 2825 2836 2742 2781 2797 2734 2782 2729 2766 2742 2727 2818 2774 2827 2770 2813 2815 2779 2844 2855 2800 2832 2784 2856 2866 2713 2791 2791 2774 2779 2768 2706 2804 2783 2835 2808 2801 2789 2721 2863 2761 2751 2764 2748 2896 2791 2846 2856 2861 2859 2844 2794 2830 2809 2837 2776 2794 2814 2783 2783 2814 2815 2810 2804 2829 2822 2783 2776 2780 2800

Tree=0
num_leaves=31
num_cat=0
split_feature=0 6 0 0 0 6 6 0 0 0 0 6 6 0 0 0 0 0 1 0 6 0 0 0 6 0 1 0 0 0
split_gain=1.87143e+12 4.82231e+11 2.13387e+11 1.24541e+11 8.43073e+10 4.38893e+10 2.12118e+10 1.66466e+10 1.61713e+10 1.59318e+10 1.30747e+10 1.07986e+10 1.06761e+10 5.54989e+09 4.38198e+09 4.37287e+09 4.02179e+09 3.16218e+09 3.0828e+09 2.36842e+09 2.25403e+09 2.16982e+09 2.15965e+09 2.06388e+09 1.48091e+09 1.44679e+09 9.2453e+08 8.4732e+08 8.1132e+08 7.46722e+08
threshold=388286.60400000011 0.15000000000000005 840329.43250000023 121294.55000000002 840329.43250000023 0.15000000000000005 0.25000000000000006 41777.992500000008 619852.88050000009 208019.18150000004 1048200.1775000001 0.25000000000000006 0.15000000000000005 164842.97150000001 507657.76500000007 619852.88050000009 1048200.1775000001 68725.196500000005 6575.9135000000015 1182183.7235000001 0.25000000000000006 1048200.1775000001 303117.76850000006 619852.88050000009 0.15000000000000005 507657.76500000007 13134.513000000001 256199.82050000003 507657.76500000007 164842.97150000001
decision_type=2 2 2 2 2 2 2 2 2 2 2 2 2 2 2 2 2 2 2 2 2 2 2 2 2 2 2 2 2 2
left_child=3 2 8 7 11 9 16 18 14 29 -4 15 17 -7 -2 25 -6 -9 -1 -12 27 -8 -11 28 -20 -3 -14 -15 -13 -5
right_child=1 4 10 5 6 13 21 12 -10 22 19 23 26 20 -16 -17 -18 -19 24 -21 -22 -23 -24 -25 -26 -27 -28 -29 -30 -31
leaf_value=26759.147139033565 31315.19168113426 29117.291583478011 36287.241290509257 28337.466607892071 31714.791681134258 27450.991623150861 30196.791681134258 27354.124957501448 33770.891681134257 29454.158250144676 37811.891290509258 28390.341607892071 27022.635854311342 28024.32494173403 32485.391681134261 30436.866681134259 32835.866681134255 27805.689230427415 27128.436044198494 38805.29129050926 27744.341612774882 31020.241681134259 30228.69168113426 29324.616583478008 26901.674916811342 29789.69168113426 27199.551612774885 28407.866620099103 28893.866583478008 28778.441632306134
leaf_weight=324 11.999999999999998 11.999999999999998 11.999999999999998 48 11.999999999999998 96 11.999999999999998 72 24 36 12 11.999999999999998 192 36 24 24 24 84 108 12 60 24 11.999999999999998 24 216 24 120 24 24 11.999999999999998
leaf_count=324 12 12 12 48 12 96 12 72 24 36 12 12 192 36 24 24 24 84 108 12 60 24 12 24 216 24 120 24 24 12
internal_value=28018.7 31698.1 34591.5 27282.9 30251.3 28145.8 31604 27032.3 32765.6 28968.8 37634.8 29439.8 27259.5 27734.4 32095.3 29914.1 32462.2 27597.3 26868.2 38308.6 27961 30745.8 29647.8 28965.5 26977.3 29565.6 27090.7 28177.7 28726 28425.7
internal_weight=1728 288 96 1440 192 324 72 1116 60 108 36 120 468 216 36 60 36 156 648 24 120 36 48 60 324 36 312 60 36 60
internal_count=1728 288 96 1440 192 324 72 1116 60 108 36 120 468 216 36 60 36 156 648 24 120 36 48 60 324 36 312 60 36 60
is_linear=0
shrinkage=1


Tree=1
num_leaves=31
num_cat=0
split_feature=0 6 0 0 0 6 6 1 0 0 0 6 6 1 0 0 0 0 6 0 6 0 0 0 1 0 6 0 0 0
split_gain=1.68897e+12 4.35213e+11 1.92582e+11 1.126e+11 7.60874e+10 3.78264e+10 1.91437e+10 1.8024e+10 1.45946e+10 1.17999e+10 1.17021e+10 1.09371e+10 9.7457e+09 4.4924e+09 3.95474e+09 3.94651e+09 3.62966e+09 3.49268e+09 2.48812e+09 2.1375e+09 2.03426e+09 1.95827e+09 1.94908e+09 1.86265e+09 1.51949e+09 1.30573e+09 7.91224e+08 7.64707e+08 7.32216e+08 6.61878e+08
threshold=388286.60400000011 0.15000000000000005 840329.43250000023 137286.37700000001 840329.43250000023 0.15000000000000005 0.25000000000000006 11548.453500000001 619852.88050000009 1048200.1775000001 208019.18150000004 0.15000000000000005 0.25000000000000006 6575.9135000000015 507657.76500000007 619852.88050000009 1048200.1775000001 164842.97150000001 0.15000000000000005 1182183.7235000001 0.25000000000000006 1048200.1775000001 303117.76850000006 619852.88050000009 13134.513000000001 507657.76500000007 0.25000000000000006 256199.82050000003 507657.76500000007 1182183.7235000001
decision_type=2 2 2 2 2 2 2 2 2 2 2 2 2 2 2 2 2 2 2 2 2 2 2 2 2 2 2 2 2 2
left_child=3 2 8 7 12 10 16 13 14 -4 -5 24 15 -1 -2 25 -6 -7 -15 -11 27 -8 -12 28 -9 -3 -13 -19 -14 -18
right_child=1 4 9 5 6 17 21 11 -10 19 22 26 23 18 -16 -17 29 20 -20 -21 -22 -23 -24 -25 -26 -27 -28 -29 -30 -31
leaf_value=-1196.6017686631947 3131.6404296875003 1043.63544921875 7855.0882812500004 443.53947753906255 3511.2605468750003 -495.29956461588546 2069.1603515625002 -454.95786132812503 5464.5554687500007 9303.5054687499996 1363.6587565104167 -730.8864794921875 353.03291015625001 -791.35932617187507 4243.3304687500004 2297.2316406250002 4313.7066406249996 5.3170857747395841 -1035.9213291266026 10247.235156249999 -260.66708557128908 2851.4378906250004 2099.4654296875001 1240.5941406250001 -91.777051459418416 1682.4154296875001 -912.45646484374993 369.68167724609378 831.38166503906257 4838.8566406249993
leaf_weight=324 11.999999999999998 11.999999999999998 11.999999999999998 48 11.999999999999998 72 11.999999999999998 48 24 12 36 120 11.999999999999998 156 24 24 12 36 312 12 60 24 11.999999999999998 24 72 24 120 24 24 12
leaf_count=324 12 12 12 48 12 72 12 48 24 12 36 120 12 156 24 24 12 36 312 12 60 24 12 24 72 24 120 24 24 12
internal_value=-4.16791e-07 3495.38 6244.16 -699.075 2120.99 185.199 3405.98 -920.144 4509.48 9135.28 995.575 -626.797 1349.99 -1053.48 3872.77 1800.59 4221.27 -219.989 -954.401 9775.37 -54.8021 2590.68 1547.61 899.397 -237.049 1469.49 -821.671 151.063 671.932 4576.28
internal_weight=1728 288 96 1440 192 288 72 1152 60 36 96 360 120 792 36 60 36 192 468 24 120 36 48 60 120 36 240 60 36 24
internal_count=1728 288 96 1440 192 288 72 1152 60 36 96 360 120 792 36 60 36 192 468 24 120 36 48 60 120 36 240 60 36 24
is_linear=0
shrinkage=0.05


Tree=2
num_leaves=31
num_cat=0
split_feature=0 6 0 0 0 6 6 1 0 0 0 6 6 0 0 0 0 0 0 6 0 0 0 0 0 1 6 0 0 6
split_gain=1.52429e+12 3.9278e+11 1.73805e+11 1.01705e+11 6.86688e+10 3.57839e+10 1.72772e+10 1.37034e+10 1.31717e+10 1.29176e+10 1.06495e+10 8.92312e+09 8.79549e+09 4.48363e+09 3.73239e+09 3.56915e+09 3.56173e+09 3.27577e+09 1.92909e+09 1.83592e+09 1.76734e+09 1.75905e+09 1.68104e+09 1.57593e+09 1.17842e+09 1.07554e+09 8.77147e+08 6.90148e+08 6.60825e+08 6.55869e+08
threshold=388286.60400000011 0.15000000000000005 840329.43250000023 121294.55000000002 840329.43250000023 0.15000000000000005 0.25000000000000006 8505.381000000003 619852.88050000009 208019.18150000004 1048200.1775000001 0.15000000000000005 0.25000000000000006 164842.97150000001 68725.196500000005 507657.76500000007 619852.88050000009 1048200.1775000001 1182183.7235000001 0.25000000000000006 1048200.1775000001 303117.76850000006 619852.88050000009 12036.576500000001 507657.76500000007 12485.131000000003 0.15000000000000005 256199.82050000003 507657.76500000007 0.25000000000000006
decision_type=2 2 2 2 2 2 2 2 2 2 2 2 2 2 2 2 2 2 2 2 2 2 2 2 2 2 2 2 2 2
left_child=3 2 8 7 12 9 17 23 15 -5 -4 14 16 29 -9 -2 24 -6 -12 27 -8 -11 28 -1 -3 -13 -25 -15 -14 -7
right_child=1 4 10 5 6 13 20 11 -10 21 18 25 22 19 -16 -17 -18 -19 -20 -21 -22 -23 -24 26 -26 -27 -28 -29 -30 -31
leaf_value=-1192.2839127604168 2975.0583984375003 991.45361328125 7462.3335937500005 369.76311523437499 3335.697265625 -379.81477355957031 1965.7023437500002 -636.9979329427083 5191.3277343750005 1295.4758463541666 8838.3304687499985 -933.84426088686348 335.38127441406255 5.0512329101562505 -192.6096925281343 4031.1640625 2182.3701171875 4347.4675781249998 9734.8734374999985 -247.63372497558595 2708.8660156250003 1994.4921875 1178.564453125 -900.71361002604181 1598.2946289062502 -765.16307198660718 -1066.2758072916668 351.19759521484377 789.81259765625009 -641.19515380859377
leaf_weight=180 11.999999999999998 11.999999999999998 11.999999999999998 60 11.999999999999998 48 11.999999999999998 108 24 36 12 216 11.999999999999998 36 84 24 24 24 12 60 24 11.999999999999998 24 120 24 168 240 24 24 48
leaf_count=180 12 12 12 60 12 48 12 108 24 36 12 216 12 36 84 24 24 24 12 60 24 12 24 120 24 168 240 24 24 48
internal_value=5.15691e-06 3320.61 5931.95 -664.121 2014.94 115.744 3235.68 -890.534 4284.01 858.859 8678.51 -720.89 1282.49 -255.814 -442.578 3679.13 1710.56 4010.21 9286.6 -52.062 2461.14 1470.23 854.427 -1071.49 1396.01 -860.046 -1011.09 143.51 638.335 -510.505
internal_weight=1728 288 96 1440 192 324 72 1116 60 108 36 576 120 216 192 36 60 36 24 120 36 48 60 540 36 384 360 60 36 96
internal_count=1728 288 96 1440 192 324 72 1116 60 108 36 576 120 216 192 36 60 36 24 120 36 48 60 540 36 384 360 60 36 96
is_linear=0
shrinkage=0.05


Tree=3
num_leaves=31
num_cat=0
split_feature=0 6 0 0 0 6 6 0 0 6 0 0 6 0 0 1 0 0 0 0 6 0 0 0 6 0 1 0 0 0
split_gain=1.37568e+12 3.54484e+11 1.56859e+11 9.19268e+10 6.19736e+10 3.08402e+10 1.55926e+10 1.46961e+10 1.18874e+10 9.73706e+09 9.61113e+09 9.48217e+09 7.93793e+09 3.22116e+09 3.21446e+09 2.96591e+09 2.95639e+09 2.81628e+09 1.95319e+09 1.74101e+09 1.65692e+09 1.59502e+09 1.58754e+09 1.51714e+09 1.2877e+09 1.06352e+09 8.75692e+08 6.22858e+08 5.97345e+08 5.96395e+08
threshold=388286.60400000011 0.15000000000000005 840329.43250000023 137286.37700000001 840329.43250000023 0.15000000000000005 0.25000000000000006 45843.734500000013 619852.88050000009 0.15000000000000005 1048200.1775000001 208019.18150000004 0.25000000000000006 507657.76500000007 619852.88050000009 6575.9135000000015 1048200.1775000001 164842.97150000001 74959.462500000009 1182183.7235000001 0.25000000000000006 1048200.1775000001 303117.76850000006 619852.88050000009 0.15000000000000005 507657.76500000007 14745.336000000001 256199.82050000003 1182183.7235000001 507657.76500000007
decision_type=2 2 2 2 2 2 2 2 2 2 2 2 2 2 2 2 2 2 2 2 2 2 2 2 2 2 2 2 2 2
left_child=3 2 8 7 12 11 16 15 13 18 -4 -5 14 -2 25 -1 -6 -7 -9 -12 27 -8 -13 29 -17 -3 -11 -19 -18 -14
right_child=1 4 10 5 6 17 21 9 -10 26 19 22 23 -15 -16 24 28 20 -20 -21 -22 -23 -24 -25 -26 -27 -28 -29 -30 -31
leaf_value=-1081.1840928819445 2826.3054687500003 941.88095703125009 7089.2171875000004 402.87435913085938 3168.9125000000004 -445.00936075846357 1867.4171875000002 -482.28994628906253 4931.7613281250005 -829.61261291503911 8396.4132812499993 1230.7020182291667 318.61220703125002 3829.6058593750004 2073.2515625000001 -749.69069158380682 3880.6480468749996 4.7986709594726564 -108.77442685081847 9248.1296874999989 -235.2520462036133 2573.4226562500003 1894.767578125 1119.63623046875 -940.95572694720659 1518.3798828125 -644.66206665039067 333.6376953125 4379.5406249999996 750.32197265625007
leaf_weight=324 11.999999999999998 11.999999999999998 11.999999999999998 48 11.999999999999998 72 11.999999999999998 60 24 192 12 36 11.999999999999998 24 24 132 12 36 84 12 60 24 11.999999999999998 24 264 24 96 24 12 24
leaf_count=324 12 12 12 48 12 72 12 60 24 192 12 36 12 24 24 132 12 36 84 12 60 24 12 24 264 24 96 24 12 24
internal_value=-6.64746e-06 3154.58 5635.35 -630.915 1914.19 168.072 3073.89 -830.662 4069.81 -600.11 8244.59 899.796 1218.37 3495.17 1625.03 -968.993 3809.7 -197.79 -264.406 8822.27 -49.4589 2338.09 1396.72 811.706 -877.201 1326.21 -767.962 136.334 4130.09 606.419
internal_weight=1728 288 96 1440 192 288 72 1152 60 432 36 96 120 36 60 720 36 192 144 24 120 36 48 60 396 36 288 60 24 36
internal_count=1728 288 96 1440 192 288 72 1152 60 432 36 96 120 36 60 720 36 192 144 24 120 36 48 60 396 36 288 60 24 36
is_linear=0
shrinkage=0.05


Tree=4
num_leaves=31
num_cat=0
split_feature=0 6 0 0 0 6 6 1 0 0 0 6 6 0 0 0 0 0 0 6 0 0 0 0 0 1 6 4 6 0
split_gain=1.24155e+12 3.19922e+11 1.41565e+11 8.29846e+10 5.59312e+10 2.92151e+10 1.40724e+10 1.12625e+10 1.07284e+10 1.04678e+10 8.67405e+09 7.25376e+09 7.16399e+09 3.64317e+09 3.00488e+09 2.90709e+09 2.90105e+09 2.66814e+09 1.57126e+09 1.49537e+09 1.43951e+09 1.43275e+09 1.36922e+09 1.32295e+09 9.5983e+08 8.87071e+08 7.34919e+08 6.32469e+08 5.91922e+08 5.6213e+08
threshold=388286.60400000011 0.15000000000000005 840329.43250000023 121294.55000000002 840329.43250000023 0.15000000000000005 0.25000000000000006 8505.381000000003 619852.88050000009 208019.18150000004 1048200.1775000001 0.15000000000000005 0.25000000000000006 164842.97150000001 68725.196500000005 507657.76500000007 619852.88050000009 1048200.1775000001 1182183.7235000001 0.25000000000000006 1048200.1775000001 303117.76850000006 619852.88050000009 12036.576500000001 507657.76500000007 12485.131000000003 0.15000000000000005 43.561500000000002 0.25000000000000006 256199.82050000003
decision_type=2 2 2 2 2 2 2 2 2 2 2 2 2 2 2 2 2 2 2 2 2 2 2 2 2 2 2 2 2 2
left_child=3 2 8 7 12 9 17 23 15 27 -4 14 16 28 -9 -2 24 -6 -12 29 -8 -11 -14 -1 -3 -13 -25 -5 -7 -15
right_child=1 4 10 5 6 13 20 11 -10 21 18 25 22 19 -16 -17 -18 -19 -20 -21 -22 -23 -24 26 -26 -27 -28 -29 -30 -31
leaf_value=-1078.6105729166668 2684.990234375 894.78691406250005 6734.7562500000004 660.91909179687502 3010.4669921875002 -336.07790222167972 1774.0464843750001 -573.60572374131948 4685.1730468750002 1169.1669596354166 7976.5929687499993 -842.57853009259259 576.0977701822917 4.5587361653645839 -174.87251732235865 3638.1253906250004 1969.5890625000002 3923.5894531250001 8785.7234374999989 -223.48943298339847 2444.7515625000001 1800.0291015625 1063.6543945312501 -811.56356608072929 1442.4609375 -689.38750348772328 -963.10965494791674 255.07988891601565 -584.38924560546877 316.95581665039066
leaf_weight=180 11.999999999999998 11.999999999999998 11.999999999999998 11.999999999999998 11.999999999999998 48 11.999999999999998 108 24 36 12 216 36 36 84 24 24 24 12 60 24 11.999999999999998 24 120 24 168 240 48 48 24
leaf_count=180 12 12 12 12 12 48 12 108 24 36 12 216 36 36 84 24 24 24 12 60 24 12 24 120 24 168 240 48 48 24
internal_value=-5.43948e-07 2996.85 5353.58 -599.37 1818.48 105.076 2920.2 -803.886 3866.32 776.53 7832.36 -650.092 1157.45 -230.652 -399.16 3320.41 1543.78 3619.22 8381.16 -46.9859 2221.18 1326.88 771.12 -967.933 1259.9 -775.557 -912.594 336.248 -460.234 129.518
internal_weight=1728 288 96 1440 192 324 72 1116 60 108 36 576 120 216 192 36 60 36 24 120 36 48 60 540 36 384 360 60 96 60
internal_count=1728 288 96 1440 192 324 72 1116 60 108 36 576 120 216 192 36 60 36 24 120 36 48 60 540 36 384 360 60 96 60
is_linear=0
shrinkage=0.05


Tree=5
num_leaves=31
num_cat=0
split_feature=0 6 0 0 0 6 6 1 0 0 0 6 6 1 0 0 0 0 6 0 0 0 0 6 1 0 0 6 1 6
split_gain=1.1205e+12 2.88729e+11 1.27763e+11 7.50176e+10 5.04779e+10 2.51171e+10 1.27003e+10 1.20198e+10 9.68238e+09 7.82833e+09 7.70075e+09 7.27993e+09 6.4655e+09 3.06168e+09 2.62365e+09 2.6182e+09 2.40799e+09 2.30957e+09 1.64771e+09 1.41806e+09 1.29915e+09 1.29306e+09 1.26237e+09 1.14181e+09 1.04836e+09 8.66246e+08 7.15286e+08 6.93135e+08 6.23811e+08 6.12091e+08
threshold=388286.60400000011 0.15000000000000005 840329.43250000023 137286.37700000001 840329.43250000023 0.15000000000000005 0.25000000000000006 11548.453500000001 619852.88050000009 1048200.1775000001 208019.18150000004 0.15000000000000005 0.25000000000000006 6575.9135000000015 507657.76500000007 619852.88050000009 1048200.1775000001 256199.82050000003 0.15000000000000005 1182183.7235000001 1048200.1775000001 303117.76850000006 507657.76500000007 0.25000000000000006 13134.513000000001 507657.76500000007 684755.53550000011 0.25000000000000006 19012.117000000002 0.25000000000000006
decision_type=2 2 2 2 2 2 2 2 2 2 2 2 2 2 2 2 2 2 2 2 2 2 2 2 2 2 2 2 2 2
left_child=3 2 8 7 12 10 16 13 14 -4 -5 24 15 -1 -2 25 -6 23 -15 -11 -8 -12 -14 28 -9 -3 -24 -13 -7 -19
right_child=1 4 9 5 6 17 20 11 -10 19 21 27 22 18 -16 -17 -18 29 -20 -21 -22 -23 26 -25 -26 -27 -28 -29 -30 -31
leaf_value=-976.88361183449069 2550.7406250000004 850.04755859375007 6398.0183593750007 364.90363769531251 2859.9435546875002 -345.26450195312503 1685.3441406250001 -373.312255859375 4450.9144531250004 7577.7632812499987 1110.7085611979167 -584.30755371093744 273.876708984375 -644.25648287259628 3456.2191406250004 1871.1095703125002 3727.4099609375003 301.10802001953124 -843.27517152443909 8346.4374999999982 2322.5140624999999 1710.0277343750001 735.79954427083339 -418.71827799479172 -71.644741482204864 1370.337890625 1181.5466796875 -754.250615234375 -33.061775207519531 -55.989966011047365
leaf_weight=324 11.999999999999998 11.999999999999998 11.999999999999998 48 11.999999999999998 24 11.999999999999998 48 24 12 36 120 11.999999999999998 156 24 24 24 24 312 12 24 11.999999999999998 36 72 72 24 11.999999999999998 120 48 24
leaf_count=324 12 12 12 48 12 24 12 48 24 12 36 120 12 156 24 24 24 24 312 12 24 12 36 72 72 24 12 120 48 24
internal_value=5.7662e-07 2847.01 5085.9 -569.401 1727.56 152.372 2774.19 -749.844 3673 7440.74 812.721 -510.29 1099.58 -858.733 3154.39 1466.59 3438.25 -177.803 -776.936 7962.1 2110.12 1260.54 732.564 -277.924 -192.312 1196.91 847.236 -669.279 -137.129 122.559
internal_weight=1728 288 96 1440 192 288 72 1152 60 36 96 360 120 792 36 60 36 192 468 24 36 48 60 144 120 36 48 240 72 48
internal_count=1728 288 96 1440 192 288 72 1152 60 36 96 360 120 792 36 60 36 192 468 24 36 48 60 144 120 36 48 240 72 48
is_linear=0
shrinkage=0.05


Tree=6
num_leaves=31
num_cat=0
split_feature=0 6 0 0 0 6 6 1 0 0 0 6 6 0 0 0 0 0 0 6 0 0 0 0 0 1 0 6 0 0
split_gain=1.01125e+12 2.60578e+11 1.15306e+11 6.77682e+10 4.55563e+10 2.3822e+10 1.1462e+10 9.28402e+09 8.73834e+09 8.48624e+09 7.06507e+09 5.92521e+09 5.83511e+09 3.01877e+09 2.41535e+09 2.36785e+09 2.36292e+09 2.17321e+09 1.2798e+09 1.20317e+09 1.17249e+09 1.16699e+09 1.13929e+09 1.10487e+09 7.81787e+08 7.62418e+08 6.45545e+08 6.09392e+08 5.5476e+08 5.39103e+08
threshold=388286.60400000011 0.15000000000000005 840329.43250000023 121294.55000000002 840329.43250000023 0.15000000000000005 0.25000000000000006 8505.381000000003 619852.88050000009 208019.18150000004 1048200.1775000001 0.15000000000000005 0.25000000000000006 164842.97150000001 68725.196500000005 507657.76500000007 619852.88050000009 1048200.1775000001 1182183.7235000001 0.25000000000000006 1048200.1775000001 303117.76850000006 507657.76500000007 12036.576500000001 507657.76500000007 13134.513000000001 684755.53550000011 0.15000000000000005 164842.97150000001 1182183.7235000001
decision_type=2 2 2 2 2 2 2 2 2 2 2 2 2 2 2 2 2 2 2 2 2 2 2 2 2 2 2 2 2 2
left_child=3 2 8 7 12 9 17 23 15 28 -4 14 16 -7 -9 -2 24 -6 -12 -15 -8 -11 -14 -1 -3 -13 -24 -25 -5 -19
right_child=1 4 10 5 6 13 20 11 -10 21 18 25 22 19 -16 -17 -18 29 -20 -21 -22 -23 26 27 -26 -27 -28 -29 -30 -31
leaf_value=-975.83586588541675 2423.2037109375001 807.54521484375005 6078.1171875 229.53757324218751 2716.9462890625 -416.48249969482424 1601.0768554687502 -515.72312282986115 4228.3687500000005 1055.1731119791666 7198.8749999999991 -747.00903838186559 260.18288574218752 118.01138549804688 -158.23711954752605 3283.408203125 1777.5541015625001 3304.0656249999993 7929.1156249999985 -198.63361846923829 2206.3882812500001 1624.5262695312501 699.00957031250005 -732.11999674479171 1301.8209960937502 -595.01040771484384 1122.4693359375001 -870.11823893229177 609.6279296875 3778.0132812499996
leaf_weight=180 11.999999999999998 11.999999999999998 11.999999999999998 48 11.999999999999998 96 11.999999999999998 108 24 36 12 264 11.999999999999998 60 84 24 24 12 12 60 24 11.999999999999998 36 120 24 120 11.999999999999998 240 11.999999999999998 12
leaf_count=180 12 12 12 48 12 96 12 108 24 36 12 264 12 60 84 24 24 12 12 60 24 12 36 120 24 120 12 240 12 12
internal_value=-3.79704e-06 2704.66 4831.61 -540.931 1641.18 95.6612 2635.48 -725.748 3489.35 701.98 7068.7 -586.114 1044.6 -207.498 -359.323 2996.67 1393.26 3266.34 7564 -40.3111 2004.62 1197.51 695.936 -874.691 1137.06 -699.509 804.875 -824.119 305.556 3541.04
internal_weight=1728 288 96 1440 192 324 72 1116 60 108 36 576 120 216 192 36 60 36 24 120 36 48 60 540 36 384 48 360 60 24
internal_count=1728 288 96 1440 192 324 72 1116 60 108 36 576 120 216 192 36 60 36 24 120 36 48 60 540 36 384 48 360 60 24
is_linear=0
shrinkage=0.05


Tree=7
num_leaves=31
num_cat=0
split_feature=0 6 0 0 0 6 6 0 0 0 6 0 6 0 0 0 0 0 1 0 0 3 0 6 1 0 6 6 1 0
split_gain=9.12651e+11 2.35172e+11 1.04063e+11 6.12149e+10 4.11146e+10 2.04548e+10 1.03445e+10 9.90454e+09 7.88636e+09 6.37622e+09 6.29086e+09 6.25517e+09 5.26619e+09 2.13698e+09 2.13254e+09 2.03554e+09 1.98261e+09 1.96133e+09 1.51444e+09 1.15502e+09 1.05817e+09 1.05321e+09 1.04744e+09 9.70397e+08 7.19824e+08 7.05563e+08 6.93934e+08 5.02054e+08 4.89468e+08 4.86541e+08
threshold=388286.60400000011 0.15000000000000005 840329.43250000023 137286.37700000001 840329.43250000023 0.15000000000000005 0.25000000000000006 41777.992500000008 619852.88050000009 1048200.1775000001 0.15000000000000005 208019.18150000004 0.25000000000000006 507657.76500000007 619852.88050000009 74959.462500000009 256199.82050000003 1048200.1775000001 6575.9135000000015 1182183.7235000001 1048200.1775000001 81.107000000000014 619852.88050000009 0.25000000000000006 14745.336000000001 507657.76500000007 0.15000000000000005 0.25000000000000006 19012.117000000002 1182183.7235000001
decision_type=2 2 2 2 2 2 2 2 2 2 2 2 2 2 2 2 2 2 2 2 2 2 2 2 2 2 2 2 2 2
left_child=3 2 8 7 12 11 17 18 13 -4 15 -5 14 -2 25 -9 23 -6 -1 -11 -8 -13 -14 28 -12 -3 -20 -18 -7 -19
right_child=1 4 9 5 6 16 20 10 -10 19 24 21 22 -15 -16 -17 27 29 26 -21 -22 -23 -24 -25 -26 -27 -28 -29 -30 -31
leaf_value=-882.6191442418982 2302.0435546875001 767.16791992187507 5774.2113281250004 330.43046264648439 2581.0990234375004 -307.17714843750002 1521.0230468750001 -434.86895577566969 4016.9503906250002 6838.9312499999987 -681.83986165364593 1543.3000000000002 490.56490885416673 3119.2376953125004 1688.6763671875001 -86.784127952939002 280.15205688476561 3138.8623046875 -626.26001519097235 7532.6593749999993 2096.0689453125001 1002.4145019531251 917.00107421875009 -382.40445149739588 -519.84114685058591 1236.7298828125001 -781.48547905815985 -43.258787918090825 -30.628083801269533 3589.1128906249996
leaf_weight=324 11.999999999999998 11.999999999999998 11.999999999999998 48 11.999999999999998 24 11.999999999999998 84 24 12 240 11.999999999999998 36 24 24 84 24 12 108 12 24 36 24 72 96 24 216 24 48 12
leaf_count=324 12 12 12 48 12 24 12 84 24 12 240 12 36 24 24 84 24 12 108 12 24 36 24 72 96 24 216 24 48 12
internal_value=-6.69515e-06 2569.42 4590.03 -513.884 1559.12 138.115 2503.71 -676.884 3314.88 6715.27 -510.645 734.033 992.368 2846.84 1323.6 -260.827 -159.844 3103.02 -806.181 7185.8 1904.39 1137.64 661.139 -252.608 -635.555 1080.21 -729.744 118.447 -122.811 3363.99
internal_weight=1728 288 96 1440 192 288 72 1152 60 36 504 96 120 36 60 168 192 36 648 24 36 48 60 144 336 36 324 48 72 24
internal_count=1728 288 96 1440 192 288 72 1152 60 36 504 96 120 36 60 168 192 36 648 24 36 48 60 144 336 36 324 48 72 24
is_linear=0
shrinkage=0.05


Tree=8
num_leaves=31
num_cat=0
split_feature=0 6 0 0 0 6 6 1 0 0 0 6 6 1 0 0 0 0 6 0 0 0 3 0 6 0 0 0 0 6
split_gain=8.23667e+11 2.12243e+11 9.39173e+10 5.52921e+10 3.71059e+10 1.94536e+10 9.33589e+09 7.59926e+09 7.11744e+09 6.87498e+09 5.75454e+09 4.81552e+09 4.75273e+09 2.53774e+09 1.95359e+09 1.92863e+09 1.92462e+09 1.7701e+09 1.05385e+09 1.04241e+09 9.86275e+08 9.68957e+08 9.50518e+08 9.34694e+08 6.41604e+08 6.36771e+08 5.57871e+08 5.4216e+08 5.13816e+08 5.11599e+08
threshold=388286.60400000011 0.15000000000000005 840329.43250000023 121294.55000000002 840329.43250000023 0.15000000000000005 0.25000000000000006 8505.381000000003 619852.88050000009 208019.18150000004 1048200.1775000001 0.15000000000000005 0.25000000000000006 19012.117000000002 68725.196500000005 507657.76500000007 619852.88050000009 1048200.1775000001 0.25000000000000006 1182183.7235000001 507657.76500000007 1182183.7235000001 81.107000000000014 12036.576500000001 0.25000000000000006 507657.76500000007 256199.82050000003 684755.53550000011 74959.462500000009 0.15000000000000005
decision_type=2 2 2 2 2 2 2 2 2 2 2 2 2 2 2 2 2 2 2 2 2 2 2 2 2 2 2 2 2 2
left_child=3 2 8 7 12 9 17 23 15 -5 -4 14 16 -7 -9 -2 25 -6 26 -12 -14 -8 -11 -1 28 -3 -15 -22 -13 -25
right_child=1 4 10 5 6 13 21 11 -10 22 19 24 20 18 -16 -17 -18 -19 -20 -21 27 -23 -24 29 -26 -27 -28 -29 -30 -31
leaf_value=-882.91310872395832 2186.9412109375003 728.80952148437507 5485.5007812500007 277.92847412109376 2452.0441406250002 -429.50293375651046 1625.74365234375 -465.0036675347223 3816.1027343750002 1466.1349609375002 6496.9847656249995 -629.75363932291668 222.64548339843751 -29.096678161621096 -143.49973627726237 2963.2757812500004 1604.2425781250001 3195.7880859375 -201.20796674092611 7156.0265624999993 632.423583984375 2176.0154296875003 952.29379882812509 -659.07381510416667 -695.65711364746096 1174.8934570312501 266.14445800781249 1020.4958984375 -460.79997151692709 -785.51538736979171
leaf_weight=180 11.999999999999998 11.999999999999998 11.999999999999998 60 11.999999999999998 72 24 108 24 11.999999999999998 12 120 11.999999999999998 48 84 24 24 24 72 12 36 11.999999999999998 36 120 192 24 24 11.999999999999998 72 240
leaf_count=180 12 12 12 60 12 72 24 108 24 12 12 120 12 48 84 24 24 24 72 12 36 12 36 120 192 24 24 12 72 240
internal_value=-7.49517e-06 2440.95 4360.53 -488.19 1481.16 86.8258 2378.52 -655.13 3149.14 634.74 6379.5 -528.8 942.749 -187.131 -324.346 2704.5 1257.42 2947.87 -65.9455 6826.51 628.082 1809.17 1080.75 -789.883 -631.027 1026.2 69.317 729.442 -566.396 -743.368
internal_weight=1728 288 96 1440 192 324 72 1116 60 108 36 576 120 216 192 36 60 36 144 24 60 36 48 540 384 36 72 48 192 360
internal_count=1728 288 96 1440 192 324 72 1116 60 108 36 576 120 216 192 36 60 36 144 24 60 36 48 540 384 36 72 48 192 360
is_linear=0
shrinkage=0.05


Tree=9
num_leaves=31
num_cat=0
split_feature=0 6 0 0 0 6 6 0 0 6 0 0 6 0 0 1 1 0 1 0 0 0 0 6 6 6 0 6 0 0
split_gain=7.4336e+11 1.91549e+11 8.47604e+10 4.99389e+10 3.34881e+10 1.66875e+10 8.42564e+09 8.1403e+09 6.42349e+09 5.39277e+09 5.19348e+09 5.11635e+09 4.28934e+09 1.74058e+09 1.73697e+09 1.68286e+09 1.64236e+09 1.59751e+09 1.03741e+09 9.62542e+08 9.40774e+08 9.07505e+08 8.90113e+08 6.63204e+08 6.50559e+08 6.27448e+08 5.74686e+08 5.54867e+08 4.893e+08 4.80105e+08
threshold=388286.60400000011 0.15000000000000005 840329.43250000023 137286.37700000001 840329.43250000023 0.15000000000000005 0.25000000000000006 45843.734500000013 619852.88050000009 0.15000000000000005 1048200.1775000001 240407.42100000003 0.25000000000000006 507657.76500000007 619852.88050000009 25946.188500000004 6575.9135000000015 1048200.1775000001 13134.513000000001 164842.97150000001 1182183.7235000001 1048200.1775000001 507657.76500000007 0.25000000000000006 0.15000000000000005 0.25000000000000006 507657.76500000007 0.25000000000000006 684755.53550000011 303117.76850000006
decision_type=2 2 2 2 2 2 2 2 2 2 2 2 2 2 2 2 2 2 2 2 2 2 2 2 2 2 2 2 2 2
left_child=3 2 8 7 12 11 17 16 13 18 -4 19 14 -2 26 27 -1 -6 -9 -5 -12 -8 -14 -17 -18 -11 -3 -7 -24 -13
right_child=1 4 10 5 6 15 21 9 -10 25 20 29 22 -15 -16 23 24 -19 -20 -21 -22 -23 28 -25 -26 -27 -28 -29 -30 -31
leaf_value=-797.44350405092598 2077.5941406249999 692.36904296875002 5211.2257812500002 217.10715738932291 2329.4419921875001 -171.83152618408204 1363.6846679687501 -323.78711751302086 3625.2976562500003 -490.53125406901046 6172.1355468749998 1005.4874023437501 211.51320800781252 2815.1121093750003 1524.0304199218751 135.43672790527344 -555.0193004261364 3035.9987304687502 -55.379813363817007 625.8955078125 6798.2257812499993 1896.221484375 600.80239257812502 -127.40109863281251 -690.96700180516109 -638.1334106445313 1116.14873046875 -412.24500732421876 969.47109375000002 1392.8282226562501
leaf_weight=324 11.999999999999998 11.999999999999998 11.999999999999998 36 11.999999999999998 48 11.999999999999998 72 24 144 12 24 11.999999999999998 24 24 48 132 24 72 24 12 24 36 48 264 144 24 48 11.999999999999998 11.999999999999998
leaf_count=324 12 12 12 36 12 48 12 72 24 144 12 24 12 24 24 48 132 24 72 24 12 24 36 48 264 144 24 48 12 12
internal_value=5.34234e-07 2318.9 4142.5 -463.781 1407.11 125.115 2259.59 -611.005 2991.68 -439.416 6060.53 663.364 895.612 2569.27 1194.55 -144.01 -713.958 2800.48 -189.583 380.622 6485.18 1718.71 596.678 4.01781 -645.651 -564.332 974.889 -292.038 692.97 1134.6
internal_weight=1728 288 96 1440 192 288 72 1152 60 432 36 96 120 36 60 192 720 36 144 60 24 36 60 96 396 288 36 96 48 36
internal_count=1728 288 96 1440 192 288 72 1152 60 432 36 96 120 36 60 192 720 36 144 60 24 36 60 96 396 288 36 96 48 36
is_linear=0
shrinkage=0.05


Tree=10
num_leaves=31
num_cat=0
split_feature=0 6 0 0 0 6 6 1 0 0 0 6 6 1 0 0 0 0 6 0 3 0 0 0 1 0 3 0 0 6
split_gain=6.70882e+11 1.72873e+11 7.64962e+10 4.51671e+10 3.0223e+10 1.58591e+10 7.60414e+09 6.23692e+09 5.7972e+09 5.59942e+09 4.68711e+09 3.92172e+09 3.87113e+09 2.10323e+09 1.59728e+09 1.57088e+09 1.56761e+09 1.44176e+09 8.5894e+08 8.49047e+08 8.30508e+08 8.03327e+08 7.86602e+08 7.69914e+08 5.70315e+08 5.18654e+08 5.04975e+08 4.41593e+08 4.39103e+08 4.30897e+08
threshold=388286.60400000011 0.15000000000000005 840329.43250000023 121294.55000000002 840329.43250000023 0.15000000000000005 0.25000000000000006 8505.381000000003 619852.88050000009 208019.18150000004 1048200.1775000001 0.15000000000000005 0.25000000000000006 19012.117000000002 74959.462500000009 507657.76500000007 619852.88050000009 1048200.1775000001 0.25000000000000006 1182183.7235000001 110.15800000000002 507657.76500000007 12036.576500000001 303117.76850000006 13134.513000000001 507657.76500000007 81.107000000000014 684755.53550000011 1182183.7235000001 0.15000000000000005
decision_type=2 2 2 2 2 2 2 2 2 2 2 2 2 2 2 2 2 2 2 2 2 2 2 2 2 2 2 2 2 2
left_child=3 2 8 7 12 9 17 22 15 -5 -4 14 16 -7 -9 -2 25 -6 26 -12 -8 -14 -1 -11 -13 -3 -15 -23 -19 -24
right_child=1 4 10 5 6 13 20 11 -10 23 19 24 21 18 -16 -17 -18 28 -20 -21 -22 27 29 -25 -26 -27 -28 -29 -30 -31
leaf_value=-798.89524088541668 1973.7144531250001 657.75063476562502 4950.6644531250004 251.8136865234375 2212.9697265625 -388.88763427734375 1972.4035156250002 -404.22817382812502 3444.0328125000001 860.73126627604165 5863.5289062499996 -610.36183712121215 200.93754882812502 360.2904052734375 -106.33948447969225 2674.3564453125 1447.82890625 2670.3298828124998 -180.03011271158857 6458.3140624999996 1462.9588378906251 570.76227213541677 -593.52067057291674 1323.18681640625 -478.89981933593754 1060.34130859375 4.982498474121094 920.99746093750002 3098.0677734374999 -709.56172526041667
leaf_weight=180 11.999999999999998 11.999999999999998 11.999999999999998 60 11.999999999999998 72 11.999999999999998 120 24 36 12 264 11.999999999999998 11.999999999999998 72 24 24 12 72 12 24 36 120 11.999999999999998 120 24 60 11.999999999999998 12 240
leaf_count=180 12 12 12 60 12 72 12 120 24 36 12 264 12 12 72 24 24 12 72 12 24 36 120 12 120 24 60 12 12 240
internal_value=1.66407e-06 2202.96 3935.38 -440.592 1336.75 79.1165 2146.61 -591.475 2842.1 573.828 5757.5 -477.027 850.831 -168.239 -292.52 2440.81 1134.82 2660.46 -57.9148 6160.92 1632.77 566.844 -713.553 976.345 -569.28 926.144 64.2005 658.321 2884.2 -670.881
internal_weight=1728 288 96 1440 192 324 72 1116 60 108 36 576 120 216 192 36 60 36 144 24 36 60 540 48 384 36 72 48 24 360
internal_count=1728 288 96 1440 192 324 72 1116 60 108 36 576 120 216 192 36 60 36 144 24 36 60 540 48 384 36 72 48 24 360
is_linear=0
shrinkage=0.05


Tree=11
num_leaves=31
num_cat=0
split_feature=0 6 0 0 0 6 6 0 0 0 0 6 6 0 0 0 0 1 0 0 0 0 0 6 6 6 0 0 6 0
split_gain=6.05471e+11 1.56018e+11 6.90378e+10 4.07633e+10 2.72762e+10 1.43128e+10 6.86274e+09 5.66833e+09 5.23197e+09 5.05348e+09 4.23012e+09 3.4937e+09 3.4825e+09 1.92546e+09 1.41772e+09 1.41477e+09 1.30118e+09 1.03779e+09 9.80469e+08 7.78305e+08 7.66265e+08 7.38053e+08 7.18978e+08 7.11855e+08 4.98313e+08 4.77554e+08 4.68085e+08 4.23324e+08 4.05458e+08 3.96291e+08
threshold=388286.60400000011 0.15000000000000005 840329.43250000023 121294.55000000002 840329.43250000023 0.15000000000000005 0.25000000000000006 41777.992500000008 619852.88050000009 208019.18150000004 1048200.1775000001 0.25000000000000006 0.15000000000000005 164842.97150000001 507657.76500000007 619852.88050000009 1048200.1775000001 5600.7615000000014 74959.462500000009 1048200.1775000001 1182183.7235000001 619852.88050000009 256199.82050000003 0.25000000000000006 0.25000000000000006 0.15000000000000005 507657.76500000007 164842.97150000001 0.25000000000000006 1182183.7235000001
decision_type=2 2 2 2 2 2 2 2 2 2 2 2 2 2 2 2 2 2 2 2 2 2 2 2 2 2 2 2 2 2
left_child=3 2 8 7 11 9 16 17 14 27 -4 15 18 28 -2 26 -6 -1 -9 -8 -12 -13 -11 -15 -14 -19 -3 -5 -7 -18
right_child=1 4 10 5 6 13 19 12 -10 22 20 21 24 23 -16 -17 29 25 -20 -21 -22 -23 -24 -25 -26 -27 -28 -29 -30 -31
leaf_value=-728.40919799804692 1875.0287109375001 624.86308593750005 4703.1312500000004 172.81797180175784 2102.3212890625 -223.97445678710938 1222.3525390625 -352.46769670758931 3271.8312500000002 734.01625976562502 5570.3523437499998 395.31879882812501 -462.56025140224358 95.47527130126953 2540.638671875 1375.4374023437501 2536.8132812499998 -519.62766764322919 -101.02250643836129 1715.5263183593752 6135.3984375 753.2772216796875 1121.039501953125 -148.08423278808593 -588.93892728365381 -641.78970133463554 1007.32421875 504.84311523437503 -429.4864379882813 2943.1644531249999
leaf_weight=288 11.999999999999998 11.999999999999998 11.999999999999998 48 11.999999999999998 48 11.999999999999998 84 24 24 12 36 156 60 24 24 12 120 72 24 12 24 24 60 156 240 24 11.999999999999998 48 12
leaf_count=288 12 12 12 48 12 48 12 84 24 24 12 36 156 60 24 24 12 120 72 24 12 24 24 60 156 240 24 12 48 12
internal_value=2.77007e-06 2092.81 3738.61 -418.562 1269.91 75.1607 2039.28 -561.901 2699.99 545.136 5469.63 808.29 -429.305 -159.827 2318.77 1078.08 2527.43 -657.665 -236.416 1551.14 5852.88 538.502 927.528 -26.3045 -525.75 -601.069 879.837 239.223 -326.73 2739.99
internal_weight=1728 288 96 1440 192 324 72 1116 60 108 36 120 468 216 36 60 36 648 156 36 24 60 48 120 312 360 36 60 96 24
internal_count=1728 288 96 1440 192 324 72 1116 60 108 36 120 468 216 36 60 36 648 156 36 24 60 48 120 312 360 36 60 96 24
is_linear=0
shrinkage=0.05


Tree=12
num_leaves=31
num_cat=0
split_feature=0 6 0 0 0 6 6 1 0 0 0 6 6 0 0 0 0 0 6 0 0 0 0 6 1 6 0 0 4 0
split_gain=5.46438e+11 1.40806e+11 6.23066e+10 3.68281e+10 2.46168e+10 1.2285e+10 6.19362e+09 6.13158e+09 4.72185e+09 3.82813e+09 3.81768e+09 3.19352e+09 3.15306e+09 1.77869e+09 1.4111e+09 1.27949e+09 1.27683e+09 1.17432e+09 1.14214e+09 7.11831e+08 7.08811e+08 6.95447e+08 6.91554e+08 6.41639e+08 4.74672e+08 4.43065e+08 4.22447e+08 4.207e+08 3.70466e+08 3.59496e+08
threshold=388286.60400000011 0.15000000000000005 840329.43250000023 137286.37700000001 840329.43250000023 0.15000000000000005 0.25000000000000006 11991.799500000003 619852.88050000009 240407.42100000003 1048200.1775000001 0.15000000000000005 0.25000000000000006 31159.647000000004 256199.82050000003 507657.76500000007 619852.88050000009 1048200.1775000001 0.15000000000000005 1182183.7235000001 164842.97150000001 507657.76500000007 1182183.7235000001 0.25000000000000006 14745.336000000001 0.25000000000000006 507657.76500000007 7391.9660000000013 60.407000000000004 303117.76850000006
decision_type=2 2 2 2 2 2 2 2 2 2 2 2 2 2 2 2 2 2 2 2 2 2 2 2 2 2 2 2 2 2
left_child=3 2 8 7 12 9 17 13 15 20 -4 24 16 27 23 -2 26 -6 -15 -8 -5 -14 -12 -7 -9 -13 -3 -1 -23 -11
right_child=1 4 10 5 6 14 19 11 -10 29 22 25 21 18 -16 -17 -18 -19 -20 -21 -22 28 -24 -25 -26 -27 -28 -29 -30 -31
leaf_value=-736.16500651041679 1781.27734375 593.61992187500005 4467.974609375 185.02021484375001 1997.2052734375002 -95.543985239664721 1316.3639160156251 -211.41762288411462 3108.2396484375004 865.80009765625005 5291.8347656249998 -379.04657931857639 171.12473144531251 -399.59294433593755 111.95006942749023 2413.6066406250002 1306.6656250000001 2602.9894531250002 -579.72354255445077 1788.0070312500002 535.81562500000007 837.28378906250009 5828.6285156249996 -306.63233439127606 -0.46613998413085939 -522.2675862630208 956.9580078125 -631.49534505208339 516.49223632812505 1200.9754882812501
leaf_weight=144 11.999999999999998 11.999999999999998 11.999999999999998 36 11.999999999999998 72 24 60 24 24 12 108 11.999999999999998 132 48 24 24 24 264 11.999999999999998 24 11.999999999999998 12 72 48 108 24 288 36 11.999999999999998
leaf_count=144 12 12 12 36 12 72 24 60 24 24 12 108 12 132 48 24 24 24 264 12 24 12 12 72 48 108 24 288 36 12
internal_value=2.51841e-06 1988.17 3551.68 -397.634 1206.42 108.084 1937.32 -524.063 2564.99 569.908 5196.15 -339.659 767.875 -596.222 -122.829 2202.83 1024.17 2401.06 -519.68 1473.58 325.338 511.577 5560.23 -201.088 -117.661 -450.657 835.845 -666.385 596.69 977.525
internal_weight=1728 288 96 1440 192 288 72 1152 60 96 36 324 120 828 192 36 60 36 396 36 60 60 24 144 108 216 36 432 48 36
internal_count=1728 288 96 1440 192 288 72 1152 60 96 36 324 120 828 192 36 60 36 396 36 60 60 24 144 108 216 36 432 48 36
is_linear=0
shrinkage=0.05


Tree=13
num_leaves=31
num_cat=0
split_feature=0 6 0 0 0 6 6 1 0 0 0 6 6 1 0 0 0 0 0 0 0 0 0 0 1 6 0 0 4 6
split_gain=4.9316e+11 1.27078e+11 5.62317e+10 3.3267e+10 2.22167e+10 1.16651e+10 5.58974e+09 4.65677e+09 4.26147e+09 4.11932e+09 3.44545e+09 3.01594e+09 2.84564e+09 1.64301e+09 1.15474e+09 1.15234e+09 1.06638e+09 9.94956e+08 6.80904e+08 6.71677e+08 6.6751e+08 6.27641e+08 6.24127e+08 5.9151e+08 4.61264e+08 3.81979e+08 3.81258e+08 3.51095e+08 3.35459e+08 3.35328e+08
threshold=388286.60400000011 0.15000000000000005 840329.43250000023 121294.55000000002 840329.43250000023 0.15000000000000005 0.25000000000000006 9241.5975000000017 619852.88050000009 208019.18150000004 1048200.1775000001 0.15000000000000005 0.25000000000000006 19012.117000000002 507657.76500000007 619852.88050000009 1182183.7235000001 74959.462500000009 12036.576500000001 256199.82050000003 1048200.1775000001 507657.76500000007 1182183.7235000001 256199.82050000003 15858.327500000001 0.25000000000000006 507657.76500000007 1048200.1775000001 43.561500000000002 0.15000000000000005
decision_type=2 2 2 2 2 2 2 2 2 2 2 2 2 2 2 2 2 2 2 2 2 2 2 2 2 2 2 2 2 2
left_child=3 2 8 7 12 9 16 18 14 28 -4 17 15 -7 -2 26 27 -9 -1 25 -8 -14 -12 -11 -13 -15 -3 -6 -5 -20
right_child=1 4 10 5 6 13 20 11 -10 23 22 24 21 19 -16 -17 -18 -19 29 -21 -22 -23 -24 -25 -26 -27 -28 -29 -30 -31
leaf_value=-686.76845377604172 1692.2134765625001 563.93891601562507 4244.576171875 452.81020507812502 1897.3449218749997 -338.89284261067712 1095.41669921875 -330.62948133680561 2952.8277343750001 662.27504882812502 5027.2429687499998 -513.60931260850691 162.56849365234376 -22.984541320800783 2292.9263671875001 1241.33232421875 2665.8566406250002 -90.674285676744262 -504.4153179746686 106.35256576538086 1552.1407714843751 566.85561523437502 5537.1968749999996 1013.318115234375 -372.1168131510417 -222.45760803222657 909.11015625000005 2279.8232421874995 157.24463500976563 -602.0183763908617
leaf_weight=180 11.999999999999998 11.999999999999998 11.999999999999998 11.999999999999998 12 72 11.999999999999998 108 24 24 12 288 11.999999999999998 48 24 24 11.999999999999998 72 132 48 24 48 12 24 72 48 24 12 48 264
leaf_count=180 12 12 12 12 12 72 12 108 24 24 12 288 12 48 24 24 12 72 132 48 24 48 12 24 72 48 24 12 48 264
internal_value=1.69719e-06 1888.76 3374.09 -377.752 1146.1 68.2689 1840.45 -507.242 2436.74 492.553 4936.34 -401.756 729.481 -143.873 2092.69 972.965 2281.01 -234.647 -606.135 -46.3632 1399.9 485.998 5282.22 837.797 -485.311 -122.721 794.053 2088.58 216.358 -569.484
internal_weight=1728 288 96 1440 192 324 72 1116 60 108 36 540 120 216 36 60 36 180 576 144 36 60 24 48 360 96 36 24 60 396
internal_count=1728 288 96 1440 192 324 72 1116 60 108 36 540 120 216 36 60 36 180 576 144 36 60 24 48 360 96 36 24 60 396
is_linear=0
shrinkage=0.05


Tree=14
num_leaves=31
num_cat=0
split_feature=0 6 0 0 0 6 6 1 0 0 0 6 6 0 0 0 0 0 6 0 0 0 0 6 6 1 0 0 0 0
split_gain=4.45077e+11 1.14687e+11 5.07491e+10 3.00242e+10 2.00505e+10 1.00129e+10 5.04474e+09 5.03995e+09 3.84598e+09 3.1396e+09 3.10952e+09 2.58884e+09 2.56819e+09 1.46646e+09 1.14783e+09 1.04215e+09 1.03999e+09 9.62408e+08 9.4129e+08 6.10103e+08 5.88153e+08 5.6517e+08 5.63275e+08 5.41315e+08 3.99866e+08 3.95291e+08 3.44086e+08 3.41508e+08 3.16863e+08 3.06807e+08
threshold=388286.60400000011 0.15000000000000005 840329.43250000023 137286.37700000001 840329.43250000023 0.15000000000000005 0.25000000000000006 11991.799500000003 619852.88050000009 240407.42100000003 1048200.1775000001 0.15000000000000005 0.25000000000000006 31159.647000000004 256199.82050000003 507657.76500000007 619852.88050000009 1182183.7235000001 0.15000000000000005 1182183.7235000001 619852.88050000009 164842.97150000001 1182183.7235000001 0.25000000000000006 0.25000000000000006 14745.336000000001 507657.76500000007 7391.9660000000013 1048200.1775000001 303117.76850000006
decision_type=2 2 2 2 2 2 2 2 2 2 2 2 2 2 2 2 2 2 2 2 2 2 2 2 2 2 2 2 2 2
left_child=3 2 8 7 12 9 17 13 15 21 -4 25 16 27 23 -2 26 28 -15 -8 -14 -5 -12 -7 -13 -9 -3 -1 -6 -11
right_child=1 4 10 5 6 14 19 11 -10 29 22 24 20 18 -16 -17 -18 -19 -20 -21 -22 -23 -24 -25 -26 -27 -28 -29 -30 -31
leaf_value=-665.01832682291672 1607.60283203125 535.74199218750005 4032.3472656250001 167.90696614583334 1802.4777343749997 -84.3524164835612 1184.3567871093751 -191.51392415364583 2805.1863281250003 780.6202392578125 4775.8808593749991 -337.74263916015627 333.87970784505211 -359.92208362926135 101.03493728637696 2178.2800781250003 1179.2657226562501 2532.5638671875004 -523.44947028882586 1620.9997070312502 653.42617187500002 481.147705078125 5260.3371093749993 -278.23725179036461 -473.80259331597227 0.99189510345458987 863.65468750000002 -570.71335042317708 2165.8320312499995 1090.2608398437501
leaf_weight=144 11.999999999999998 11.999999999999998 11.999999999999998 36 12 72 24 60 24 24 12 108 36 132 48 24 24 11.999999999999998 264 11.999999999999998 24 24 12 72 108 48 24 288 12 11.999999999999998
leaf_count=144 12 12 12 36 12 72 24 60 24 24 12 108 36 132 48 24 24 12 264 12 24 24 12 72 108 48 24 288 12 12
internal_value=4.91849e-06 1794.32 3205.39 -358.865 1088.79 97.755 1748.43 -473.02 2314.91 514.69 4689.52 -305.834 693.007 -538.44 -110.712 1988.05 924.317 2166.96 -468.94 1329.9 461.698 293.203 5018.11 -181.295 -405.773 -105.956 754.35 -602.148 1984.15 883.834
internal_weight=1728 288 96 1440 192 288 72 1152 60 96 36 324 120 828 192 36 60 36 396 36 60 60 24 144 216 108 36 432 24 36
internal_count=1728 288 96 1440 192 288 72 1152 60 96 36 324 120 828 192 36 60 36 396 36 60 60 24 144 216 108 36 432 24 36
is_linear=0
shrinkage=0.05


Tree=15
num_leaves=31
num_cat=0
split_feature=0 6 0 0 0 6 6 0 0 0 0 6 6 1 0 0 0 1 0 0 6 0 0 0 3 6 6 4 0 0
split_gain=4.01682e+11 1.03505e+11 4.58011e+10 2.715e+10 1.80956e+10 9.50707e+09 4.55288e+09 3.85641e+09 3.471e+09 3.36328e+09 2.80635e+09 2.33512e+09 2.31779e+09 1.39405e+09 9.40542e+08 9.38587e+08 8.68573e+08 6.94529e+08 6.52791e+08 6.31082e+08 5.76057e+08 5.72496e+08 5.43127e+08 5.08356e+08 3.93027e+08 3.87653e+08 3.17339e+08 3.11382e+08 3.10537e+08 2.85969e+08
threshold=388286.60400000011 0.15000000000000005 840329.43250000023 121294.55000000002 840329.43250000023 0.15000000000000005 0.25000000000000006 41777.992500000008 619852.88050000009 240407.42100000003 1048200.1775000001 0.15000000000000005 0.25000000000000006 19012.117000000002 507657.76500000007 619852.88050000009 1182183.7235000001 5600.7615000000014 55159.639500000012 164842.97150000001 0.25000000000000006 1048200.1775000001 507657.76500000007 1182183.7235000001 81.107000000000014 0.25000000000000006 0.15000000000000005 60.407000000000004 507657.76500000007 1048200.1775000001
decision_type=2 2 2 2 2 2 2 2 2 2 2 2 2 2 2 2 2 2 2 2 2 2 2 2 2 2 2 2 2 2
left_child=3 2 8 7 12 9 16 17 14 19 -4 18 15 -7 -2 28 29 -1 -9 -5 24 -8 -14 -12 -15 -13 -19 -24 -3 -6
right_child=1 4 10 5 6 13 21 11 -10 -11 23 25 22 20 -16 -17 -18 26 -20 -21 -22 -23 27 -25 -26 -27 -28 -29 -30 -31
leaf_value=-594.76462402343748 1527.22265625 508.95488281250005 3830.7296875000002 143.07349395751953 1712.3539062499997 -309.14215698242191 981.42802734375005 -344.00557861328127 2664.9269531250002 839.64212239583344 4537.0867187499998 -371.7744181315104 137.74609375 321.53522949218751 2069.3660156250003 1120.30244140625 2405.9357421875002 -424.20267740885424 -122.39683204933449 457.09033203125 -139.69076538085938 1404.3998046875001 734.40546875000007 4997.3203125 8.0759722900390631 -483.24090670072121 -523.78609293619797 440.30510253906255 820.47189941406259 2057.5404296874999
leaf_weight=288 11.999999999999998 11.999999999999998 11.999999999999998 48 12 72 11.999999999999998 48 24 36 12 156 11.999999999999998 11.999999999999998 24 24 11.999999999999998 120 108 24 72 24 11.999999999999998 12 60 156 240 36 24 12
leaf_count=288 12 12 12 48 12 72 12 48 24 36 12 156 12 12 24 24 12 120 108 24 72 24 12 12 60 156 240 36 24 12
internal_value=-4.23149e-06 1704.61 3045.12 -340.921 1034.35 62.0118 1661.01 -457.902 2199.16 445.045 4455.05 -348.533 658.357 -129.505 1888.65 878.101 2058.61 -536.891 -190.584 247.746 -39.6858 1263.41 438.613 4767.2 60.3192 -427.508 -490.592 513.83 716.633 1884.95
internal_weight=1728 288 96 1440 192 324 72 1116 60 108 36 468 120 216 36 60 36 648 156 72 144 36 60 24 72 312 360 48 36 24
internal_count=1728 288 96 1440 192 324 72 1116 60 108 36 468 120 216 36 60 36 648 156 72 144 36 60 24 72 312 360 48 36 24
is_linear=0
shrinkage=0.05


Tree=16
num_leaves=31
num_cat=0
split_feature=0 6 0 0 0 6 6 0 0 0 0 6 6 1 0 0 0 0 0 0 0 1 0 0 6 6 0 0 0 3
split_gain=3.62518e+11 9.34137e+10 4.13355e+10 2.45029e+10 1.63313e+10 8.58013e+09 4.10897e+09 3.50077e+09 3.13257e+09 3.0435e+09 2.53273e+09 2.30804e+09 2.0918e+09 1.28395e+09 1.04585e+09 8.59649e+08 8.4884e+08 7.83887e+08 5.22903e+08 4.90172e+08 4.81249e+08 4.62707e+08 4.58791e+08 4.19625e+08 3.99996e+08 3.74112e+08 3.28318e+08 2.81022e+08 2.58087e+08 2.39609e+08
threshold=388286.60400000011 0.15000000000000005 840329.43250000023 121294.55000000002 840329.43250000023 0.15000000000000005 0.25000000000000006 33295.90400000001 619852.88050000009 208019.18150000004 1048200.1775000001 0.15000000000000005 0.25000000000000006 25946.188500000004 55159.639500000012 684755.53550000011 507657.76500000007 1182183.7235000001 1182183.7235000001 507657.76500000007 303117.76850000006 13134.513000000001 1182183.7235000001 507657.76500000007 0.25000000000000006 0.25000000000000006 7391.9660000000013 684755.53550000011 1048200.1775000001 83.933000000000007
decision_type=2 2 2 2 2 2 2 2 2 2 2 2 2 2 2 2 2 2 2 2 2 2 2 2 2 2 2 2 2 2
left_child=3 2 8 7 12 9 17 26 16 -5 -4 14 15 24 -9 23 -2 28 -8 -14 -11 -13 -12 -3 -7 29 -1 -21 -6 -15
right_child=1 4 10 5 6 13 18 11 -10 20 22 21 19 25 -16 -17 -18 -19 -20 27 -22 -23 -24 -25 -26 -27 -28 -29 -30 -31
leaf_value=-602.02921549479174 1450.8615234375002 483.50712890625005 3639.193359375 185.38741333007815 1626.7361328124998 -140.7766394042969 1065.4932617187501 -336.31983506944448 2531.6806640625 628.1426920572917 4310.2324218749991 -458.56538242437904 130.85878906249999 305.45847167968753 -116.27699299565069 1212.7123046875001 1965.8978515625001 2285.6388671875002 1469.72978515625 418.28984375000005 993.76572265625009 -343.0347888183594 4747.4542968749993 824.91962890625007 -323.34994628906253 -85.441046142578131 -511.29178240740742 697.68520507812502 1954.6634765624997 47.470108032226562
leaf_weight=144 11.999999999999998 11.999999999999998 11.999999999999998 60 12 60 24 108 24 36 12 312 11.999999999999998 11.999999999999998 108 11.999999999999998 24 11.999999999999998 11.999999999999998 36 11.999999999999998 120 12 36 60 48 324 11.999999999999998 12 36
leaf_count=144 12 12 12 60 12 60 24 108 24 36 12 312 12 12 108 12 24 12 12 36 12 120 12 36 60 48 324 12 12 36
internal_value=-1.2698e-06 1619.38 2892.86 -323.875 982.634 58.9112 1577.96 -435.007 2089.2 422.792 4232.29 -359.749 625.439 -123.029 -226.298 834.196 1794.22 1955.68 1200.24 416.683 719.548 -426.474 4528.84 739.567 -232.063 13.2631 -539.211 488.139 1790.7 111.967
internal_weight=1728 288 96 1440 192 324 72 1116 60 108 36 648 120 216 216 60 36 36 36 60 48 432 24 48 120 96 468 48 24 48
internal_count=1728 288 96 1440 192 324 72 1116 60 108 36 648 120 216 216 60 36 36 36 60 48 432 24 48 120 96 468 48 24 48
is_linear=0
shrinkage=0.05


Tree=17
num_leaves=31
num_cat=0
split_feature=0 6 0 0 0 6 1 6 0 0 0 6 6 0 0 0 0 0 6 0 0 0 0 6 6 1 1 0 0 0
split_gain=3.27172e+11 8.43058e+10 3.73053e+10 2.21475e+10 1.4739e+10 7.36978e+09 3.7936e+09 3.70835e+09 2.82715e+09 2.32941e+09 2.28579e+09 1.90049e+09 1.88785e+09 1.07233e+09 9.02168e+08 7.8047e+08 7.66078e+08 7.07458e+08 7.01457e+08 4.91016e+08 4.49646e+08 4.22424e+08 4.14059e+08 3.69295e+08 3.28322e+08 3.15137e+08 2.96645e+08 2.61034e+08 2.4886e+08 2.43547e+08
threshold=388286.60400000011 0.15000000000000005 840329.43250000023 137286.37700000001 840329.43250000023 0.15000000000000005 11991.799500000003 0.25000000000000006 619852.88050000009 240407.42100000003 1048200.1775000001 0.15000000000000005 0.25000000000000006 31159.647000000004 240407.42100000003 619852.88050000009 507657.76500000007 1182183.7235000001 0.15000000000000005 1048200.1775000001 619852.88050000009 164842.97150000001 1182183.7235000001 0.25000000000000006 0.25000000000000006 13436.337500000001 19012.117000000002 7391.9660000000013 507657.76500000007 303117.76850000006
decision_type=2 2 2 2 2 2 2 2 2 2 2 2 2 2 2 2 2 2 2 2 2 2 2 2 2 2 2 2 2 2
left_child=3 2 8 6 12 9 13 17 16 21 -4 25 15 27 26 28 -2 -6 -15 -9 -14 -5 -12 -16 -13 -8 -7 -1 -3 -11
right_child=1 4 10 5 7 14 11 19 -10 29 22 24 20 18 23 -17 -18 -19 -20 -21 -22 -23 -24 -25 -26 -27 -28 -29 -30 -31
leaf_value=-571.92775065104172 1378.3184570312501 459.331787109375 3457.2335937500002 143.08858235677084 1701.164794921875 -274.58944702148438 -184.91250305175782 879.08193359375002 2405.0964843750003 668.20000000000005 4094.7207031249995 -284.6611504448785 284.08913574218752 -308.94220081676139 158.80570475260419 1013.346484375 1867.6029296875001 2171.3570312500001 -450.10790534741955 1270.7992187500001 563.48771972656255 413.89754638671877 4510.0816406249996 -67.669319661458346 -407.94975585937505 -13.028571351369223 -114.11995964050294 -489.47919108072921 738.20234375000007 944.07744140625005
leaf_weight=144 11.999999999999998 11.999999999999998 11.999999999999998 36 24 48 48 11.999999999999998 24 24 12 108 36 132 36 24 24 11.999999999999998 264 24 24 24 12 36 108 60 72 288 24 11.999999999999998
leaf_count=144 12 12 12 36 24 48 48 12 24 24 12 108 36 132 36 24 24 12 264 24 24 24 12 36 108 60 72 288 24 12
internal_value=-2.43474e-06 1538.41 2748.22 -307.682 933.502 84.4946 -405.726 1499.06 1984.74 442.192 4020.68 -260.677 594.167 -462.484 -94.3543 792.486 1704.51 1857.9 -403.053 1140.23 395.849 251.412 4302.4 45.5682 -346.305 -89.4214 -178.308 -516.962 645.245 760.159
internal_weight=1728 288 96 1440 192 288 1152 72 60 96 36 324 120 828 192 60 36 36 396 36 60 60 24 72 216 108 120 432 36 36
internal_count=1728 288 96 1440 192 288 1152 72 60 96 36 324 120 828 192 60 36 36 396 36 60 60 24 72 216 108 120 432 36 36
is_linear=0
shrinkage=0.05


Tree=18
num_leaves=31
num_cat=0
split_feature=0 6 0 0 0 6 0 6 6 0 0 6 0 0 0 6 0 6 0 0 0 0 6 0 6 0 0 0 2 0
split_gain=2.95307e+11 7.43806e+10 2.85032e+10 2.63685e+10 1.0189e+10 8.73934e+09 6.11651e+09 3.34678e+09 2.76292e+09 2.22136e+09 2.06292e+09 1.45599e+09 1.25151e+09 1.22801e+09 9.59525e+08 8.06201e+08 6.68286e+08 4.65727e+08 4.6457e+08 4.48158e+08 4.19059e+08 4.08432e+08 3.82068e+08 3.73689e+08 2.88181e+08 2.80149e+08 2.6551e+08 2.36137e+08 2.25223e+08 2.03118e+08
threshold=507657.76500000007 0.15000000000000005 164842.97150000001 840329.43250000023 840329.43250000023 0.15000000000000005 74959.462500000009 0.25000000000000006 0.15000000000000005 303117.76850000006 1048200.1775000001 0.25000000000000006 619852.88050000009 33295.90400000001 303117.76850000006 0.15000000000000005 1048200.1775000001 0.25000000000000006 684755.53550000011 1182183.7235000001 100590.71350000003 388286.60400000011 0.25000000000000006 1182183.7235000001 0.25000000000000006 240407.42100000003 7391.9660000000013 684755.53550000011 90.431000000000012 1182183.7235000001
decision_type=2 2 2 2 2 2 2 2 2 2 2 2 2 2 2 2 2 2 2 2 2 2 2 2 2 2 2 2 2 2
left_child=2 3 6 12 11 9 13 16 20 25 -5 18 -2 26 24 -15 -6 -10 -3 -9 -8 -11 -16 -12 -7 -4 -1 -13 -19 -18
right_child=1 4 5 10 7 14 8 19 17 21 23 27 -14 15 22 -17 29 28 -20 -21 -22 -23 -24 -25 -26 -27 -28 -29 -30 -31
leaf_value=-543.33136393229177 1774.22265625 742.17776692708333 393.20267333984378 3284.3718750000003 1460.34111328125 31.076306223869324 -84.414235342343659 958.47153320312509 -215.16511169433593 896.87353515624989 3889.9847656249995 378.51425781250003 2284.841796875 -273.33979593912761 359.30522460937505 -418.23570726182726 1771.8720703124998 -388.71758728027345 1101.409375 1332.7033203125002 102.45901977539063 1309.4025390625 77.174945068359378 4284.5777343749996 -142.18311767578126 634.78999023437507 -461.73337402343753 634.62656250000009 -217.4693603515625 2062.7890624999995
leaf_weight=144 24 36 24 11.999999999999998 11.999999999999998 48 60 24 120 12 12 36 24 144 24 288 12 96 11.999999999999998 11.999999999999998 60 12 24 12 48 24 324 11.999999999999998 24 12
leaf_count=144 24 36 24 12 12 48 60 24 120 12 12 36 24 144 24 288 12 96 12 12 60 12 24 12 48 24 324 12 24 12
internal_value=-1.28056e-06 1581.9 -270.08 2796.72 974.483 260.6 -361.054 1424.11 -186.87 710.377 3819.64 637.264 2029.53 -430.727 35.7111 -369.937 1765 -284.817 831.986 1083.22 9.02239 1103.14 218.24 4087.28 -55.5534 513.996 -486.84 442.542 -354.468 1917.33
internal_weight=1728 252 1476 84 168 216 1260 72 360 72 36 96 48 900 144 432 36 240 48 36 120 24 48 24 96 48 468 48 120 24
internal_count=1728 252 1476 84 168 216 1260 72 360 72 36 96 48 900 144 432 36 240 48 36 120 24 48 24 96 48 468 48 120 24
is_linear=0
shrinkage=0.05


Tree=19
num_leaves=31
num_cat=0
split_feature=0 6 0 1 0 6 0 6 0 0 0 6 0 6 0 0 0 0 0 0 0 6 6 0 0 6 0 0 3 0
split_gain=2.66572e+11 6.86388e+10 3.03854e+10 1.81312e+10 1.19888e+10 6.54263e+09 3.52187e+09 3.02047e+09 2.30273e+09 1.86179e+09 1.64547e+09 1.54146e+09 1.44574e+09 1.18215e+09 6.54786e+08 6.23975e+08 6.03128e+08 6.00369e+08 4.2114e+08 4.05777e+08 3.79001e+08 3.73646e+08 3.44448e+08 3.37254e+08 2.95845e+08 2.80364e+08 2.39622e+08 2.13113e+08 2.11627e+08 1.83315e+08
threshold=388286.60400000011 0.15000000000000005 840329.43250000023 14745.336000000001 840329.43250000023 0.15000000000000005 164842.97150000001 0.25000000000000006 619852.88050000009 1048200.1775000001 33295.90400000001 0.25000000000000006 164842.97150000001 0.15000000000000005 684755.53550000011 507657.76500000007 1048200.1775000001 256199.82050000003 1048200.1775000001 55159.639500000012 507657.76500000007 0.25000000000000006 0.25000000000000006 1182183.7235000001 507657.76500000007 0.25000000000000006 7391.9660000000013 684755.53550000011 81.107000000000014 1182183.7235000001
decision_type=2 2 2 2 2 2 2 2 2 2 2 2 2 2 2 2 2 2 2 2 2 2 2 2 2 2 2 2 2 2
left_child=3 2 8 10 11 6 -5 16 15 -4 26 14 22 19 24 -2 -6 -8 -9 -12 -13 28 -7 -11 -3 -15 -1 -22 -14 -18
right_child=1 4 9 5 7 12 17 18 -10 23 13 20 21 25 -16 -17 29 -19 -20 -21 27 -23 -24 -25 -26 -27 -28 -29 -30 -31
leaf_value=-516.16476236979167 1243.932421875 418.39995117187505 3120.1533203125 59.483151899065291 1387.3240234375 -167.390869140625 431.90406901041672 787.20429687500007 2170.599609375 3695.4855468749993 -291.07879503038197 106.25263671875001 264.28000488281253 -342.59208930121531 1046.3388671875 1685.5115234375 1683.2783203124998 754.75185546875002 1149.979931640625 -137.83896857367623 359.58854166666669 -99.983218994140628 -310.57912946428576 4070.3488281249993 705.06889648437505 -430.84111816406249 -438.64670410156253 602.895263671875 29.522491359710695 1959.6496093749997
leaf_weight=144 11.999999999999998 11.999999999999998 11.999999999999998 84 11.999999999999998 84 36 11.999999999999998 24 12 108 11.999999999999998 11.999999999999998 180 11.999999999999998 24 12 24 24 72 36 60 84 12 36 180 324 11.999999999999998 48 12
leaf_count=144 12 12 12 84 12 84 36 12 24 12 108 12 12 180 12 24 12 24 24 72 36 60 84 12 36 180 324 12 48 12
internal_value=1.09584e-06 1388.64 2480.27 -277.728 842.83 -6.71495 268.466 1352.9 1791.23 3628.66 -393.877 536.786 -144.306 -334.405 715.989 1538.32 1676.75 561.043 1029.05 -229.783 357.583 -11.7546 -238.985 3882.92 633.402 -386.717 -462.498 420.415 76.474 1821.46
internal_weight=1728 288 96 1440 192 432 144 72 60 36 1008 120 288 540 60 36 36 60 36 180 60 120 168 24 48 360 468 48 60 24
internal_count=1728 288 96 1440 192 432 144 72 60 36 1008 120 288 540 60 36 36 60 36 180 60 120 168 24 48 360 468 48 60 24
is_linear=0
shrinkage=0.05


Tree=20
num_leaves=31
num_cat=0
split_feature=0 6 0 0 0 6 1 6 0 0 0 6 6 0 0 0 0 0 6 0 6 0 0 0 6 1 0 0 6 0
split_gain=2.40581e+11 6.19465e+10 2.74228e+10 1.64288e+10 1.08199e+10 5.43335e+09 2.79426e+09 2.72598e+09 2.07821e+09 1.71248e+09 1.68026e+09 1.39117e+09 1.38981e+09 7.85953e+08 6.98637e+08 5.93606e+08 5.63137e+08 5.44323e+08 5.38843e+08 3.8409e+08 3.46032e+08 3.42081e+08 3.04371e+08 2.89298e+08 2.41294e+08 2.24331e+08 1.87362e+08 1.85718e+08 1.76815e+08 1.71421e+08
threshold=388286.60400000011 0.15000000000000005 840329.43250000023 137286.37700000001 840329.43250000023 0.15000000000000005 11991.799500000003 0.25000000000000006 619852.88050000009 240407.42100000003 1048200.1775000001 0.25000000000000006 0.15000000000000005 22666.579000000002 256199.82050000003 619852.88050000009 507657.76500000007 1048200.1775000001 0.15000000000000005 1182183.7235000001 0.25000000000000006 619852.88050000009 1182183.7235000001 164842.97150000001 0.25000000000000006 13436.337500000001 47382.240000000013 303117.76850000006 0.25000000000000006 507657.76500000007
decision_type=2 2 2 2 2 2 2 2 2 2 2 2 2 2 2 2 2 2 2 2 2 2 2 2 2 2 2 2 2 2
left_child=3 2 8 6 11 9 13 17 16 23 -4 15 25 -1 20 29 -2 -6 26 -9 -7 -13 -12 -5 -14 -8 -15 -11 -20 -3
right_child=1 4 10 5 7 14 12 19 -10 27 22 21 24 18 -16 -17 -18 -19 28 -21 -22 -23 -24 -25 -26 -27 -28 -29 -30 -31
leaf_value=-452.53885904947924 1181.73583984375 397.47993164062501 2964.1457031250002 127.83704223632813 1317.9578125 -57.195202954610195 -157.91558380126955 862.11838378906259 2062.0697265624999 573.38408203125005 3510.7113281249995 242.22412719726563 -244.17725558810764 -308.41046875000006 85.561206817626953 872.80424804687505 1601.2360351562502 1730.3908203125002 -354.5683324569311 1208.569140625 -212.21140747070314 485.9227172851563 3866.8312499999993 351.94733886718751 -349.87020941840279 -12.894830830891928 -178.35410970052084 814.29228515625005 -429.8487229567308 628.92988281250007
leaf_weight=360 11.999999999999998 11.999999999999998 11.999999999999998 36 11.999999999999998 72 48 24 24 24 12 36 108 120 48 24 24 24 156 11.999999999999998 72 24 12 24 108 60 36 11.999999999999998 156 24
leaf_count=360 12 12 12 36 12 72 48 24 24 24 12 36 108 120 48 24 24 24 156 12 72 24 12 24 108 60 36 12 156 24
internal_value=1.74222e-06 1319.21 2356.25 -263.842 800.688 73.928 -348.285 1285.26 1701.67 381.058 3447.23 509.947 -223.799 -396.996 -79.6372 680.19 1461.4 1592.91 -354.272 977.602 -134.703 339.704 3688.77 217.481 -297.024 -77.3485 -278.397 653.687 -392.209 551.78
internal_weight=1728 288 96 1440 192 288 1152 72 60 96 36 120 324 828 192 60 36 36 468 36 144 60 24 60 216 108 156 36 312 36
internal_count=1728 288 96 1440 192 288 1152 72 60 96 36 120 324 828 192 60 36 36 468 36 144 60 24 60 216 108 156 36 312 36
is_linear=0
shrinkage=0.05


Tree=21
num_leaves=31
num_cat=0
split_feature=0 6 0 0 0 6 0 6 6 0 0 6 0 0 0 6 0 0 0 4 0 6 0 0 6 6 0 0 0 0
split_gain=2.17186e+11 5.46412e+10 2.10123e+10 1.93833e+10 7.47026e+09 6.40452e+09 4.53063e+09 2.46019e+09 2.04077e+09 1.65539e+09 1.51644e+09 1.059e+09 9.19977e+08 9.01315e+08 7.10574e+08 5.96905e+08 4.93785e+08 3.61214e+08 3.59658e+08 3.46495e+08 3.24674e+08 2.93394e+08 2.92442e+08 2.74695e+08 2.49268e+08 2.22698e+08 2.12416e+08 2.07706e+08 1.79053e+08 1.62908e+08
threshold=507657.76500000007 0.15000000000000005 164842.97150000001 840329.43250000023 840329.43250000023 0.15000000000000005 74959.462500000009 0.25000000000000006 0.15000000000000005 303117.76850000006 1048200.1775000001 0.25000000000000006 619852.88050000009 33295.90400000001 303117.76850000006 0.15000000000000005 1182183.7235000001 1048200.1775000001 684755.53550000011 99.63600000000001 100590.71350000003 0.25000000000000006 388286.60400000011 1182183.7235000001 0.25000000000000006 0.25000000000000006 240407.42100000003 7391.9660000000013 684755.53550000011 1048200.1775000001
decision_type=2 2 2 2 2 2 2 2 2 2 2 2 2 2 2 2 2 2 2 2 2 2 2 2 2 2 2 2 2 2
left_child=2 3 6 12 11 9 13 16 20 26 -5 18 -2 27 25 -15 29 -9 -3 -10 -8 -16 -11 -12 -21 -7 -4 -1 -13 -6
right_child=1 4 5 10 7 14 8 17 19 22 23 28 -14 15 21 -17 -18 -19 -20 24 -22 -23 -24 -25 -26 -27 -28 -29 -30 -31
leaf_value=-467.7296061197917 1521.1742187500001 634.30441080729179 334.3499633789063 2815.9384765625 1252.0599609374999 29.121673274040223 -73.702858517964685 704.73818359375002 -152.22393798828125 773.57763671875 3335.1757812499995 325.43626302083339 1958.9662109375001 -234.49366861979166 312.19693603515628 -359.17086758083769 1775.1476562500002 1040.713671875 950.38173828125002 -222.41981898716517 90.784695129394535 64.964828491210938 1122.6490234374999 3673.4898437499996 -344.228515625 -123.18639221191407 544.71489257812505 -395.5584734881366 548.454345703125 1512.594921875
leaf_weight=144 24 36 24 11.999999999999998 12 48 60 11.999999999999998 72 12 12 36 24 144 24 288 11.999999999999998 24 11.999999999999998 84 60 24 12 12 84 48 24 324 11.999999999999998 12
leaf_count=144 24 36 24 12 12 48 60 12 72 12 12 36 24 144 24 288 12 24 12 84 60 24 12 12 84 48 24 324 12 12
internal_value=3.25022e-06 1356.61 -231.617 2397.84 836.002 224.023 -309.727 1220.99 -159.816 609.059 3274.87 547.257 1740.07 -369.691 31.5054 -317.612 1513.27 928.722 713.324 -243.994 8.54092 188.581 948.113 3504.33 -283.324 -47.0324 439.532 -417.765 381.191 1382.33
internal_weight=1728 252 1476 84 168 216 1260 72 360 72 36 96 48 900 144 432 36 36 48 240 120 48 24 24 168 96 48 468 48 24
internal_count=1728 252 1476 84 168 216 1260 72 360 72 36 96 48 900 144 432 36 36 48 240 120 48 24 24 168 96 48 468 48 24
is_linear=0
shrinkage=0.05


Tree=22
num_leaves=31
num_cat=0
split_feature=0 6 0 0 0 6 6 0 0 0 0 6 6 1 4 0 0 1 0 0 6 0 0 6 0 6 0 3 0 6
split_gain=1.96016e+11 5.04358e+10 2.23361e+10 1.34346e+10 8.80166e+09 4.66295e+09 2.22033e+09 1.92918e+09 1.69272e+09 1.65035e+09 1.36858e+09 1.1371e+09 1.13618e+09 7.28381e+08 4.98831e+08 4.58679e+08 4.45641e+08 3.64522e+08 3.43952e+08 3.29174e+08 3.05811e+08 2.93684e+08 2.91601e+08 2.65779e+08 2.47912e+08 2.34336e+08 2.08386e+08 1.91276e+08 1.61596e+08 1.6086e+08
threshold=388286.60400000011 0.15000000000000005 840329.43250000023 121294.55000000002 840329.43250000023 0.15000000000000005 0.25000000000000006 41777.992500000008 619852.88050000009 240407.42100000003 1048200.1775000001 0.15000000000000005 0.25000000000000006 19012.117000000002 60.407000000000004 507657.76500000007 1182183.7235000001 4540.7175000000016 55159.639500000012 1182183.7235000001 0.25000000000000006 507657.76500000007 164842.97150000001 0.25000000000000006 1182183.7235000001 0.25000000000000006 507657.76500000007 81.107000000000014 684755.53550000011 0.25000000000000006
decision_type=2 2 2 2 2 2 2 2 2 2 2 2 2 2 2 2 2 2 2 2 2 2 2 2 2 2 2 2 2 2
left_child=3 2 8 7 12 9 16 17 15 22 -4 18 14 29 -3 -2 -6 -1 -9 -8 27 -14 -5 -19 -12 -13 -16 -15 -23 -7
right_child=1 4 10 5 6 13 19 11 -10 -11 24 25 21 20 26 -17 -18 23 -20 -21 -22 28 -24 -25 -26 -27 -28 -29 -30 -31
leaf_value=-429.34591200086811 1066.5166015625 902.86259765625005 2675.1416015625 104.17844085693361 1313.2110839843751 -143.95342610677082 775.37617187500007 -244.23333129882815 1861.0179687500001 589.95236002604167 3168.4169921875 -254.86631970527847 85.580560302734384 231.1781005859375 361.99609375 1445.11552734375 1686.3902343750001 -322.06245693630649 -83.373158716272428 1096.10498046875 -96.780544026692723 309.16445312500002 317.63247070312502 -405.2569912380643 3489.8152343749994 -341.53095045823318 602.58917643229177 12.502262649536133 521.03164062500002 -293.42482096354166
leaf_weight=216 11.999999999999998 11.999999999999998 11.999999999999998 48 24 36 24 48 24 36 12 156 11.999999999999998 11.999999999999998 11.999999999999998 24 11.999999999999998 288 108 11.999999999999998 72 36 24 144 12 156 36 60 11.999999999999998 36
leaf_count=216 12 12 12 48 24 36 24 48 24 36 12 156 12 12 12 24 12 288 108 12 72 36 24 144 12 156 36 60 12 36
internal_value=4.02574e-06 1190.77 2126.52 -238.155 722.9 45.2855 1159.94 -320.444 1535.76 313.537 3111.12 -243.089 460.673 -88.8405 614.525 1318.92 1437.6 -376.311 -132.869 882.286 -23.9162 306.821 175.33 -349.794 3329.12 -298.199 542.441 48.9482 362.131 -218.689
internal_weight=1728 288 96 1440 192 324 72 1116 60 108 36 468 120 216 60 36 36 648 156 36 144 60 72 432 24 312 48 72 48 72
internal_count=1728 288 96 1440 192 324 72 1116 60 108 36 468 120 216 60 36 36 648 156 36 144 60 72 432 24 312 48 72 48 72
is_linear=0
shrinkage=0.05


Tree=23
num_leaves=31
num_cat=0
split_feature=0 6 0 1 0 6 0 6 0 0 0 6 1 6 0 0 0 6 0 0 0 3 0 2 6 6 0 0 2 6
split_gain=1.76905e+11 4.55183e+10 2.01583e+10 1.22081e+10 7.9435e+09 4.33052e+09 2.35147e+09 2.00384e+09 1.52768e+09 1.23515e+09 1.09574e+09 1.0254e+09 9.6069e+08 8.03713e+08 4.52184e+08 4.21408e+08 4.13958e+08 3.13014e+08 3.09823e+08 2.67927e+08 2.6505e+08 2.55092e+08 2.23741e+08 2.03725e+08 1.97521e+08 1.84779e+08 1.7092e+08 1.4584e+08 1.3994e+08 1.35654e+08
threshold=388286.60400000011 0.15000000000000005 840329.43250000023 14745.336000000001 840329.43250000023 0.15000000000000005 208019.18150000004 0.25000000000000006 619852.88050000009 1048200.1775000001 33295.90400000001 0.25000000000000006 25946.188500000004 0.15000000000000005 619852.88050000009 1048200.1775000001 507657.76500000007 0.25000000000000006 1048200.1775000001 55159.639500000012 507657.76500000007 81.107000000000014 1182183.7235000001 99.851500000000016 0.25000000000000006 0.25000000000000006 7391.9660000000013 684755.53550000011 81.107000000000014 0.15000000000000005
decision_type=2 2 2 2 2 2 2 2 2 2 2 2 2 2 2 2 2 2 2 2 2 2 2 2 2 2 2 2 2 2
left_child=3 2 8 10 11 6 23 15 16 -4 26 14 17 19 -3 -6 -2 -7 -9 -12 -13 -8 -11 -5 -15 -14 -1 -22 -19 -28
right_child=1 4 9 5 7 12 21 18 -10 22 13 20 25 24 -16 -17 -18 28 -20 -21 27 -23 -24 -25 -26 -27 29 -29 -30 -31
leaf_value=-422.87584025065109 1013.19072265625 471.72457682291673 2541.3843750000001 35.091177113850911 1123.79638671875 -116.53506810665131 705.40117187500005 630.73247070312505 1767.9669921875002 3009.99609375 -236.56468098958337 81.301531982421878 82.710619354248053 -279.11962999131941 751.91064453125 1486.6876953125002 1372.8597656250001 -290.97838867187505 941.89096679687509 -112.0455318874783 293.70622558593749 439.20769042968755 3315.3242187499995 203.30269775390627 -353.1918277994792 -56.025845336914067 -311.65289894386575 494.98002929687505 -166.28298746744792 -380.28396176938662
leaf_weight=144 11.999999999999998 36 11.999999999999998 72 11.999999999999998 96 11.999999999999998 11.999999999999998 24 12 108 11.999999999999998 48 180 24 24 24 60 24 72 36 36 12 24 180 48 108 11.999999999999998 36 216
leaf_count=144 12 36 12 72 12 96 12 12 24 12 108 12 48 180 24 24 24 60 24 72 36 36 12 24 180 48 108 12 36 216
internal_value=2.73298e-07 1131.23 2020.19 -226.247 686.755 -3.86405 220.015 1101.95 1458.97 2955.57 -321.554 437.64 -115.803 -273.023 583.799 1365.72 1252.97 -180.376 838.171 -186.757 291.48 505.756 3162.66 77.1441 -316.156 13.3424 -377.551 344.025 -244.218 -357.407
internal_weight=1728 288 96 1440 192 432 144 72 60 36 1008 120 288 540 60 36 36 192 36 180 60 48 24 96 360 96 468 48 96 324
internal_count=1728 288 96 1440 192 432 144 72 60 36 1008 120 288 540 60 36 36 192 36 180 60 48 24 96 360 96 468 48 96 324
is_linear=0
shrinkage=0.05


Tree=24
num_leaves=31
num_cat=0
split_feature=0 6 0 0 0 6 0 6 6 0 0 6 0 0 0 6 0 3 4 4 0 0 6 0 6 6 0 3 0 6
split_gain=1.59735e+11 4.01389e+10 1.54802e+10 1.42485e+10 5.47615e+09 4.71096e+09 3.38896e+09 1.80847e+09 1.49645e+09 1.24173e+09 1.11472e+09 7.87221e+08 6.76267e+08 6.60737e+08 5.4285e+08 4.50008e+08 3.8187e+08 2.82104e+08 2.74075e+08 2.69412e+08 2.44239e+08 2.05195e+08 2.04747e+08 2.01926e+08 1.81417e+08 1.70848e+08 1.56096e+08 1.39969e+08 1.35497e+08 1.35028e+08
threshold=507657.76500000007 0.15000000000000005 164842.97150000001 840329.43250000023 840329.43250000023 0.15000000000000005 74959.462500000009 0.25000000000000006 0.15000000000000005 303117.76850000006 1048200.1775000001 0.25000000000000006 619852.88050000009 31159.647000000004 303117.76850000006 0.15000000000000005 1182183.7235000001 110.15800000000002 60.407000000000004 99.63600000000001 100590.71350000003 388286.60400000011 0.25000000000000006 1182183.7235000001 0.25000000000000006 0.25000000000000006 240407.42100000003 52.614000000000004 7391.9660000000013 0.25000000000000006
decision_type=2 2 2 2 2 2 2 2 2 2 2 2 2 2 2 2 2 2 2 2 2 2 2 2 2 2 2 2 2 2
left_child=2 3 6 12 11 9 13 16 20 26 -5 18 -2 28 25 27 -6 -9 -3 -10 -8 -11 -16 -12 -21 -7 -4 -15 -1 -17
right_child=1 4 5 10 7 14 8 17 19 21 23 -13 -14 15 22 29 -18 -19 -20 24 -22 -23 -24 -25 -26 -27 -28 -29 -30 -31
leaf_value=-401.7320475260417 1304.2166992187501 820.12392578125002 285.68808593750003 2414.3152343750003 1182.2884765625001 25.395515108108523 -63.189514058430987 994.20517578125009 -127.18604278564453 670.131103515625 2859.4962890624997 326.82345581054688 1679.568603515625 -147.13358154296876 267.89686279296876 -278.15553761017628 1527.736328125 697.29177246093752 544.2037272135417 -190.82927420479913 79.475380859375008 962.53115234374991 61.364694213867189 3149.5582031249996 -294.74570312500003 -108.00853881835938 466.02114257812502 -244.48383636474611 -342.33020528157556 -343.94163348858177
leaf_weight=144 24 11.999999999999998 24 11.999999999999998 24 48 60 11.999999999999998 72 12 12 48 24 60 24 156 11.999999999999998 24 36 84 60 12 24 12 84 48 24 96 288 156
leaf_count=144 24 12 24 12 24 48 60 12 72 12 12 48 24 60 24 156 12 24 36 84 60 12 24 12 84 48 24 96 288 156
internal_value=-6.06201e-07 1163.43 -198.635 2055.85 717.224 192.453 -265.678 1046.85 -136.024 522.68 2807.79 470.004 1491.89 -317.54 27.3393 -276.38 1297.44 796.263 613.184 -208.107 8.14293 816.331 164.631 3004.53 -242.787 -41.3065 375.855 -207.041 -362.131 -311.049
internal_weight=1728 252 1476 84 168 216 1260 72 360 72 36 96 48 900 144 468 36 36 48 240 120 24 48 24 168 96 48 156 432 312
internal_count=1728 252 1476 84 168 216 1260 72 360 72 36 96 48 900 144 468 36 36 48 240 120 24 48 24 168 96 48 156 432 312
is_linear=0
shrinkage=0.05


Tree=25
num_leaves=31
num_cat=0
split_feature=0 6 0 0 0 6 0 6 6 0 0 6 0 0 0 6 0 0 4 6 0 0 6 0 6 0 0 0 2 4
split_gain=1.44161e+11 3.62254e+10 1.39709e+10 1.28592e+10 4.94222e+09 4.25164e+09 3.05854e+09 1.63214e+09 1.35055e+09 1.12066e+09 1.00604e+09 7.10467e+08 6.10331e+08 5.98855e+08 4.89922e+08 4.08174e+08 3.61505e+08 2.65749e+08 2.47353e+08 2.43466e+08 2.22593e+08 1.85188e+08 1.84784e+08 1.82238e+08 1.5419e+08 1.40877e+08 1.38813e+08 1.31621e+08 1.30514e+08 1.2906e+08
threshold=507657.76500000007 0.15000000000000005 164842.97150000001 840329.43250000023 840329.43250000023 0.15000000000000005 74959.462500000009 0.25000000000000006 0.15000000000000005 303117.76850000006 1048200.1775000001 0.25000000000000006 619852.88050000009 33295.90400000001 303117.76850000006 0.15000000000000005 1048200.1775000001 1048200.1775000001 60.407000000000004 0.25000000000000006 121294.55000000002 388286.60400000011 0.25000000000000006 1182183.7235000001 0.25000000000000006 240407.42100000003 12036.576500000001 684755.53550000011 90.431000000000012 99.63600000000001
decision_type=2 2 2 2 2 2 2 2 2 2 2 2 2 2 2 2 2 2 2 2 2 2 2 2 2 2 2 2 2 2
left_child=2 3 6 12 11 9 13 16 20 25 -5 18 -2 26 24 -15 -6 -9 -3 29 -8 -11 -16 -12 -7 -4 -1 -13 -21 -10
right_child=1 4 5 10 7 14 8 17 19 21 23 27 -14 15 22 -17 -18 -19 -20 28 -22 -23 -24 -25 -26 -27 -28 -29 -30 -31
leaf_value=-375.29361490885418 1239.0059570312501 779.11777343750009 271.40367431640624 2293.5994140625003 1008.4921875 24.12573964595795 -47.866054958767364 564.33125000000007 -68.135086059570312 636.62456054687493 2716.521484375 262.67973632812499 1595.5902343750001 -190.47882792154951 254.50201416015625 -293.57840643988715 1344.6026855468751 852.509033203125 516.9935384114583 -274.13365478515624 91.138545227050784 914.40468749999991 58.296458435058597 2992.0802734374997 -102.60811157226563 442.7200805664063 -319.32099100748701 453.889892578125 -143.77245483398437 -181.28781040736609
leaf_weight=180 24 11.999999999999998 24 11.999999999999998 11.999999999999998 48 72 11.999999999999998 36 12 12 36 24 144 24 288 24 24 36 96 48 12 24 12 48 24 288 11.999999999999998 24 84
leaf_count=180 24 12 24 12 12 48 72 12 36 12 12 36 24 144 24 288 24 24 36 96 48 12 24 12 48 24 288 12 24 84
internal_value=1.45811e-06 1105.26 -188.703 1953.06 681.362 182.83 -252.394 994.508 -129.223 496.546 2667.4 446.503 1417.3 -301.663 25.9723 -259.212 1232.57 756.45 582.525 -197.702 7.73579 775.515 156.399 2854.3 -39.2412 357.062 -340.849 310.482 -248.061 -147.342
internal_weight=1728 252 1476 84 168 216 1260 72 360 72 36 96 48 900 144 432 36 36 48 240 120 24 48 24 96 48 468 48 120 120
internal_count=1728 252 1476 84 168 216 1260 72 360 72 36 96 48 900 144 432 36 36 48 240 120 24 48 24 96 48 468 48 120 120
is_linear=0
shrinkage=0.05


Tree=26
num_leaves=31
num_cat=0
split_feature=0 6 0 1 0 6 0 6 0 0 0 6 1 6 0 0 0 6 0 0 0 0 0 6 0 6 0 0 2 2
split_gain=1.30116e+11 3.34358e+10 1.48182e+10 9.01956e+09 5.82556e+09 3.19136e+09 1.7308e+09 1.47301e+09 1.12298e+09 9.07947e+08 8.00152e+08 7.58059e+08 7.05398e+08 5.90612e+08 3.42213e+08 3.27215e+08 3.04297e+08 2.43089e+08 2.41759e+08 2.10992e+08 2.06534e+08 1.97465e+08 1.6447e+08 1.55723e+08 1.53288e+08 1.35512e+08 1.35147e+08 1.08434e+08 1.01268e+08 9.77835e+07
threshold=388286.60400000011 0.15000000000000005 840329.43250000023 14745.336000000001 840329.43250000023 0.15000000000000005 208019.18150000004 0.25000000000000006 619852.88050000009 1048200.1775000001 33295.90400000001 0.25000000000000006 25946.188500000004 0.15000000000000005 619852.88050000009 1182183.7235000001 507657.76500000007 0.25000000000000006 1182183.7235000001 619852.88050000009 47382.240000000013 256199.82050000003 1182183.7235000001 0.25000000000000006 137286.37700000001 0.15000000000000005 303117.76850000006 1048200.1775000001 81.107000000000014 81.107000000000014
decision_type=2 2 2 2 2 2 2 2 2 2 2 2 2 2 2 2 2 2 2 2 2 2 2 2 2 2 2 2 2 2
left_child=3 2 8 10 11 6 24 15 16 -4 25 14 17 20 -3 27 -2 28 -9 -13 -12 -8 -11 -15 -5 -1 -14 -6 -7 -19
right_child=1 4 9 5 7 12 21 18 -10 22 13 19 26 23 -16 -17 -18 29 -20 -21 -22 -23 -24 -25 -26 -27 -28 -29 -30 -31
leaf_value=-285.75686911558495 868.68437500000005 404.05845540364589 2178.9195312500001 3.5489570617675783 958.06757812499984 -137.83092651367187 333.03847656250002 627.00617675781257 1515.8106445312501 2580.6955078124997 -210.63218383789064 173.66078491210939 -22.568356831868492 -238.57312120225694 647.80410156250002 1384.11943359375 1177.0555664062501 -249.66110351562503 901.86943359375005 365.05183105468751 -103.27596406482515 535.86477050781252 2842.4761718749996 -304.34264973958335 129.91168823242188 -342.83128036107775 114.43679809570312 1170.62568359375 -31.755447030067444 -145.42661132812501
leaf_weight=156 11.999999999999998 36 11.999999999999998 48 12 60 24 24 24 12 96 36 72 180 24 11.999999999999998 24 60 11.999999999999998 24 84 24 12 180 48 312 24 12 36 36
leaf_count=156 12 36 12 48 12 60 24 24 24 12 96 36 72 180 24 12 24 60 12 24 84 24 12 180 48 312 24 12 36 36
internal_value=-6.21268e-07 970.17 1732.06 -194.034 589.223 -2.88594 189.304 944.782 1250.88 2534.03 -275.955 375.887 -98.981 -234.483 501.557 1170.94 1074.27 -154.313 718.627 250.217 -160.533 434.452 2711.59 -271.458 66.7303 -323.806 11.6829 1064.35 -98.0526 -210.573
internal_weight=1728 288 96 1440 192 432 144 72 60 36 1008 120 288 540 60 36 36 192 36 60 180 48 24 360 96 468 96 24 96 96
internal_count=1728 288 96 1440 192 432 144 72 60 36 1008 120 288 540 60 36 36 192 36 60 180 48 24 360 96 468 96 24 96 96
is_linear=0
shrinkage=0.05


Tree=27
num_leaves=31
num_cat=0
split_feature=0 6 0 0 0 6 0 6 6 0 0 6 0 0 0 6 0 0 0 4 0 6 0 0 6 6 6 0 0 0
split_gain=1.17539e+11 2.94668e+10 1.13657e+10 1.04739e+10 4.0039e+09 3.48925e+09 2.50425e+09 1.32939e+09 1.09394e+09 9.19615e+08 8.19423e+08 5.7912e+08 4.97119e+08 4.93708e+08 3.86742e+08 3.53853e+08 2.95311e+08 2.27949e+08 2.08906e+08 2.00189e+08 1.81477e+08 1.5662e+08 1.48434e+08 1.46718e+08 1.35891e+08 1.34493e+08 1.13866e+08 1.24671e+08 1.11779e+08 1.1059e+08
threshold=507657.76500000007 0.15000000000000005 164842.97150000001 840329.43250000023 840329.43250000023 0.15000000000000005 74959.462500000009 0.25000000000000006 0.15000000000000005 303117.76850000006 1048200.1775000001 0.25000000000000006 619852.88050000009 22666.579000000002 303117.76850000006 0.25000000000000006 1182183.7235000001 1048200.1775000001 684755.53550000011 99.63600000000001 100590.71350000003 0.25000000000000006 1182183.7235000001 388286.60400000011 0.25000000000000006 0.25000000000000006 0.15000000000000005 47382.240000000013 240407.42100000003 684755.53550000011
decision_type=2 2 2 2 2 2 2 2 2 2 2 2 2 2 2 2 2 2 2 2 2 2 2 2 2 2 2 2 2 2
left_child=2 3 6 12 11 9 13 16 20 28 -5 18 -2 -1 24 26 -6 -9 -3 -10 -8 -16 -12 -11 -7 -21 27 -15 -4 -13
right_child=1 4 5 10 7 14 8 17 19 23 22 29 -14 15 21 -17 -18 -19 -20 25 -22 -23 -24 -25 -26 -27 -28 -29 -30 -31
leaf_value=-317.77435465494796 1118.20283203125 466.87851562500003 246.25974121093751 2069.9734375000003 1011.129296875 24.162709522247315 -54.609436848958332 504.76435546875001 -108.26057891845704 578.00009765624998 2451.6607421874996 237.67286783854166 1440.0201171875001 -210.53477450284092 228.81453247070314 -299.42195963541667 1314.9134765625001 771.66166992187505 707.77167968750007 -163.17311488560267 68.366399230957029 48.179197692871099 2700.3525390625 825.25019531249984 -94.813559722900393 -252.64693429129466 -241.68202663845489 -116.43648223876954 398.86151123046875 412.94277343750002
leaf_weight=360 24 36 24 11.999999999999998 24 48 60 11.999999999999998 72 12 12 36 24 132 24 180 11.999999999999998 24 11.999999999999998 84 60 24 12 12 48 84 180 48 24 11.999999999999998
leaf_count=360 24 36 24 12 24 48 60 12 72 12 12 36 24 132 24 180 12 24 12 84 60 24 12 12 48 84 180 48 24 12
internal_value=-3.08178e-07 998.003 -170.391 1762.63 615.688 164.715 -227.838 897.543 -116.384 448.915 2407.33 404.296 1279.11 -272.419 22.6153 -242.182 1112.39 682.696 527.102 -178.015 6.87848 138.497 2576.01 701.625 -35.3254 -207.91 -213.562 -185.442 322.561 281.49
internal_weight=1728 252 1476 84 168 216 1260 72 360 72 36 96 48 900 144 540 36 36 48 240 120 48 24 24 96 168 360 180 48 48
internal_count=1728 252 1476 84 168 216 1260 72 360 72 36 96 48 900 144 540 36 36 48 240 120 48 24 24 96 168 360 180 48 48
is_linear=0
shrinkage=0.05


Tree=28
num_leaves=31
num_cat=0
split_feature=0 6 0 0 0 6 1 6 6 0 0 6 0 0 6 0 0 0 4 6 6 0 0 0 6 0 6 3 6 0
split_gain=1.06079e+11 2.65938e+10 1.02575e+10 9.45273e+09 3.61352e+09 3.14905e+09 2.2644e+09 1.19978e+09 9.42417e+08 8.29953e+08 7.39528e+08 5.22656e+08 5.02114e+08 4.4865e+08 3.49152e+08 3.49034e+08 2.79889e+08 2.0718e+08 1.88538e+08 1.79963e+08 1.41349e+08 1.33962e+08 1.32413e+08 1.2512e+08 1.22642e+08 1.22036e+08 1.07079e+08 1.04722e+08 1.03071e+08 1.00881e+08
threshold=507657.76500000007 0.15000000000000005 164842.97150000001 840329.43250000023 840329.43250000023 0.15000000000000005 13134.513000000001 0.25000000000000006 0.15000000000000005 303117.76850000006 1048200.1775000001 0.25000000000000006 33295.90400000001 619852.88050000009 0.15000000000000005 303117.76850000006 1048200.1775000001 1182183.7235000001 60.407000000000004 0.25000000000000006 0.25000000000000006 1182183.7235000001 388286.60400000011 121294.55000000002 0.25000000000000006 7391.9660000000013 0.15000000000000005 62.127500000000005 0.25000000000000006 240407.42100000003
decision_type=2 2 2 2 2 2 2 2 2 2 2 2 2 2 2 2 2 2 2 2 2 2 2 2 2 2 2 2 2 2
left_child=2 3 6 13 11 9 12 16 23 29 -5 18 25 -2 27 24 -6 -9 -3 -10 -17 -12 -11 -8 -7 -1 -27 -14 -16 -4
right_child=1 4 5 10 7 15 8 17 19 22 21 -13 14 -15 28 20 -18 -19 -20 -21 -22 -23 -24 -25 -26 26 -28 -29 -30 -31
leaf_value=-330.80171712239587 1062.29267578125 672.38310546875005 233.94675292968751 1966.4748046875002 859.60771484375005 22.954573643207553 -30.057995961507164 563.74521484374998 -117.17792968750001 549.10004882812495 2329.0775390624999 267.41583251953125 -113.93623555501301 1368.0191406250001 -221.0602955353566 217.37380371093752 1155.3528808593751 818.19291992187505 443.53457845052083 -208.45572645399307 45.770237731933598 2565.3347656249998 783.98769531249991 78.247248077392584 -90.072883224487313 -234.83109311704285 -295.80679569950814 -196.11219482421876 -278.53675067608174 378.91842041015627
leaf_weight=144 24 11.999999999999998 24 11.999999999999998 11.999999999999998 48 60 24 108 12 12 48 72 24 156 24 24 11.999999999999998 36 108 24 12 12 48 48 108 216 84 156 24
leaf_count=144 24 12 24 12 12 48 60 24 108 12 12 48 72 24 156 24 24 12 36 108 24 12 12 48 48 108 216 84 156 24
internal_value=-2.51454e-06 948.103 -161.871 1674.5 584.903 156.48 -216.446 852.666 -102.519 426.47 2286.96 384.081 -255.882 1215.16 -219.261 21.4846 1056.77 648.561 500.747 -162.817 131.572 2447.21 666.544 18.0777 -33.5592 -292.503 -275.482 -158.185 -249.799 306.433
internal_weight=1728 252 1476 84 168 216 1260 72 324 72 36 96 936 48 468 144 36 36 48 216 48 24 24 108 96 468 324 156 312 48
internal_count=1728 252 1476 84 168 216 1260 72 324 72 36 96 936 48 468 144 36 36 48 216 48 24 24 108 96 468 324 156 312 48
is_linear=0
shrinkage=0.05


Tree=29
num_leaves=31
num_cat=0
split_feature=0 6 0 0 0 6 0 6 6 0 0 6 0 0 0 6 0 0 2 0 0 6 6 0 0 6 0 6 0 0
split_gain=9.57361e+10 2.40009e+10 9.25739e+09 8.53109e+09 3.26121e+09 2.84202e+09 2.0441e+09 1.0828e+09 8.90626e+08 7.49032e+08 6.67425e+08 4.71697e+08 4.0549e+08 4.04906e+08 3.15003e+08 2.90382e+08 2.53037e+08 1.95531e+08 1.78916e+08 1.70155e+08 1.49605e+08 1.36794e+08 1.27568e+08 1.20901e+08 1.19503e+08 1.10684e+08 9.98078e+07 9.16303e+07 1.04123e+08 9.10447e+07
threshold=507657.76500000007 0.15000000000000005 164842.97150000001 840329.43250000023 840329.43250000023 0.15000000000000005 74959.462500000009 0.25000000000000006 0.15000000000000005 303117.76850000006 1048200.1775000001 0.25000000000000006 22666.579000000002 619852.88050000009 303117.76850000006 0.25000000000000006 1182183.7235000001 1048200.1775000001 90.431000000000012 684755.53550000011 100590.71350000003 0.25000000000000006 0.25000000000000006 1182183.7235000001 388286.60400000011 0.25000000000000006 684755.53550000011 0.15000000000000005 45843.734500000013 240407.42100000003
decision_type=2 2 2 2 2 2 2 2 2 2 2 2 2 2 2 2 2 2 2 2 2 2 2 2 2 2 2 2 2 2
left_child=2 3 6 13 11 9 12 16 20 29 -5 19 -1 -2 25 27 -6 -9 21 -3 -8 -10 -16 -12 -11 -7 -13 28 -14 -4
right_child=1 4 5 10 7 14 8 17 18 24 23 26 15 -15 22 -17 -18 -19 -20 -21 -22 -23 -24 -25 -26 -27 -28 -29 -30 -31
leaf_value=-287.00515258789068 1009.17802734375 421.35786132812501 222.24942016601562 1868.151171875 910.19882812500009 21.806844353675842 -49.537283528645837 451.3388671875 -139.92008666992189 521.64506835937493 2212.6238281249998 212.41843261718751 -194.2366882324219 1299.6181640625 206.5051208496094 -270.3513151041667 1191.40009765625 698.5301513671875 -74.19740638732911 638.763916015625 62.118770751953129 -224.32790985107422 43.481726074218756 2437.0681640624998 744.78828124999995 -85.569235992431643 378.92485351562505 -217.79744330512153 -113.56643676757812 359.97250976562503
leaf_weight=360 24 36 24 11.999999999999998 24 48 60 11.999999999999998 96 12 12 36 120 24 24 180 11.999999999999998 24 48 11.999999999999998 60 96 24 12 12 48 11.999999999999998 180 60 24
leaf_count=360 24 36 24 12 24 48 60 12 96 12 12 36 120 24 24 180 12 24 48 12 60 96 24 12 12 48 12 180 60 24
internal_value=1.92567e-06 900.698 -153.778 1590.78 555.658 148.656 -205.623 810.033 -104.929 405.146 2172.61 364.877 -245.901 1154.4 20.4103 -218.498 1003.93 616.133 -160.539 475.709 6.29074 -182.124 124.993 2324.85 633.217 -31.8812 254.045 -192.572 -167.347 291.111
internal_weight=1728 252 1476 84 168 216 1260 72 360 72 36 96 900 48 144 540 36 36 240 48 120 192 48 24 24 96 48 360 180 48
internal_count=1728 252 1476 84 168 216 1260 72 360 72 36 96 900 48 144 540 36 36 240 48 120 192 48 24 24 96 48 360 180 48
is_linear=0
shrinkage=0.05


Tree=30
num_leaves=31
num_cat=0
split_feature=0 6 0 0 0 6 1 6 6 0 0 6 0 0 0 6 0 0 0 6 6 0 0 6 0 0 3 6 0 2
split_gain=8.64019e+10 2.16608e+10 8.3548e+09 7.69931e+09 2.94324e+09 2.56492e+09 1.85131e+09 9.77224e+08 7.68176e+08 6.76002e+08 6.02351e+08 4.25706e+08 4.13037e+08 3.65428e+08 2.87439e+08 2.84318e+08 2.40117e+08 1.77542e+08 1.53565e+08 1.50353e+08 1.33275e+08 1.09113e+08 1.07851e+08 1.07534e+08 1.0333e+08 9.00765e+07 8.66468e+07 8.38866e+07 8.21679e+07 7.80598e+07
threshold=507657.76500000007 0.15000000000000005 164842.97150000001 840329.43250000023 840329.43250000023 0.15000000000000005 13134.513000000001 0.25000000000000006 0.15000000000000005 303117.76850000006 1048200.1775000001 0.25000000000000006 33295.90400000001 619852.88050000009 256199.82050000003 0.15000000000000005 1048200.1775000001 1182183.7235000001 684755.53550000011 0.25000000000000006 0.25000000000000006 1182183.7235000001 388286.60400000011 0.15000000000000005 121294.55000000002 684755.53550000011 62.127500000000005 0.25000000000000006 240407.42100000003 66.83750000000002
decision_type=2 2 2 2 2 2 2 2 2 2 2 2 2 2 2 2 2 2 2 2 2 2 2 2 2 2 2 2 2 2
left_child=2 3 6 13 11 9 12 16 24 28 -5 18 23 -2 -7 26 -6 -9 -3 29 -16 -12 -11 -1 -8 -13 -14 -17 -4 -10
right_child=1 4 5 10 7 14 8 17 19 22 21 25 15 -15 20 27 -18 -19 -20 -21 -22 -23 -24 -25 -26 -27 -28 -29 -30 -31
leaf_value=-230.31981514172676 958.71914062500002 400.28995768229169 211.13694458007814 1774.7435546875001 771.11738281250007 -51.251993974049896 -27.194791463216148 506.81120605468755 -143.07369018554687 495.56279296874993 2101.9925781249999 201.79751790364583 -102.42242431640625 1234.6373046875001 158.05805867513021 -199.41693428235178 1045.04521484375 742.35678710937509 606.82573242187505 -188.48465983072919 22.005234781901041 2315.2146484374998 707.54887695312493 -281.16224584334935 71.228946685791016 359.97861328125003 -177.17096644810269 -251.26935659555289 341.973876953125 -57.527761077880861
leaf_weight=156 24 36 24 11.999999999999998 11.999999999999998 72 60 24 60 12 12 36 72 24 36 156 24 11.999999999999998 11.999999999999998 108 36 12 12 312 48 11.999999999999998 84 156 24 48
leaf_count=156 24 36 24 12 12 72 60 24 60 12 12 36 72 24 36 156 24 12 12 108 36 12 12 312 48 12 84 156 24 48
internal_value=4.41516e-10 855.663 -146.089 1511.24 527.875 141.223 -195.342 769.531 -92.3296 384.889 2063.98 346.633 -231 1096.68 19.3898 -197.786 953.736 585.326 451.924 -146.769 90.0316 2208.6 601.556 -264.215 16.5491 241.343 -142.672 -225.343 276.555 -105.053
internal_weight=1728 252 1476 84 168 216 1260 72 324 72 36 96 936 48 144 468 36 36 48 216 72 24 24 468 108 48 156 312 48 108
internal_count=1728 252 1476 84 168 216 1260 72 324 72 36 96 936 48 144 468 36 36 48 216 72 24 24 468 108 48 156 312 48 108
is_linear=0
shrinkage=0.05


Tree=31
num_leaves=31
num_cat=0
split_feature=0 6 0 1 0 6 0 6 0 0 1 6 0 6 0 0 0 0 2 0 0 0 6 6 0 6 2 0 6 0
split_gain=7.80254e+10 1.99799e+10 8.8722e+09 5.45816e+09 3.46595e+09 1.91542e+09 1.04163e+09 8.81945e+08 6.72372e+08 5.43621e+08 4.79971e+08 4.60107e+08 4.2787e+08 3.40152e+08 2.16808e+08 2.16473e+08 1.82194e+08 1.67728e+08 1.6248e+08 1.43678e+08 1.41361e+08 1.25842e+08 1.15472e+08 1.10374e+08 9.84742e+07 9.69711e+07 9.5476e+07 8.25415e+07 7.80579e+07 7.22009e+07
threshold=388286.60400000011 0.15000000000000005 840329.43250000023 14745.336000000001 840329.43250000023 0.15000000000000005 208019.18150000004 0.25000000000000006 619852.88050000009 1048200.1775000001 9241.5975000000017 0.25000000000000006 240407.42100000003 0.15000000000000005 1182183.7235000001 619852.88050000009 507657.76500000007 1048200.1775000001 81.107000000000014 12036.576500000001 619852.88050000009 256199.82050000003 0.25000000000000006 0.25000000000000006 1182183.7235000001 0.25000000000000006 99.851500000000016 55159.639500000012 0.25000000000000006 1048200.1775000001
decision_type=2 2 2 2 2 2 2 2 2 2 2 2 2 2 2 2 2 2 2 2 2 2 2 2 2 2 2 2 2 2
left_child=3 2 8 10 11 6 26 14 16 -4 19 15 18 27 29 -3 -2 -9 25 -1 -13 -8 -14 -21 -11 -7 -5 -12 -15 -6
right_child=1 4 9 5 7 12 21 17 -10 24 13 20 22 28 -16 -17 -18 -19 -20 23 -22 -23 -24 -25 -26 -27 -28 -29 -30 -31
leaf_value=-280.90202148437504 672.17143554687505 312.60763346354167 1686.0064453125001 23.455980428059899 732.5615234375 -105.03218383789063 256.55357666015624 403.431396484375 1172.9053710937501 1996.8929687499997 -149.25313517252604 131.67698771158857 92.871885172526049 -179.48505995008682 1079.57783203125 506.46877441406252 910.783203125 632.37443847656255 -62.707959234714508 -208.36086555249764 288.3350830078125 418.47067871093753 -33.768338521321617 -264.35759129379738 2199.4539062499998 -194.92614501953128 138.61048583984376 -73.54284888373482 -231.5460245768229 906.00810546874982
leaf_weight=180 11.999999999999998 36 11.999999999999998 72 12 60 24 11.999999999999998 24 12 72 36 36 144 11.999999999999998 24 24 24 96 264 24 24 36 132 12 60 24 72 144 12
leaf_count=180 12 36 12 72 12 60 24 12 24 12 72 36 36 144 12 24 24 24 96 264 24 24 36 132 12 60 24 72 144 12
internal_value=8.09078e-07 751.279 1340.24 -150.256 456.799 -1.55943 147.334 731.055 967.91 1960.78 -213.983 292.246 -76.006 -174.143 906.049 390.152 831.246 556.06 -111.192 -243.863 194.34 337.512 29.5518 -227.026 2098.17 -149.979 52.2446 -111.398 -205.516 819.285
internal_weight=1728 288 96 1440 192 432 144 72 60 36 1008 120 288 432 36 60 36 36 216 576 60 48 72 396 24 120 96 144 288 24
internal_count=1728 288 96 1440 192 432 144 72 60 36 1008 120 288 432 36 60 36 36 216 576 60 48 72 396 24 120 96 144 288 24
is_linear=0
shrinkage=0.05


Tree=32
num_leaves=31
num_cat=0
split_feature=0 6 0 0 0 6 0 1 6 0 0 6 6 0 6 0 0 1 3 0 0 6 0 6 0 0 2 6 0 1
split_gain=7.04427e+10 1.76207e+10 6.81667e+09 6.27113e+09 2.38503e+09 2.24331e+09 1.05611e+09 8.67405e+08 7.95955e+08 4.90618e+08 4.59818e+08 3.95096e+08 3.46835e+08 2.97643e+08 2.47689e+08 1.95669e+08 1.85883e+08 1.63724e+08 1.52139e+08 1.45932e+08 1.43914e+08 1.36231e+08 1.29614e+08 1.07188e+08 8.88731e+07 7.57423e+07 7.55706e+07 7.00061e+07 6.64535e+07 6.58244e+07
threshold=507657.76500000007 0.15000000000000005 137286.37700000001 840329.43250000023 840329.43250000023 0.15000000000000005 256199.82050000003 11991.799500000003 0.25000000000000006 1048200.1775000001 256199.82050000003 0.15000000000000005 0.25000000000000006 619852.88050000009 0.15000000000000005 1182183.7235000001 388286.60400000011 5600.7615000000014 110.15800000000002 164842.97150000001 18495.691000000003 0.25000000000000006 684755.53550000011 0.25000000000000006 1182183.7235000001 684755.53550000011 90.431000000000012 0.25000000000000006 684755.53550000011 13436.337500000001
decision_type=2 2 2 2 2 2 2 2 2 2 2 2 2 2 2 2 2 2 2 2 2 2 2 2 2 2 2 2 2 2
left_child=2 3 7 13 12 6 19 14 15 -5 21 29 22 -2 20 -6 -8 -16 -10 -4 -1 -7 -3 -12 -11 -14 -13 -19 -15 -9
right_child=1 4 5 9 8 10 16 11 18 24 23 26 25 28 17 -17 -18 27 -20 -21 -22 -23 -24 -25 -26 -27 -28 -29 -30 -31
leaf_value=-231.94487362816221 865.24404296875002 361.4140625 75.02255554199219 1601.7060546875 778.32058105468752 -25.278997548421227 397.54714355468752 -85.093229675292974 673.62021484375009 1897.0482421874997 141.84930216471355 -169.0336826324463 182.5128173828125 1031.0601562499999 -272.65767822265627 1025.59892578125 638.56284179687509 -193.43547797309029 455.57551269531251 217.38933919270835 -153.4780258178711 -122.54407043457032 551.16098632812498 19.835969034830729 2089.4812499999998 327.56293945312501 -74.927735900878915 -237.53325249565975 1197.46015625 -6.5372762044270836
leaf_weight=84 24 36 36 11.999999999999998 24 72 24 48 11.999999999999998 12 36 192 36 12 192 11.999999999999998 11.999999999999998 180 24 36 192 72 11.999999999999998 36 12 11.999999999999998 24 180 12 60
leaf_count=84 24 36 36 12 24 72 24 48 12 12 36 192 36 12 192 12 12 180 24 36 192 72 12 36 12 12 24 180 12 60
internal_value=1.87203e-07 772.608 -131.909 1363.89 476.965 70.7041 256.766 -188.893 694.502 1862.75 -22.3268 -119.535 313.813 989.752 -216.034 860.747 477.886 -235.371 528.257 146.206 -177.359 -73.9115 408.851 80.8426 1993.26 218.775 -158.577 -215.484 1114.26 -41.451
internal_weight=1728 252 1476 84 168 324 108 1152 72 36 216 324 96 48 828 36 36 552 36 72 276 144 48 72 24 48 216 360 24 108
internal_count=1728 252 1476 84 168 324 108 1152 72 36 216 324 96 48 828 36 36 552 36 72 276 144 48 72 24 48 216 360 24 108
is_linear=0
shrinkage=0.05


Tree=33
num_leaves=31
num_cat=0
split_feature=0 6 0 0 0 6 6 1 0 0 0 6 6 0 0 0 0 0 0 0 0 6 6 6 6 0 0 2 0 0
split_gain=6.35929e+10 1.62604e+10 7.22646e+09 4.46575e+09 2.81562e+09 1.51094e+09 7.1835e+08 6.62865e+08 5.47651e+08 5.38854e+08 4.42783e+08 4.09496e+08 3.7679e+08 2.44256e+08 1.85918e+08 1.77946e+08 1.48398e+08 1.43882e+08 1.34671e+08 1.18602e+08 1.16944e+08 9.89492e+07 9.71922e+07 9.45918e+07 9.0993e+07 8.83719e+07 8.0208e+07 6.19599e+07 6.03748e+07 5.99743e+07
threshold=388286.60400000011 0.15000000000000005 840329.43250000023 121294.55000000002 840329.43250000023 0.15000000000000005 0.25000000000000006 9241.5975000000017 619852.88050000009 240407.42100000003 1048200.1775000001 0.15000000000000005 0.25000000000000006 240407.42100000003 1048200.1775000001 619852.88050000009 507657.76500000007 1048200.1775000001 55159.639500000012 7391.9660000000013 619852.88050000009 0.25000000000000006 0.25000000000000006 0.25000000000000006 0.25000000000000006 164842.97150000001 1182183.7235000001 99.851500000000016 303117.76850000006 684755.53550000011
decision_type=2 2 2 2 2 2 2 2 2 2 2 2 2 2 2 2 2 2 2 2 2 2 2 2 2 2 2 2 2 2
left_child=3 2 8 7 12 9 14 19 16 25 -4 18 15 24 -6 -3 -2 -8 -9 -1 -14 -13 -21 -15 -7 -5 -12 -26 -11 -10
right_child=1 4 10 5 6 13 17 11 29 28 26 21 20 23 -16 -17 -18 -19 -20 22 -22 -23 -24 -25 27 -27 -28 -29 -30 -31
leaf_value=-259.70119628906252 606.63471679687507 282.56596679687499 1521.6207031250001 62.323640441894533 657.01743164062509 -46.433078066507981 360.48103027343751 -134.68645019531252 979.50712890624982 292.62617187500001 1802.1958984374996 -147.86897915310331 118.67877298990886 83.92129720052084 898.05537109375007 458.33096923828128 821.98183593750002 572.52583007812507 -46.405922642460581 -190.53457556830514 261.16644287109375 -200.29597412109376 -240.84408637152779 -30.698719787597657 -158.72269287109376 179.8315368652344 1985.0072265624997 -60.329452514648438 429.98378906250002 1137.587109375
leaf_weight=144 11.999999999999998 36 11.999999999999998 48 11.999999999999998 72 11.999999999999998 72 12 24 12 180 36 36 24 24 24 24 108 288 24 180 144 36 48 24 12 24 11.999999999999998 12
leaf_count=144 12 36 12 48 12 72 12 72 12 24 12 180 36 36 24 24 24 24 108 288 24 180 144 36 48 24 12 24 12 12
internal_value=1.45082e-06 678.246 1209.56 -135.649 412.587 27.7672 659.777 -183.093 873.539 180.466 1769.61 -143.294 264.273 -48.5822 817.709 352.872 750.199 501.844 -81.7181 -220.404 175.674 -174.082 -207.304 26.6113 -86.179 101.493 1893.6 -125.925 338.412 1058.55
internal_weight=1728 288 96 1440 192 324 72 1116 60 108 36 540 120 216 36 60 36 36 180 576 60 360 432 72 144 72 24 72 36 24
internal_count=1728 288 96 1440 192 324 72 1116 60 108 36 540 120 216 36 60 36 36 180 576 60 360 432 72 144 72 24 72 36 24
is_linear=0
shrinkage=0.05


Tree=34
num_leaves=31
num_cat=0
split_feature=0 6 0 0 0 6 1 6 6 0 0 6 0 6 0 0 0 2 1 0 0 0 6 6 6 0 0 4 0 4
split_gain=5.74322e+10 1.43338e+10 5.54809e+09 5.10788e+09 1.9325e+09 1.70593e+09 1.25207e+09 6.48311e+08 5.44678e+08 4.59593e+08 3.99612e+08 2.82507e+08 2.42432e+08 2.10436e+08 1.96315e+08 1.67791e+08 1.52103e+08 1.40693e+08 1.37665e+08 1.30368e+08 1.17145e+08 1.09496e+08 8.91639e+07 7.78061e+07 7.35423e+07 7.23876e+07 6.75912e+07 6.44681e+07 6.37264e+07 5.92529e+07
threshold=507657.76500000007 0.15000000000000005 164842.97150000001 840329.43250000023 840329.43250000023 0.15000000000000005 11991.799500000003 0.25000000000000006 0.15000000000000005 303117.76850000006 1048200.1775000001 0.25000000000000006 619852.88050000009 0.15000000000000005 303117.76850000006 1048200.1775000001 100590.71350000003 90.431000000000012 6575.9135000000015 1182183.7235000001 18495.691000000003 684755.53550000011 0.25000000000000006 0.25000000000000006 0.25000000000000006 1182183.7235000001 388286.60400000011 37.504500000000007 684755.53550000011 99.099000000000018
decision_type=2 2 2 2 2 2 2 2 2 2 2 2 2 2 2 2 2 2 2 2 2 2 2 2 2 2 2 2 2 2
left_child=2 3 6 12 11 9 13 15 16 -4 -5 21 -2 20 24 -6 -8 22 -15 -9 -1 -3 -10 -16 -7 -12 -11 -20 -13 -22
right_child=1 4 5 10 7 14 8 19 17 26 25 28 -14 18 23 -17 -18 -19 27 -21 29 -23 -24 -25 -26 -27 -28 -29 -30 -31
leaf_value=-208.84471319289435 780.88276367187507 326.2856363932292 224.41740722656252 1445.5396484375001 624.16655273437505 18.146270942687988 -54.270383271716895 409.47158203125002 -115.09069580078126 408.48459472656248 1712.0861328124997 165.07844238281251 1005.619775390625 -244.21077247902201 161.88532714843751 853.15256347656259 49.962460327148442 -51.794251441955566 -171.14646984281995 611.31289062500002 -151.39412794846757 500.68642578125002 -176.04281982421878 34.568360900878908 -69.378910827636716 1885.7568359374998 576.30297851562489 -214.94937569754467 298.12646484375 -80.229868570963546
leaf_weight=84 24 36 48 11.999999999999998 11.999999999999998 48 84 24 120 12 12 36 24 216 24 24 60 48 168 11.999999999999998 156 11.999999999999998 120 24 48 12 12 168 11.999999999999998 36
leaf_count=84 24 36 48 12 12 48 84 24 120 12 12 36 24 216 24 24 60 48 168 12 156 12 120 24 48 12 12 168 12 36
internal_value=1.97799e-07 697.62 -119.106 1230.91 430.974 115.024 -159.242 626.788 -90.2387 313.743 1681.13 284.113 893.251 -195.244 15.6647 776.824 -10.84 -129.938 -213.068 476.752 -159.597 369.886 -145.567 98.2268 -25.6163 1798.92 492.394 -193.048 198.34 -138.051
internal_weight=1728 252 1476 84 168 216 1260 72 432 72 36 96 48 828 144 36 144 288 552 36 276 48 240 48 96 24 24 336 48 192
internal_count=1728 252 1476 84 168 216 1260 72 432 72 36 96 48 828 144 36 144 288 552 36 276 48 240 48 96 24 24 336 48 192
is_linear=0
shrinkage=0.05


Tree=35
num_leaves=31
num_cat=0
split_feature=0 6 0 0 0 6 0 1 6 6 0 0 0 6 0 6 0 1 0 0 6 0 6 0 2 0 6 0 1 6
split_gain=5.18326e+10 1.29363e+10 5.02493e+09 4.60986e+09 1.74804e+09 1.65435e+09 7.88769e+08 6.45124e+08 4.0959e+08 4.08791e+08 3.6065e+08 3.40691e+08 2.89876e+08 2.87815e+08 2.18795e+08 1.89919e+08 1.32787e+08 1.24497e+08 1.22406e+08 1.06541e+08 1.0454e+08 1.03507e+08 7.73637e+07 6.53299e+07 6.18841e+07 5.5835e+07 5.56809e+07 5.41268e+07 5.27947e+07 4.78888e+07
threshold=507657.76500000007 0.15000000000000005 137286.37700000001 840329.43250000023 1048200.1775000001 0.15000000000000005 256199.82050000003 11991.799500000003 0.25000000000000006 0.25000000000000006 1048200.1775000001 256199.82050000003 684755.53550000011 0.15000000000000005 619852.88050000009 0.15000000000000005 388286.60400000011 5600.7615000000014 684755.53550000011 35745.162000000004 0.25000000000000006 208019.18150000004 0.25000000000000006 1182183.7235000001 90.431000000000012 1182183.7235000001 0.25000000000000006 684755.53550000011 13436.337500000001 0.25000000000000006
decision_type=2 2 2 2 2 2 2 2 2 2 2 2 2 2 2 2 2 2 2 2 2 2 2 2 2 2 2 2 2 2
left_child=2 3 7 14 9 6 21 15 25 12 -5 20 -3 28 -2 19 -8 -17 -11 -1 -7 -4 -13 -12 29 -6 -19 -16 -9 -15
right_child=1 4 5 10 8 11 16 13 -10 18 23 22 -14 24 27 17 -18 26 -20 -21 -22 -23 -24 -25 -26 -27 -28 -29 -30 -31
leaf_value=-176.52451288132443 741.838623046875 309.97135416666669 82.651420593261719 1373.2626953125 734.23129882812498 -20.88353958129883 343.78199462890626 -74.701247406005862 518.37993164062505 156.82452392578125 1626.4817382812498 121.55140787760418 534.30515136718748 -120.07542190551759 880.25078124999982 -234.92948989868165 547.48784179687505 -165.40956732855904 302.60177001953127 -112.87186279296876 -106.0873499552409 209.82412109375002 17.893518320719402 1791.4689453124997 -59.887516784667973 886.75859374999982 -204.73757215711805 1030.4267578124998 -4.3485493977864591 -170.01745910644533
leaf_weight=168 24 36 48 11.999999999999998 12 72 24 48 24 36 12 36 24 96 12 192 11.999999999999998 180 24 108 72 24 36 12 24 12 180 12 60 96
leaf_count=168 24 36 48 12 12 72 24 48 24 36 12 36 24 96 12 192 12 180 24 108 72 24 36 12 24 12 180 12 60 96
internal_value=-6.97595e-07 662.739 -113.151 1169.37 409.425 60.808 220.59 -162.076 664.437 307.42 1597.07 -19.0828 399.705 -102.262 848.589 -185.482 411.684 -202.415 215.135 -151.617 -63.4854 125.042 69.7225 1708.98 -135.584 810.495 -185.074 955.339 -35.6164 -145.046
internal_weight=1728 252 1476 84 168 324 108 1152 48 120 36 216 60 324 48 828 36 552 60 276 144 72 72 24 216 24 360 24 108 192
internal_count=1728 252 1476 84 168 324 108 1152 48 120 36 216 60 324 48 828 36 552 60 276 144 72 72 24 216 24 360 24 108 192
is_linear=0
shrinkage=0.05


Tree=36
num_leaves=31
num_cat=0
split_feature=0 6 0 1 0 6 0 6 0 0 0 6 0 6 0 0 0 0 2 0 3 0 0 6 6 6 0 6 2 0
split_gain=4.67893e+10 1.1939e+10 5.31211e+09 3.32021e+09 2.07466e+09 1.14966e+09 6.30764e+08 5.30609e+08 4.02574e+08 3.25486e+08 2.95769e+08 2.7818e+08 2.53746e+08 2.18252e+08 1.41846e+08 1.31557e+08 1.1113e+08 1.09086e+08 1.05929e+08 8.84258e+07 8.48339e+07 7.77365e+07 7.07959e+07 7.05305e+07 6.3575e+07 5.99563e+07 5.89602e+07 5.8711e+07 5.63469e+07 4.88494e+07
threshold=388286.60400000011 0.15000000000000005 840329.43250000023 14745.336000000001 840329.43250000023 0.15000000000000005 208019.18150000004 0.25000000000000006 619852.88050000009 1048200.1775000001 33295.90400000001 0.25000000000000006 240407.42100000003 0.15000000000000005 1182183.7235000001 619852.88050000009 1182183.7235000001 507657.76500000007 81.107000000000014 619852.88050000009 62.127500000000005 256199.82050000003 7391.9660000000013 0.25000000000000006 0.25000000000000006 0.25000000000000006 1182183.7235000001 0.15000000000000005 99.851500000000016 684755.53550000011
decision_type=2 2 2 2 2 2 2 2 2 2 2 2 2 2 2 2 2 2 2 2 2 2 2 2 2 2 2 2 2 2
left_child=3 2 8 10 11 6 28 14 17 -4 22 15 18 20 -6 -3 -9 -2 24 -13 -12 -8 -1 -14 -7 -15 -11 -24 -5 -10
right_child=1 4 9 5 7 12 21 16 29 26 13 19 23 25 -16 -17 -18 -19 -20 -21 -22 -23 27 -25 -26 -27 -28 -29 -30 -31
leaf_value=-224.32196451822915 520.11342773437502 242.50515136718752 1304.599609375 18.859289423624674 631.88134765625 -80.079147949218751 199.33291015625002 368.47346191406251 836.23828124999989 1545.15771484375 -63.781885274251309 101.1403767903646 72.718613688151038 -142.91644639756944 842.42070312500005 393.63319091796876 554.82827148437502 704.74667968750009 -46.006933927536011 225.04232788085938 -132.58619995117189 326.5928833007813 -152.08653067129632 -26.255621846516927 -152.86593505859375 -183.72640136718752 1701.8955078124998 -197.23714373553241 107.32371520996094 978.90546874999984
leaf_weight=144 11.999999999999998 36 11.999999999999998 72 24 60 24 24 12 12 96 36 36 180 11.999999999999998 24 11.999999999999998 24 96 24 84 24 108 36 60 180 12 216 24 12
leaf_count=144 12 36 12 72 24 60 24 24 12 12 96 36 36 180 12 24 12 24 96 24 84 24 108 36 60 180 12 216 24 12
internal_value=2.02832e-06 581.777 1037.05 -116.355 354.14 -0.381588 114.971 566.326 748.95 1517.22 -166.058 226.829 -58.058 -140.844 702.061 302.956 430.592 643.202 -85.1545 150.701 -95.8906 262.963 -195.152 23.2315 -116.473 -163.321 1623.53 -182.187 40.9754 907.572
internal_weight=1728 288 96 1440 192 432 144 72 60 36 1008 120 288 540 36 60 36 36 216 60 180 48 468 72 120 360 24 324 96 24
internal_count=1728 288 96 1440 192 432 144 72 60 36 1008 120 288 540 36 60 36 36 216 60 180 48 468 72 120 360 24 324 96 24
is_linear=0
shrinkage=0.05


Tree=37
num_leaves=31
num_cat=0
split_feature=0 6 0 0 0 6 0 1 6 6 0 0 0 6 0 6 0 0 0 6 0 6 3 0 1 2 0 0 1 6
split_gain=4.22592e+10 1.05232e+10 4.09489e+09 3.75476e+09 1.43808e+09 1.35409e+09 6.39905e+08 5.30743e+08 3.33868e+08 3.32698e+08 2.93751e+08 2.76534e+08 2.35318e+08 2.33129e+08 1.7821e+08 1.56702e+08 1.35002e+08 1.08156e+08 9.85044e+07 8.9656e+07 8.47844e+07 6.20317e+07 5.36783e+07 5.32116e+07 5.25199e+07 4.91766e+07 4.40866e+07 4.33353e+07 4.18928e+07 3.85436e+07
threshold=507657.76500000007 0.15000000000000005 137286.37700000001 840329.43250000023 1048200.1775000001 0.15000000000000005 256199.82050000003 11991.799500000003 0.25000000000000006 0.25000000000000006 1048200.1775000001 256199.82050000003 684755.53550000011 0.15000000000000005 619852.88050000009 0.25000000000000006 12036.576500000001 388286.60400000011 684755.53550000011 0.25000000000000006 164842.97150000001 0.25000000000000006 62.127500000000005 1182183.7235000001 9241.5975000000017 90.431000000000012 684755.53550000011 1182183.7235000001 13436.337500000001 0.25000000000000006
decision_type=2 2 2 2 2 2 2 2 2 2 2 2 2 2 2 2 2 2 2 2 2 2 2 2 2 2 2 2 2 2
left_child=2 3 7 14 9 6 20 15 27 12 -5 19 -3 28 -2 16 -1 -8 -11 -7 -4 -13 -17 -12 -18 29 -16 -6 -9 -15
right_child=1 4 5 10 8 11 17 13 -10 18 23 21 -14 25 26 22 24 -19 -20 -21 -22 -23 -24 -25 -26 -27 -28 -29 -30 -31
leaf_value=-199.09987792968752 669.50932617187505 279.82874348958336 59.107179768880215 1239.36962890625 665.92563476562498 -17.960525274276733 310.26324462890625 -66.917035675048837 469.37839355468753 141.86124674479169 1467.8998046874999 109.00813496907551 481.9520263671875 -108.10402450561524 794.42636718749998 -214.42935194227431 -153.05889189749053 494.10776367187503 272.6337890625 -96.866246541341155 167.62269287109376 16.188356526692711 -168.13243865966797 1616.80078125 -117.29728509812128 -54.592791748046878 929.96015624999984 800.29965820312498 -4.247674763997396 -152.90889739990234
leaf_weight=120 24 36 36 11.999999999999998 12 72 24 48 24 36 12 36 24 96 12 180 264 11.999999999999998 24 72 36 36 96 12 168 24 12 12 60 96
leaf_count=120 24 36 36 12 12 72 24 48 24 36 12 36 24 96 12 180 264 12 24 72 36 36 96 12 168 24 12 12 60 96
internal_value=9.07094e-07 598.414 -102.168 1055.35 369.945 54.8686 199.425 -146.335 601.246 277.424 1441.36 -17.4095 360.678 -92.0813 765.851 -167.565 -152.184 371.545 194.17 -57.4134 113.365 62.5982 -198.326 1542.35 -139.152 -122.072 862.193 733.113 -32.1007 -130.506
internal_weight=1728 252 1476 84 168 324 108 1152 48 120 36 216 60 324 48 828 552 36 60 144 72 72 276 24 432 216 24 24 108 192
internal_count=1728 252 1476 84 168 324 108 1152 48 120 36 216 60 324 48 828 552 36 60 144 72 72 276 24 432 216 24 24 108 192
is_linear=0
shrinkage=0.05


Tree=38
num_leaves=31
num_cat=0
split_feature=0 6 0 0 0 6 1 6 0 6 6 0 0 0 0 0 6 0 6 3 6 6 4 6 0 0 4 0 0 0
split_gain=3.8139e+10 9.49719e+09 3.70499e+09 3.38867e+09 1.29787e+09 1.13145e+09 8.37404e+08 3.4378e+08 3.1589e+08 3.01316e+08 3.0026e+08 2.65111e+08 2.12375e+08 1.90007e+08 1.60835e+08 1.3503e+08 1.30471e+08 8.89002e+07 8.02302e+07 5.69686e+07 5.68669e+07 5.30398e+07 5.14706e+07 4.98556e+07 4.80235e+07 4.78057e+07 4.54248e+07 4.07937e+07 4.02561e+07 3.97882e+07
threshold=507657.76500000007 0.15000000000000005 164842.97150000001 840329.43250000023 1048200.1775000001 0.15000000000000005 13134.513000000001 0.15000000000000005 303117.76850000006 0.25000000000000006 0.25000000000000006 1048200.1775000001 684755.53550000011 31159.647000000004 619852.88050000009 303117.76850000006 0.15000000000000005 684755.53550000011 0.25000000000000006 52.614000000000004 0.15000000000000005 0.25000000000000006 37.504500000000007 0.25000000000000006 1182183.7235000001 121294.55000000002 101.94350000000001 388286.60400000011 240407.42100000003 684755.53550000011
decision_type=2 2 2 2 2 2 2 2 2 2 2 2 2 2 2 2 2 2 2 2 2 2 2 2 2 2 2 2 2 2
left_child=2 3 6 14 10 8 13 25 28 -6 12 -5 -3 20 -2 23 19 -12 26 -15 -1 -17 -18 -7 -13 -8 -9 -10 -4 -16
right_child=1 4 5 11 9 15 7 18 27 -11 17 24 -14 16 29 21 22 -19 -20 -21 -22 -23 -24 -25 -26 -27 -28 -29 -30 -31
leaf_value=-152.51869235568577 636.03388671875007 265.83729654947916 136.25964965820313 1177.40107421875 696.45703125 15.145821762084962 -17.494073079427082 -30.268913674354554 339.02846679687497 445.90946044921878 134.76818033854167 1394.5047851562499 457.85441894531255 -63.386978149414062 754.70502929687495 134.38248291015626 -128.37611321343317 259.00209960937502 -127.4687520345052 -122.22261352539063 -191.00128106011286 29.263729858398438 -167.92071380615235 -56.918662261962893 1535.9607421874998 49.45206985473633 -95.52664672851563 469.40239257812493 227.83854980468752 883.46220703124982
leaf_weight=144 24 36 24 11.999999999999998 24 48 60 48 12 24 36 12 24 72 12 24 144 24 108 96 288 24 192 48 12 48 60 12 24 12
leaf_count=144 24 36 24 12 24 48 60 48 12 24 36 12 24 72 12 24 144 24 108 96 288 24 192 48 12 48 60 12 24 12
internal_value=2.1833e-07 568.494 -97.0599 1002.59 351.447 94.2682 -129.859 -60.5774 256.105 571.183 263.553 1369.29 342.644 -153.841 727.559 13.3501 -132.984 184.462 -96.996 -97.0073 -178.174 81.8231 -150.973 -20.8864 1465.23 12.2598 -66.5232 404.215 182.049 819.084
internal_weight=1728 252 1476 84 168 216 1260 324 72 48 120 36 60 936 48 144 504 60 216 168 432 48 336 96 24 108 108 24 48 24
internal_count=1728 252 1476 84 168 216 1260 324 72 48 120 36 60 936 48 144 504 60 216 168 432 48 336 96 24 108 108 24 48 24
is_linear=0
shrinkage=0.05


Tree=39
num_leaves=31
num_cat=0
split_feature=0 6 0 1 0 6 0 6 0 0 1 6 0 6 0 0 3 2 0 0 0 6 0 6 6 0 1 2 0 0
split_gain=3.44256e+10 8.76609e+09 3.90489e+09 2.45055e+09 1.53807e+09 8.46678e+08 4.67512e+08 3.94076e+08 2.95929e+08 2.39262e+08 2.21534e+08 2.04395e+08 1.87837e+08 1.59929e+08 1.06848e+08 9.53775e+07 8.97219e+07 8.27632e+07 8.01884e+07 7.46696e+07 6.65377e+07 6.08769e+07 5.87939e+07 5.25874e+07 4.81175e+07 4.33412e+07 4.16331e+07 3.96502e+07 3.83355e+07 3.59088e+07
threshold=388286.60400000011 0.15000000000000005 840329.43250000023 14745.336000000001 840329.43250000023 0.15000000000000005 208019.18150000004 0.25000000000000006 619852.88050000009 1048200.1775000001 9241.5975000000017 0.25000000000000006 240407.42100000003 0.15000000000000005 1182183.7235000001 619852.88050000009 110.15800000000002 81.107000000000014 507657.76500000007 7391.9660000000013 619852.88050000009 0.25000000000000006 303117.76850000006 0.25000000000000006 0.25000000000000006 1182183.7235000001 16961.718500000003 25.045500000000004 55159.639500000012 684755.53550000011
decision_type=2 2 2 2 2 2 2 2 2 2 2 2 2 2 2 2 2 2 2 2 2 2 2 2 2 2 2 2 2 2
left_child=3 2 8 10 11 6 26 14 18 -4 19 15 17 28 -6 -3 -9 24 -2 -1 -13 -21 -8 -14 -7 -11 -5 -15 -12 -10
right_child=1 4 9 5 7 12 22 16 29 25 13 20 23 27 -16 -17 -18 -19 -20 21 -22 -23 -24 -25 -26 -27 -28 -29 -30 -31
leaf_value=-193.98669840494793 445.93227539062502 208.1345255533854 1118.5310546875 2.1898965835571289 542.7325439453125 -69.001680297851564 194.28170979817708 481.32246093750001 716.96977539062493 1324.7795898437498 -98.214042154947919 86.104841105143237 63.003852335611981 -178.43540344238284 725.46181640625002 336.81472167968752 313.87668457031253 -38.377294695377351 604.232177734375 -139.13981416490341 193.58358154296877 -178.95610114203561 322.0770263671875 -22.458455149332682 -132.32461181640625 1459.1626953124999 68.044115447998053 -128.65449025472006 -46.617652553982204 839.28906249999989
leaf_weight=144 11.999999999999998 36 11.999999999999998 48 24 60 36 11.999999999999998 12 12 72 36 36 48 11.999999999999998 24 24 96 24 288 24 144 11.999999999999998 36 60 12 48 240 72 12
leaf_count=144 12 36 12 48 24 60 36 12 12 12 72 36 36 48 12 24 24 96 24 288 24 144 12 36 60 12 48 240 72 12
internal_value=7.29605e-07 499.027 889.141 -99.8054 303.97 -0.170984 98.8215 486.667 642.131 1300.82 -142.506 194.351 -49.6672 -115.439 603.642 259.607 369.692 -72.9805 551.466 -162.806 129.096 -152.412 226.231 20.2727 -100.663 1391.97 35.117 -136.951 -72.4158 778.129
internal_weight=1728 288 96 1440 192 432 144 72 60 36 1008 120 288 432 36 60 36 216 36 576 60 432 48 72 120 24 96 288 144 24
internal_count=1728 288 96 1440 192 432 144 72 60 36 1008 120 288 432 36 60 36 216 36 576 60 432 48 72 120 24 96 288 144 24
is_linear=0
shrinkage=0.05


Tree=40
num_leaves=31
num_cat=0
split_feature=0 6 0 0 0 6 0 0 6 6 0 0 6 0 0 6 0 0 6 1 0 3 6 0 6 1 0 2 0 0
split_gain=3.10947e+10 7.72565e+09 3.02043e+09 2.76009e+09 1.06742e+09 1.01412e+09 5.44443e+08 3.33054e+08 2.45589e+08 2.44289e+08 2.3147e+08 2.15934e+08 1.75129e+08 1.72349e+08 1.31001e+08 8.60938e+07 7.91378e+07 7.78415e+07 7.71396e+07 7.22796e+07 7.15228e+07 6.13949e+07 4.87134e+07 4.54742e+07 4.44713e+07 4.13049e+07 3.91154e+07 3.6014e+07 3.37121e+07 3.24987e+07
threshold=507657.76500000007 0.15000000000000005 121294.55000000002 840329.43250000023 1048200.1775000001 0.15000000000000005 256199.82050000003 41777.992500000008 0.25000000000000006 0.25000000000000006 256199.82050000003 1048200.1775000001 0.15000000000000005 684755.53550000011 619852.88050000009 0.15000000000000005 164842.97150000001 388286.60400000011 0.25000000000000006 9804.0705000000016 684755.53550000011 52.614000000000004 0.25000000000000006 18495.691000000003 0.25000000000000006 15904.846000000003 1182183.7235000001 99.851500000000016 1182183.7235000001 208019.18150000004
decision_type=2 2 2 2 2 2 2 2 2 2 2 2 2 2 2 2 2 2 2 2 2 2 2 2 2 2 2 2 2 2
left_child=2 3 7 14 9 6 16 15 28 13 18 -5 19 -3 -2 23 -4 -8 29 -9 -11 -17 -14 -1 -12 -21 -13 -20 -6 -7
right_child=1 4 5 11 8 10 17 12 -10 20 24 26 22 -15 -16 21 -18 -19 27 25 -22 -23 -24 -25 -26 -27 -28 -29 -30 -31
leaf_value=-154.46081426711311 574.02055664062505 239.99403483072916 45.223615646362305 1062.6044921875 570.66987304687495 -38.979860839843752 267.66944580078126 -170.76444091796876 403.73402099609376 121.93321533203125 93.256845092773446 1258.5406249999999 -97.99285650008764 412.9730224609375 739.22294921875005 -181.22230590820314 143.29213867187499 423.63564453125002 -107.77801025390625 -55.017461954752605 233.36549072265626 -143.28891194661458 -137.50649367112382 -107.40072187943893 14.665660095214845 16.837308502197267 1386.20458984375 -35.307073974609374 689.188720703125 29.863423156738282
leaf_weight=84 24 36 48 11.999999999999998 12 60 24 11.999999999999998 24 36 36 12 156 24 24 240 36 11.999999999999998 60 120 24 192 156 132 36 24 12 24 12 24
leaf_count=84 24 36 48 12 12 60 24 12 24 36 36 12 156 24 24 240 36 12 60 120 24 192 156 132 36 24 12 24 12 24
internal_value=4.09727e-07 513.315 -87.6392 904.834 317.556 38.2945 156.975 -128.263 516.832 237.846 -21.0455 1235.78 -96.1219 309.186 656.622 -151.476 87.253 319.658 -53.1912 -52.8665 166.506 -164.363 -117.75 -125.702 53.9613 -43.0417 1322.37 -87.072 629.929 -19.3104
internal_weight=1728 252 1476 84 168 360 120 1116 48 120 240 36 468 60 48 648 84 36 168 156 60 432 312 216 72 144 24 84 24 84
internal_count=1728 252 1476 84 168 360 120 1116 48 120 240 36 468 60 48 648 84 36 168 156 60 432 312 216 72 144 24 84 24 84
is_linear=0
shrinkage=0.05


Tree=41
num_leaves=31
num_cat=0
split_feature=0 6 0 0 0 6 0 0 6 6 0 0 6 0 0 6 1 0 0 0 6 0 3 6 1 0 2 0 2 0
split_gain=2.8063e+10 6.9724e+09 2.7276e+09 2.49098e+09 9.63351e+08 9.03254e+08 4.27624e+08 3.58485e+08 2.21644e+08 2.20471e+08 1.94881e+08 1.847e+08 1.84581e+08 1.55545e+08 1.19374e+08 7.80406e+07 7.11748e+07 7.02519e+07 6.75837e+07 6.45493e+07 6.29654e+07 5.60405e+07 5.30666e+07 4.01354e+07 4.00865e+07 3.53017e+07 3.39214e+07 3.12623e+07 3.09205e+07 3.04252e+07
threshold=507657.76500000007 0.15000000000000005 137286.37700000001 840329.43250000023 1048200.1775000001 0.15000000000000005 256199.82050000003 41777.992500000008 0.25000000000000006 0.25000000000000006 1048200.1775000001 256199.82050000003 0.15000000000000005 684755.53550000011 684755.53550000011 0.25000000000000006 9804.0705000000016 388286.60400000011 7391.9660000000013 684755.53550000011 0.25000000000000006 208019.18150000004 31.224500000000003 0.25000000000000006 13436.337500000001 1182183.7235000001 90.431000000000012 619852.88050000009 99.851500000000016 1182183.7235000001
decision_type=2 2 2 2 2 2 2 2 2 2 2 2 2 2 2 2 2 2 2 2 2 2 2 2 2 2 2 2 2 2
left_child=2 3 7 14 9 6 21 15 29 13 -5 20 16 -3 27 18 -9 -8 -1 -11 -7 -4 -14 -13 -18 -12 -24 -2 -22 -6
right_child=1 4 5 10 8 11 17 12 -10 19 25 23 22 -15 -16 -17 24 -19 -20 -21 28 -23 26 -25 -26 -27 -28 -29 -30 -31
leaf_value=-168.63104858398438 545.31953125000007 227.99433593750001 61.428709793090825 1009.4743164062501 542.13637695312491 -13.754573822021484 254.28597412109377 -162.22620849609376 383.54730224609375 115.83655802408856 1195.6135742187498 88.594003295898446 -140.49141998291017 392.32437744140628 760.36347656250007 -168.44122224030673 -55.89653129577637 402.453857421875 -121.06167181105842 221.69721679687501 -103.04944000244141 155.00397949218751 -102.77183741816769 13.932377624511719 -3.7986429341634116 1316.8943359374998 -40.113362884521486 644.16015625 -33.541722106933598 654.72929687499993
leaf_weight=96 24 36 48 11.999999999999998 12 72 24 11.999999999999998 24 36 12 36 96 24 11.999999999999998 216 96 11.999999999999998 336 24 48 24 216 36 60 12 24 11.999999999999998 24 12
leaf_count=96 24 36 48 12 12 72 24 12 24 36 12 36 96 24 12 216 96 12 336 24 48 24 216 36 60 12 24 12 24 12
internal_value=9.5544e-07 487.65 -83.2572 859.592 301.678 44.9081 162.972 -119.304 490.99 225.954 1173.99 -14.1239 -87.6772 293.726 623.791 -143.902 -44.8851 303.675 -131.633 158.181 -46.8174 92.6205 -109.073 51.2632 -35.8589 1256.25 -96.506 578.266 -79.8802 598.433
internal_weight=1728 252 1476 84 168 324 108 1152 48 120 36 216 504 60 48 648 168 36 432 60 144 72 336 72 156 24 240 36 72 24
internal_count=1728 252 1476 84 168 324 108 1152 48 120 36 216 504 60 48 648 168 36 432 60 144 72 336 72 156 24 240 36 72 24
is_linear=0
shrinkage=0.05


Tree=42
num_leaves=31
num_cat=0
split_feature=0 6 0 1 0 6 0 6 0 0 1 6 0 6 0 0 0 2 0 6 0 0 0 6 6 6 4 1 0 0
split_gain=2.5338e+10 6.43346e+09 2.87045e+09 1.80975e+09 1.13893e+09 6.21676e+08 3.45887e+08 2.92954e+08 2.17535e+08 1.7588e+08 1.6577e+08 1.50644e+08 1.37272e+08 1.10369e+08 7.6236e+07 7.27392e+07 6.84905e+07 6.47073e+07 5.89458e+07 5.75653e+07 5.11865e+07 4.67448e+07 4.59066e+07 4.88138e+07 3.76349e+07 3.69852e+07 3.3161e+07 3.27997e+07 3.18597e+07 2.9248e+07
threshold=388286.60400000011 0.15000000000000005 840329.43250000023 14745.336000000001 840329.43250000023 0.15000000000000005 208019.18150000004 0.25000000000000006 619852.88050000009 1048200.1775000001 7458.433500000001 0.25000000000000006 240407.42100000003 0.25000000000000006 1182183.7235000001 1182183.7235000001 619852.88050000009 81.107000000000014 507657.76500000007 0.15000000000000005 573241.87500000012 303117.76850000006 55159.639500000012 0.15000000000000005 0.25000000000000006 0.25000000000000006 37.504500000000007 16961.718500000003 1182183.7235000001 684755.53550000011
decision_type=2 2 2 2 2 2 2 2 2 2 2 2 2 2 2 2 2 2 2 2 2 2 2 2 2 2 2 2 2 2
left_child=3 2 8 10 11 6 27 14 18 -4 19 16 17 22 -6 -9 -3 25 -2 -1 -13 -8 -12 -24 -14 -7 -15 -5 -11 -10
right_child=1 4 9 5 7 12 21 15 29 28 13 20 24 26 -16 -17 -18 -19 -20 -21 -22 -23 23 -25 -26 -27 -28 -29 -30 -31
leaf_value=-120.56707856149386 382.3311767578125 179.09733479817709 959.00058593750009 0.80165481567382812 467.64333496093752 -59.064096679687502 165.9251627604167 267.12424316406253 611.95214843749989 1135.8329101562499 -103.38214296283145 54.11075057983399 53.523484293619788 -111.94343784877233 621.99282226562502 417.89228515625001 288.141845703125 -31.748359727859498 518.05356445312498 -161.00688680013022 148.37919921875002 279.87541503906249 -39.17521913316515 -97.397596232096362 -18.775009918212891 -114.58076538085939 -152.90424804687501 59.253607559204106 1251.0496093749998 722.34531249999998
leaf_weight=132 11.999999999999998 36 11.999999999999998 48 24 60 36 24 12 12 264 24 36 84 11.999999999999998 11.999999999999998 24 96 24 264 36 11.999999999999998 72 72 36 60 120 48 12 12
leaf_count=132 12 36 12 48 24 60 36 24 12 12 264 24 36 84 12 12 24 96 24 264 36 12 72 72 36 60 120 48 12 12
internal_value=1.12233e-06 428.124 762.327 -85.6248 261.022 -0.00260589 84.8227 418.237 550.547 1115.29 -122.32 166.693 -42.4152 -106.01 519.093 317.38 222.715 -62.3451 472.813 -147.527 110.672 194.413 -90.9954 -68.2864 17.3742 -86.8224 -136.038 30.0276 1193.44 667.149
internal_weight=1728 288 96 1440 192 432 144 72 60 36 1008 120 288 612 36 36 60 216 36 396 60 48 408 144 72 120 204 96 24 24
internal_count=1728 288 96 1440 192 432 144 72 60 36 1008 120 288 612 36 36 60 216 36 396 60 48 408 144 72 120 204 96 24 24
is_linear=0
shrinkage=0.05


Tree=43
num_leaves=31
num_cat=0
split_feature=0 6 0 0 0 6 0 1 6 6 0 0 6 0 4 6 0 0 0 0 0 6 6 6 0 2 0 0 2 3
split_gain=2.28746e+10 5.67349e+09 2.23241e+09 2.02892e+09 7.92868e+08 7.49315e+08 4.00756e+08 2.48596e+08 1.80701e+08 1.79813e+08 1.68976e+08 1.58731e+08 1.52498e+08 1.26152e+08 9.72306e+07 6.0145e+07 5.83564e+07 5.64245e+07 5.568e+07 5.3115e+07 4.7648e+07 4.75344e+07 4.37876e+07 3.17784e+07 2.87535e+07 2.72329e+07 2.59858e+07 2.54633e+07 2.52644e+07 2.41211e+07
threshold=507657.76500000007 0.15000000000000005 121294.55000000002 840329.43250000023 1048200.1775000001 0.15000000000000005 256199.82050000003 9241.5975000000017 0.25000000000000006 0.25000000000000006 256199.82050000003 1048200.1775000001 0.15000000000000005 684755.53550000011 60.407000000000004 0.25000000000000006 164842.97150000001 388286.60400000011 7391.9660000000013 684755.53550000011 55159.639500000012 0.25000000000000006 0.15000000000000005 0.25000000000000006 1182183.7235000001 99.851500000000016 208019.18150000004 619852.88050000009 31.426500000000004 65.925000000000011
decision_type=2 2 2 2 2 2 2 2 2 2 2 2 2 2 2 2 2 2 2 2 2 2 2 2 2 2 2 2 2 2
left_child=2 3 7 14 9 6 16 18 -6 13 15 -5 20 -3 -2 26 -4 -8 -1 -11 -9 -14 -20 -12 -13 -17 -7 -16 -23 -24
right_child=1 4 5 11 8 10 17 12 -10 19 23 24 21 -15 27 25 -18 -19 22 -21 -22 28 29 -25 -26 -27 -28 -29 -30 -31
leaf_value=-159.86753336588544 686.22802734375 205.82234700520837 39.204961013793948 911.05058593750005 541.27028808593752 -33.046076049804689 230.42664794921876 -79.649820963541671 347.24453125000002 104.19690958658856 79.395231119791674 1079.0412109375 -86.339808010525189 353.81352539062505 492.15087890625 -93.296756591796878 123.41851806640625 363.21462402343752 -101.45418531629775 200.22476806640626 -27.138790413185404 -149.1683984375 -143.57689457646123 12.959745788574219 1188.4971679687499 -30.277217864990234 28.513602447509768 581.35454101562505 -109.43148864746095 -110.15953979492188
leaf_weight=144 11.999999999999998 36 48 11.999999999999998 24 60 24 72 24 36 36 12 180 24 24 60 36 11.999999999999998 144 24 108 60 216 36 12 24 24 11.999999999999998 120 72
leaf_count=144 12 36 48 12 24 60 24 72 24 36 36 12 180 24 24 60 36 12 144 24 108 60 216 36 12 24 24 12 120 72
internal_value=9.5544e-07 440.268 -75.1678 775.782 272.512 33.0989 135.114 -110.093 444.257 203.813 -17.9088 1059.53 -85.72 265.019 562.971 -45.3744 75.2965 274.689 -132.942 142.608 -48.1432 -104.508 -123.966 46.1775 1133.77 -75.2912 -15.4576 521.885 -122.677 -135.223
internal_weight=1728 252 1476 84 168 360 120 1116 48 120 240 36 540 60 48 168 84 36 576 60 180 360 432 72 24 84 84 36 180 288
internal_count=1728 252 1476 84 168 360 120 1116 48 120 240 36 540 60 48 168 84 36 576 60 180 360 432 72 24 84 84 36 180 288
is_linear=0
shrinkage=0.05


Tree=44
num_leaves=31
num_cat=0
split_feature=0 6 0 1 0 6 0 6 0 0 0 6 0 6 0 3 0 2 3 0 0 0 2 6 6 6 1 1 0 0
split_gain=2.06513e+10 5.23575e+09 2.338e+09 1.48408e+09 9.3098e+08 5.06551e+08 2.82506e+08 2.40068e+08 1.77183e+08 1.43255e+08 1.36525e+08 1.22878e+08 1.10139e+08 1.02198e+08 6.44754e+07 6.23211e+07 5.5077e+07 5.4813e+07 4.93455e+07 4.80118e+07 4.27226e+07 3.94528e+07 3.58576e+07 3.55255e+07 3.0089e+07 2.98971e+07 2.76292e+07 2.63357e+07 2.595e+07 2.38226e+07
threshold=388286.60400000011 0.15000000000000005 840329.43250000023 14745.336000000001 840329.43250000023 0.15000000000000005 208019.18150000004 0.25000000000000006 619852.88050000009 1048200.1775000001 31159.647000000004 0.25000000000000006 240407.42100000003 0.15000000000000005 1182183.7235000001 110.15800000000002 619852.88050000009 81.107000000000014 52.614000000000004 507657.76500000007 619852.88050000009 303117.76850000006 31.426500000000004 0.15000000000000005 0.25000000000000006 0.25000000000000006 16961.718500000003 4852.8110000000006 1182183.7235000001 684755.53550000011
decision_type=2 2 2 2 2 2 2 2 2 2 2 2 2 2 2 2 2 2 2 2 2 2 2 2 2 2 2 2 2 2
left_child=3 2 8 10 11 6 26 14 19 -4 23 16 17 18 -6 -9 -3 24 -12 -2 -13 -8 -15 -1 -7 -14 -5 -25 -11 -10
right_child=1 4 9 5 7 12 21 15 29 28 13 20 25 22 -16 -17 -18 -19 -20 -21 -22 -23 -24 27 -26 -27 -28 -29 -30 -31
leaf_value=-111.50171237521702 345.05388183593755 161.95846761067708 865.498046875 0.4599172592163086 421.88405761718752 -53.392713623046873 149.67450764973958 379.63542480468755 552.28681640624995 1025.0891601562498 -39.46257890065511 65.431401062011716 47.725575256347661 -129.21292928059896 563.82968749999998 240.08130493164063 259.74384765625001 -27.74093487262726 -90.158521270751962 467.54335937500002 151.55409545898439 254.36030273437501 -97.652765096028645 -154.69645908900671 -103.46682495117189 -16.713304901123049 54.107307052612306 -124.02788350423178 1129.0722656249998 651.91665039062491
leaf_weight=144 11.999999999999998 36 11.999999999999998 48 24 60 36 11.999999999999998 12 12 96 36 36 144 11.999999999999998 24 24 96 96 24 24 11.999999999999998 240 168 60 36 48 120 12 12
leaf_count=144 12 36 12 48 24 60 36 12 12 12 96 36 36 144 12 24 24 96 96 24 24 12 240 168 60 36 48 120 12 12
internal_value=1.15545e-06 386.507 688 -77.3014 235.76 0.235121 76.8044 377.899 496.869 1006.55 -110.531 150.477 -38.0495 -94.5954 469.199 286.599 201.073 -55.9014 -64.8106 426.714 99.8805 175.846 -109.488 -131.779 -78.4298 15.5061 27.2836 -141.918 1077.08 602.102
internal_weight=1728 288 96 1440 192 432 144 72 60 36 1008 120 288 576 36 36 60 216 192 36 60 48 384 432 120 72 96 288 24 24
internal_count=1728 288 96 1440 192 432 144 72 60 36 1008 120 288 576 36 36 60 216 192 36 60 48 384 432 120 72 96 288 24 24
is_linear=0
shrinkage=0.05


Tree=45
num_leaves=31
num_cat=0
split_feature=0 6 0 0 0 6 0 1 6 6 0 0 6 0 0 6 1 0 0 0 0 6 4 6 6 0 0 2 0 0
split_gain=1.86493e+10 4.61531e+09 1.82251e+09 1.65257e+09 6.5206e+08 6.14028e+08 3.27473e+08 2.03194e+08 1.47293e+08 1.46199e+08 1.37239e+08 1.29288e+08 1.25153e+08 1.02316e+08 7.91949e+07 5.18573e+07 4.91427e+07 4.71379e+07 4.68753e+07 4.53127e+07 4.27423e+07 3.95889e+07 3.37455e+07 2.68094e+07 2.62303e+07 2.58451e+07 2.34199e+07 2.08618e+07 2.074e+07 2.05477e+07
threshold=507657.76500000007 0.15000000000000005 121294.55000000002 840329.43250000023 1048200.1775000001 0.15000000000000005 256199.82050000003 9241.5975000000017 0.25000000000000006 0.25000000000000006 303117.76850000006 1048200.1775000001 0.25000000000000006 684755.53550000011 684755.53550000011 0.25000000000000006 13436.337500000001 7391.9660000000013 164842.97150000001 388286.60400000011 684755.53550000011 0.25000000000000006 43.561500000000002 0.25000000000000006 0.15000000000000005 208019.18150000004 1182183.7235000001 31.426500000000004 619852.88050000009 1182183.7235000001
decision_type=2 2 2 2 2 2 2 2 2 2 2 2 2 2 2 2 2 2 2 2 2 2 2 2 2 2 2 2 2 2
left_child=2 3 7 14 9 6 18 17 -6 13 15 -5 16 -3 28 25 24 -1 -4 -8 -11 -19 -17 -12 -9 -7 -13 -14 -2 -10
right_child=1 4 5 11 8 10 19 12 29 20 23 26 27 -15 -16 22 -18 21 -20 -21 -22 -23 -24 -25 -26 -27 -28 -29 -30 -31
leaf_value=-144.85924479166667 444.16616210937502 185.80354817708334 35.880532836914064 822.22314453125 489.56394042968753 -29.237172546386716 208.804443359375 -55.751170903986157 268.12512207031244 94.280116780598973 96.764974975585943 973.83466796874984 -135.50679687500002 319.0821533203125 619.32080078125 -9.7662605285644535 -29.736990131934483 -101.12376001146106 111.35665486653646 327.80119628906255 180.42264404296876 -133.23234473334421 -78.227036539713538 22.030149078369142 -87.272172777580494 24.350861612955729 1072.6186523437498 -99.397765502929701 524.67246093749998 360.65366210937498
leaf_weight=144 24 36 48 11.999999999999998 24 60 24 132 12 36 24 12 60 24 11.999999999999998 24 96 288 36 11.999999999999998 24 144 72 24 132 36 12 120 11.999999999999998 12
leaf_count=144 24 36 48 12 24 60 24 132 12 36 24 12 60 24 12 24 96 288 36 12 24 144 72 24 132 36 12 120 12 12
internal_value=4.08071e-07 397.532 -67.8713 700.143 246.226 29.9521 122.3 -99.4272 401.977 183.926 -16.2219 956.225 -77.3925 239.115 508.081 -35.1268 -60.3718 -120.085 68.2274 248.47 128.737 -111.827 -61.1118 59.3976 -71.5117 -9.14166 1023.23 -111.434 471.002 314.389
internal_weight=1728 252 1476 84 168 360 120 1116 48 120 240 36 540 60 48 192 360 576 84 36 60 432 96 48 264 96 24 180 36 24
internal_count=1728 252 1476 84 168 360 120 1116 48 120 240 36 540 60 48 192 360 576 84 36 60 432 96 48 264 96 24 180 36 24
is_linear=0
shrinkage=0.05


Tree=46
num_leaves=31
num_cat=0
split_feature=0 6 0 0 0 6 0 0 6 6 0 0 6 0 0 0 6 1 6 0 0 3 3 2 1 6 0 0 0 0
split_gain=1.6831e+10 4.16532e+09 1.64482e+09 1.49144e+09 5.88484e+08 5.5416e+08 2.96549e+08 1.8523e+08 1.32932e+08 1.31945e+08 1.23858e+08 1.16682e+08 9.36288e+07 9.23401e+07 7.14734e+07 6.65077e+07 5.49117e+07 4.73758e+07 4.68012e+07 4.38253e+07 3.85749e+07 3.14776e+07 3.08382e+07 2.56163e+07 2.55216e+07 2.41955e+07 2.33252e+07 2.11364e+07 2.03792e+07 1.87179e+07
threshold=507657.76500000007 0.15000000000000005 121294.55000000002 840329.43250000023 1048200.1775000001 0.15000000000000005 240407.42100000003 41777.992500000008 0.25000000000000006 0.25000000000000006 303117.76850000006 1048200.1775000001 0.15000000000000005 684755.53550000011 684755.53550000011 303117.76850000006 0.25000000000000006 9804.0705000000016 0.25000000000000006 7391.9660000000013 684755.53550000011 31.224500000000003 83.933000000000007 90.431000000000012 15904.846000000003 0.25000000000000006 208019.18150000004 1182183.7235000001 1182183.7235000001 619852.88050000009
decision_type=2 2 2 2 2 2 2 2 2 2 2 2 2 2 2 2 2 2 2 2 2 2 2 2 2 2 2 2 2 2
left_child=2 3 7 14 9 6 -4 16 28 13 18 -5 17 -3 29 -8 19 -9 26 -1 -11 -14 -20 -23 -19 -12 -7 -13 -6 -2
right_child=1 4 5 11 8 10 15 12 -10 20 25 27 21 -15 -16 -17 -18 24 22 -21 -22 23 -24 -25 -26 -27 -28 -29 -30 -31
leaf_value=-131.26885986328125 421.95786132812503 176.51336669921875 52.007777659098309 781.11196289062502 419.01147460937494 -27.775314178466797 153.59609985351562 -134.30897216796876 298.66990966796874 89.566111246744796 91.926727294921875 925.14296874999991 -110.12261199951172 303.12803955078124 588.354736328125 271.30660400390627 -132.35115639015481 -40.318262736002609 -86.394873046875006 -92.962639654250381 171.40151367187502 -81.800311533610028 -29.71762676239014 -27.010579299926761 16.163602447509767 20.928641510009768 23.133318837483728 1018.9876953124999 511.16000976562492 498.43881835937503
leaf_weight=96 24 36 72 11.999999999999998 12 60 24 11.999999999999998 24 36 24 12 96 24 11.999999999999998 24 216 120 48 336 24 192 48 24 24 24 36 12 12 11.999999999999998
leaf_count=96 24 36 72 12 12 60 24 12 24 36 24 12 96 24 12 24 216 120 48 336 24 192 48 24 24 24 36 12 12 12
internal_value=-6.39315e-07 377.655 -64.4777 665.136 233.915 28.4545 116.185 -94.4559 381.878 174.73 -15.4108 908.414 -70.4864 227.159 482.677 212.451 -111.767 -38.8588 -33.3704 -101.475 122.3 -86.3003 -58.0562 -75.7126 -30.9046 56.4277 -8.68458 972.065 465.086 447.452
internal_weight=1728 252 1476 84 168 360 120 1116 48 120 240 36 468 60 48 48 648 156 192 432 60 312 96 216 144 48 96 24 24 36
internal_count=1728 252 1476 84 168 360 120 1116 48 120 240 36 468 60 48 48 648 156 192 432 60 312 96 216 144 48 96 24 24 36
is_linear=0
shrinkage=0.05


Tree=47
num_leaves=31
num_cat=0
split_feature=0 6 0 1 0 6 0 6 0 0 0 6 6 0 0 0 2 0 0 0 0 6 3 6 4 1 6 6 0 4
split_gain=1.51948e+10 3.8516e+09 1.71549e+09 1.09178e+09 6.91679e+08 3.73311e+08 2.09255e+08 1.7878e+08 1.29091e+08 1.05306e+08 1.04625e+08 9.00305e+07 8.58328e+07 8.09278e+07 4.84772e+07 4.80794e+07 4.36483e+07 4.0165e+07 3.39581e+07 3.36923e+07 2.9113e+07 2.85889e+07 2.82755e+07 2.61604e+07 2.6106e+07 2.2162e+07 2.17647e+07 2.1581e+07 1.90756e+07 1.78988e+07
threshold=388286.60400000011 0.15000000000000005 840329.43250000023 14745.336000000001 840329.43250000023 0.15000000000000005 208019.18150000004 0.25000000000000006 619852.88050000009 1048200.1775000001 22666.579000000002 0.25000000000000006 0.25000000000000006 240407.42100000003 1182183.7235000001 1182183.7235000001 81.107000000000014 619852.88050000009 507657.76500000007 573241.87500000012 55159.639500000012 0.15000000000000005 81.107000000000014 0.15000000000000005 37.504500000000007 16961.718500000003 0.25000000000000006 0.25000000000000006 1182183.7235000001 14.624000000000001
decision_type=2 2 2 2 2 2 2 2 2 2 2 2 2 2 2 2 2 2 2 2 2 2 2 2 2 2 2 2 2 2
left_child=3 2 8 10 11 6 25 14 18 -4 23 17 20 16 -6 -9 26 -3 -2 -13 -12 -22 -8 29 -14 -5 -7 -15 -11 -1
right_child=1 4 9 5 7 13 22 15 -10 28 12 19 24 27 -16 -17 -18 -19 -20 -21 21 -23 -24 -25 -26 -27 -28 -29 -30 -31
leaf_value=-126.85646158854168 297.84580078125003 138.63845214843749 742.05634765625007 -0.71492843627929692 362.52021484375001 -46.78195678710938 217.63674316406252 205.11175537109375 516.22695312500002 878.88583984374986 -79.112816789415149 39.534603118896484 -86.746954345703131 40.611629231770834 485.60200195312501 327.68747558593753 -22.842968535423282 222.14348144531252 400.8599731445313 116.01565755208333 -29.299703386094837 -73.856861368815103 129.01215209960938 -125.95147715250651 -122.40361716530541 47.332345199584964 -89.369774169921882 -14.13647715250651 968.03837890624982 -84.717667643229163
leaf_weight=36 11.999999999999998 36 11.999999999999998 48 24 60 11.999999999999998 24 24 12 288 24 84 36 11.999999999999998 11.999999999999998 96 24 24 36 72 72 36 240 132 48 60 36 12 84
leaf_count=36 12 36 12 48 24 60 12 24 24 12 288 24 84 36 12 12 96 24 24 36 72 72 36 240 132 48 60 36 12 84
internal_value=-4.45931e-08 331.536 590.125 -66.3073 202.242 0.196276 65.9286 324.759 426.404 862.994 -94.8088 128.732 -82.8021 -32.6699 403.547 245.97 -47.9724 172.04 366.522 85.4232 -69.9346 -51.5783 151.168 -116.421 -108.537 23.3087 -68.0759 13.2376 923.462 -97.3593
internal_weight=1728 288 96 1440 192 432 144 72 60 36 1008 120 648 288 36 36 216 60 36 60 432 144 48 360 216 96 120 72 24 120
internal_count=1728 288 96 1440 192 432 144 72 60 36 1008 120 648 288 36 36 216 60 36 60 432 144 48 360 216 96 120 72 24 120
is_linear=0
shrinkage=0.05


Tree=48
num_leaves=31
num_cat=0
split_feature=0 6 0 0 0 6 0 1 6 6 0 6 0 0 0 6 0 1 0 0 0 6 4 2 6 3 0 6 0 2
split_gain=1.37192e+10 3.38935e+09 1.34338e+09 1.21479e+09 4.84269e+08 4.53769e+08 2.42355e+08 1.52433e+08 1.08305e+08 1.07622e+08 1.01302e+08 9.5645e+07 9.50384e+07 7.48452e+07 6.08517e+07 3.96095e+07 3.67535e+07 3.65045e+07 3.59364e+07 3.45301e+07 3.1748e+07 3.01482e+07 2.70909e+07 2.16856e+07 1.9417e+07 1.8919e+07 1.86567e+07 1.72703e+07 1.72158e+07 1.66676e+07
threshold=507657.76500000007 0.15000000000000005 121294.55000000002 840329.43250000023 1048200.1775000001 0.15000000000000005 256199.82050000003 9241.5975000000017 0.25000000000000006 0.25000000000000006 303117.76850000006 0.25000000000000006 1048200.1775000001 684755.53550000011 684755.53550000011 0.25000000000000006 7391.9660000000013 13134.513000000001 164842.97150000001 388286.60400000011 684755.53550000011 0.15000000000000005 43.561500000000002 36.14800000000001 0.25000000000000006 65.925000000000011 208019.18150000004 0.15000000000000005 1182183.7235000001 31.426500000000004
decision_type=2 2 2 2 2 2 2 2 2 2 2 2 2 2 2 2 2 2 2 2 2 2 2 2 2 2 2 2 2 2
left_child=2 3 7 14 9 6 18 16 -6 13 15 17 -5 -3 -2 26 -1 -9 -4 -8 -11 23 -17 -18 -12 -23 -7 -19 -14 -13
right_child=1 4 5 12 8 10 19 11 -10 20 24 29 28 -15 -16 22 21 27 -20 -21 -22 25 -24 -25 -26 -27 -28 -29 -30 -31
leaf_value=-125.07330322265625 403.11316731770836 159.36402994791669 30.320681190490724 704.95351562500002 420.62839355468753 -24.526229858398438 179.075439453125 -62.599023488362633 270.41644287109375 80.56170654296875 82.849139404296878 -117.49641967773437 834.94150390624986 273.35505371093751 533.12568359375007 -6.8675800323486333 -43.61798095703125 -9.8554755147298181 96.406018066406261 282.95351562500002 154.80324707031252 -112.64400306984231 -68.20779571533204 -88.427881311487283 19.247255706787112 -83.048762003580734 21.003647613525391 -47.79212631225586 919.63642578124984 -85.220615844726566
leaf_weight=144 36 36 48 11.999999999999998 24 60 24 240 24 36 24 60 12 24 11.999999999999998 24 36 60 36 11.999999999999998 24 216 72 108 24 72 36 60 12 120
leaf_count=144 36 36 48 12 24 60 24 240 24 36 24 60 12 24 12 24 36 60 36 12 24 216 72 108 24 72 36 60 12 120
internal_value=4.25621e-07 340.961 -58.2128 600.285 211.299 25.7732 105.161 -85.3051 345.522 157.609 -13.9205 -66.2201 819.844 204.96 435.616 -30.1626 -103.197 -51.3406 58.643 213.701 110.258 -95.9053 -52.8727 -77.2254 51.0482 -105.245 -7.45253 -28.8238 877.289 -95.9792
internal_weight=1728 252 1476 84 168 360 120 1116 48 120 240 540 36 60 48 192 576 360 84 36 60 432 96 144 48 288 96 120 24 180
internal_count=1728 252 1476 84 168 360 120 1116 48 120 240 540 36 60 48 192 576 360 84 36 60 432 96 144 48 288 96 120 24 180
is_linear=0
shrinkage=0.05


Tree=49
num_leaves=31
num_cat=0
split_feature=0 6 0 0 0 6 0 0 6 6 0 0 6 0 0 0 6 6 2 1 0 4 4 6 3 0 0 0 1 6
split_gain=1.23815e+10 3.05889e+09 1.2124e+09 1.09635e+09 4.37053e+08 4.09527e+08 2.20653e+08 1.38943e+08 9.77457e+07 9.71287e+07 9.14253e+07 8.57722e+07 7.11015e+07 6.75478e+07 5.49187e+07 4.86984e+07 4.41199e+07 3.57476e+07 3.30036e+07 2.87843e+07 2.86526e+07 2.74881e+07 2.44495e+07 1.75238e+07 1.71956e+07 1.68377e+07 1.60485e+07 1.58972e+07 1.56991e+07 2.18581e+07
threshold=507657.76500000007 0.15000000000000005 121294.55000000002 840329.43250000023 1048200.1775000001 0.15000000000000005 240407.42100000003 41777.992500000008 0.25000000000000006 0.25000000000000006 303117.76850000006 1048200.1775000001 0.25000000000000006 684755.53550000011 684755.53550000011 303117.76850000006 0.15000000000000005 0.25000000000000006 53.76550000000001 13436.337500000001 684755.53550000011 49.236500000000007 43.561500000000002 0.25000000000000006 31.224500000000003 208019.18150000004 1182183.7235000001 1182183.7235000001 9804.0705000000016 0.15000000000000005
decision_type=2 2 2 2 2 2 2 2 2 2 2 2 2 2 2 2 2 2 2 2 2 2 2 2 2 2 2 2 2 2
left_child=2 3 7 14 9 6 -4 16 27 13 17 -5 19 -3 -2 -8 21 25 -18 28 -11 -1 -19 -12 -14 -7 -10 -6 -9 -30
right_child=1 4 5 11 8 10 15 12 26 20 23 -13 24 -15 -16 -17 18 22 -20 -21 -22 -23 -24 -25 -26 -27 -28 -29 29 -31
leaf_value=-88.644045159755606 382.95751953125 151.39582112630208 44.543438339233404 669.70585937500005 358.90349121093749 -23.299918212890628 132.57865600585939 -94.750506591796878 216.00895996093746 76.533622233072919 78.706683349609378 833.42453613281259 -112.74207000732423 259.68729248046878 506.46938476562502 233.30348510742189 -115.03057250976563 -6.5242013931274414 -85.713856675889758 -23.719063981374106 147.06308593750001 -48.821278381347661 -64.797407531738287 18.284893035888672 -76.774742974175339 19.953465779622398 297.78227539062499 440.29047851562495 -34.987957572937013 -68.72874463399252
leaf_weight=156 36 36 72 11.999999999999998 12 60 24 24 12 36 24 24 48 24 11.999999999999998 24 288 24 144 96 24 60 72 24 108 36 12 12 96 96
leaf_count=156 36 36 72 12 12 60 24 24 12 36 24 24 48 24 12 24 288 24 144 96 24 60 72 24 108 36 12 12 96 96
internal_value=5.66023e-07 323.913 -55.3022 570.271 200.734 24.4845 99.9025 -81.0399 328.246 149.729 -13.2244 778.852 -60.2802 194.712 413.835 182.941 -96.0329 -28.6545 -105.258 -46.4995 104.745 -77.5822 -50.2291 48.4958 -87.8416 -7.0799 256.896 399.597 -56.6241 -51.8584
internal_weight=1728 252 1476 84 168 360 120 1116 48 120 240 36 468 60 48 48 648 192 432 312 60 216 96 48 156 96 24 24 216 192
internal_count=1728 252 1476 84 168 360 120 1116 48 120 240 36 468 60 48 48 648 192 432 312 60 216 96 48 156 96 24 24 216 192
is_linear=0
shrinkage=0.05


Tree=50
num_leaves=31
num_cat=0
split_feature=0 6 0 1 0 6 0 6 0 6 0 0 6 2 0 0 0 3 6 0 0 0 0 3 0 6 3 1 0 2
split_gain=1.11798e+10 2.83363e+09 1.25865e+09 8.05413e+08 5.1408e+08 2.74981e+08 1.54641e+08 1.33331e+08 9.94289e+07 8.0745e+07 7.74094e+07 6.84771e+07 6.59332e+07 6.12649e+07 3.71483e+07 3.6429e+07 2.92706e+07 2.79985e+07 2.78911e+07 2.60539e+07 2.27801e+07 2.27088e+07 2.23784e+07 2.02145e+07 2.01756e+07 2.01227e+07 2.85862e+07 1.8135e+07 1.55372e+07 1.55191e+07
threshold=388286.60400000011 0.15000000000000005 840329.43250000023 14745.336000000001 840329.43250000023 0.15000000000000005 208019.18150000004 0.25000000000000006 619852.88050000009 0.25000000000000006 1048200.1775000001 33295.90400000001 0.25000000000000006 71.424500000000009 1182183.7235000001 1182183.7235000001 619852.88050000009 48.804500000000012 0.25000000000000006 573241.87500000012 507657.76500000007 240407.42100000003 303117.76850000006 81.107000000000014 7391.9660000000013 0.15000000000000005 62.127500000000005 16961.718500000003 1182183.7235000001 63.551500000000011
decision_type=2 2 2 2 2 2 2 2 2 2 2 2 2 2 2 2 2 2 2 2 2 2 2 2 2 2 2 2 2 2
left_child=3 2 8 9 12 6 27 15 20 11 -4 24 16 18 -9 -6 -3 -11 21 -14 -2 -7 -15 -8 -1 26 -13 -5 -12 -19
right_child=1 4 10 5 7 13 23 14 -10 17 28 25 19 22 -16 -17 -18 29 -20 -21 -22 -23 -24 -25 -26 -27 -28 -29 -30 -31
leaf_value=-107.56642227172853 257.14064941406252 118.65526733398438 636.22055664062509 -1.7114208221435547 311.57985839843752 -41.577851562500001 186.13596191406251 175.14887695312501 444.77395019531252 -114.80584635416668 751.52324218749993 -26.030861218770344 32.692184448242188 -13.717769737243652 282.89316406250003 418.27592773437505 189.94125976562501 -100.46568981352307 -73.029993693033859 99.947261555989598 341.51345214843752 33.769342041015626 39.171775054931643 111.20174357096356 -80.017920995641646 -68.312000393337684 -65.970963832310275 41.75193901062012 831.98339843749989 -68.831292724609384
leaf_weight=96 11.999999999999998 36 11.999999999999998 48 24 60 11.999999999999998 24 24 180 12 96 24 120 11.999999999999998 11.999999999999998 24 84 72 36 24 11.999999999999998 24 36 216 180 84 48 12 72
leaf_count=96 12 36 12 48 24 60 12 24 24 180 12 96 24 120 12 12 24 84 72 36 24 12 24 36 216 180 84 48 12 72
internal_value=3.48798e-07 284.381 506.18 -56.8762 173.481 0.24359 56.6586 279.104 365.943 -81.3561 739.909 -71.3496 110.107 -27.9639 211.064 347.145 147.17 -101.369 -51.025 73.0452 313.389 -29.02 -4.90285 129.935 -88.4944 -56.4908 -44.6696 20.0203 791.753 -85.8652
internal_weight=1728 288 96 1440 192 432 144 72 60 1008 36 672 120 288 36 36 60 336 144 60 36 72 144 48 312 360 180 96 24 156
internal_count=1728 288 96 1440 192 432 144 72 60 1008 36 672 120 288 36 36 60 336 144 60 36 72 144 48 312 360 180 96 24 156
is_linear=0
shrinkage=0.05


Tree=51
num_leaves=31
num_cat=0
split_feature=0 6 0 0 0 6 0 0 6 6 0 0 6 0 0 0 6 6 0 0 1 2 0 3 3 6 4 6 1 0
split_gain=1.00923e+10 2.48906e+09 9.90862e+08 8.92983e+08 3.59585e+08 3.35015e+08 1.80284e+08 1.14331e+08 7.95934e+07 7.92339e+07 7.35308e+07 6.9862e+07 5.70827e+07 5.47108e+07 4.66989e+07 3.97511e+07 3.84581e+07 3.06678e+07 2.84484e+07 2.35945e+07 2.34476e+07 1.47994e+07 1.40223e+07 1.37971e+07 1.375e+07 1.34708e+07 1.4562e+07 1.3375e+07 1.31949e+07 1.25446e+07
threshold=507657.76500000007 0.15000000000000005 121294.55000000002 840329.43250000023 1048200.1775000001 0.15000000000000005 240407.42100000003 41777.992500000008 0.25000000000000006 0.25000000000000006 256199.82050000003 1048200.1775000001 0.25000000000000006 684755.53550000011 684755.53550000011 388286.60400000011 0.25000000000000006 0.25000000000000006 7391.9660000000013 684755.53550000011 13134.513000000001 99.851500000000016 1182183.7235000001 31.224500000000003 52.614000000000004 0.15000000000000005 101.94350000000001 0.25000000000000006 19012.117000000002 1182183.7235000001
decision_type=2 2 2 2 2 2 2 2 2 2 2 2 2 2 2 2 2 2 2 2 2 2 2 2 2 2 2 2 2 2
left_child=2 3 7 14 9 6 28 16 -6 13 17 -5 20 -3 -2 -8 18 -7 -1 -11 -9 -19 -13 -14 -18 -22 -27 -12 -4 -10
right_child=1 4 5 11 8 10 15 12 29 19 27 22 23 -15 -16 -17 24 21 -20 -21 25 -23 -24 -25 -26 26 -28 -29 -30 -31
leaf_value=-102.18810195922852 345.01294759114586 136.70517171223958 18.969754536946617 604.40952148437498 361.37073974609376 -8.6606694902692531 139.20281168619792 -52.853561464945471 196.45106201171873 68.830495198567718 51.920187886555993 713.94707031249993 -101.36467437744142 234.16490478515627 458.9072265625 244.28361816406252 -115.30650939941407 -64.659523925781258 -71.325308263869516 132.83253173828126 -7.92673344930013 -18.20263500213623 790.38417968749991 -69.147068617079 -89.91888529459635 7.8330154418945312 -53.747622680664065 8.8197780609130856 61.778864542643227 268.74851074218748
leaf_weight=96 36 36 36 11.999999999999998 24 84 36 192 12 36 36 12 48 24 11.999999999999998 11.999999999999998 120 60 336 24 60 24 12 108 96 11.999999999999998 48 36 36 12
leaf_count=96 36 36 36 12 24 84 36 192 12 36 36 12 48 24 12 12 120 60 336 24 60 24 12 108 96 12 48 36 36 12
internal_value=-4.53878e-07 292.44 -49.9287 514.67 181.324 22.201 90.4138 -73.1963 296.985 135.06 -11.9054 702.914 -54.3649 175.689 373.487 165.473 -86.7968 -30.0234 -78.1837 94.4313 -42.0172 -51.3861 752.166 -79.0602 -104.023 -24.6791 -41.4315 30.37 40.3743 232.6
internal_weight=1728 252 1476 84 168 360 120 1116 48 120 240 36 468 60 48 48 648 168 432 60 312 84 24 156 216 120 60 72 72 24
internal_count=1728 252 1476 84 168 360 120 1116 48 120 240 36 468 60 48 48 648 168 432 60 312 84 24 156 216 120 60 72 72 24
is_linear=0
shrinkage=0.05


Tree=52
num_leaves=31
num_cat=0
split_feature=0 6 0 0 0 6 6 1 0 0 6 0 6 1 0 3 0 2 4 0 0 3 6 6 0 4 0 1 6 4
split_gain=9.1116e+09 2.3062e+09 1.02518e+09 6.56464e+08 4.20322e+08 2.20573e+08 1.09454e+08 1.04068e+08 8.46219e+07 8.33445e+07 6.64492e+07 6.30504e+07 5.37678e+07 4.00526e+07 3.08465e+07 3.02031e+07 2.61241e+07 2.46704e+07 2.44256e+07 2.34988e+07 2.23315e+07 2.05632e+07 2.02934e+07 1.94562e+07 1.80565e+07 1.5439e+07 1.26552e+07 1.19084e+07 1.18479e+07 1.11519e+07
threshold=388286.60400000011 0.15000000000000005 840329.43250000023 121294.55000000002 840329.43250000023 0.15000000000000005 0.25000000000000006 9241.5975000000017 240407.42100000003 619852.88050000009 0.15000000000000005 1048200.1775000001 0.25000000000000006 19012.117000000002 1182183.7235000001 110.15800000000002 12036.576500000001 25.045500000000004 99.099000000000018 619852.88050000009 619852.88050000009 62.127500000000005 0.25000000000000006 0.25000000000000006 507657.76500000007 115.82000000000001 1182183.7235000001 19012.117000000002 0.25000000000000006 42.097000000000008
decision_type=2 2 2 2 2 2 2 2 2 2 2 2 2 2 2 2 2 2 2 2 2 2 2 2 2 2 2 2 2 2
left_child=3 2 9 7 12 8 14 16 27 24 18 -4 19 -7 -6 -8 -1 -12 -9 -3 -14 28 29 -18 -2 -24 -13 -5 -19 -15
right_child=1 4 11 5 6 13 15 10 -10 -11 17 26 20 22 -16 -17 23 21 -20 -21 -22 -23 25 -25 -26 -27 -28 -29 -30 -31
leaf_value=-100.11411702473958 232.0694580078125 107.30032958984376 574.18906249999998 18.021267700195313 281.11247558593749 -48.312286122639975 255.31108398437502 -48.652954973493308 132.24266764322917 402.43726806640626 -92.347666422526046 678.24970703124995 41.00530904134115 -27.869613647460938 379.29360351562502 158.15934448242189 -69.304352823893225 -57.638602120535715 -11.733661588033041 171.17243652343751 103.27086486816407 -43.816887461344407 -5.0369399070739753 -92.814607562440813 307.1871337890625 -54.152537536621097 750.864990234375 58.689921061197914 -84.194825962611617 24.93156005859375
leaf_weight=180 11.999999999999998 36 11.999999999999998 36 24 72 11.999999999999998 84 36 24 72 12 36 11.999999999999998 11.999999999999998 24 264 84 96 24 24 120 48 132 24 24 12 36 84 60
leaf_count=180 12 36 12 36 24 72 12 84 36 24 72 12 36 12 12 24 264 84 96 24 24 120 48 132 24 24 12 36 84 60
internal_value=1.68659e-07 256.732 456.828 -51.3464 156.684 11.3083 252.191 -69.5365 69.6513 330.264 -53.7673 667.768 99.3804 -17.8632 313.84 190.543 -84.3202 -66.1696 -28.9627 132.849 65.9115 -59.6251 -2.63872 -77.1411 282.148 -21.4088 714.557 38.3556 -70.9167 16.1314
internal_weight=1728 288 96 1440 192 324 72 1116 108 60 540 36 120 216 36 36 576 360 180 60 60 288 144 396 36 72 24 72 168 72
internal_count=1728 288 96 1440 192 324 72 1116 108 60 540 36 120 216 36 36 576 360 180 60 60 288 144 396 36 72 24 72 168 72
is_linear=0
shrinkage=0.05


Tree=53
num_leaves=31
num_cat=0
split_feature=0 6 0 0 0 6 1 6 0 6 6 0 6 0 0 0 2 0 1 3 0 6 6 4 2 6 0 6 2 0
split_gain=8.2281e+09 2.02481e+09 8.06416e+08 7.2734e+08 2.95664e+08 2.54112e+08 1.95408e+08 7.57307e+07 7.25624e+07 6.4766e+07 6.4442e+07 5.6903e+07 4.68657e+07 4.43111e+07 3.97086e+07 3.35952e+07 3.28451e+07 3.27997e+07 2.66337e+07 1.99121e+07 1.89475e+07 1.39579e+07 1.3918e+07 1.74703e+07 1.66146e+07 1.23335e+07 1.14213e+07 1.13514e+07 1.11558e+07 1.07973e+07
threshold=507657.76500000007 0.15000000000000005 164842.97150000001 840329.43250000023 1048200.1775000001 0.15000000000000005 11991.799500000003 0.15000000000000005 303117.76850000006 0.25000000000000006 0.25000000000000006 1048200.1775000001 0.25000000000000006 684755.53550000011 684755.53550000011 19563.351500000001 90.431000000000012 303117.76850000006 15904.846000000003 52.614000000000004 684755.53550000011 0.25000000000000006 0.15000000000000005 37.504500000000007 31.205000000000002 0.25000000000000006 1182183.7235000001 0.25000000000000006 63.551500000000011 1182183.7235000001
decision_type=2 2 2 2 2 2 2 2 2 2 2 2 2 2 2 2 2 2 2 2 2 2 2 2 2 2 2 2 2 2
left_child=2 3 6 14 10 8 12 18 -4 29 13 -5 15 -3 -2 -1 21 27 -8 -14 -12 -9 24 -24 -17 -19 -13 -7 -21 -6
right_child=1 4 5 11 9 17 7 16 -10 -11 20 26 19 -15 -16 22 -18 25 -20 28 -22 -23 23 -25 -26 -27 -28 -29 -30 -31
leaf_value=-83.085890642801928 310.81543782552086 123.44036254882813 85.38196258544923 545.47958984374998 293.25517578124999 6.1512187957763675 -21.691580672491167 -43.420330047607422 191.86142578125001 210.63303833007814 62.300944010416664 644.33720703124993 -103.20849139873799 211.1495361328125 415.83999023437502 -25.873154602050786 -10.170264625549317 64.923864746093756 21.924981689453126 -91.362256266276049 119.65514526367188 -67.536258544921878 -47.940679846869578 -79.737062581380215 -58.097529296874995 14.233851623535157 713.32172851562495 -28.235296916961673 -60.872093505859382 360.32893066406245
leaf_weight=192 36 36 48 11.999999999999998 12 48 84 120 24 24 36 12 156 24 11.999999999999998 60 48 24 60 60 24 120 72 108 120 24 12 48 60 12
leaf_count=192 36 36 48 12 12 48 84 120 24 24 36 12 156 24 12 60 48 24 60 60 24 120 72 108 120 24 12 48 60 12
internal_value=-5.51895e-07 264.053 -45.0822 464.489 163.835 44.1794 -60.3842 -33.124 120.875 268.713 121.883 634.38 -74.6069 158.524 337.072 -66.1955 -47.927 5.83159 -3.51801 -91.4297 85.2426 -55.4783 -57.1873 -67.0185 -47.3561 39.5789 678.829 -11.042 -76.1172 326.792
internal_weight=1728 252 1476 84 168 216 1260 432 72 48 120 36 828 60 48 552 288 144 144 276 60 240 360 180 180 48 24 96 120 24
internal_count=1728 252 1476 84 168 216 1260 432 72 48 120 36 828 60 48 552 288 144 144 276 60 240 360 180 180 48 24 96 120 24
is_linear=0
shrinkage=0.05


Tree=54
num_leaves=31
num_cat=0
split_feature=0 6 0 1 0 6 0 6 0 6 0 4 6 0 1 0 0 2 0 2 0 3 0 0 1 4 6 6 0 6
split_gain=7.42644e+09 1.88052e+09 8.3345e+08 5.4076e+08 3.44247e+08 1.82168e+08 1.02948e+08 8.98892e+07 6.92743e+07 5.88564e+07 5.1355e+07 4.87393e+07 4.36834e+07 4.20381e+07 4.0987e+07 2.59314e+07 2.47052e+07 2.38915e+07 1.94685e+07 1.8944e+07 1.87749e+07 1.68455e+07 1.44464e+07 1.36928e+07 1.25455e+07 1.18292e+07 1.1648e+07 1.13384e+07 1.03077e+07 1.02226e+07
threshold=388286.60400000011 0.15000000000000005 840329.43250000023 14745.336000000001 840329.43250000023 0.15000000000000005 208019.18150000004 0.25000000000000006 619852.88050000009 0.15000000000000005 1048200.1775000001 56.118500000000004 0.25000000000000006 240407.42100000003 4852.8110000000006 1182183.7235000001 1182183.7235000001 81.107000000000014 573241.87500000012 22.312000000000005 573241.87500000012 31.224500000000003 303117.76850000006 507657.76500000007 16961.718500000003 13.022000000000002 0.25000000000000006 0.25000000000000006 1182183.7235000001 0.25000000000000006
decision_type=2 2 2 2 2 2 2 2 2 2 2 2 2 2 2 2 2 2 2 2 2 2 2 2 2 2 2 2 2 2
left_child=3 2 8 9 12 6 24 16 23 11 -4 25 18 17 -11 -9 -6 27 -3 -16 -14 -21 -8 -2 -5 -1 -19 -7 -12 -15
right_child=1 4 10 5 7 13 22 15 -10 14 28 -13 20 29 19 -17 -18 26 -20 21 -22 -23 -24 -25 -26 -27 -28 -29 -30 -31
leaf_value=-85.412434387207043 210.87290039062501 84.860363769531261 518.20561523437505 -1.6034598350524902 254.44672851562501 -33.043938293457032 90.31656087239584 141.99417724609376 364.14901123046877 -96.345606776646207 612.12036132812489 -23.778853785196944 25.152683258056641 29.416145833333331 -111.18001098632813 232.01389160156251 342.31247558593753 2.4682834625244143 142.99770914713542 -78.425545174734935 82.244938151041666 -58.787393834040714 153.663818359375 276.2869873046875 34.546527862548828 -57.267517380487362 -32.36463899612427 -63.782632446289064 677.65566406249991 -8.2642527262369807
leaf_weight=48 11.999999999999998 24 11.999999999999998 48 24 60 36 24 24 168 12 120 24 36 24 11.999999999999998 11.999999999999998 48 36 168 36 312 11.999999999999998 24 48 168 48 60 12 36
leaf_count=48 12 24 12 48 24 60 36 24 24 168 12 120 24 36 24 12 12 48 36 168 36 312 12 24 48 168 48 60 12 36
internal_value=1.50115e-07 231.779 412.466 -46.3557 141.435 0.447866 46.3655 227.868 298.349 -66.4144 602.661 -49.328 89.5754 -22.5109 -74.9576 172.001 283.735 -33.5399 119.743 -67.8283 59.408 -65.6607 106.153 254.482 16.4715 -63.5219 -14.9482 -48.4133 644.888 10.5759
internal_weight=1728 288 96 1440 192 432 144 72 60 1008 36 336 120 288 672 36 36 216 60 504 60 480 48 36 96 216 96 120 24 72
internal_count=1728 288 96 1440 192 432 144 72 60 1008 36 336 120 288 672 36 36 216 60 504 60 480 48 36 96 216 96 120 24 72
is_linear=0
shrinkage=0.05


Tree=55
num_leaves=31
num_cat=0
split_feature=0 6 0 0 0 6 0 0 6 6 0 0 6 0 0 6 6 2 4 1 6 0 0 4 0 1 6 3 0 0
split_gain=6.70533e+09 1.64809e+09 6.6191e+08 5.92423e+08 2.43556e+08 2.24313e+08 1.23015e+08 7.90088e+07 5.27008e+07 5.23879e+07 4.99321e+07 4.63478e+07 3.93844e+07 3.64674e+07 3.37639e+07 2.89435e+07 2.13715e+07 2.06547e+07 1.84582e+07 1.76467e+07 1.78028e+07 1.72491e+07 1.72359e+07 1.58045e+07 1.55997e+07 1.17011e+07 1.00339e+07 9.77741e+06 9.30269e+06 9.28205e+06
threshold=507657.76500000007 0.15000000000000005 121294.55000000002 840329.43250000023 1048200.1775000001 0.15000000000000005 256199.82050000003 41777.992500000008 0.25000000000000006 0.25000000000000006 303117.76850000006 1048200.1775000001 0.25000000000000006 684755.53550000011 684755.53550000011 0.15000000000000005 0.25000000000000006 63.551500000000011 25.389500000000002 9804.0705000000016 0.15000000000000005 164842.97150000001 388286.60400000011 43.561500000000002 684755.53550000011 15904.846000000003 0.25000000000000006 31.224500000000003 1182183.7235000001 208019.18150000004
decision_type=2 2 2 2 2 2 2 2 2 2 2 2 2 2 2 2 2 2 2 2 2 2 2 2 2 2 2 2 2 2
left_child=2 3 7 14 9 6 21 15 -6 13 16 -5 19 -3 -2 18 29 -17 -1 -9 25 -4 -8 -18 -11 -21 -12 -14 -13 -7
right_child=1 4 5 11 8 10 22 12 -10 24 26 28 27 -15 -16 17 23 -19 -20 20 -22 -23 -24 -25 -26 -27 -28 -29 -30 -31
leaf_value=-69.149486490885423 279.99596354166664 111.08741455078126 21.308820533752442 492.29536132812501 295.53345947265626 -16.416695861816407 126.93829956054688 -74.995680236816412 190.75118408203127 56.025191243489587 58.820761108398443 581.51435546874995 -83.348989868164068 190.65595092773438 376.84055175781253 -84.336483837309345 -2.5981969833374023 -58.038907623291017 -39.734703540802002 -24.313544184366862 -42.802145343356671 67.093556722005218 200.32926025390626 -49.449822998046876 108.06641235351563 13.930894470214845 13.099948120117189 -56.227611965603302 643.77285156249991 15.697765858968101
leaf_weight=120 36 36 48 11.999999999999998 24 60 24 24 24 36 24 12 48 24 11.999999999999998 336 24 96 96 120 144 36 11.999999999999998 72 24 24 24 108 12 36
leaf_count=120 36 36 48 12 24 60 24 24 24 36 24 12 48 24 12 336 24 96 96 120 144 36 12 72 24 24 24 108 12 36
internal_value=2.21641e-07 238.37 -40.6973 419.202 147.954 18.2559 74.0722 -59.7144 243.142 109.878 -9.6522 572.528 -44.0599 142.915 304.207 -71.0205 -21.0553 -78.4926 -56.0762 -33.8035 -30.3708 40.9309 151.402 -37.7369 76.8417 -17.9395 35.9604 -64.5727 612.644 -4.37377
internal_weight=1728 252 1476 84 168 360 120 1116 48 120 240 36 468 60 48 648 192 432 216 312 288 84 36 96 60 144 48 156 24 96
internal_count=1728 252 1476 84 168 360 120 1116 48 120 240 36 468 60 48 648 192 432 216 312 288 84 36 96 60 144 48 156 24 96
is_linear=0
shrinkage=0.05


Tree=56
num_leaves=31
num_cat=0
split_feature=0 6 0 0 0 6 0 0 6 6 0 0 6 0 0 6 0 6 1 6 0 0 4 0 1 2 6 3 1 0
split_gain=6.05156e+09 1.4874e+09 5.97374e+08 5.34662e+08 2.1981e+08 2.02442e+08 1.11021e+08 7.13054e+07 4.75624e+07 4.72801e+07 4.50637e+07 4.18289e+07 3.55445e+07 3.29119e+07 3.153e+07 2.66405e+07 1.93018e+07 1.92878e+07 1.59261e+07 1.6067e+07 1.55673e+07 1.55554e+07 1.42636e+07 1.40788e+07 1.05602e+07 9.48718e+06 9.05558e+06 8.93669e+06 8.70141e+06 8.4472e+06
threshold=507657.76500000007 0.15000000000000005 121294.55000000002 840329.43250000023 1048200.1775000001 0.15000000000000005 256199.82050000003 41777.992500000008 0.25000000000000006 0.25000000000000006 303117.76850000006 1048200.1775000001 0.25000000000000006 684755.53550000011 619852.88050000009 0.25000000000000006 7391.9660000000013 0.25000000000000006 9804.0705000000016 0.15000000000000005 164842.97150000001 388286.60400000011 43.561500000000002 684755.53550000011 15904.846000000003 31.205000000000002 0.25000000000000006 67.669000000000025 7458.433500000001 1182183.7235000001
decision_type=2 2 2 2 2 2 2 2 2 2 2 2 2 2 2 2 2 2 2 2 2 2 2 2 2 2 2 2 2 2
left_child=2 3 7 14 9 6 20 15 29 13 17 -5 18 -3 -2 16 -1 -7 -9 24 -4 -8 -19 -11 -20 -17 -12 -14 -27 -6
right_child=1 4 5 11 8 10 21 12 -10 23 26 -13 27 -15 -16 25 -18 22 19 -21 -22 -23 -24 -25 -26 28 -28 -29 -30 -31
leaf_value=-80.073249816894531 248.47285156250001 105.53304036458333 20.243378829956058 467.68056640625002 251.09340820312497 -4.1550843238830568 120.59138183593751 -71.245898437500003 181.21362915039063 53.223928833007818 55.879721069335943 582.01142578125007 -70.804998779296881 181.12315673828127 329.52064208984376 -101.41083221435548 -54.651497822716124 -2.4682871818542482 -23.097866388956707 -40.662037616305888 63.738879394531253 190.31279296875002 -46.977331542968756 102.66309509277345 13.234349822998048 -84.687150291160307 12.444950675964357 -46.206450195312499 -60.938883056640627 310.42019042968747
leaf_weight=96 24 36 48 11.999999999999998 12 96 24 24 24 36 24 24 96 24 24 48 336 24 120 144 36 11.999999999999998 72 24 24 108 24 60 60 12
leaf_count=96 24 36 48 12 12 96 24 24 24 36 24 24 96 24 24 48 336 24 120 144 36 12 72 24 24 108 24 60 60 12
internal_value=5.73971e-09 226.451 -38.6624 398.241 140.556 17.3431 70.3686 -56.7287 230.985 104.384 -9.16959 543.901 -41.8569 135.769 288.997 -67.4694 -60.3008 -20.0026 -32.1133 -28.8523 38.8843 143.832 -35.8501 72.9996 -17.0425 -81.8068 34.1623 -61.344 -76.2056 280.757
internal_weight=1728 252 1476 84 168 360 120 1116 48 120 240 36 468 60 48 648 432 192 312 288 84 36 96 60 144 216 48 156 168 24
internal_count=1728 252 1476 84 168 360 120 1116 48 120 240 36 468 60 48 648 432 192 312 288 84 36 96 60 144 216 48 156 168 24
is_linear=0
shrinkage=0.05


Tree=57
num_leaves=31
num_cat=0
split_feature=0 6 0 0 0 6 0 0 6 6 0 0 6 0 0 6 0 2 6 4 1 3 0 1 0 1 0 3 1 6
split_gain=5.46153e+09 1.34238e+09 5.3913e+08 4.82532e+08 1.98378e+08 1.82704e+08 1.00484e+08 6.43532e+07 4.29251e+07 4.26703e+07 4.067e+07 3.77506e+07 3.20789e+07 2.9703e+07 2.87087e+07 2.48192e+07 2.26066e+07 1.80184e+07 1.74072e+07 1.63944e+07 1.44787e+07 1.32783e+07 1.27061e+07 9.01232e+06 8.44641e+06 8.43512e+06 8.39567e+06 8.36229e+06 8.35846e+06 8.17266e+06
threshold=507657.76500000007 0.15000000000000005 121294.55000000002 840329.43250000023 1048200.1775000001 0.15000000000000005 240407.42100000003 41777.992500000008 0.25000000000000006 0.25000000000000006 303117.76850000006 1048200.1775000001 0.25000000000000006 684755.53550000011 684755.53550000011 0.15000000000000005 303117.76850000006 53.76550000000001 0.25000000000000006 25.389500000000002 13134.513000000001 83.933000000000007 684755.53550000011 9804.0705000000016 1182183.7235000001 19012.117000000002 1182183.7235000001 31.224500000000003 7848.9580000000014 0.25000000000000006
decision_type=2 2 2 2 2 2 2 2 2 2 2 2 2 2 2 2 2 2 2 2 2 2 2 2 2 2 2 2 2 2
left_child=2 3 7 14 9 6 -4 15 -6 13 18 -5 20 -3 -2 19 -8 -17 25 -1 23 -20 -11 -9 -10 -7 -13 -14 -19 -12
right_child=1 4 5 11 8 10 16 12 24 22 29 26 27 -15 -16 17 -18 28 21 -21 -22 -23 -24 -25 -26 -27 -28 -29 -30 -31
leaf_value=-62.578111979166671 252.22171223958335 100.25639038085939 29.492230478922529 444.29653320312502 266.71894531250001 -23.081268819173179 88.573382568359378 -67.683601379394531 142.49094238281248 50.56273295084636 53.085734558105472 523.33808593749995 -75.641288757324219 172.06699829101564 341.52248535156252 -78.235834121704102 157.20064697265627 -68.620359632703995 -52.652958679199223 -34.856507492065433 -16.883251101175944 -15.462173748016358 97.529937744140625 -34.928512918381465 201.81494140625 7.5330335998535167 582.48364257812489 -50.559273613823791 -44.527864074707033 11.82270336151123
leaf_weight=120 36 36 72 11.999999999999998 24 36 24 24 12 36 24 12 48 24 11.999999999999998 288 24 72 48 96 120 48 24 168 12 60 12 108 72 24
leaf_count=120 36 36 72 12 24 36 24 24 12 36 24 12 48 24 12 288 24 72 48 96 120 48 24 168 12 60 12 108 72 24
internal_value=-2.20758e-08 215.129 -36.7293 378.329 133.528 16.476 66.8501 -53.8923 219.436 99.1651 -8.71111 516.706 -39.764 128.981 274.547 -64.096 122.887 -71.0153 -19.0024 -50.2574 -30.5076 -34.0576 69.3496 -39.0229 172.153 -3.94733 552.911 -58.2768 -56.5741 32.4542
internal_weight=1728 252 1476 84 168 360 120 1116 48 120 240 36 468 60 48 648 48 432 192 216 312 96 60 192 24 96 24 156 144 48
internal_count=1728 252 1476 84 168 360 120 1116 48 120 240 36 468 60 48 648 48 432 192 216 312 96 60 192 24 96 24 156 144 48
is_linear=0
shrinkage=0.05


Tree=58
num_leaves=31
num_cat=0
split_feature=0 6 0 1 0 6 0 6 0 6 4 0 2 1 6 0 0 4 1 0 6 0 0 0 0 1 0 0 0 6
split_gain=4.93145e+09 1.24858e+09 5.51875e+08 3.60726e+08 2.32269e+08 1.19926e+08 6.98196e+07 6.12835e+07 4.8326e+07 4.11842e+07 3.66418e+07 3.40699e+07 2.95617e+07 2.94502e+07 2.87485e+07 1.91692e+07 1.74138e+07 1.54565e+07 1.4146e+07 1.39782e+07 1.3937e+07 1.31169e+07 1.28189e+07 1.23943e+07 1.01739e+07 9.80025e+06 8.16112e+06 7.7361e+06 7.57711e+06 7.56843e+06
threshold=388286.60400000011 0.15000000000000005 840329.43250000023 14745.336000000001 840329.43250000023 0.15000000000000005 240407.42100000003 0.25000000000000006 619852.88050000009 0.15000000000000005 82.975500000000011 1048200.1775000001 71.424500000000009 4852.8110000000006 0.25000000000000006 1182183.7235000001 1182183.7235000001 37.504500000000007 16961.718500000003 619852.88050000009 0.25000000000000006 573241.87500000012 240407.42100000003 63082.982000000011 303117.76850000006 2158.8095000000008 507657.76500000007 33295.90400000001 1182183.7235000001 0.25000000000000006
decision_type=2 2 2 2 2 2 2 2 2 2 2 2 2 2 2 2 2 2 2 2 2 2 2 2 2 2 2 2 2 2
left_child=3 2 8 9 14 6 18 16 26 10 25 -4 20 -11 21 -9 -6 27 -5 -16 22 -3 -7 -19 29 -1 -2 -15 -13 -14
right_child=1 4 11 5 7 12 -8 15 -10 13 -12 28 24 17 19 -17 -18 23 -20 -21 -22 -23 -24 -25 -26 -27 -28 -29 -30 -31
leaf_value=-81.451159667968753 172.93712158203127 68.500769042968756 422.08173828125001 -2.6242389678955078 207.79459228515626 -28.075200500488279 98.011175537109381 114.3265869140625 298.20101318359377 -79.433623395647317 -15.8738235756203 497.17114257812494 4.4562818908691408 -55.72940394083659 28.482087453206379 191.72419433593751 281.563232421875 -71.610098048618866 33.792624816894538 77.744390869140631 -49.750386047363286 116.22115885416667 28.53517761230469 -50.570785522460938 27.560735321044923 -47.673054474475343 223.4381103515625 -36.686561075846356 553.35947265624998 -20.657510585784912
leaf_weight=24 11.999999999999998 24 11.999999999999998 48 24 60 36 24 24 168 108 12 60 96 36 11.999999999999998 11.999999999999998 168 60 24 72 36 11.999999999999998 120 24 204 24 120 12 60
leaf_count=24 12 24 12 48 24 60 36 24 24 168 108 12 60 96 36 12 12 168 60 24 72 36 12 120 24 204 24 120 12 60
internal_value=-5.85009e-08 188.873 336.103 -37.7746 115.258 0.451997 37.7083 186.255 243.243 -54.1575 -39.8646 490.871 -18.1762 -61.3039 72.66 140.126 232.384 -55.2607 17.6074 48.187 -34.1953 97.133 -18.6401 -62.8437 -2.15706 -51.2286 206.604 -45.15 525.265 -8.10061
internal_weight=1728 288 96 1440 192 432 144 72 60 1008 336 36 288 672 120 36 36 504 108 60 144 60 72 288 144 228 36 216 24 120
internal_count=1728 288 96 1440 192 432 144 72 60 1008 336 36 288 672 120 36 36 504 108 60 144 60 72 288 144 228 36 216 24 120
is_linear=0
shrinkage=0.05


Tree=59
num_leaves=31
num_cat=0
split_feature=0 6 0 0 0 6 0 0 6 6 0 0 6 0 0 6 0 6 1 6 0 0 0 4 1 2 3 0 0 0
split_gain=4.45159e+09 1.09236e+09 4.40561e+08 3.93026e+08 1.63159e+08 1.49627e+08 8.23012e+07 5.23857e+07 3.48884e+07 3.45626e+07 3.27112e+07 3.07481e+07 2.71345e+07 2.44375e+07 2.44097e+07 2.16422e+07 1.54727e+07 1.48825e+07 1.25774e+07 1.28719e+07 1.21053e+07 1.18189e+07 1.01908e+07 9.2149e+06 8.14107e+06 7.86444e+06 6.99309e+06 6.8547e+06 6.83834e+06 6.65841e+06
threshold=507657.76500000007 0.15000000000000005 121294.55000000002 840329.43250000023 1048200.1775000001 0.15000000000000005 256199.82050000003 41777.992500000008 0.25000000000000006 0.25000000000000006 256199.82050000003 1048200.1775000001 0.25000000000000006 684755.53550000011 684755.53550000011 0.25000000000000006 7391.9660000000013 0.25000000000000006 9804.0705000000016 0.15000000000000005 164842.97150000001 388286.60400000011 684755.53550000011 122.55800000000001 15904.846000000003 31.205000000000002 67.669000000000025 208019.18150000004 1182183.7235000001 1182183.7235000001
decision_type=2 2 2 2 2 2 2 2 2 2 2 2 2 2 2 2 2 2 2 2 2 2 2 2 2 2 2 2 2 2
left_child=2 3 7 14 9 6 20 15 29 13 17 -5 18 -3 -2 16 -1 27 -9 24 -4 -8 -11 -19 -20 -17 -14 -7 -13 -6
right_child=1 4 5 11 8 10 21 12 -10 22 -12 28 26 -15 -16 25 -18 23 19 -21 -22 -23 -24 -25 -26 -27 -28 -29 -30 -31
leaf_value=-69.122602844238287 227.19267578125002 90.227852376302096 16.977389192581178 400.97763671875003 214.81306152343745 -14.093199157714844 103.51690979003907 -62.190432739257815 155.89402465820314 45.789454142252609 20.339809560775759 472.31259765624992 -61.323331069946292 155.36325683593751 309.53630371093755 -88.65240478515625 -46.361706456683933 -24.349350403547291 -19.262794748942056 -35.087030431959363 55.332697550455727 164.29027099609377 87.851669311523438 -61.007778930664067 12.637585449218751 -65.703844052269346 -39.563488159179691 17.523946762084961 525.69150390624998 267.48505859374995
leaf_weight=96 36 36 48 11.999999999999998 12 60 24 24 24 36 72 12 96 24 11.999999999999998 48 336 60 120 144 36 11.999999999999998 24 24 24 168 60 24 12 12
leaf_count=96 36 36 48 12 12 60 24 24 24 36 72 12 96 24 12 48 336 60 120 144 36 12 24 24 24 168 60 24 12 12
internal_value=4.15397e-07 194.222 -33.1599 341.442 120.612 14.9363 60.5232 -48.6748 198.522 89.4482 -7.85708 466.327 -35.9277 116.282 247.779 -57.881 -51.4197 -19.9415 -27.4145 -24.5165 33.4154 123.775 62.6143 -34.8232 -13.9461 -70.8035 -52.9542 -5.05973 499.002 241.149
internal_weight=1728 252 1476 84 168 360 120 1116 48 120 240 36 468 60 48 648 432 168 312 288 84 36 60 84 144 216 156 84 24 24
internal_count=1728 252 1476 84 168 360 120 1116 48 120 240 36 468 60 48 648 432 168 312 288 84 36 60 84 144 216 156 84 24 24
is_linear=0
shrinkage=0.05


Tree=60
num_leaves=31
num_cat=0
split_feature=0 6 0 1 0 6 0 6 0 6 4 0 2 1 6 3 3 4 0 6 0 0 0 3 4 0 1 0 0 0
split_gain=4.01892e+09 1.01625e+09 4.49506e+08 2.9426e+08 1.89965e+08 9.71706e+07 5.7826e+07 5.04149e+07 4.05553e+07 3.45958e+07 3.15026e+07 2.77502e+07 2.51234e+07 2.50589e+07 2.37528e+07 1.6509e+07 1.39225e+07 1.37777e+07 1.20418e+07 1.16046e+07 1.07243e+07 1.0695e+07 1.06649e+07 8.71341e+06 8.25346e+06 8.23794e+06 7.95238e+06 6.77837e+06 6.65711e+06 6.43137e+06
threshold=388286.60400000011 0.15000000000000005 840329.43250000023 14745.336000000001 840329.43250000023 0.15000000000000005 208019.18150000004 0.25000000000000006 619852.88050000009 0.15000000000000005 56.118500000000004 1048200.1775000001 71.424500000000009 4852.8110000000006 0.25000000000000006 110.15800000000002 110.15800000000002 37.504500000000007 573241.87500000012 0.25000000000000006 240407.42100000003 63082.982000000011 619852.88050000009 81.107000000000014 13.022000000000002 303117.76850000006 16961.718500000003 100590.71350000003 33295.90400000001 507657.76500000007
decision_type=2 2 2 2 2 2 2 2 2 2 2 2 2 2 2 2 2 2 2 2 2 2 2 2 2 2 2 2 2 2
left_child=3 2 8 9 14 6 26 16 29 10 24 -4 19 -11 22 -9 -6 28 -16 20 -7 -19 -3 -8 -1 -14 27 -5 -15 -2
right_child=1 4 11 5 7 12 23 15 -10 13 -12 -13 25 17 18 -17 -18 21 -20 -21 -22 -23 -24 -25 -26 -27 -28 -29 -30 -31
leaf_value=-65.494326782226565 156.07575683593751 70.600626627604171 380.92875976562505 -35.378781127929692 254.11081542968751 -25.546904296874999 115.66770019531251 174.34328613281252 269.87274169921875 -72.171229771205361 -15.257506262461346 474.05195312500001 -6.9238842964172367 -50.141294733683274 15.888226699829103 102.51661376953126 188.15045776367188 -65.175858633858823 61.611282348632812 -45.305010986328128 26.232220458984376 -45.631986694335943 113.63027954101562 66.470217895507815 -41.985025751023073 25.165708923339846 25.946812438964844 8.013397725423177 -32.476302134195969 200.90658569335938
leaf_weight=48 11.999999999999998 36 11.999999999999998 11.999999999999998 11.999999999999998 60 11.999999999999998 11.999999999999998 24 168 120 24 120 96 24 24 24 168 36 72 11.999999999999998 120 24 36 168 24 48 36 120 24
leaf_count=48 12 36 12 12 12 60 12 12 24 168 120 24 120 96 24 24 24 168 36 72 12 120 24 36 168 24 48 36 120 24
internal_value=4.94498e-07 170.505 303.333 -34.1011 104.091 0.424645 33.9606 168.298 219.527 -48.8978 -35.798 443.011 -16.3433 -55.4477 65.5673 126.459 210.137 -49.8732 43.3221 -31.111 -16.9171 -57.0326 87.8125 78.7696 -47.2093 -1.57562 11.5561 -2.83465 -40.3274 185.963
internal_weight=1728 288 96 1440 192 432 144 72 60 1008 336 36 288 672 120 36 36 504 60 144 72 288 60 48 216 144 96 48 216 36
internal_count=1728 288 96 1440 192 432 144 72 60 1008 336 36 288 672 120 36 36 504 60 144 72 288 60 48 216 144 96 48 216 36
is_linear=0
shrinkage=0.05


Tree=61
num_leaves=31
num_cat=0
split_feature=0 6 0 0 0 6 0 0 6 6 0 6 0 0 0 6 3 0 1 0 6 0 0 4 1 6 3 0 0 0
split_gain=3.62833e+09 8.88931e+08 3.59309e+08 3.20122e+08 1.34224e+08 1.2206e+08 6.74881e+07 4.28746e+07 2.83538e+07 2.81695e+07 2.66001e+07 2.54255e+07 2.50445e+07 2.0754e+07 2.01278e+07 1.65159e+07 1.22e+07 1.20406e+07 1.05645e+07 9.87281e+06 9.78335e+06 9.49934e+06 8.39397e+06 6.9661e+06 6.8655e+06 6.51152e+06 6.25339e+06 6.1716e+06 5.89801e+06 5.7381e+06
threshold=507657.76500000007 0.15000000000000005 121294.55000000002 840329.43250000023 1048200.1775000001 0.15000000000000005 256199.82050000003 38531.177500000013 0.25000000000000006 0.25000000000000006 303117.76850000006 0.25000000000000006 1048200.1775000001 684755.53550000011 840329.43250000023 0.25000000000000006 83.933000000000007 7391.9660000000013 13134.513000000001 164842.97150000001 0.25000000000000006 388286.60400000011 684755.53550000011 43.756000000000007 6575.9135000000015 0.25000000000000006 67.669000000000025 1182183.7235000001 619852.88050000009 1182183.7235000001
decision_type=2 2 2 2 2 2 2 2 2 2 2 2 2 2 2 2 2 2 2 2 2 2 2 2 2 2 2 2 2 2
left_child=2 3 7 13 9 6 19 15 -6 14 16 18 -5 -2 28 17 20 -1 -9 -4 -7 -8 -11 24 -17 -12 -13 -14 -3 -10
right_child=1 4 5 12 8 10 21 11 29 22 25 26 27 -15 -16 23 -18 -19 -20 -21 -22 -23 -24 -25 -26 -27 -28 -29 -30 -31
leaf_value=-62.518700790405276 204.63828125000001 72.895214843749997 15.279514694213868 361.88232421875 218.03507690429689 -12.053711700439454 93.787609863281261 -31.816287499886972 116.72952880859373 41.181467692057296 44.618763732910161 -56.221100531684037 424.99438476562494 280.56586914062501 162.82099609375001 -67.720980689639134 -2.8079190850257874 -42.269346562410014 -13.313075205485028 49.917943318684898 -43.977038574218753 148.27196044921877 79.355886840820318 -78.771881103515625 -45.576162109375005 7.7871590137481697 -36.088736572265624 475.70434570312494 107.94876098632812 165.62612304687499
leaf_weight=96 36 24 48 11.999999999999998 24 48 24 216 12 36 24 108 12 11.999999999999998 11.999999999999998 84 96 312 120 36 48 11.999999999999998 24 60 60 24 60 12 24 12
leaf_count=96 36 24 48 12 24 48 24 216 12 36 24 108 12 12 12 84 96 312 120 36 48 12 24 60 60 24 60 12 24 12
internal_value=3.18333e-07 175.345 -29.937 308.152 108.942 13.4982 54.6719 -43.9484 179.606 80.6765 -7.08873 -33.149 420.86 223.62 104.902 -52.842 -15.4116 -47.0339 -25.208 30.1246 -28.0154 111.949 56.4512 -64.4581 -58.494 26.203 -49.031 450.349 90.422 141.178
internal_weight=1728 252 1476 84 168 360 120 1116 48 120 240 504 36 48 60 612 192 408 336 84 96 36 60 204 144 48 168 24 48 24
internal_count=1728 252 1476 84 168 360 120 1116 48 120 240 504 36 48 60 612 192 408 336 84 96 36 60 204 144 48 168 24 48 24
is_linear=0
shrinkage=0.05


Tree=62
num_leaves=31
num_cat=0
split_feature=0 6 0 0 0 6 0 1 6 6 6 0 0 0 0 0 0 6 1 6 0 6 4 3 6 0 2 3 0 3
split_gain=3.27457e+09 8.0226e+08 3.24276e+08 2.8891e+08 1.21137e+08 1.10159e+08 6.12595e+07 3.89696e+07 2.80369e+07 2.55893e+07 2.5423e+07 2.41642e+07 2.26027e+07 1.94278e+07 1.81653e+07 1.43462e+07 1.23521e+07 1.04009e+07 9.45048e+06 9.29321e+06 7.57556e+06 6.93009e+06 8.1538e+06 6.72078e+06 6.48962e+06 6.14241e+06 6.00986e+06 5.57551e+06 5.56986e+06 5.42345e+06
threshold=507657.76500000007 0.15000000000000005 121294.55000000002 840329.43250000023 1048200.1775000001 0.15000000000000005 240407.42100000003 9241.5975000000017 0.25000000000000006 0.25000000000000006 0.25000000000000006 240407.42100000003 1048200.1775000001 619852.88050000009 840329.43250000023 303117.76850000006 7391.9660000000013 0.25000000000000006 13436.337500000001 0.25000000000000006 684755.53550000011 0.25000000000000006 122.55800000000001 76.597500000000011 0.15000000000000005 47382.240000000013 25.045500000000004 65.925000000000011 1182183.7235000001 72.187000000000026
decision_type=2 2 2 2 2 2 2 2 2 2 2 2 2 2 2 2 2 2 2 2 2 2 2 2 2 2 2 2 2 2
left_child=2 3 7 13 10 6 -4 16 18 -6 14 21 -5 -2 -3 -8 -1 -13 23 -18 -12 -7 -23 24 -9 -26 -10 -21 -14 -28
right_child=1 4 5 12 9 11 15 8 26 -11 20 17 28 -15 -16 -17 19 -19 -20 27 -22 22 -24 -25 25 -27 29 -29 -30 -31
leaf_value=-63.479609425862634 180.62933349609375 85.900889587402347 22.769381670157117 343.7882080078125 207.13331909179689 -8.7195444742838557 68.356762695312497 -14.852567100524903 -66.48577880859375 134.11893310546876 39.12239278157552 29.154478836059571 403.74465332031247 244.24899902343751 154.67994384765626 123.02664794921876 -41.384648360974261 -3.7609700679779055 -10.610930355389913 -62.621628372757527 75.388092041015625 -18.75923047065735 -54.452813720703126 -41.957839202880862 -11.331313451131185 -40.539397684733075 -50.506632995605472 -39.900469970703128 451.91909179687491 -29.922496032714847
leaf_weight=144 24 48 72 11.999999999999998 24 72 24 96 36 24 36 48 12 24 11.999999999999998 24 288 48 96 108 24 48 24 72 24 72 96 36 12 48
leaf_count=144 24 48 72 12 24 72 24 96 36 24 36 48 12 24 12 24 288 48 96 108 24 48 24 72 24 72 96 36 12 48
internal_value=-2.36404e-07 166.578 -28.4402 292.744 103.495 12.8232 51.9383 -41.7509 -32.1012 170.626 76.6427 -6.73429 399.817 212.439 99.6567 95.6917 -50.7976 12.6968 -24.0451 -46.5702 53.6287 -19.6883 -30.6571 -28.9303 -24.045 -33.2374 -48.2134 -56.9413 427.832 -43.6453
internal_weight=1728 252 1476 84 168 360 120 1116 540 48 120 240 36 48 60 48 576 96 360 432 60 144 72 264 192 96 180 144 24 144
internal_count=1728 252 1476 84 168 360 120 1116 540 48 120 240 36 48 60 48 576 96 360 432 60 144 72 264 192 96 180 144 24 144
is_linear=0
shrinkage=0.05


Tree=63
num_leaves=31
num_cat=0
split_feature=0 6 0 0 0 6 6 0 0 0 6 0 1 6 3 0 0 0 0 0 6 6 4 2 4 0 6 2 4 0
split_gain=2.95859e+09 7.47103e+08 3.29813e+08 2.16822e+08 1.39006e+08 7.78632e+07 3.71034e+07 3.19245e+07 3.14112e+07 3.04731e+07 2.51463e+07 2.03989e+07 1.82765e+07 1.77612e+07 1.28577e+07 1.16e+07 1.15087e+07 9.52595e+06 8.21847e+06 7.9236e+06 8.09456e+06 7.14926e+06 7.4181e+06 7.12105e+06 6.56194e+06 7.02707e+06 6.14194e+06 1.14901e+07 5.25569e+06 5.0268e+06
threshold=388286.60400000011 0.15000000000000005 840329.43250000023 100590.71350000003 840329.43250000023 0.15000000000000005 0.25000000000000006 19740.918500000003 240407.42100000003 619852.88050000009 0.25000000000000006 1048200.1775000001 19012.117000000002 0.25000000000000006 110.15800000000002 55159.639500000012 1182183.7235000001 619852.88050000009 573241.87500000012 3304.2185000000004 0.15000000000000005 0.25000000000000006 115.82000000000001 113.36550000000001 37.504500000000007 68725.196500000005 0.15000000000000005 90.431000000000012 6.4535000000000009 1182183.7235000001
decision_type=2 2 2 2 2 2 2 2 2 2 2 2 2 2 2 2 2 2 2 2 2 2 2 2 2 2 2 2 2 2
left_child=3 2 9 7 13 8 16 19 -5 -2 15 -4 -7 18 -8 -9 -6 -15 -3 -1 28 23 -23 -14 -12 -26 -17 -28 -21 -13
right_child=1 4 11 5 6 12 14 10 -10 -11 24 29 21 17 -16 26 -18 -19 -20 20 -22 22 -24 -25 25 -27 27 -29 -30 -31
leaf_value=-75.707480875651044 159.30091959635419 52.967272949218753 326.59877929687502 20.484318923950198 160.17620239257815 -28.995377159118654 150.63886718750001 -34.335075094760995 76.307151285807294 232.03654785156252 -36.318373761858261 383.55742187499999 17.342402648925781 20.892310015360515 87.250973510742199 -9.7720788558324188 220.1468505859375 61.559381103515626 90.740509033203125 -69.925256347656259 -56.754426129659024 -0.62312207221984872 -34.668370056152348 -24.850758361816407 -62.289880371093751 -41.626096089680992 -34.195656476702013 18.108612060546875 -34.550778561546693 429.32314453124991
leaf_weight=36 36 24 11.999999999999998 84 24 96 11.999999999999998 312 36 24 84 12 60 36 24 96 11.999999999999998 24 36 11.999999999999998 192 48 24 11.999999999999998 96 72 84 11.999999999999998 84 12
leaf_count=36 36 24 12 84 24 96 12 312 36 24 84 12 60 36 24 96 12 24 36 12 192 48 24 12 96 72 84 12 84 12
internal_value=-2.69766e-07 146.294 260.182 -29.2587 89.3495 4.34602 144.273 -40.4603 37.2312 188.395 -34.8326 379.826 -12.0965 56.3952 108.38 -28.3845 180.166 37.1591 75.6312 -53.5916 -50.8271 -0.830664 -11.9715 10.3102 -47.7288 -53.434 -18.7149 -27.6576 -38.9726 406.44
internal_weight=1728 288 96 1440 192 360 72 1080 120 60 756 36 240 120 36 504 36 60 60 324 288 144 72 72 252 168 192 96 96 24
internal_count=1728 288 96 1440 192 360 72 1080 120 60 756 36 240 120 36 504 36 60 60 324 288 144 72 72 252 168 192 96 96 24
is_linear=0
shrinkage=0.05


Tree=64
num_leaves=31
num_cat=0
split_feature=0 6 0 0 0 6 1 6 0 6 6 6 0 0 0 0 0 2 6 3 2 2 4 6 4 4 0 0 1 6
split_gain=2.67099e+09 6.54223e+08 2.64325e+08 2.34464e+08 9.96559e+07 8.48667e+07 6.62187e+07 2.49567e+07 2.44955e+07 2.07841e+07 2.05621e+07 2.0225e+07 1.841e+07 1.64443e+07 1.55488e+07 1.34095e+07 1.13694e+07 1.09723e+07 8.18532e+06 8.16279e+06 8.04301e+06 7.65405e+06 7.11243e+06 6.09962e+06 9.27005e+06 9.24354e+06 7.85619e+06 6.067e+06 5.71709e+06 4.94388e+06
threshold=507657.76500000007 0.15000000000000005 164842.97150000001 840329.43250000023 1048200.1775000001 0.15000000000000005 11991.799500000003 0.25000000000000006 303117.76850000006 0.25000000000000006 0.25000000000000006 0.25000000000000006 1048200.1775000001 684755.53550000011 684755.53550000011 18495.691000000003 303117.76850000006 99.851500000000016 0.15000000000000005 52.614000000000004 90.431000000000012 76.349000000000018 101.94350000000001 0.15000000000000005 37.504500000000007 37.504500000000007 44158.321000000004 684755.53550000011 10484.007500000002 0.25000000000000006
decision_type=2 2 2 2 2 2 2 2 2 2 2 2 2 2 2 2 2 2 2 2 2 2 2 2 2 2 2 2 2 2
left_child=2 3 6 13 10 8 11 17 -4 -6 14 15 -5 -2 -3 -1 -7 18 21 -13 -20 -8 -9 25 -25 26 -17 -12 -21 -18
right_child=1 4 5 12 9 16 7 22 -10 -11 27 19 -14 -15 -16 23 29 -19 20 28 -22 -23 -24 24 -26 -27 -28 -29 -30 -31
leaf_value=-48.98211720784505 175.13726806640625 69.037766520182288 49.118975067138678 310.26884765625005 187.26858520507812 -6.6775409460067756 1.4577028627748845 -22.424954223632813 110.98511962890626 121.4657470703125 35.443874613444017 -61.3187255859375 386.1182739257813 242.72329101562502 120.99389038085938 -31.9410706837972 39.172358703613284 22.288639831542969 -25.729215545654299 -40.335202591507525 17.203181457519531 -29.758865356445312 -44.964493233816967 -25.88966798328218 -48.036419677734379 -16.068531502617731 -75.638781738281253 67.898428344726568 -76.713787841796872 7.0791196227073669
leaf_weight=168 36 36 48 11.999999999999998 24 96 108 60 24 24 36 156 24 11.999999999999998 24 72 24 24 120 108 11.999999999999998 24 84 84 108 108 11.999999999999998 24 11.999999999999998 24
leaf_count=168 36 36 48 12 24 96 108 60 24 24 36 156 24 12 24 72 24 24 120 108 12 24 84 84 108 108 12 24 12 24
internal_value=2.40681e-07 150.445 -25.6857 264.377 93.4784 25.4183 -34.4464 -18.5774 69.741 154.367 69.123 -42.7258 360.835 192.034 89.8202 -37.2002 3.25689 -10.0796 -13.0222 -53.7771 -21.8263 -4.21804 -35.573 -32.0455 -38.3472 -25.7439 -38.1836 48.4257 -43.9731 23.1257
internal_weight=1728 252 1476 84 168 216 1260 432 72 48 120 828 36 48 60 552 144 288 264 276 132 132 144 384 192 192 84 60 120 48
internal_count=1728 252 1476 84 168 216 1260 432 72 48 120 828 36 48 60 552 144 288 264 276 132 132 144 384 192 192 84 60 120 48
is_linear=0
shrinkage=0.05


Tree=65
num_leaves=31
num_cat=0
split_feature=0 6 0 0 0 6 6 0 0 0 6 0 0 1 3 0 0 6 0 6 6 4 2 4 6 6 2 3 1 0
split_gain=2.41123e+09 6.0922e+08 2.68145e+08 1.77341e+08 1.13786e+08 6.35702e+07 3.0531e+07 2.634e+07 2.56528e+07 2.53497e+07 2.01243e+07 1.66151e+07 1.49309e+07 1.47492e+07 1.10937e+07 9.79129e+06 9.39932e+06 9.21108e+06 7.00561e+06 6.95135e+06 6.06791e+06 6.70515e+06 6.18908e+06 5.57222e+06 5.24959e+06 4.93709e+06 9.36635e+06 4.80274e+06 4.64307e+06 4.5367e+06
threshold=388286.60400000011 0.15000000000000005 840329.43250000023 100590.71350000003 840329.43250000023 0.15000000000000005 0.25000000000000006 19740.918500000003 240407.42100000003 619852.88050000009 0.25000000000000006 1048200.1775000001 619852.88050000009 19012.117000000002 110.15800000000002 1182183.7235000001 55159.639500000012 0.25000000000000006 3304.2185000000004 0.15000000000000005 0.25000000000000006 115.82000000000001 113.36550000000001 49.236500000000007 0.25000000000000006 0.15000000000000005 90.431000000000012 30.154500000000002 7848.9580000000014 1182183.7235000001
decision_type=2 2 2 2 2 2 2 2 2 2 2 2 2 2 2 2 2 2 2 2 2 2 2 2 2 2 2 2 2 2
left_child=3 2 9 7 12 8 15 18 -5 -2 16 -4 17 -7 -8 -6 -9 -3 -1 28 22 -22 -15 27 -14 -18 -27 -12 -20 -13
right_child=1 4 11 5 6 13 14 10 -10 -11 23 29 24 20 -16 -17 25 -19 19 -21 21 -23 -24 -25 -26 26 -28 -29 -30 -31
leaf_value=-69.267390950520834 143.64822184244792 54.315789794921876 294.75541992187499 18.557549912588936 144.46082763671876 -26.060009765625001 137.03364257812501 -31.020629276373452 69.004744466145837 209.98820800781252 -65.179974365234372 345.07363281249997 88.968460083007812 16.060998306274413 78.154318237304693 199.77608642578127 -8.942178543408712 18.548246808350086 -30.730952707926434 -51.365449460347499 -0.23320498466491701 -32.60107421875 -23.274343872070315 -50.058411199396311 55.897854614257817 -30.880738612583709 16.343022155761719 -31.837142774793836 -63.979888916015625 388.55109863281245
leaf_weight=36 36 36 11.999999999999998 84 24 96 11.999999999999998 312 36 24 11.999999999999998 12 24 60 24 11.999999999999998 96 36 84 192 48 24 11.999999999999998 132 24 84 11.999999999999998 108 11.999999999999998 12
leaf_count=36 36 36 12 84 24 96 12 312 36 24 12 12 24 60 24 12 96 36 84 192 48 24 12 132 24 84 12 108 12 12
internal_value=2.3976e-07 132.069 234.913 -26.4139 80.6478 3.97776 130.34 -36.5444 33.6917 170.184 -31.4326 342.793 50.8325 -10.8792 97.7808 162.899 -25.6642 36.432 -48.4721 -45.8727 -0.758693 -11.0225 9.50511 -42.9694 72.4332 -16.96 -24.9778 -35.1714 -34.8871 366.812
internal_weight=1728 288 96 1440 192 360 72 1080 120 60 756 36 120 240 36 36 504 72 324 288 144 72 72 252 48 192 96 120 96 24
internal_count=1728 288 96 1440 192 360 72 1080 120 60 756 36 120 240 36 36 504 72 324 288 144 72 72 252 48 192 96 120 96 24
is_linear=0
shrinkage=0.05


Tree=66
num_leaves=31
num_cat=0
split_feature=0 6 0 0 0 6 1 6 0 6 6 6 0 0 0 0 0 2 3 6 2 2 4 1 0 0 6 4 4 0
split_gain=2.17922e+09 5.33341e+08 2.1545e+08 1.90269e+08 8.19035e+07 6.94156e+07 5.44432e+07 2.03036e+07 1.98171e+07 1.70528e+07 1.68714e+07 1.6682e+07 1.49951e+07 1.38363e+07 1.26244e+07 1.09567e+07 9.29648e+06 9.03085e+06 6.81809e+06 6.36957e+06 6.47482e+06 6.37657e+06 5.83352e+06 4.98417e+06 4.85433e+06 4.7004e+06 4.60251e+06 1.06265e+07 8.33464e+06 6.80935e+06
threshold=507657.76500000007 0.15000000000000005 164842.97150000001 840329.43250000023 1048200.1775000001 0.15000000000000005 11991.799500000003 0.25000000000000006 303117.76850000006 0.25000000000000006 0.25000000000000006 0.25000000000000006 1048200.1775000001 684755.53550000011 684755.53550000011 19563.351500000001 303117.76850000006 99.851500000000016 52.614000000000004 0.15000000000000005 90.431000000000012 76.349000000000018 101.94350000000001 10484.007500000002 684755.53550000011 3304.2185000000004 0.15000000000000005 37.504500000000007 37.504500000000007 44158.321000000004
decision_type=2 2 2 2 2 2 2 2 2 2 2 2 2 2 2 2 2 2 2 2 2 2 2 2 2 2 2 2 2 2
left_child=2 3 6 13 11 8 9 17 -4 15 -6 14 -5 -2 -3 25 -7 19 -11 21 -21 -8 -9 -20 -13 -1 28 -28 29 -17
right_child=1 4 5 12 10 16 7 22 -10 18 -12 24 -14 -15 -16 26 -18 -19 23 20 -22 -23 -24 -25 -26 -27 27 -29 -30 -31
leaf_value=-63.887942504882815 158.09232991536459 62.292544555664065 44.473970031738283 280.01762695312499 169.29922485351562 -6.0889141917228704 1.2208215060057466 -20.143431396484374 100.11954040527344 -55.657747474083536 110.01275634765625 32.121775817871097 348.47174072265625 220.08771972656251 109.10845947265625 -29.046422424316404 20.860804414749147 20.308743286132813 -36.40837424949364 -22.994432830810549 15.525871276855469 -27.271851348876954 -40.556181553431919 -70.375177001953134 61.152203369140629 -40.232688540504093 -19.173773712582058 -43.972095065646705 -13.96099908616808 -70.305810546875009
leaf_weight=24 36 36 48 11.999999999999998 24 96 108 60 24 156 24 36 24 11.999999999999998 24 60 48 24 108 120 11.999999999999998 24 84 11.999999999999998 24 168 72 108 108 11.999999999999998
leaf_count=24 36 36 48 12 24 96 108 60 24 156 24 36 24 12 24 60 48 24 108 120 12 24 84 12 24 168 72 108 108 12
internal_value=1.76275e-07 135.891 -23.2009 238.761 84.4563 22.937 -31.1103 -16.7213 63.0225 -38.6176 139.656 62.3764 325.654 173.591 81.0189 -33.5437 2.89433 -9.05655 -48.7653 -11.7261 -19.4926 -3.95966 -32.0509 -39.8051 43.7339 -43.1896 -28.3993 -34.0528 -22.7458 -35.923
internal_weight=1728 252 1476 84 168 216 1260 432 72 828 48 120 36 48 60 552 144 288 276 264 132 132 144 120 60 192 360 180 180 72
internal_count=1728 252 1476 84 168 216 1260 432 72 828 48 120 36 48 60 552 144 288 276 264 132 132 144 120 60 192 360 180 180 72
is_linear=0
shrinkage=0.05


Tree=67
num_leaves=31
num_cat=0
split_feature=0 6 0 0 0 6 1 6 0 6 6 6 0 0 0 0 0 0 3 4 2 0 6 0 6 0 6 3 3 4
split_gain=1.96674e+09 4.81341e+08 1.94444e+08 1.71718e+08 7.39179e+07 6.26476e+07 4.91349e+07 1.8324e+07 1.7885e+07 1.53901e+07 1.52265e+07 1.50555e+07 1.35331e+07 1.24873e+07 1.13935e+07 1.00048e+07 8.44357e+06 8.39007e+06 6.30886e+06 5.26476e+06 5.23125e+06 4.38103e+06 4.25151e+06 4.09437e+06 4.08904e+06 4.0297e+06 3.95826e+06 9.90886e+06 8.36516e+06 6.49252e+06
threshold=507657.76500000007 0.15000000000000005 164842.97150000001 840329.43250000023 1048200.1775000001 0.15000000000000005 11991.799500000003 0.25000000000000006 303117.76850000006 0.25000000000000006 0.25000000000000006 0.25000000000000006 1048200.1775000001 684755.53550000011 684755.53550000011 12036.576500000001 100590.71350000003 303117.76850000006 62.127500000000005 101.94350000000001 31.205000000000002 684755.53550000011 0.15000000000000005 1182183.7235000001 0.25000000000000006 1182183.7235000001 0.15000000000000005 65.925000000000011 72.187000000000026 37.504500000000007
decision_type=2 2 2 2 2 2 2 2 2 2 2 2 2 2 2 2 2 2 2 2 2 2 2 2 2 2 2 2 2 2
left_child=2 3 6 13 11 8 9 16 -4 15 25 14 -5 -2 -3 -1 -8 -7 -11 -9 -20 -13 -18 -14 -19 -6 27 -17 -29 -28
right_child=1 4 5 12 10 17 7 19 -10 18 -12 21 23 -15 -16 26 22 24 20 -21 -22 -23 -24 -25 -26 -27 29 28 -30 -31
leaf_value=-44.638491210937502 150.18770345052084 59.177915445963542 42.250270843505859 266.01674804687502 140.34621582031249 -5.7844688951969152 -15.839295006933668 -19.136259765624999 95.113562011718756 -51.847656792534728 104.51212158203126 30.51568654378255 310.3963623046875 209.08332519531251 103.65303649902344 -15.960195816887751 10.937397727966308 34.411280822753909 -66.856414794921875 -38.528372628348222 -31.564273943219867 58.094592285156253 -7.8852551269531252 351.699951171875 5.2242471694946291 181.32231445312499 -24.436254942858664 -62.779888916015629 -26.626648139953616 -41.773489718967021
leaf_weight=120 36 36 48 11.999999999999998 12 96 168 60 24 180 24 36 12 11.999999999999998 24 144 60 24 11.999999999999998 84 84 24 60 12 24 12 108 24 48 108
leaf_count=120 36 36 48 12 12 96 168 60 24 180 24 36 12 12 24 144 60 24 12 84 84 24 60 12 24 12 108 24 48 108
internal_value=2.36211e-08 129.097 -22.0409 226.823 80.2335 21.7902 -29.5548 -15.8853 59.8714 -36.6867 132.673 59.2576 309.371 164.912 76.968 -31.8666 -8.60373 2.74961 -46.327 -30.4483 -35.9758 41.5472 1.52607 331.048 19.8178 160.834 -28.3188 -23.5327 -38.6777 -33.1049
internal_weight=1728 252 1476 84 168 216 1260 432 72 828 48 120 36 48 60 552 288 144 276 144 96 60 120 24 48 24 432 216 72 216
internal_count=1728 252 1476 84 168 216 1260 432 72 828 48 120 36 48 60 552 288 144 276 144 96 60 120 24 48 24 432 216 72 216
is_linear=0
shrinkage=0.05


Tree=68
num_leaves=31
num_cat=0
split_feature=0 6 0 0 0 6 1 6 0 6 6 6 0 0 0 0 2 0 3 6 2 2 4 2 0 0 0 0 6 6
split_gain=1.77498e+09 4.3441e+08 1.75485e+08 1.54976e+08 6.67109e+07 5.65395e+07 4.43443e+07 1.65374e+07 1.61412e+07 1.38896e+07 1.37419e+07 1.35876e+07 1.22136e+07 1.14183e+07 1.05371e+07 9.196e+06 7.85708e+06 7.57204e+06 5.69374e+06 5.48499e+06 5.89444e+06 5.50462e+06 4.75144e+06 4.7212e+06 4.10858e+06 3.95388e+06 3.90525e+06 3.69516e+06 3.69036e+06 3.66944e+06
threshold=507657.76500000007 0.15000000000000005 164842.97150000001 840329.43250000023 1048200.1775000001 0.15000000000000005 11991.799500000003 0.25000000000000006 303117.76850000006 0.25000000000000006 0.25000000000000006 0.25000000000000006 1048200.1775000001 619852.88050000009 840329.43250000023 19563.351500000001 99.851500000000016 303117.76850000006 62.127500000000005 0.15000000000000005 90.431000000000012 76.349000000000018 101.94350000000001 31.205000000000002 3304.2185000000004 684755.53550000011 1182183.7235000001 1182183.7235000001 0.25000000000000006 0.15000000000000005
decision_type=2 2 2 2 2 2 2 2 2 2 2 2 2 2 2 2 2 2 2 2 2 2 2 2 2 2 2 2 2 2
left_child=2 3 6 13 11 8 9 16 -4 15 -6 14 -5 -2 -3 24 19 -7 -11 21 -21 -8 -9 -20 -1 -13 -12 -14 -19 -17
right_child=1 4 5 12 10 17 7 22 -10 18 26 25 27 -15 -16 29 -18 28 23 20 -22 -23 -24 -25 -26 -27 -28 -29 -30 -31
leaf_value=-58.461624145507812 132.27955322265626 62.642879486083984 40.137757873535158 252.71591796875001 152.79255371093751 -5.4952452778816223 1.3567075950128062 -18.179446716308593 90.357885742187506 -49.255274386935767 79.1173095703125 28.989902242024741 294.87656249999998 181.05252075195312 115.02631835937501 -20.512209587097171 19.217002868652344 32.690716552734379 -63.513598632812503 -21.211827392578126 15.541542053222656 -25.116294097900393 -36.601953996930803 -29.986060442243303 -36.345636385963076 55.189862060546879 119.45571289062498 334.11494140624995 4.963034915924073 -30.608197953965931
leaf_weight=24 24 48 48 11.999999999999998 24 96 108 60 24 180 12 36 12 24 11.999999999999998 180 24 24 11.999999999999998 120 11.999999999999998 24 84 84 168 24 12 12 24 180
leaf_count=24 24 48 48 12 24 96 108 60 24 180 12 36 12 24 12 180 24 24 12 120 12 24 84 84 168 24 12 12 24 180
internal_value=3.1022e-07 122.642 -20.9388 215.482 76.2218 20.7007 -28.077 -15.091 56.8778 -34.8524 126.04 56.2947 293.902 156.666 73.1196 -30.2732 -8.17354 2.61213 -44.0107 -10.6636 -17.8706 -3.45657 -28.9259 -34.177 -39.1101 39.4699 99.2865 314.496 18.8269 -25.5602
internal_weight=1728 252 1476 84 168 216 1260 432 72 828 48 120 36 48 60 552 288 144 276 264 132 132 144 96 192 60 24 24 48 360
internal_count=1728 252 1476 84 168 216 1260 432 72 828 48 120 36 48 60 552 288 144 276 264 132 132 144 96 192 60 24 24 48 360
is_linear=0
shrinkage=0.05


Tree=69
num_leaves=31
num_cat=0
split_feature=0 6 0 1 0 6 0 6 0 6 4 1 4 0 0 2 6 3 3 0 0 6 1 6 4 0 0 0 0 0
split_gain=1.60242e+09 4.05664e+08 1.76892e+08 1.18453e+08 7.61632e+07 3.9559e+07 2.32998e+07 2.0739e+07 1.74109e+07 1.56966e+07 1.58928e+07 1.25173e+07 1.14089e+07 1.1335e+07 1.10228e+07 9.53581e+06 9.40265e+06 8.30307e+06 7.74069e+06 7.6569e+06 7.1093e+06 5.19449e+06 4.78368e+06 4.67622e+06 4.59477e+06 3.68787e+06 3.48453e+06 3.37554e+06 3.33489e+06 3.02365e+06
threshold=388286.60400000011 0.15000000000000005 840329.43250000023 14745.336000000001 840329.43250000023 0.15000000000000005 208019.18150000004 0.25000000000000006 619852.88050000009 0.15000000000000005 82.975500000000011 4852.8110000000006 99.63600000000001 573241.87500000012 1048200.1775000001 22.312000000000005 0.25000000000000006 110.15800000000002 62.127500000000005 208019.18150000004 1182183.7235000001 0.25000000000000006 16961.718500000003 0.25000000000000006 13.022000000000002 63082.982000000011 303117.76850000006 100590.71350000003 1182183.7235000001 303117.76850000006
decision_type=2 2 2 2 2 2 2 2 2 2 2 2 2 2 2 2 2 2 2 2 2 2 2 2 2 2 2 2 2 2
left_child=3 2 8 9 13 6 22 20 -2 10 24 -11 26 23 -4 -13 19 -9 25 -14 -6 -15 27 -3 -1 -17 -7 -5 -16 -8
right_child=1 4 14 5 7 12 29 17 -10 11 -12 15 16 21 28 18 -18 -19 -20 -21 -22 -23 -24 -25 -26 -27 -28 -29 -30 -31
leaf_value=-43.326387023925783 117.02063395182293 38.095962524414062 240.08012695312502 -26.57861328125 117.48214111328126 -3.8530339217185978 42.968124389648438 113.48293457031251 171.99989013671876 -47.15234048025949 -6.2970726810119775 -62.150231933593751 -19.031026649475098 67.287595621744785 280.13271484374997 -39.821251714797249 -33.05451990763347 62.544630432128912 -22.07852946917216 15.557847595214845 164.6165771484375 40.42764587402344 18.709800338745119 6.8835757255554206 -25.915830807156034 -28.344771728515628 17.017200851440432 4.0424400329589849 317.40920410156247 71.949206542968753
leaf_weight=48 36 24 11.999999999999998 11.999999999999998 24 120 36 11.999999999999998 24 168 108 24 48 36 12 168 72 24 192 24 11.999999999999998 36 48 24 180 120 24 36 12 11.999999999999998
leaf_count=48 36 24 12 12 24 120 36 12 24 168 108 24 48 36 12 168 72 24 192 24 12 36 48 24 180 120 24 36 12 12
internal_value=-3.04232e-08 107.664 191.585 -21.5328 65.7036 0.372501 21.7701 106.359 139.012 -30.9209 -22.097 -35.3328 -10.3263 41.3105 279.207 -31.3929 -20.278 79.5241 -29.855 -7.5014 133.194 53.8576 7.54849 22.4898 -29.5812 -35.0394 -0.374661 -3.61282 298.771 50.2134
internal_weight=1728 288 96 1440 192 432 144 72 60 1008 336 672 288 120 36 504 144 36 480 72 36 72 96 48 228 288 144 48 24 48
internal_count=1728 288 96 1440 192 432 144 72 60 1008 336 672 288 120 36 504 144 36 480 72 36 72 96 48 228 288 144 48 24 48
is_linear=0
shrinkage=0.05


Tree=70
num_leaves=31
num_cat=0
split_feature=0 6 0 0 0 6 0 1 0 6 0 6 0 0 6 0 6 0 6 1 6 4 6 2 3 0 0 0 6 2
split_gain=1.44728e+09 3.54375e+08 1.42793e+08 1.25788e+08 5.49026e+07 5.17153e+07 3.01127e+07 1.652e+07 1.38498e+07 1.1598e+07 1.14229e+07 1.11418e+07 9.94805e+06 9.91964e+06 7.50945e+06 7.07577e+06 6.04026e+06 5.74424e+06 5.57993e+06 4.99703e+06 4.58589e+06 4.79859e+06 4.19257e+06 3.32933e+06 3.94527e+06 3.20978e+06 3.07157e+06 3.00973e+06 2.98899e+06 6.40605e+06
threshold=507657.76500000007 0.15000000000000005 100590.71350000003 840329.43250000023 1048200.1775000001 0.15000000000000005 240407.42100000003 4852.8110000000006 240407.42100000003 0.25000000000000006 684755.53550000011 0.25000000000000006 1048200.1775000001 684755.53550000011 0.25000000000000006 55159.639500000012 0.25000000000000006 388286.60400000011 0.15000000000000005 2158.8095000000008 0.25000000000000006 122.55800000000001 0.25000000000000006 31.426500000000004 30.154500000000002 1182183.7235000001 1182183.7235000001 1182183.7235000001 0.15000000000000005 90.431000000000012
decision_type=2 2 2 2 2 2 2 2 2 2 2 2 2 2 2 2 2 2 2 2 2 2 2 2 2 2 2 2 2 2
left_child=2 3 7 13 10 6 -4 18 20 15 22 25 -5 -2 -12 -9 -10 -8 19 -1 -7 -22 -3 -11 -25 -6 -13 -14 -17 -30
right_child=1 4 5 12 11 8 17 9 16 23 14 26 27 -15 -16 28 -18 -19 -20 -21 21 -23 -24 24 -26 -27 -28 -29 29 -31
leaf_value=-48.293876647949219 128.48411051432294 50.209023030598956 14.276303046090263 228.07612304687501 119.81517333984374 -6.3972360883440293 53.934500122070318 -24.862699576483834 21.690638923645022 -41.584103393554692 89.409414672851568 72.034216308593741 266.12609863281244 180.97653808593751 49.856060791015629 -6.7384802788496021 -3.3930935949087146 93.879742431640636 -44.794723292759492 -21.298817901611329 -12.569575309753418 -36.718319193522142 26.078091939290363 -48.612361145019534 -26.940370541527159 156.3857421875 107.80877685546874 301.53874511718749 -24.097333853585383 14.957116699218751
leaf_weight=24 36 36 84 11.999999999999998 12 84 36 360 48 84 24 12 12 11.999999999999998 24 96 48 11.999999999999998 168 60 48 36 36 24 168 12 12 12 84 11.999999999999998
leaf_count=24 36 36 84 12 12 84 36 360 48 84 24 12 12 12 24 96 48 12 168 60 48 36 36 24 168 12 12 12 84 12
internal_value=1.57097e-07 110.743 -18.9074 194.596 68.8169 6.77556 32.3289 -28.3244 -6.00108 -24.9129 50.7392 114.011 265.247 141.607 69.6327 -20.7285 9.14877 63.9208 -39.5337 -29.0117 -14.6581 -22.919 38.1436 -33.2817 -29.6494 138.1 89.9215 283.832 -12.977 -19.2155
internal_weight=1728 252 1476 84 168 396 132 1080 264 828 120 48 36 48 48 552 96 48 252 84 168 84 72 276 192 24 24 24 192 96
internal_count=1728 252 1476 84 168 396 132 1080 264 828 120 48 36 48 48 552 96 48 252 84 168 84 72 276 192 24 24 24 192 96
is_linear=0
shrinkage=0.05


Tree=71
num_leaves=31
num_cat=0
split_feature=0 6 0 0 0 6 1 6 0 6 0 6 0 0 0 6 2 0 3 6 2 2 2 6 4 0 2 6 1 2
split_gain=1.30617e+09 3.19823e+08 1.29665e+08 1.13524e+08 4.95496e+07 4.15945e+07 3.26699e+07 1.24285e+07 1.17457e+07 1.10493e+07 1.03091e+07 1.00555e+07 8.97811e+06 8.95247e+06 7.01471e+06 6.77727e+06 6.35959e+06 5.74555e+06 4.25216e+06 3.89896e+06 4.58887e+06 4.07651e+06 3.79773e+06 3.7838e+06 3.52606e+06 3.32253e+06 2.93792e+06 4.23294e+06 3.03815e+06 3.25904e+06
threshold=507657.76500000007 0.15000000000000005 164842.97150000001 840329.43250000023 1048200.1775000001 0.15000000000000005 11991.799500000003 0.25000000000000006 303117.76850000006 0.25000000000000006 684755.53550000011 0.25000000000000006 1048200.1775000001 684755.53550000011 19563.351500000001 0.25000000000000006 99.851500000000016 303117.76850000006 62.127500000000005 0.15000000000000005 90.431000000000012 76.349000000000018 36.14800000000001 0.25000000000000006 101.94350000000001 3304.2185000000004 22.312000000000005 0.15000000000000005 9241.5975000000017 78.163500000000013
decision_type=2 2 2 2 2 2 2 2 2 2 2 2 2 2 2 2 2 2 2 2 2 2 2 2 2 2 2 2 2 2
left_child=2 3 6 13 10 8 9 16 -4 14 23 -6 -5 -2 25 -12 19 -7 -11 21 -21 -8 -20 -3 -9 -1 27 -16 -28 -30
right_child=1 4 5 12 11 17 7 24 -10 18 15 -13 -14 -15 26 -17 -18 -19 22 20 -22 -23 -24 -25 -26 -27 28 -29 29 -31
leaf_value=-50.949359130859378 122.05990397135417 47.698572794596359 34.580422210693364 216.67231445312501 131.1954345703125 -4.7461537361145023 1.0234752796314381 -15.687658233642578 77.420388793945321 -42.614106987847222 84.938943481445321 85.425424194335946 269.64079589843749 171.92770996093751 -17.615190124511717 47.363258361816406 17.687756347656251 16.440419340133669 -46.808621215820317 -18.219370517730713 14.209260559082033 -21.758088684082033 -23.842077382405602 24.774188232421878 -31.557794407435825 -31.061186781383697 -24.623241162300111 -59.611901855468744 -9.6968343307574596 -25.65341777801514
leaf_weight=24 36 36 48 11.999999999999998 24 96 108 60 24 180 24 24 24 11.999999999999998 12 24 24 48 24 120 11.999999999999998 24 72 36 84 168 192 12 96 48
leaf_count=24 36 36 48 12 24 96 108 60 24 180 24 24 24 12 12 24 24 48 24 120 12 24 72 36 84 168 192 12 96 48
internal_value=1.48956e-07 105.206 -17.962 184.866 65.376 17.8308 -24.0979 -12.9516 48.8604 -29.9134 48.2023 108.31 251.985 134.527 -25.8292 66.1511 -6.95474 2.31604 -38.0818 -9.19497 -15.2713 -3.11863 -29.5837 36.2364 -24.9452 -33.5472 -21.7129 -38.6135 -20.5057 -15.0157
internal_weight=1728 252 1476 84 168 216 1260 432 72 828 120 48 36 48 552 48 288 144 276 264 132 132 96 72 144 192 360 24 336 144
internal_count=1728 252 1476 84 168 216 1260 432 72 828 120 48 36 48 552 48 288 144 276 264 132 132 96 72 144 192 360 24 336 144
is_linear=0
shrinkage=0.05


Tree=72
num_leaves=31
num_cat=0
split_feature=0 6 0 1 0 6 0 6 0 6 4 4 1 0 0 2 3 6 0 0 0 4 1 0 6 6 4 0 0 0
split_gain=1.17949e+09 2.98303e+08 1.29777e+08 8.75395e+07 5.63821e+07 3.05443e+07 1.85753e+07 1.56144e+07 1.34656e+07 1.08406e+07 1.11722e+07 9.91237e+06 8.89706e+06 8.7477e+06 8.12578e+06 7.60057e+06 7.23794e+06 6.85141e+06 7.68036e+06 6.50786e+06 5.38777e+06 4.76096e+06 4.0232e+06 4.01974e+06 3.72253e+06 3.69799e+06 3.33461e+06 3.0034e+06 2.69325e+06 2.65813e+06
threshold=388286.60400000011 0.15000000000000005 840329.43250000023 13436.337500000001 840329.43250000023 0.15000000000000005 208019.18150000004 0.25000000000000006 619852.88050000009 0.15000000000000005 37.504500000000007 101.94350000000001 4852.8110000000006 573241.87500000012 1182183.7235000001 22.312000000000005 62.127500000000005 0.25000000000000006 208019.18150000004 1182183.7235000001 1182183.7235000001 33.389500000000005 16961.718500000003 37306.64650000001 0.25000000000000006 0.25000000000000006 137.47000000000003 303117.76850000006 1048200.1775000001 93897.382000000027
decision_type=2 2 2 2 2 2 2 2 2 2 2 2 2 2 2 2 2 2 2 2 2 2 2 2 2 2 2 2 2 2
left_child=3 2 8 9 13 6 22 20 -2 10 21 27 -11 24 28 -14 -17 18 -13 -9 -6 23 29 -1 -3 -15 -12 -7 -4 -5
right_child=1 4 14 5 7 11 -8 19 -10 12 26 17 15 25 -16 16 -18 -19 -20 -21 -22 -23 -24 -25 -26 -27 -28 -29 -30 -31
leaf_value=-30.569153162638344 99.963136800130215 32.790199279785156 205.83869628906245 -23.824853515625001 100.97406005859375 -4.2180089354515076 43.237207031250001 53.050425720214847 148.31369018554688 -40.665068490164629 -13.929416341781616 -20.006908035278322 -54.721038818359375 57.753822835286464 272.97976074218752 -31.224532826741537 -18.465807787577312 -30.272301228841144 14.634927368164064 98.147070312500006 142.00668945312501 -58.855828857421876 16.644240760803225 -11.519403457641602 4.9419065475463873 35.09086456298828 3.4211250066757204 14.886881256103516 239.33774414062498 2.4852572639783226
leaf_weight=120 36 24 12 11.999999999999998 24 144 48 24 24 168 120 48 24 36 11.999999999999998 264 192 72 24 11.999999999999998 11.999999999999998 11.999999999999998 48 36 24 36 36 24 12 48
leaf_count=120 36 24 12 12 24 144 48 24 24 168 120 48 24 36 12 264 192 72 24 12 12 12 48 36 24 36 36 24 12 48
internal_value=-5.70107e-08 92.3697 164.334 -18.474 56.3876 -0.707486 17.3571 91.3671 119.303 -27.0282 -19.5606 -9.73977 -30.762 35.3998 239.385 -27.2959 -25.8524 -19.366 -8.45963 68.0826 114.652 -28.5075 5.85479 -26.1731 18.8661 46.4223 -9.92545 -1.48874 222.588 -2.77676
internal_weight=1728 288 96 1440 192 468 156 72 60 972 324 312 648 120 36 480 456 144 72 36 36 168 108 156 48 72 156 168 24 60
internal_count=1728 288 96 1440 192 468 156 72 60 972 324 312 648 120 36 480 456 144 72 36 36 168 108 156 48 72 156 168 24 60
is_linear=0
shrinkage=0.05


Tree=73
num_leaves=31
num_cat=0
split_feature=0 6 0 0 0 6 1 6 0 6 0 6 0 0 6 0 2 0 3 1 4 6 0 4 6 0 1 0 0 0
split_gain=1.06493e+09 2.60917e+08 1.05592e+08 9.21469e+07 4.07752e+07 3.36833e+07 2.67679e+07 1.04344e+07 9.70816e+06 9.55507e+06 8.75752e+06 8.14254e+06 7.53922e+06 7.33352e+06 6.82247e+06 5.97635e+06 5.37958e+06 4.61229e+06 3.51665e+06 3.37389e+06 2.85563e+06 4.41919e+06 2.81531e+06 2.70338e+06 2.67581e+06 2.56479e+06 2.55649e+06 2.43065e+06 2.41646e+06 2.33636e+06
threshold=507657.76500000007 0.15000000000000005 164842.97150000001 840329.43250000023 1048200.1775000001 0.15000000000000005 11991.799500000003 0.25000000000000006 303117.76850000006 0.25000000000000006 619852.88050000009 0.25000000000000006 684755.53550000011 1182183.7235000001 0.25000000000000006 7391.9660000000013 99.851500000000016 303117.76850000006 52.614000000000004 13436.337500000001 99.099000000000018 0.15000000000000005 840329.43250000023 101.94350000000001 0.25000000000000006 1182183.7235000001 10484.007500000002 1048200.1775000001 1182183.7235000001 573241.87500000012
decision_type=2 2 2 2 2 2 2 2 2 2 2 2 2 2 2 2 2 2 2 2 2 2 2 2 2 2 2 2 2 2
left_child=2 3 6 12 10 8 9 16 -4 15 -3 25 29 27 22 -1 19 -7 -11 -8 -17 -22 -12 -9 -19 -6 -20 -5 -13 -2
right_child=1 4 5 13 11 17 7 23 -10 18 14 28 -14 -15 -16 20 -18 24 26 -21 21 -23 -24 -25 -26 -27 -28 -29 -30 -31
leaf_value=-34.560601043701176 92.139178466796878 26.897648620605469 31.021952819824222 195.54676513671873 102.21593627929687 -4.2079281449317936 -15.709531474113465 -14.549896850585938 69.9693603515625 -39.565929588904751 59.973626708984376 61.508709716796865 155.91563720703127 259.33078613281253 39.078131103515631 -22.548062726358573 16.492712402343752 26.579871368408206 -25.748196806731045 -3.9592821234748481 0.69024503628412892 -24.084264119466148 89.634777832031261 -28.445884704589844 2.9692777633666996 134.90635986328124 -50.074716186523439 227.37084960937497 93.239721679687491 119.15977783203125
leaf_weight=96 11.999999999999998 48 48 12 12 96 96 60 24 156 24 12 11.999999999999998 11.999999999999998 36 384 24 24 108 168 36 36 11.999999999999998 84 24 12 11.999999999999998 12 12 24
leaf_count=96 12 48 48 12 12 96 96 60 24 156 24 12 12 12 36 384 24 24 108 168 36 36 12 84 24 12 12 12 12 24
internal_value=1.73874e-07 94.9953 -16.2187 166.946 59.0198 16.0812 -21.7558 -11.6664 44.0044 -27.0199 43.4407 97.9677 121.594 227.416 54.4694 -23.2218 -6.1717 2.11957 -34.6159 -8.2321 -20.8347 -11.697 69.8607 -22.6559 14.7746 118.561 -28.1808 211.459 77.3742 110.153
internal_weight=1728 252 1476 84 168 216 1260 432 72 828 120 48 48 36 72 552 288 144 276 264 456 72 36 144 48 24 120 24 24 36
internal_count=1728 252 1476 84 168 216 1260 432 72 828 120 48 48 36 72 552 288 144 276 264 456 72 36 144 48 24 120 24 24 36
is_linear=0
shrinkage=0.05


Tree=74
num_leaves=31
num_cat=0
split_feature=0 6 0 1 0 6 0 6 0 6 4 4 3 2 0 0 6 0 3 1 0 4 0 4 6 6 4 2 3 0
split_gain=9.61257e+08 2.43273e+08 1.05503e+08 7.10969e+07 4.59171e+07 2.53357e+07 1.53622e+07 1.27159e+07 1.10219e+07 9.09707e+06 9.62542e+06 8.4679e+06 7.60926e+06 9.7361e+06 7.26994e+06 6.6185e+06 6.21624e+06 5.93519e+06 5.29934e+06 4.4532e+06 4.38837e+06 4.3279e+06 4.29505e+06 3.58309e+06 3.21134e+06 3.12499e+06 2.73694e+06 2.52722e+06 2.46091e+06 2.39896e+06
threshold=388286.60400000011 0.15000000000000005 840329.43250000023 13436.337500000001 840329.43250000023 0.15000000000000005 240407.42100000003 0.25000000000000006 619852.88050000009 0.15000000000000005 37.504500000000007 99.63600000000001 62.127500000000005 31.205000000000002 573241.87500000012 1182183.7235000001 0.25000000000000006 208019.18150000004 110.15800000000002 16961.718500000003 1182183.7235000001 33.389500000000005 55159.639500000012 13.022000000000002 0.25000000000000006 0.25000000000000006 137.47000000000003 52.25350000000001 30.154500000000002 93897.382000000027
decision_type=2 2 2 2 2 2 2 2 2 2 2 2 2 2 2 2 2 2 2 2 2 2 2 2 2 2 2 2 2 2
left_child=3 2 8 9 14 6 19 20 -2 10 21 -7 22 -14 24 -4 17 -13 -9 29 -6 23 28 27 -3 -16 -12 -1 -11 -5
right_child=1 4 15 5 7 11 -8 18 -10 12 26 16 13 -15 25 -17 -18 -19 -20 -21 -22 -23 -24 -25 -26 -27 -28 -29 -30 -31
leaf_value=-23.518393707275393 90.277172851562511 29.813751220703125 200.88587036132813 -22.435647583007814 91.12908935546875 0.0046638886133829752 44.432672119140626 88.577734375000006 134.0211181640625 -41.391072463989261 -12.230056591033936 -15.306626663208007 -50.169416809082037 -16.391476110617319 52.418718465169277 246.36423339843751 -26.136605398995535 14.113578033447267 47.883235168457034 16.823983612060548 128.16103515624999 -54.785632324218753 -23.599339904785158 -18.572904487892433 3.9481380462646487 31.585423278808594 3.4888862992326417 -46.46406707763672 -31.769788134539567 2.5589585860570274
leaf_weight=24 36 24 24 11.999999999999998 24 144 36 11.999999999999998 24 96 120 60 24 192 36 11.999999999999998 84 24 24 60 11.999999999999998 11.999999999999998 120 108 24 36 36 24 216 48
leaf_count=24 36 24 24 12 24 144 36 12 24 96 120 60 24 192 36 12 84 24 24 60 12 12 120 108 24 36 36 24 216 48
internal_value=4.36238e-08 83.3879 148.376 -16.6776 50.8937 -0.666362 15.786 82.4606 107.775 -24.3867 -17.5459 -8.89255 -27.807 -20.1446 31.9536 216.045 -16.5187 -6.90085 61.4481 7.19201 103.473 -25.8505 -31.6383 -23.6247 16.8809 42.0021 -8.60261 -34.9912 -34.7302 -2.43996
internal_weight=1728 288 96 1440 192 468 156 72 60 972 324 312 648 216 120 36 168 84 36 120 36 168 432 156 48 72 156 48 312 60
internal_count=1728 288 96 1440 192 468 156 72 60 972 324 312 648 216 120 36 168 84 36 120 36 168 432 156 48 72 156 48 312 60
is_linear=0
shrinkage=0.05


Tree=75
num_leaves=31
num_cat=0
split_feature=0 6 0 0 0 6 1 6 6 0 0 6 0 0 6 1 2 0 3 1 4 6 0 2 1 3 6 1 6 0
split_gain=8.68255e+08 2.12869e+08 8.61799e+07 7.479e+07 3.35731e+07 2.72709e+07 2.17543e+07 8.75088e+06 8.23072e+06 7.91351e+06 7.26161e+06 6.59141e+06 6.35538e+06 6.27341e+06 5.57575e+06 5.16503e+06 4.51645e+06 3.90258e+06 2.86956e+06 2.72878e+06 2.49661e+06 3.58279e+06 2.42977e+06 2.2795e+06 4.18421e+06 2.4579e+06 2.55918e+06 2.93885e+06 2.27768e+06 2.20375e+06
threshold=507657.76500000007 0.15000000000000005 164842.97150000001 840329.43250000023 1048200.1775000001 0.15000000000000005 11991.799500000003 0.25000000000000006 0.25000000000000006 303117.76850000006 619852.88050000009 0.25000000000000006 684755.53550000011 1048200.1775000001 0.25000000000000006 2579.4600000000005 99.851500000000016 303117.76850000006 52.614000000000004 13436.337500000001 99.099000000000018 0.15000000000000005 153655.73400000003 74.89200000000001 10279.872000000001 65.925000000000011 0.15000000000000005 9241.5975000000017 0.25000000000000006 840329.43250000023
decision_type=2 2 2 2 2 2 2 2 2 2 2 2 2 2 2 2 2 2 2 2 2 2 2 2 2 2 2 2 2 2
left_child=2 3 6 12 10 9 8 16 15 -4 -3 -6 -2 -5 29 -1 19 -7 -10 -8 23 -22 -9 25 -25 26 -17 -28 -19 -12
right_child=1 4 5 13 11 17 7 22 18 -11 14 -13 -14 -15 -16 20 -18 28 -20 -21 21 -23 -24 24 -26 -27 27 -29 -30 -31
leaf_value=-33.355444844563799 99.402341715494799 24.080690383911133 27.93943901062012 175.72513427734376 107.15083007812501 -3.8473604679107667 -14.131969690322876 -18.657071755149147 -35.913973177396336 63.103146362304692 54.354010009765631 70.093978881835938 141.41879882812501 220.00201416015625 35.273322550455731 -14.371357275644939 15.247360992431641 24.505417633056641 -25.629559529622398 -3.5646191233680362 0.74327096939086923 -21.563908894856773 -42.156430053710942 4.6105043570200603 -20.958663082122804 -29.000808143615725 -27.305887179904516 -1.2235085487365724 2.7219940185546876 80.596588134765625
leaf_weight=72 36 48 48 11.999999999999998 24 96 96 132 156 24 24 24 11.999999999999998 24 36 120 24 24 120 168 36 36 11.999999999999998 24 48 96 108 11.999999999999998 24 11.999999999999998
leaf_count=72 36 48 48 12 24 96 96 132 156 24 24 24 12 24 36 120 24 24 120 168 36 36 12 24 48 96 108 12 24 12
internal_value=2.36211e-08 85.7758 -14.6446 150.765 53.2812 14.5356 -19.647 -10.5514 -24.3925 39.6607 39.1447 88.6224 109.906 205.243 49.1874 -20.8675 -5.5194 1.97299 -31.4425 -7.40729 -18.9943 -10.4103 -20.6154 -20.5091 -12.4356 -22.2392 -19.5345 -24.6976 13.6137 63.1015
internal_weight=1728 252 1476 84 168 216 1260 432 828 72 120 48 48 36 72 552 288 144 276 264 480 72 144 408 72 336 240 120 48 36
internal_count=1728 252 1476 84 168 216 1260 432 828 72 120 48 48 36 72 552 288 144 276 264 480 72 144 408 72 336 240 120 48 36
is_linear=0
shrinkage=0.05


Tree=76
num_leaves=31
num_cat=0
split_feature=0 6 0 0 0 6 1 6 6 0 0 6 0 0 1 2 6 0 6 6 2 2 3 2 6 4 6 0 2 1
split_gain=7.83601e+08 1.92114e+08 7.77774e+07 6.7498e+07 3.02997e+07 2.4612e+07 1.96333e+07 7.89767e+06 7.42823e+06 7.14194e+06 6.60487e+06 5.94875e+06 5.73573e+06 5.67105e+06 4.66144e+06 4.0761e+06 4.01841e+06 3.62413e+06 4.21701e+06 2.65448e+06 3.6068e+06 2.93059e+06 2.61742e+06 2.72636e+06 2.53579e+06 2.25319e+06 3.23347e+06 2.19286e+06 2.05724e+06 3.77625e+06
threshold=507657.76500000007 0.15000000000000005 164842.97150000001 840329.43250000023 1048200.1775000001 0.15000000000000005 11991.799500000003 0.25000000000000006 0.25000000000000006 303117.76850000006 684755.53550000011 0.25000000000000006 684755.53550000011 1182183.7235000001 2579.4600000000005 99.851500000000016 0.25000000000000006 240407.42100000003 0.25000000000000006 0.15000000000000005 90.431000000000012 76.349000000000018 62.127500000000005 36.14800000000001 0.25000000000000006 99.099000000000018 0.15000000000000005 153655.73400000003 74.89200000000001 10279.872000000001
decision_type=2 2 2 2 2 2 2 2 2 2 2 2 2 2 2 2 2 2 2 2 2 2 2 2 2 2 2 2 2 2
left_child=2 3 6 12 10 9 8 15 14 -4 24 -6 -2 -5 -1 19 -12 -7 -19 21 -21 -8 -10 -24 -3 28 -27 -9 -16 -30
right_child=1 4 5 13 11 17 7 27 22 -11 16 -13 -14 -15 25 -17 -18 18 -20 20 -22 -23 23 -25 -26 26 -28 -29 29 -31
leaf_value=-31.687672424316407 94.432224527994791 36.993088277180988 26.542467498779299 180.94839477539062 101.79329528808594 -9.34339485168457 1.4887655505427608 -17.724218195134945 -33.426278516981334 59.947988891601568 66.021127319335946 66.589279174804688 134.34786376953124 223.04592285156252 -21.127203875496278 14.484992980957031 37.087275695800784 17.962616825103762 -2.9961867094039918 -14.664249844551087 14.085659790039063 -17.827229309082032 -37.797444152832036 -18.33822110493978 18.226299031575522 0.70610742568969731 -20.485713704427084 -40.048608398437501 4.3799791495005289 -19.910730266571047
leaf_weight=72 36 36 48 24 24 48 108 132 180 24 24 24 11.999999999999998 11.999999999999998 336 24 24 48 48 120 11.999999999999998 24 24 72 36 36 36 11.999999999999998 24 48
leaf_count=72 36 36 48 24 24 48 108 132 180 24 24 24 12 12 336 24 24 48 48 120 12 24 24 72 36 36 36 12 24 48
internal_value=5.70659e-08 81.487 -13.9124 143.227 50.6172 13.8088 -18.6646 -10.0238 -23.1729 37.6776 37.1875 84.1913 104.411 194.981 -19.8241 -5.24343 51.5542 1.87435 7.48322 -7.03693 -12.0506 -2.02323 -29.8704 -23.203 27.6097 -18.0446 -9.8898 -19.5846 -19.4837 -11.8138
internal_weight=1728 252 1476 84 168 216 1260 432 828 72 120 48 48 36 552 288 48 144 96 264 132 132 276 96 72 480 72 144 408 72
internal_count=1728 252 1476 84 168 216 1260 432 828 72 120 48 48 36 552 288 48 144 96 264 132 132 276 96 72 480 72 144 408 72
is_linear=0
shrinkage=0.05


Tree=77
num_leaves=31
num_cat=0
split_feature=0 6 0 0 0 6 6 0 0 0 6 0 4 0 0 0 6 0 6 4 6 1 0 4 2 0 2 2 6 0
split_gain=7.07834e+08 1.79151e+08 7.72546e+07 5.29625e+07 3.37933e+07 1.93686e+07 9.47558e+06 8.68898e+06 8.46196e+06 7.9393e+06 6.00166e+06 5.62157e+06 5.59206e+06 5.38198e+06 4.39305e+06 3.61744e+06 3.55684e+06 3.53511e+06 3.0088e+06 3.0919e+06 2.96969e+06 2.65568e+06 2.49175e+06 2.31777e+06 2.19173e+06 1.96799e+06 1.92667e+06 1.82682e+06 3.10355e+06 1.88915e+06
threshold=388286.60400000011 0.15000000000000005 840329.43250000023 100590.71350000003 840329.43250000023 0.15000000000000005 0.25000000000000006 19740.918500000003 619852.88050000009 240407.42100000003 0.25000000000000006 619852.88050000009 122.55800000000001 1048200.1775000001 1182183.7235000001 1182183.7235000001 0.25000000000000006 3304.2185000000004 0.15000000000000005 6.4535000000000009 0.25000000000000006 4540.7175000000016 55159.639500000012 49.236500000000007 106.31000000000002 303117.76850000006 31.992000000000001 30.574000000000002 0.15000000000000005 44158.321000000004
decision_type=2 2 2 2 2 2 2 2 2 2 2 2 2 2 2 2 2 2 2 2 2 2 2 2 2 2 2 2 2 2
left_child=3 2 8 7 11 9 15 17 -2 -5 22 16 25 -4 -8 -6 -3 -1 19 -19 -14 -21 27 24 -12 -7 -20 28 -9 -29
right_child=1 4 13 5 6 12 14 10 -10 -11 23 -13 20 -15 -16 -17 -18 18 26 21 -22 -23 -24 -25 -26 -27 -28 29 -30 -31
leaf_value=-41.470302327473959 77.251312255859375 29.700225830078125 157.89145507812501 10.27939305986677 77.683587646484384 -3.1162350992361709 40.262976074218756 -11.792652893066405 115.58002929687501 38.344122314453124 -15.930141109890409 40.6774585723877 -7.4072924296061204 198.90206298828127 77.314685058593753 111.30577392578125 7.4739973704020191 -41.365002441406254 -37.140625 -19.855366210937504 -27.716315205891927 -0.17577231725056966 -9.2797729278604191 -27.783820828524501 -38.454464721679692 12.348729324340821 -25.573591401841909 -13.076819509488566 -47.752984619140619 -22.428865369160974
leaf_weight=36 36 36 11.999999999999998 84 24 144 24 12 24 36 108 48 36 24 11.999999999999998 11.999999999999998 36 11.999999999999998 48 60 36 24 192 132 11.999999999999998 24 144 216 12 72
leaf_count=36 36 36 12 84 24 144 24 12 24 36 108 48 36 24 12 12 36 12 48 60 36 24 192 132 12 24 144 216 12 72
internal_value=4.26615e-08 71.5565 127.326 -14.3113 43.6716 2.29733 70.7523 -19.8475 92.5828 18.6988 -16.9115 27.4233 -5.90341 185.232 52.6135 88.891 18.5871 -26.6981 -24.8516 -17.6242 -17.5618 -14.2326 -13.7614 -23.2118 -18.1826 -0.906954 -28.4653 -16.5193 -29.7728 -15.4148
internal_weight=1728 288 96 1440 192 360 72 1080 60 120 756 120 240 36 36 36 72 324 288 96 72 84 504 252 120 168 192 312 24 288
internal_count=1728 288 96 1440 192 360 72 1080 60 120 756 120 240 36 36 36 72 324 288 96 72 84 504 252 120 168 192 312 24 288
is_linear=0
shrinkage=0.05


Tree=78
num_leaves=31
num_cat=0
split_feature=0 6 0 0 0 6 0 0 0 6 0 0 0 6 6 6 0 6 4 1 6 2 0 4 1 2 0 0 2 0
split_gain=6.39188e+08 1.5662e+08 6.3704e+07 5.47911e+07 2.48841e+07 2.34918e+07 1.37495e+07 7.84181e+06 7.06753e+06 5.4165e+06 5.39659e+06 4.85906e+06 4.83355e+06 4.81086e+06 4.33447e+06 3.70038e+06 3.19044e+06 2.71544e+06 2.79044e+06 2.39675e+06 2.35501e+06 2.90305e+06 2.24881e+06 2.09179e+06 2.00078e+06 1.97804e+06 1.81806e+06 1.78495e+06 1.73882e+06 1.67968e+06
threshold=507657.76500000007 0.15000000000000005 100590.71350000003 840329.43250000023 1048200.1775000001 0.15000000000000005 256199.82050000003 19740.918500000003 240407.42100000003 0.25000000000000006 619852.88050000009 1182183.7235000001 684755.53550000011 0.25000000000000006 0.25000000000000006 0.25000000000000006 3304.2185000000004 0.15000000000000005 6.4535000000000009 4540.7175000000016 0.25000000000000006 99.851500000000016 55159.639500000012 49.236500000000007 16961.718500000003 106.31000000000002 1182183.7235000001 573241.87500000012 31.992000000000001 153655.73400000003
decision_type=2 2 2 2 2 2 2 2 2 2 2 2 2 2 2 2 2 2 2 2 2 2 2 2 2 2 2 2 2 2
left_child=2 3 7 12 10 6 24 16 20 22 -3 -5 27 26 -12 -10 -1 18 -18 -20 -7 29 -9 25 -4 -11 -6 -2 -19 -22
right_child=1 4 5 11 13 8 -8 9 15 23 14 -13 -14 -15 -16 -17 17 28 19 -21 21 -23 -24 -25 -26 -27 -28 -29 -30 -31
leaf_value=-39.396787516276049 69.464068603515628 20.566816139221192 2.610905456542969 162.98113403320315 78.217297363281247 -4.2863952568599153 48.16346842447917 -15.69332693601266 16.616780090332032 -15.133633931477867 54.47855936686198 201.94852294921876 121.85146484375001 60.320376586914065 29.942677815755207 -3.0162554264068606 -39.2967529296875 -35.283593750000001 -18.862597503662112 -0.16698373158772786 -15.174246724446617 -1.4291667938232422 -8.8157843586678322 -26.394630154696376 17.520944213867189 -36.531741333007815 105.74049072265623 93.081814575195324 -24.294911935594349 -32.250881958007817
leaf_weight=36 11.999999999999998 48 36 24 12 84 36 312 48 108 36 11.999999999999998 11.999999999999998 24 36 48 11.999999999999998 48 60 24 36 24 192 132 60 11.999999999999998 12 24 144 24
leaf_count=36 12 48 36 24 12 84 36 312 48 108 36 12 12 24 36 48 12 48 60 24 36 24 192 132 60 12 12 24 144 24
internal_value=-6.46476e-08 73.5962 -12.5652 129.341 45.7235 4.58916 21.8116 -18.8551 -4.02207 -16.0659 33.5531 175.97 94.3698 76.1496 42.2106 6.80026 -25.3632 -23.609 -16.743 -13.521 -10.2063 -16.1261 -13.0733 -22.0512 11.9297 -17.2734 91.9789 85.2092 -27.0421 -22.0049
internal_weight=1728 252 1476 84 168 396 132 1080 264 756 120 36 48 48 72 96 324 288 96 84 168 84 504 252 96 120 24 36 192 60
internal_count=1728 252 1476 84 168 396 132 1080 264 756 120 36 48 48 72 96 324 288 96 84 168 84 504 252 96 120 24 36 192 60
is_linear=0
shrinkage=0.05


Tree=79
num_leaves=31
num_cat=0
split_feature=0 6 0 1 0 6 0 6 0 4 6 4 3 2 0 0 3 4 6 0 1 0 0 0 0 6 6 4 1 1
split_gain=5.77436e+08 1.46139e+08 6.2712e+07 4.32719e+07 2.7722e+07 1.55471e+07 9.12345e+06 7.84049e+06 6.89652e+06 6.08263e+06 5.85157e+06 7.22813e+06 5.53961e+06 7.7199e+06 4.70439e+06 4.61737e+06 3.79549e+06 3.76377e+06 3.63262e+06 5.65553e+06 2.97754e+06 2.87452e+06 2.75991e+06 2.7491e+06 2.39038e+06 2.20488e+06 2.04655e+06 1.97191e+06 1.94188e+06 2.3911e+06
threshold=388286.60400000011 0.15000000000000005 840329.43250000023 13436.337500000001 840329.43250000023 0.15000000000000005 240407.42100000003 0.25000000000000006 573241.87500000012 101.94350000000001 0.15000000000000005 37.504500000000007 62.127500000000005 31.205000000000002 573241.87500000012 1048200.1775000001 110.15800000000002 33.389500000000005 0.25000000000000006 208019.18150000004 16961.718500000003 1182183.7235000001 37306.64650000001 55159.639500000012 684755.53550000011 0.25000000000000006 0.25000000000000006 137.47000000000003 7848.9580000000014 2579.4600000000005
decision_type=2 2 2 2 2 2 2 2 2 2 2 2 2 2 2 2 2 2 2 2 2 2 2 2 2 2 2 2 2 2
left_child=3 2 8 10 14 6 20 21 -2 -7 11 17 23 -14 25 -4 -9 22 19 -11 -5 -6 28 -12 -10 -3 -16 -13 29 -1
right_child=1 4 15 5 7 9 -8 16 24 18 12 27 13 -15 26 -17 -18 -19 -20 -21 -22 -23 -24 -25 -26 -27 -28 -29 -30 -31
leaf_value=-32.704724121093754 62.935910034179692 23.319916534423829 141.84782714843752 -2.0458095296223959 70.482012939453128 -0.41546044349670413 34.52945251464844 70.432928466796881 88.427725219726568 -16.387092590332031 -27.426064378787313 -8.7828649711608886 -41.881452941894537 -11.803617207209271 41.241531372070312 179.83371582031251 35.993251037597659 -47.633840942382818 -22.361048126220705 13.339614868164062 13.706282043457032 100.45346679687501 -6.4325312932332359 -18.520961456298831 115.75889892578125 1.8874475479125978 24.38201344807943 4.5595370769500736 -34.938267517089848 -14.481171141730414
leaf_weight=24 24 24 11.999999999999998 60 24 168 36 11.999999999999998 24 48 312 120 24 192 36 24 24 11.999999999999998 72 24 60 11.999999999999998 36 120 11.999999999999998 24 36 36 24 72
leaf_count=24 24 24 12 60 24 168 36 12 24 48 312 120 24 192 36 24 24 12 72 24 60 12 36 120 12 24 36 36 24 72
internal_value=3.85223e-08 64.6302 115 -12.926 39.4451 -0.434901 12.4531 63.9728 83.6972 -6.87892 -18.9403 -13.4539 -21.6835 -15.1456 24.7285 167.172 47.4731 -20.6503 -14.4196 -6.47819 5.83024 80.4725 -18.5747 -24.9524 97.5381 12.6037 32.8118 -5.70385 -22.2173 -19.0371
internal_weight=1728 288 96 1440 192 468 156 72 60 312 972 324 648 216 120 36 36 168 144 72 120 36 156 432 36 48 72 156 120 96
internal_count=1728 288 96 1440 192 468 156 72 60 312 972 324 648 216 120 36 36 168 144 72 120 36 156 432 36 48 72 156 120 96
is_linear=0
shrinkage=0.05


Tree=80
num_leaves=31
num_cat=0
split_feature=0 6 0 1 0 6 0 0 0 6 2 0 6 0 6 6 1 6 0 1 2 0 6 0 0 6 6 0 4 1
split_gain=5.21136e+08 1.31891e+08 5.65975e+07 3.90528e+07 2.52442e+07 1.40312e+07 8.23392e+06 7.1143e+06 6.2794e+06 5.52317e+06 5.50199e+06 4.16718e+06 3.88864e+06 3.8787e+06 3.5396e+06 2.82049e+06 2.68723e+06 2.54118e+06 3.43542e+06 2.37664e+06 2.31484e+06 2.78673e+06 2.53615e+06 2.27743e+06 2.18034e+06 2.97596e+06 2.5876e+06 1.79443e+06 1.73982e+06 1.49009e+06
threshold=388286.60400000011 0.15000000000000005 840329.43250000023 13436.337500000001 1048200.1775000001 0.15000000000000005 240407.42100000003 619852.88050000009 619852.88050000009 0.25000000000000006 71.424500000000009 1048200.1775000001 0.25000000000000006 35745.162000000004 0.25000000000000006 0.25000000000000006 16961.718500000003 0.25000000000000006 240407.42100000003 4852.8110000000006 22.312000000000005 44158.321000000004 0.15000000000000005 3304.2185000000004 45843.734500000013 0.15000000000000005 0.15000000000000005 93897.382000000027 37.504500000000007 16961.718500000003
decision_type=2 2 2 2 2 2 2 2 2 2 2 2 2 2 2 2 2 2 2 2 2 2 2 2 2 2 2 2 2 2
left_child=3 2 8 9 7 6 16 15 -2 13 17 -4 -6 23 -9 -3 27 18 29 -11 22 -22 -15 -1 25 -23 -26 -5 -21 -7
right_child=1 4 11 5 12 10 -8 14 -10 19 -12 -13 -14 20 -16 -17 -18 -19 -20 28 21 24 -24 -25 26 -27 -28 -29 -30 -31
leaf_value=-33.897846984863286 66.305263264973959 25.788017781575519 134.75543212890625 -19.23720397949219 83.106561279296884 -5.5746279478073122 32.802978515625 49.205213419596362 99.32303161621094 -30.56194566999163 0.63679038683573408 170.8420349121094 54.643702697753909 -9.9792106628417958 27.032922871907552 5.9957262674967451 13.020967559814455 -18.831600080217637 18.235504150390625 -16.083612074675383 -3.1148830016454063 -45.252151489257812 -42.486593627929686 -17.91408561437558 -5.3291279367038182 -10.038761901855468 -17.739768763950892 2.3799021085103353 -24.640755948153412 -20.833277893066409
leaf_weight=24 36 36 11.999999999999998 11.999999999999998 24 48 36 36 24 84 144 24 24 12 36 36 60 84 11.999999999999998 108 96 12 12 312 84 12 84 48 132 24
leaf_count=24 36 36 12 12 24 48 36 36 24 84 144 24 24 12 36 36 60 84 12 108 96 12 12 312 84 12 84 48 132 24
internal_value=5.243e-10 61.3986 109.25 -12.2797 37.4729 -0.413156 11.8305 27.0055 79.5124 -17.9933 -6.53497 158.813 68.8751 -15.3281 38.1191 15.8919 5.53872 -12.6822 -6.53279 -23.3235 -11.3138 -10.0705 -26.2329 -19.0558 -13.5483 -27.6455 -11.5344 -1.94352 -20.79 -10.6608
internal_weight=1728 288 96 1440 192 468 156 144 60 972 312 36 48 648 72 72 120 168 84 324 312 288 24 336 192 24 168 60 240 72
internal_count=1728 288 96 1440 192 468 156 144 60 972 312 36 48 648 72 72 120 168 84 324 312 288 24 336 192 24 168 60 240 72
is_linear=0
shrinkage=0.05


Tree=81
num_leaves=31
num_cat=0
split_feature=0 6 0 0 0 1 6 6 6 0 0 0 6 0 6 2 6 6 1 2 1 1 2 0 6 0 0 6 6 0
split_gain=4.70735e+08 1.15277e+08 4.6983e+07 4.00972e+07 1.84315e+07 1.64095e+07 1.19605e+07 7.03171e+06 4.98466e+06 4.2661e+06 3.95754e+06 3.66756e+06 3.5095e+06 3.50053e+06 2.84881e+06 2.52742e+06 2.52432e+06 2.32168e+06 3.4481e+06 3.1522e+06 2.42523e+06 2.14492e+06 2.08914e+06 2.51503e+06 2.28888e+06 2.05538e+06 1.96776e+06 2.6858e+06 2.33531e+06 1.92436e+06
threshold=507657.76500000007 0.15000000000000005 240407.42100000003 840329.43250000023 1048200.1775000001 13436.337500000001 0.15000000000000005 0.25000000000000006 0.25000000000000006 684755.53550000011 1182183.7235000001 684755.53550000011 0.25000000000000006 35745.162000000004 0.25000000000000006 90.431000000000012 0.25000000000000006 0.15000000000000005 24629.120500000001 81.107000000000014 16961.718500000003 4852.8110000000006 22.312000000000005 44158.321000000004 0.15000000000000005 3304.2185000000004 45843.734500000013 0.15000000000000005 0.15000000000000005 303117.76850000006
decision_type=2 2 2 2 2 2 2 2 2 2 2 2 2 2 2 2 2 2 2 2 2 2 2 2 2 2 2 2 2 2
left_child=2 3 5 11 9 8 29 17 13 -3 -5 -2 -6 25 -8 -9 -11 20 19 -19 -7 -10 24 -24 -15 -1 27 -25 -28 -4
right_child=1 4 6 10 12 7 14 15 21 16 -12 -13 -14 22 -16 -17 -18 18 -20 -21 -22 -23 23 26 -26 -27 28 -29 -30 -31
leaf_value=-32.202954101562504 73.086690266927093 21.073776372273766 26.715504455566407 139.15010986328124 78.95123291015625 -1.8463429768880208 14.771869945526124 -19.2300171988351 -29.033848353794646 51.783767700195312 174.31730957031252 105.00479736328126 51.91151580810547 -9.4802497863769517 -2.454607677459717 -3.395359802246094 28.851238250732422 -7.3539657211303711 -21.524845886230469 11.360847473144531 12.36991928100586 -19.750539309183758 -2.9591387589772542 -42.989541625976557 -40.362265014648436 -17.018381159733504 -5.0626714255128595 -9.5368240356445302 -16.85278069632394 46.738188171386724
leaf_weight=24 36 72 24 24 24 60 48 84 84 24 11.999999999999998 11.999999999999998 24 12 48 36 24 60 24 36 60 240 96 12 12 312 84 12 84 24
leaf_count=24 36 72 24 24 24 60 48 84 84 24 12 12 24 12 48 36 24 60 24 36 60 240 96 12 12 312 84 12 84 24
internal_value=3.27688e-08 63.1581 -10.7831 110.983 39.2456 -13.7162 16.348 -4.59718 -17.0936 28.7713 150.873 81.0662 65.4314 -14.5617 6.15863 -14.4796 40.3175 0.344045 -4.5737 -0.335911 5.26179 -22.1573 -10.7481 -9.56699 -24.9213 -18.103 -12.8709 -26.2632 -10.9577 36.7268
internal_weight=1728 252 1476 84 168 1332 144 360 972 120 36 48 48 648 96 120 48 240 120 96 120 324 312 288 24 336 192 24 168 48
internal_count=1728 252 1476 84 168 1332 144 360 972 120 36 48 48 648 96 120 48 240 120 96 120 324 312 288 24 336 192 24 168 48
is_linear=0
shrinkage=0.05


Tree=82
num_leaves=31
num_cat=0
split_feature=0 6 0 0 6 1 0 6 6 6 0 0 0 0 6 2 6 1 2 1 1 0 0 6 4 1 2 6 3 3
split_gain=4.25554e+08 9.97218e+07 5.96916e+07 2.5293e+07 1.65492e+07 1.48096e+07 1.24164e+07 6.34612e+06 5.21111e+06 4.49866e+06 3.57168e+06 3.55343e+06 3.31358e+06 3.20081e+06 2.67555e+06 2.281e+06 2.09532e+06 3.11191e+06 2.84486e+06 2.18877e+06 1.93579e+06 1.77371e+06 1.61947e+06 1.59066e+06 1.57019e+06 1.53774e+06 1.50055e+06 1.47804e+06 4.83552e+06 4.3162e+06
threshold=573241.87500000012 0.15000000000000005 240407.42100000003 840329.43250000023 0.15000000000000005 13436.337500000001 1182183.7235000001 0.25000000000000006 0.25000000000000006 0.25000000000000006 1182183.7235000001 840329.43250000023 388286.60400000011 12036.576500000001 0.25000000000000006 90.431000000000012 0.15000000000000005 24629.120500000001 81.107000000000014 16961.718500000003 4852.8110000000006 684755.53550000011 93897.382000000027 0.25000000000000006 37.504500000000007 16961.718500000003 117.89800000000001 0.15000000000000005 65.925000000000011 72.187000000000026
decision_type=2 2 2 2 2 2 2 2 2 2 2 2 2 2 2 2 2 2 2 2 2 2 2 2 2 2 2 2 2 2
left_child=2 3 5 21 12 9 8 16 11 13 -5 -3 -4 -1 -6 25 19 18 -18 22 -11 -2 -7 -8 -22 -9 -10 28 -15 -30
right_child=1 6 4 10 14 7 23 15 26 20 -12 -13 -14 27 -16 -17 17 -19 -20 -21 24 -23 -24 -25 -26 -27 -28 -29 29 -31
leaf_value=-21.204860687255859 76.211297607421884 35.543957519531254 29.493343098958334 132.19260253906251 14.392373390197754 -18.183026123046876 87.327899169921864 -12.409795761108398 18.184020487467446 -27.582156154087613 165.60145263671876 60.381744384765625 53.478231811523443 -4.8902807421154453 -0.5395433425903321 -3.2255914052327479 -6.9862673568725588 -20.448603820800784 10.792805480957032 11.751423492431641 -14.291904958089194 99.754559326171886 2.353224261601766 61.583520507812494 -22.421191475608133 -26.080143737792969 34.324432373046875 -14.803804445447344 -37.339222717285161 -12.250463523864747
leaf_weight=120 24 36 36 24 60 11.999999999999998 12 48 36 84 11.999999999999998 24 24 180 60 36 60 24 36 60 108 11.999999999999998 48 12 132 36 24 264 24 60
leaf_count=120 24 36 36 24 60 12 12 48 36 84 12 24 24 180 60 36 60 24 36 60 108 12 48 12 132 36 24 264 24 60
internal_value=8.1708e-08 65.6484 -9.37835 113.694 17.6467 -13.0304 41.6256 -4.36732 35.0596 -16.2389 143.329 45.4791 39.0873 -13.8337 6.92642 -13.7556 0.326843 -4.34501 -0.319115 4.9987 -21.0495 84.0591 -1.75403 74.4557 -18.763 -18.2685 24.6402 -12.1584 -9.51295 -19.4187
internal_weight=1728 216 1512 72 180 1332 144 360 120 972 36 60 60 648 120 120 240 120 96 120 324 36 60 24 240 84 60 528 264 84
internal_count=1728 216 1512 72 180 1332 144 360 120 972 36 60 60 648 120 120 240 120 96 120 324 36 60 24 240 84 60 528 264 84
is_linear=0
shrinkage=0.05


Tree=83
num_leaves=31
num_cat=0
split_feature=0 6 0 0 6 1 0 6 6 6 4 1 0 0 0 0 6 0 4 3 0 6 0 2 2 6 1 1 2 6
split_gain=3.84062e+08 8.99989e+07 5.38717e+07 2.28269e+07 1.49356e+07 1.34984e+07 1.12058e+07 5.56177e+06 4.70303e+06 4.30869e+06 3.48787e+06 3.48607e+06 3.39413e+06 3.20697e+06 2.99051e+06 2.53176e+06 2.41468e+06 1.84562e+06 1.80447e+06 2.30222e+06 1.60078e+06 1.43557e+06 1.36813e+06 1.35425e+06 1.18132e+06 2.04777e+06 2.01179e+06 2.18887e+06 1.57577e+06 3.43504e+06
threshold=573241.87500000012 0.15000000000000005 240407.42100000003 840329.43250000023 0.15000000000000005 11991.799500000003 1182183.7235000001 0.15000000000000005 0.25000000000000006 0.25000000000000006 101.94350000000001 16961.718500000003 1048200.1775000001 840329.43250000023 388286.60400000011 7391.9660000000013 0.25000000000000006 90630.424000000014 43.756000000000007 30.154500000000002 684755.53550000011 0.25000000000000006 256199.82050000003 117.89800000000001 22.312000000000005 0.15000000000000005 9241.5975000000017 10129.240500000002 36.14800000000001 0.15000000000000005
decision_type=2 2 2 2 2 2 2 2 2 2 2 2 2 2 2 2 2 2 2 2 2 2 2 2 2 2 2 2 2 2
left_child=2 3 5 20 14 9 8 11 13 15 -9 17 -5 -3 -4 -1 -6 -7 19 -11 -2 -8 -18 -10 25 -17 28 -28 29 -26
right_child=1 6 4 12 16 7 21 10 23 18 -12 -13 -14 -15 -16 24 22 -19 -20 -21 -22 -23 -24 -25 26 -27 27 -29 -30 -31
leaf_value=-21.135455703735353 72.400732421875006 33.766760253906249 28.018675740559896 114.45052490234376 13.672754745483401 -11.175501060485841 82.961505126953114 -3.7590950091679893 17.27481943766276 -32.870816040039067 -14.053177428245545 11.16385223388672 147.01839599609374 57.362655639648438 50.804318237304692 -8.3937141418457024 -15.612957763671876 1.97845339457194 -26.942621040344239 -16.236253337371046 94.766833496093753 58.50434570312499 3.262531614303589 32.608210754394534 3.3124908447265629 -37.603961181640621 1.9414573033650715 -11.135441380739213 -16.149890734862399 -18.52986729939779
leaf_weight=96 24 36 36 11.999999999999998 60 48 12 144 36 24 192 60 24 24 24 12 11.999999999999998 60 96 156 11.999999999999998 12 48 24 36 12 48 96 216 36
leaf_count=96 24 36 36 12 60 48 12 144 36 24 192 60 24 24 24 12 12 60 96 156 12 12 48 24 36 12 48 96 216 36
internal_value=6.81728e-08 62.366 -8.90943 108.009 16.7644 -12.3789 39.5444 -5.92739 33.3066 -16.3058 -9.64143 1.50068 136.162 43.2051 37.1329 -13.7554 6.58009 -3.86775 -21.4067 -18.4542 79.8561 70.7329 -0.512566 23.4082 -12.2017 -22.9988 -11.6019 -6.77648 -14.0146 -7.60869
internal_weight=1728 216 1512 72 180 1332 144 504 120 828 336 168 36 60 60 552 120 108 276 180 36 24 60 60 456 24 432 144 288 72
internal_count=1728 216 1512 72 180 1332 144 504 120 828 336 168 36 60 60 552 120 108 276 180 36 24 60 60 456 24 432 144 288 72
is_linear=0
shrinkage=0.05


Tree=84
num_leaves=31
num_cat=0
split_feature=0 6 0 0 0 6 0 0 0 0 6 4 0 6 6 0 0 2 1 6 6 2 0 0 6 0 2 4 6 6
split_gain=3.46695e+08 8.73557e+07 3.74779e+07 2.58614e+07 1.6925e+07 9.61999e+06 6.05169e+06 4.75023e+06 4.38748e+06 3.7318e+06 3.11792e+06 3.11616e+06 3.0632e+06 2.97345e+06 2.68965e+06 2.4893e+06 2.07242e+06 1.94445e+06 1.77945e+06 1.6787e+06 1.54337e+06 2.37603e+06 1.4447e+06 1.29727e+06 1.2956e+06 1.20355e+06 1.1487e+06 1.14663e+06 2.30605e+06 1.04105e+06
threshold=388286.60400000011 0.15000000000000005 840329.43250000023 100590.71350000003 684755.53550000011 0.15000000000000005 1182183.7235000001 41777.992500000008 573241.87500000012 240407.42100000003 0.25000000000000006 122.55800000000001 1048200.1775000001 0.25000000000000006 0.25000000000000006 44158.321000000004 3304.2185000000004 31.205000000000002 11548.453500000001 0.25000000000000006 0.15000000000000005 90.431000000000012 684755.53550000011 303117.76850000006 0.25000000000000006 3304.2185000000004 76.349000000000018 149.54050000000004 0.15000000000000005 0.25000000000000006
decision_type=2 2 2 2 2 2 2 2 2 2 2 2 2 2 2 2 2 2 2 2 2 2 2 2 2 2 2 2 2 2
left_child=3 2 8 7 14 9 10 13 -2 -5 -6 23 -4 16 -3 -9 -1 -15 -17 -13 26 -22 -10 29 -8 -19 -20 -18 -29 -7
right_child=1 4 12 5 6 11 24 15 22 -11 -12 19 -14 17 -16 18 27 25 20 -21 21 -23 -24 -25 -26 -27 -28 28 -30 -31
leaf_value=-28.47579040527344 48.264102172851565 24.131483459472658 108.72800292968751 7.3766766411917546 48.609543863932295 1.9978897412618002 78.813433837890614 2.7649993048773873 68.780697631835935 26.617742411295577 27.799835205078125 -5.2577402750651041 139.66748046875 -30.257022857666016 7.3931628227233892 -16.440860324435764 -14.019721739552915 -34.104867553710939 -0.58097708490159783 -20.527079010009768 -13.605548749651229 3.2129165649414064 90.028491210937503 10.302578735351563 55.579132080078118 -17.672356982108877 -13.211969375610352 12.744349670410156 -18.253282165527342 -6.5047821203867606
leaf_weight=24 24 48 11.999999999999998 84 36 72 12 36 24 36 36 36 24 48 48 108 384 11.999999999999998 72 36 168 24 11.999999999999998 24 12 156 24 12 12 72
leaf_count=24 24 48 12 84 36 72 12 36 24 36 36 36 24 48 48 108 384 12 72 36 168 24 12 24 12 156 24 12 12 72
internal_value=3.30902e-07 50.0792 89.0226 -10.0158 30.6075 1.58998 45.4526 -13.8844 64.8236 13.149 38.2047 -4.18953 129.354 -16.5919 15.7623 -9.82318 -14.197 -21.3819 -10.9676 -12.8924 -8.91507 -11.5032 75.8633 -0.459728 67.1963 -18.8461 -3.73873 -13.3571 -2.75447 -2.25345
internal_weight=1728 288 96 1440 192 360 96 1080 60 120 72 240 36 648 96 432 432 216 396 72 288 192 36 168 24 168 96 408 24 144
internal_count=1728 288 96 1440 192 360 96 1080 60 120 72 240 36 648 96 432 432 216 396 72 288 192 36 168 24 168 96 408 24 144
is_linear=0
shrinkage=0.05


Tree=85
num_leaves=31
num_cat=0
split_feature=0 6 0 0 6 1 0 6 6 1 0 4 6 0 6 0 6 0 4 3 0 4 3 6 0 0 0 4 0 0
split_gain=3.13567e+08 7.30663e+07 4.3762e+07 1.85927e+07 1.22187e+07 1.09853e+07 9.12218e+06 4.52936e+06 3.57905e+06 3.00416e+06 2.90901e+06 2.83098e+06 2.70871e+06 2.43611e+06 2.33616e+06 2.15595e+06 2.01904e+06 1.52112e+06 1.50842e+06 1.95769e+06 1.43193e+06 2.83981e+06 2.64415e+06 3.25867e+06 1.34131e+06 1.30384e+06 1.15915e+06 1.03554e+06 1.00968e+06 1.00746e+06
threshold=573241.87500000012 0.15000000000000005 240407.42100000003 840329.43250000023 0.15000000000000005 11991.799500000003 1048200.1775000001 0.15000000000000005 0.25000000000000006 16961.718500000003 1182183.7235000001 101.94350000000001 0.25000000000000006 303117.76850000006 0.25000000000000006 3304.2185000000004 0.25000000000000006 90630.424000000014 43.756000000000007 30.154500000000002 35745.162000000004 33.389500000000005 67.669000000000025 0.15000000000000005 840329.43250000023 684755.53550000011 256199.82050000003 133.21950000000004 1182183.7235000001 1182183.7235000001
decision_type=2 2 2 2 2 2 2 2 2 2 2 2 2 2 2 2 2 2 2 2 2 2 2 2 2 2 2 2 2 2
left_child=2 3 5 25 13 8 12 9 15 17 -5 -9 24 -4 28 -1 -6 -7 19 -10 -17 -22 23 -23 -3 -2 -18 -13 -8 -16
right_child=1 6 4 10 16 7 14 11 18 -11 -12 27 -14 -15 29 20 26 -19 -20 -21 21 22 -24 -25 -26 -27 -28 -29 -30 -31
leaf_value=-27.052001953125 65.341659545898438 30.463879394531251 21.173241424560548 112.83636474609375 12.363503761291504 -10.271902084350586 54.361743164062489 -3.4094204028447472 -29.963633728027347 10.316402435302734 142.98708496093749 -17.424145126342776 18.491952705383301 41.738626098632814 32.311737060546868 -13.895794753539258 -14.507070922851563 1.6698499170939127 -24.430370140075684 -14.624164708455405 2.1257526715596518 0.54239921569824223 -21.58241081237793 -15.936551055908204 49.766345214843753 85.527062988281259 2.8671035289764406 -9.8392929840087895 74.872760009765614 52.800170898437493
leaf_weight=24 24 36 24 24 60 48 12 144 24 60 11.999999999999998 72 48 36 12 312 11.999999999999998 60 96 156 48 60 48 60 11.999999999999998 11.999999999999998 48 120 12 12
leaf_count=24 24 36 24 24 60 48 12 144 24 60 12 72 48 36 12 312 12 60 96 156 48 60 48 60 12 12 48 120 12 12
internal_value=2.75947e-08 56.3524 -8.05034 97.4784 15.0894 -11.1773 35.7894 -5.35731 -14.7199 1.34598 122.887 -8.70896 26.8907 33.5125 53.5866 -12.3955 5.87789 -3.6376 -19.3689 -16.6694 -11.7293 -8.59986 -11.6643 -7.69708 35.2895 72.0701 -0.607731 -12.6836 64.6173 42.556
internal_weight=1728 216 1512 72 180 1332 144 504 828 168 36 336 96 60 48 552 120 108 276 180 528 216 168 120 48 36 60 192 24 24
internal_count=1728 216 1512 72 180 1332 144 504 828 168 36 336 96 60 48 552 120 108 276 180 528 216 168 120 48 36 60 192 24 24
is_linear=0
shrinkage=0.05


Tree=86
num_leaves=31
num_cat=0
split_feature=0 6 0 0 6 1 0 6 6 1 0 2 6 0 6 0 6 0 4 3 0 0 0 6 1 0 4 6 2 1
split_gain=2.82994e+08 6.59423e+07 3.94952e+07 1.67799e+07 1.10274e+07 9.91425e+06 8.23276e+06 4.08774e+06 3.23009e+06 2.71125e+06 2.62538e+06 2.60313e+06 2.44461e+06 2.2761e+06 2.10839e+06 2.00163e+06 1.82218e+06 1.37282e+06 1.36135e+06 1.76682e+06 1.21053e+06 1.17672e+06 1.04613e+06 960729 1.54364e+06 1.21966e+06 953565 1.80381e+06 1.03244e+06 2.3157e+06
threshold=573241.87500000012 0.15000000000000005 240407.42100000003 840329.43250000023 0.15000000000000005 11991.799500000003 1048200.1775000001 0.15000000000000005 0.25000000000000006 16961.718500000003 1182183.7235000001 90.431000000000012 0.25000000000000006 388286.60400000011 0.25000000000000006 7391.9660000000013 0.25000000000000006 90630.424000000014 43.756000000000007 30.154500000000002 840329.43250000023 684755.53550000011 256199.82050000003 0.25000000000000006 16961.718500000003 121294.55000000002 99.099000000000018 0.15000000000000005 74.89200000000001 10279.872000000001
decision_type=2 2 2 2 2 2 2 2 2 2 2 2 2 2 2 2 2 2 2 2 2 2 2 2 2 2 2 2 2 2
left_child=2 3 5 21 13 8 12 9 15 17 -5 23 20 -4 -8 -1 -6 -7 19 -10 -3 -2 -18 25 -25 -9 28 -28 -17 -30
right_child=1 6 4 10 16 7 14 11 18 -11 -12 -13 -14 -15 -16 26 22 -19 -20 -21 -22 -23 -24 24 -26 -27 27 -29 29 -31
leaf_value=-18.337753582000733 62.074575805664068 28.940686035156251 23.88543701171875 107.19454345703126 11.745328617095948 -9.758307170867921 61.386389160156256 -11.188733618600029 -28.465452575683596 9.8005822753906244 135.83773193359374 0.15370559692382812 17.567355537414553 43.763966369628911 40.428157043457034 -12.629736638680484 -13.78171844482422 1.5863575045267742 -23.208851242065432 -13.892956317999424 47.278027343750004 81.250714111328136 2.7237484455108643 -10.277005314826965 -22.417690022786459 -1.1975726127624513 2.8001721700032554 -13.027930196126304 6.6938383738199878 -12.327921724319459
leaf_weight=96 24 36 36 24 60 48 24 84 24 60 11.999999999999998 72 48 24 24 312 11.999999999999998 60 96 156 11.999999999999998 11.999999999999998 48 96 36 48 36 36 24 48
leaf_count=96 24 36 36 24 60 48 24 84 24 60 12 72 48 24 24 312 12 60 96 156 12 12 48 96 36 48 36 36 24 48
internal_value=-3.53213e-09 53.5347 -7.64782 92.6044 14.3349 -10.6185 33.9999 -5.08945 -13.984 1.27868 116.742 -8.27351 25.5462 31.8368 50.9073 -11.7757 5.58399 -3.45572 -18.4004 -15.836 33.525 68.4666 -0.577345 -10.5718 -13.5881 -7.55558 -10.3942 -5.11388 -11.3843 -5.98734
internal_weight=1728 216 1512 72 180 1332 144 504 828 168 36 336 96 60 48 552 120 108 276 180 48 36 60 264 132 132 456 72 384 72
internal_count=1728 216 1512 72 180 1332 144 504 828 168 36 336 96 60 48 552 120 108 276 180 48 36 60 264 132 132 456 72 384 72
is_linear=0
shrinkage=0.05


Tree=87
num_leaves=31
num_cat=0
split_feature=0 6 0 0 0 6 0 6 1 0 0 0 6 4 2 3 6 0 6 3 1 0 0 0 6 6 2 2 6 0
split_gain=2.55571e+08 6.22751e+07 2.55017e+07 2.15115e+07 1.01173e+07 7.97705e+06 6.87275e+06 3.41997e+06 2.63823e+06 2.50502e+06 2.49496e+06 2.43062e+06 2.33291e+06 3.62793e+06 3.61119e+06 2.9337e+06 2.2551e+06 2.00765e+06 1.90282e+06 1.60556e+06 1.90945e+06 1.59187e+06 1.46085e+06 1.45747e+06 1.31006e+06 1.28532e+06 1.48494e+06 2.54898e+06 1.20637e+06 1.12451e+06
threshold=507657.76500000007 0.15000000000000005 164842.97150000001 840329.43250000023 1048200.1775000001 0.15000000000000005 41777.992500000008 0.25000000000000006 9804.0705000000016 303117.76850000006 1048200.1775000001 684755.53550000011 0.15000000000000005 82.975500000000011 30.574000000000002 62.127500000000005 0.15000000000000005 619852.88050000009 0.25000000000000006 65.925000000000011 2158.8095000000008 100590.71350000003 303117.76850000006 45843.734500000013 0.25000000000000006 0.15000000000000005 106.31000000000002 90.431000000000012 0.25000000000000006 153655.73400000003
decision_type=2 2 2 2 2 2 2 2 2 2 2 2 2 2 2 2 2 2 2 2 2 2 2 2 2 2 2 2 2 2
left_child=2 3 6 17 11 9 12 8 16 -4 -5 -3 13 19 -14 -16 -8 -2 -6 20 -1 23 -7 -10 -13 -25 27 -27 -17 -9
right_child=1 4 5 10 18 22 7 29 21 -11 -12 24 14 -15 15 28 -18 -19 -20 -21 -22 -23 -24 25 -26 26 -28 -29 -30 -31
leaf_value=-23.423668670654298 49.549761962890628 15.390682284037272 14.922115325927734 92.290051269531261 58.317070007324219 -2.4273374527692795 -35.632958984374994 -11.224519109725954 6.3591465632120769 34.706202697753909 120.21270751953125 38.176501464843753 -26.598609415690106 4.477202860514323 -17.523755442301432 -2.9356410980224612 -4.9796474456787108 70.001181030273443 38.406748962402347 -22.354820760091147 -7.9743681780497226 1.5564249515533448 8.2557794570922862 -2.9047249190012616 21.655932617187503 -11.084627676010133 -26.908984375000003 13.357501220703126 -12.962139434814453 -27.001571655273438
leaf_weight=24 24 72 48 11.999999999999998 24 96 12 192 24 24 24 24 72 36 240 60 12 24 24 36 120 120 48 120 24 96 11.999999999999998 11.999999999999998 60 11.999999999999998
leaf_count=24 24 72 48 12 24 96 12 192 24 24 24 24 72 36 240 60 12 24 24 36 120 120 48 120 24 96 12 12 60 12
internal_value=8.55437e-09 46.5369 -7.94532 81.6882 28.9612 7.92807 -10.6665 -6.86666 -4.2237 21.5168 110.905 21.2009 -14.2552 -10.0124 -16.3765 -14.3321 -20.3063 59.7755 48.3619 -12.9104 -10.5493 -3.21854 1.1337 -5.38898 29.9162 -6.56379 -10.2229 -8.36884 -7.94889 -12.1526
internal_weight=1728 252 1476 84 168 216 1260 612 408 72 36 120 648 216 432 360 24 48 48 180 144 384 144 264 48 240 120 108 120 204
internal_count=1728 252 1476 84 168 216 1260 612 408 72 36 120 648 216 432 360 24 48 48 180 144 384 144 264 48 240 120 108 120 204
is_linear=0
shrinkage=0.05


Tree=88
num_leaves=31
num_cat=0
split_feature=0 6 0 0 6 1 0 6 6 6 1 0 2 0 0 0 6 0 4 3 0 4 3 6 0 0 4 2 1 6
split_gain=2.30991e+08 5.36955e+07 3.22078e+07 1.36091e+07 9.00421e+06 8.04714e+06 7.16688e+06 3.34877e+06 2.91218e+06 2.70141e+06 2.30471e+06 2.2517e+06 2.19705e+06 1.86366e+06 1.8361e+06 1.7366e+06 1.64452e+06 1.20839e+06 1.16399e+06 1.60351e+06 1.01171e+06 2.23803e+06 2.17284e+06 2.56034e+06 1.00321e+06 886072 882042 877374 875021 1.14827e+06
threshold=573241.87500000012 0.15000000000000005 240407.42100000003 840329.43250000023 0.15000000000000005 11991.799500000003 1182183.7235000001 0.15000000000000005 0.25000000000000006 0.25000000000000006 16961.718500000003 1048200.1775000001 90.431000000000012 840329.43250000023 388286.60400000011 3304.2185000000004 0.25000000000000006 90630.424000000014 43.756000000000007 30.154500000000002 35745.162000000004 33.389500000000005 67.669000000000025 0.15000000000000005 684755.53550000011 256199.82050000003 28.488500000000005 117.89800000000001 16961.718500000003 0.25000000000000006
decision_type=2 2 2 2 2 2 2 2 2 2 2 2 2 2 2 2 2 2 2 2 2 2 2 2 2 2 2 2 2 2
left_child=2 3 5 24 14 9 8 10 13 15 17 -5 28 -3 -4 -1 -6 -7 19 -11 -17 -22 23 -23 -2 -18 -21 -10 -9 -30
right_child=1 6 4 11 16 7 -8 12 27 18 -12 -13 -14 -15 -16 20 25 -19 -20 26 21 22 -24 -25 -26 -27 -28 -29 29 -31
leaf_value=-23.758828735351564 55.982077026367193 26.344354248046876 21.615324910481775 87.675549316406261 10.887586634159089 -9.1251552581787116 55.681184387207033 -7.8414933562278755 13.02438939412435 -26.323472595214845 9.0100294494628912 114.2020751953125 0.24926859537760415 44.331892395019537 39.469367980957031 -11.827894125229273 -12.971264648437501 1.5184412638346354 -21.109317970275882 -14.500024083455404 2.1452589352925617 0.80296421051025391 -19.08762788772583 -13.803932800292969 73.688116455078131 2.219124746322632 -5.576526387532553 25.366261291503907 -7.990640513102214 -20.619247436523438
leaf_weight=24 24 36 36 11.999999999999998 60 48 24 192 36 24 60 24 72 24 24 312 11.999999999999998 60 96 120 48 60 48 60 11.999999999999998 48 36 24 36 36
leaf_count=24 24 36 36 12 60 48 24 192 36 24 60 24 72 24 24 312 12 60 96 120 48 60 48 60 12 48 36 24 36 36
internal_value=6.67517e-08 48.3665 -6.9095 83.622 12.9419 -9.59211 30.7387 -4.61086 25.7503 -12.6242 1.15298 105.36 -7.49278 33.5394 28.7569 -10.6047 5.03432 -3.21205 -16.6631 -14.2918 -10.0068 -7.37635 -10.0968 -6.50048 61.8841 -0.818953 -12.4408 17.9611 -9.60425 -14.3049
internal_weight=1728 216 1512 72 180 1332 144 504 120 828 168 36 336 60 60 552 120 108 276 180 528 216 168 120 36 60 156 60 264 72
internal_count=1728 216 1512 72 180 1332 144 504 120 828 168 36 336 60 60 552 120 108 276 180 528 216 168 120 36 60 156 60 264 72
is_linear=0
shrinkage=0.05


Tree=89
num_leaves=31
num_cat=0
split_feature=0 6 0 0 6 1 0 6 6 6 0 1 4 0 0 0 6 0 4 3 4 6 2 1 0 3 6 0 6 3
split_gain=2.08469e+08 4.84601e+07 2.90675e+07 1.22822e+07 8.1263e+06 7.26254e+06 6.46811e+06 3.02226e+06 2.62824e+06 2.43802e+06 2.13828e+06 2.08e+06 2.01891e+06 1.68195e+06 1.67303e+06 1.56728e+06 1.48418e+06 1.09057e+06 1.0505e+06 1.44717e+06 942103 1.34487e+06 953685 1.74207e+06 905399 897504 1.09861e+06 1.75359e+06 859621 816441
threshold=573241.87500000012 0.15000000000000005 240407.42100000003 840329.43250000023 0.15000000000000005 11991.799500000003 1182183.7235000001 0.15000000000000005 0.25000000000000006 0.25000000000000006 1182183.7235000001 16961.718500000003 101.94350000000001 840329.43250000023 303117.76850000006 3304.2185000000004 0.25000000000000006 90630.424000000014 43.756000000000007 30.154500000000002 99.099000000000018 0.15000000000000005 74.89200000000001 10279.872000000001 684755.53550000011 50.303500000000007 0.25000000000000006 208019.18150000004 0.25000000000000006 65.925000000000011
decision_type=2 2 2 2 2 2 2 2 2 2 2 2 2 2 2 2 2 2 2 2 2 2 2 2 2 2 2 2 2 2
left_child=2 3 5 24 14 9 8 11 13 15 -5 17 -9 -3 -4 -1 -6 -7 19 -11 22 -22 29 -24 -2 -14 27 -27 -8 -17
right_child=1 6 4 10 16 7 28 12 -10 18 -12 -13 25 -15 -16 20 -18 -19 -20 -21 21 -23 23 -25 -26 26 -28 -29 -30 -31
leaf_value=-22.570887756347659 53.182972717285161 25.027136230468752 17.093435668945315 91.475305175781259 10.34320692062378 -8.6688976287841797 62.359887695312494 -2.6427777608235679 17.063081054687501 -25.007299041748048 117.32509765625001 8.5595281982421891 -7.0561534881591799 42.115299987792973 34.136200968424482 -10.004748068915474 -0.77800556182861325 1.4425192991892497 -20.05385150909424 -11.818717584854518 2.6422194798787437 -11.024786758422852 5.9339262644449873 -10.564513921737671 70.003710937500003 -14.062027231852213 -19.241984558105472 8.0085304260253913 43.434359741210933 -15.329091739654542
leaf_weight=24 24 36 24 24 60 48 12 144 60 24 11.999999999999998 60 96 24 36 288 60 60 96 156 36 36 24 48 11.999999999999998 36 48 11.999999999999998 12 96
leaf_count=24 24 36 24 24 60 48 12 144 60 24 12 60 96 24 36 288 60 60 96 156 36 36 24 48 12 36 48 12 12 96
internal_value=-2.5056e-08 45.9482 -6.56402 79.4409 12.2948 -9.11251 29.2018 -4.38032 24.4627 -11.993 100.092 1.09533 -7.11814 31.8624 27.3191 -10.0745 4.7826 -3.05144 -15.8299 -13.5772 -9.50647 -4.19128 -10.3457 -5.06503 58.7899 -10.4747 -13.8932 -8.54439 52.8971 -11.3358
internal_weight=1728 216 1512 72 180 1332 144 504 120 828 36 168 336 60 60 552 120 108 276 180 528 72 456 72 36 192 96 48 24 384
internal_count=1728 216 1512 72 180 1332 144 504 120 828 36 168 336 60 60 552 120 108 276 180 528 72 456 72 36 192 96 48 24 384
is_linear=0
shrinkage=0.05


Tree=90
num_leaves=31
num_cat=0
split_feature=0 6 0 0 0 6 0 6 1 6 0 0 0 6 4 2 3 0 6 3 1 6 0 0 0 6 6 2 2 0
split_gain=1.88238e+08 4.58175e+07 1.87001e+07 1.57471e+07 7.54614e+06 5.8643e+06 5.11713e+06 2.57121e+06 1.99679e+06 2.03523e+06 1.9298e+06 1.90948e+06 1.89211e+06 1.88666e+06 3.17901e+06 3.07689e+06 2.58235e+06 1.49983e+06 1.44345e+06 1.39892e+06 1.55267e+06 1.32448e+06 1.26951e+06 1.15318e+06 1.11588e+06 1.00347e+06 960814 1.28318e+06 2.14271e+06 889284
threshold=507657.76500000007 0.15000000000000005 164842.97150000001 840329.43250000023 1048200.1775000001 0.15000000000000005 41777.992500000008 0.25000000000000006 9804.0705000000016 0.15000000000000005 1182183.7235000001 619852.88050000009 256199.82050000003 0.15000000000000005 82.975500000000011 30.574000000000002 62.127500000000005 619852.88050000009 0.25000000000000006 65.925000000000011 2158.8095000000008 0.25000000000000006 100590.71350000003 303117.76850000006 45843.734500000013 0.25000000000000006 0.15000000000000005 106.31000000000002 90.431000000000012 153655.73400000003
decision_type=2 2 2 2 2 2 2 2 2 2 2 2 2 2 2 2 2 2 2 2 2 2 2 2 2 2 2 2 2 2
left_child=2 3 6 17 11 12 13 8 9 -8 -5 -3 -4 14 19 -15 -17 -2 -6 20 -1 -13 24 -7 -10 -18 -26 28 -28 -9
right_child=1 4 5 10 18 23 7 29 22 -11 -12 21 -14 15 -16 16 25 -19 -20 -21 -22 -23 -24 -25 26 -27 27 -29 -30 -31
leaf_value=-20.548426818847659 42.503009033203128 10.43650484085083 10.319580332438152 86.901538085937503 50.289009094238281 -2.2154899120330813 -32.130474853515622 -9.6282218635082248 5.6372297922770187 -3.0098293304443358 111.45885009765625 30.092536926269531 26.530465189615889 -23.588916269938153 5.133412170410157 -15.260606486002604 -1.7051134490966797 60.179699707031254 32.947788238525391 -19.958640543619794 -6.617037684122721 16.529540252685546 1.5600554370880129 7.2761926651000977 -2.5067092577616377 -10.849650726318359 -9.6004535675048839 -24.34511413574219 12.8093017578125 -23.658432006835938
leaf_weight=24 24 48 36 24 24 96 12 192 24 12 11.999999999999998 36 36 72 36 240 60 24 24 36 120 36 120 48 120 60 96 11.999999999999998 11.999999999999998 11.999999999999998
leaf_count=24 24 48 36 24 24 96 12 192 24 12 12 36 36 72 36 240 60 24 24 36 120 36 120 48 120 60 96 12 12 12
internal_value=5.4748e-08 39.9387 -6.81881 70.0896 24.8633 6.77394 -9.14899 -5.87023 -3.57858 -17.5702 95.0873 18.1612 18.425 -12.2456 -8.43016 -14.1533 -12.2662 51.3414 41.6184 -11.1429 -8.93894 23.311 -2.70411 0.948404 -4.64237 -6.27738 -5.67033 -8.83394 -7.11048 -10.4535
internal_weight=1728 252 1476 84 168 216 1260 612 408 24 36 120 72 648 216 432 360 48 48 180 144 72 384 144 264 120 240 120 108 204
internal_count=1728 252 1476 84 168 216 1260 612 408 24 36 120 72 648 216 432 360 48 48 180 144 72 384 144 264 120 240 120 108 204
is_linear=0
shrinkage=0.05


Tree=91
num_leaves=31
num_cat=0
split_feature=0 6 0 0 6 1 0 6 6 0 6 1 2 0 0 6 0 0 4 3 4 6 2 1 4 0 2 3 6 1
split_gain=1.70036e+08 3.94979e+07 2.37026e+07 1.01724e+07 6.58767e+06 5.89665e+06 5.47126e+06 2.48694e+06 2.18022e+06 2.11216e+06 2.03475e+06 1.7864e+06 1.74289e+06 1.42408e+06 1.36626e+06 1.33947e+06 1.3215e+06 959395 895417 1.31225e+06 786093 1.10838e+06 793197 1.39906e+06 777461 756454 724183 714843 997329 1.44952e+06
threshold=573241.87500000012 0.15000000000000005 240407.42100000003 1048200.1775000001 0.15000000000000005 11991.799500000003 1182183.7235000001 0.15000000000000005 0.25000000000000006 684755.53550000011 0.25000000000000006 16961.718500000003 90.431000000000012 388286.60400000011 840329.43250000023 0.25000000000000006 3304.2185000000004 90630.424000000014 43.756000000000007 30.154500000000002 99.099000000000018 0.15000000000000005 74.89200000000001 10279.872000000001 28.488500000000005 256199.82050000003 117.89800000000001 65.925000000000011 0.15000000000000005 9241.5975000000017
decision_type=2 2 2 2 2 2 2 2 2 2 2 2 2 2 2 2 2 2 2 2 2 2 2 2 2 2 2 2 2 2
left_child=2 3 5 9 13 10 8 11 14 -2 16 17 -9 -4 -3 -6 -1 -7 19 -12 22 -22 27 -24 -21 -17 -10 28 -18 -30
right_child=1 6 4 -5 15 7 -8 12 26 -11 18 -13 -14 -15 -16 25 20 -19 -20 24 21 -23 23 -25 -26 -27 -28 -29 29 -31
leaf_value=-20.547116851806642 47.956755065917974 22.5987538655599 18.339498392740886 98.312948608398443 9.6204676628112793 -8.1101174354553223 48.171350097656251 -8.3295917120846834 10.795089340209962 68.933737182617193 -23.134712982177735 7.9190259552001949 0.44659461975097658 34.063253784179686 37.999995422363284 -12.173027038574219 -6.0324646208021377 1.3737257830301921 -18.229946708679201 -12.509275639851889 2.5081085205078129 -9.8991888682047531 5.3553684870402023 -9.4298433303833011 -4.1314799626668295 1.8624011993408205 22.007861328125003 -13.956866526603699 -13.42968125776811 4.7207313537597662
leaf_weight=24 24 36 36 24 60 48 24 264 36 24 24 60 72 24 24 11.999999999999998 144 60 96 120 36 36 24 48 36 48 24 96 132 11.999999999999998
leaf_count=24 24 36 36 24 60 48 24 264 36 24 24 60 72 24 24 12 144 60 96 120 36 36 24 48 36 48 24 96 132 12
internal_value=3.95157e-08 41.497 -5.92815 71.7345 11.1016 -8.22947 26.3783 -3.96543 22.0197 58.4452 -10.825 1.00166 -6.44898 24.629 28.7593 4.33789 -9.07231 -2.84132 -14.3303 -12.2504 -8.55073 -3.69554 -9.31734 -4.50144 -10.5759 -0.944684 15.2802 -10.2203 -8.97481 -11.9171
internal_weight=1728 216 1512 72 180 1332 144 504 120 48 828 168 336 60 60 120 552 108 276 180 528 72 456 72 156 60 60 384 288 144
internal_count=1728 216 1512 72 180 1332 144 504 120 48 828 168 336 60 60 120 552 108 276 180 528 72 456 72 156 60 60 384 288 144
is_linear=0
shrinkage=0.05


Tree=92
num_leaves=31
num_cat=0
split_feature=0 6 0 0 1 6 0 0 0 0 6 3 3 4 1 0 4 0 6 6 2 1 4 6 2 0 0 0 6 1
split_gain=1.536e+08 3.79454e+07 2.03268e+07 9.28204e+06 8.29965e+06 4.06599e+06 3.17308e+06 2.97374e+06 2.3211e+06 1.98892e+06 1.72664e+06 2.89872e+06 2.67086e+06 2.35756e+06 2.43722e+06 1.72351e+06 1.68911e+06 1.6337e+06 1.34116e+06 1.30666e+06 1.26201e+06 1.20089e+06 908990 702785 683997 671774 669308 643404 614603 2.16014e+06
threshold=303117.76850000006 0.15000000000000005 840329.43250000023 684755.53550000011 13436.337500000001 0.25000000000000006 573241.87500000012 1182183.7235000001 208019.18150000004 7391.9660000000013 0.15000000000000005 65.925000000000011 72.187000000000026 37.504500000000007 7848.9580000000014 55159.639500000012 43.561500000000002 1182183.7235000001 0.25000000000000006 0.25000000000000006 78.163500000000013 10484.007500000002 149.54050000000004 0.25000000000000006 127.01650000000002 684755.53550000011 3304.2185000000004 153655.73400000003 0.15000000000000005 24629.120500000001
decision_type=2 2 2 2 2 2 2 2 2 2 2 2 2 2 2 2 2 2 2 2 2 2 2 2 2 2 2 2 2 2
left_child=4 2 6 18 9 8 -2 19 28 26 11 22 -13 14 -12 21 -7 -4 -3 -5 -14 -15 -11 -9 -20 -8 -1 -18 -6 -30
right_child=1 3 17 7 5 16 25 23 -10 10 13 12 20 15 -16 -17 27 -19 24 -21 -22 -23 -24 -25 -26 -27 -28 -29 29 -31
leaf_value=-21.051732889811198 29.395559183756514 14.947587280273439 78.375296020507818 32.175634256998698 2.1108569074560095 1.1247161865234376 45.558917236328128 54.318878173828118 9.8099555810292571 -3.0507833682166208 -12.245054982503255 -27.395701599121097 -4.0341939449310305 -14.119224014282228 -2.5968249612384375 -8.9472036933898931 -8.6523527145385746 100.97025756835939 7.045017814636231 18.704160563151042 -22.162831115722657 -23.476831054687501 11.161808013916016 37.206683349609371 -6.3012969970703132 60.0478515625 -13.179439120822483 -16.839000193277993 0.55640977791377477 -16.452533721923828
leaf_weight=36 36 60 24 36 108 36 24 12 72 180 120 24 48 120 144 120 72 11.999999999999998 48 36 11.999999999999998 48 11.999999999999998 12 11.999999999999998 11.999999999999998 108 36 84 24
leaf_count=36 36 60 24 36 108 36 24 12 72 180 120 24 48 120 144 120 72 12 48 36 12 48 12 12 12 12 108 36 84 24
internal_value=-4.04539e-08 31.0317 55.2304 18.9323 -7.16115 -1.39471 39.8921 30.5206 2.0353 -9.72401 -8.7808 -5.55178 -13.2987 -10.3953 -6.98238 -13.5238 -8.25475 85.9069 9.66167 25.4399 -7.65992 -16.7928 -2.1625 45.7628 4.37575 50.3886 -15.1475 -11.3812 -0.556249 -3.22336
internal_weight=1728 324 108 216 1404 432 72 96 288 972 828 276 84 552 264 288 144 36 120 72 60 168 192 24 60 36 144 108 216 108
internal_count=1728 324 108 216 1404 432 72 96 288 972 828 276 84 552 264 288 144 36 120 72 60 168 192 24 60 36 144 108 216 108
is_linear=0
shrinkage=0.05


Tree=93
num_leaves=31
num_cat=0
split_feature=0 6 0 0 6 0 0 6 4 0 6 0 6 0 0 1 6 6 2 0 0 4 1 6 0 6 0 2 1 6
split_gain=1.38753e+08 3.2089e+07 1.9267e+07 8.41462e+06 5.46486e+06 4.7973e+06 4.43269e+06 2.25059e+06 1.82132e+06 1.81426e+06 1.79866e+06 1.68669e+06 1.45984e+06 1.17535e+06 1.13816e+06 1.12271e+06 1.67583e+06 1.04079e+06 1.0176e+06 943117 894228 884161 951073 789511 725868 699140 1.09246e+06 1.53631e+06 663090 634264
threshold=573241.87500000012 0.15000000000000005 240407.42100000003 1048200.1775000001 0.15000000000000005 41777.992500000008 1182183.7235000001 0.25000000000000006 33.389500000000005 100590.71350000003 0.25000000000000006 684755.53550000011 0.25000000000000006 388286.60400000011 840329.43250000023 9804.0705000000016 0.15000000000000005 0.25000000000000006 31.205000000000002 3304.2185000000004 45843.734500000013 46.048000000000009 19012.117000000002 0.15000000000000005 153655.73400000003 0.15000000000000005 63082.982000000011 90.431000000000012 28539.301500000005 0.25000000000000006
decision_type=2 2 2 2 2 2 2 2 2 2 2 2 2 2 2 2 2 2 2 2 2 2 2 2 2 2 2 2 2 2
left_child=2 3 5 11 13 12 10 9 -9 15 14 -2 19 -4 -3 16 -7 28 -14 -1 -17 -11 23 -23 -10 -22 -27 -28 -6 -8
right_child=1 6 4 -5 17 7 29 8 24 21 -12 -13 18 -15 -16 20 -18 -19 -20 -21 25 22 -24 -25 -26 26 27 -29 -30 -31
leaf_value=-18.467174530029297 43.280972290039067 20.434302266438806 16.605599212646485 88.913665771484375 -2.0177974700927734 -28.456323242187494 51.602935791015618 1.7549515167872114 -9.3385106222970151 -4.0872392952442169 13.81416244506836 62.026467895507814 -20.289533996582033 30.890312194824219 34.491213989257815 5.2533755938212074 -2.0316532135009764 -0.81819469451904292 -12.034671056838263 -8.2681432742698515 -2.1704040495554606 5.5434172948201503 9.3937845230102539 -4.9281784057617193 -18.634362030029298 -14.855082194010416 -7.2050800005594899 12.118685913085939 11.122971534729004 35.346350097656249
leaf_weight=24 24 36 36 24 11.999999999999998 12 12 36 168 48 60 24 48 24 24 24 12 60 168 408 120 36 48 36 24 36 72 11.999999999999998 48 12
leaf_count=24 24 36 36 24 12 12 12 36 168 48 60 24 48 24 24 24 12 60 168 408 120 36 48 36 24 36 72 12 48 12
internal_value=2.62702e-08 37.486 -5.35514 64.7404 9.9987 -7.42998 23.8588 -4.50936 -8.56542 -2.48133 19.9356 52.6537 -10.5129 22.3195 26.0571 -4.8901 -15.244 3.83831 -13.8691 -8.83476 -3.94883 1.64799 3.94209 0.307619 -10.5005 -4.86905 -7.5677 -4.44454 8.49482 43.4746
internal_weight=1728 216 1512 72 180 1332 144 684 228 456 120 48 648 60 60 288 24 120 216 432 264 168 120 72 192 240 120 84 60 24
internal_count=1728 216 1512 72 180 1332 144 684 228 456 120 48 648 60 60 288 24 120 216 432 264 168 120 72 192 240 120 84 60 24
is_linear=0
shrinkage=0.05


Tree=94
num_leaves=31
num_cat=0
split_feature=0 6 0 0 0 6 0 0 0 6 0 6 6 6 4 4 3 4 1 3 0 0 0 2 6 4 6 0 2 1
split_gain=1.25305e+08 3.09291e+07 1.66198e+07 7.66227e+06 6.81024e+06 3.1359e+06 2.53755e+06 2.39109e+06 1.89219e+06 1.49847e+06 1.38352e+06 1.09503e+06 1.03651e+06 996795 1.6039e+06 1.1574e+06 1.33413e+06 872136 733933 681134 675211 674846 649397 582200 572423 541069 1.09333e+06 526520 466201 455579
threshold=303117.76850000006 0.15000000000000005 840329.43250000023 684755.53550000011 93897.382000000027 0.15000000000000005 573241.87500000012 1182183.7235000001 12036.576500000001 0.25000000000000006 1182183.7235000001 0.25000000000000006 0.25000000000000006 0.25000000000000006 43.561500000000002 42.097000000000008 95.222000000000023 49.236500000000007 16961.718500000003 65.925000000000011 38531.177500000013 153655.73400000003 3304.2185000000004 127.01650000000002 0.25000000000000006 135.84850000000003 0.15000000000000005 684755.53550000011 81.107000000000014 9241.5975000000017
decision_type=2 2 2 2 2 2 2 2 2 2 2 2 2 2 2 2 2 2 2 2 2 2 2 2 2 2 2 2 2 2
left_child=4 2 6 11 8 18 -2 12 22 25 -4 -3 -5 15 -15 -7 28 19 -6 -11 -19 -16 -1 -13 -9 29 -27 -8 -17 -10
right_child=1 3 10 7 5 13 27 24 9 17 -12 23 -14 14 21 16 -18 20 -20 -21 -22 -23 -24 -25 -26 26 -28 -29 -30 -31
leaf_value=-19.182996114095054 26.619344584147139 13.457832641601563 70.683029174804688 29.076574198404952 1.2725996573766074 -15.346713256835939 41.116923522949222 49.022787475585936 -8.2946627171834315 -11.523709254794651 91.476062011718753 6.3678676605224611 17.078245035807292 4.5011219024658207 -6.7030023956298841 -3.4696698923905696 11.418089675903321 -18.207937622070315 9.2544180552164725 -4.8963171652385169 -10.774040876116072 -15.362267812093101 -11.674918174743652 -5.945322418212891 33.579034423828119 2.6936283588409426 -7.9782050132751472 53.944140625000003 7.1751708984375 -5.2138796456654868
leaf_weight=36 36 60 24 36 48 11.999999999999998 24 12 240 72 11.999999999999998 48 36 24 60 72 24 48 72 84 84 36 144 11.999999999999998 12 48 48 11.999999999999998 11.999999999999998 240
leaf_count=36 36 60 24 36 48 12 24 12 240 72 12 48 36 24 60 72 24 48 72 84 84 36 144 12 12 48 48 12 12 240
internal_value=9.1587e-08 28.0281 49.8753 17.1045 -6.46803 -0.537868 36.006 27.6333 -8.51292 -7.54133 77.614 8.68153 23.0774 -3.83765 -7.05996 -0.615338 1.02148 -10.4861 6.06169 -7.95511 -13.4773 -9.95023 -13.1765 3.90523 41.3009 -6.06894 -2.64229 45.3927 -1.94898 -6.75427
internal_weight=1728 324 108 216 1404 360 72 96 1044 864 36 120 72 240 120 120 108 288 120 156 132 96 180 60 24 576 96 36 84 480
internal_count=1728 324 108 216 1404 360 72 96 1044 864 36 120 72 240 120 120 108 288 120 156 132 96 180 60 24 576 96 36 84 480
is_linear=0
shrinkage=0.05


Tree=95
num_leaves=31
num_cat=0
split_feature=0 6 0 0 0 6 0 0 0 0 6 6 4 0 6 4 4 3 0 0 4 6 4 6 0 0 0 2 1 2
split_gain=1.13228e+08 2.84017e+07 1.20914e+07 8.48214e+06 5.85996e+06 3.37859e+06 2.15796e+06 1.7077e+06 1.44988e+06 1.40035e+06 1.35237e+06 1.29958e+06 1.2902e+06 1.28538e+06 935451 816034 787103 619275 609378 586080 521126 516611 488315 986726 474668 443396 434411 420696 994615 652303
threshold=388286.60400000011 0.15000000000000005 840329.43250000023 93897.382000000027 684755.53550000011 0.15000000000000005 1182183.7235000001 12036.576500000001 619852.88050000009 256199.82050000003 0.25000000000000006 0.25000000000000006 122.55800000000001 1048200.1775000001 0.25000000000000006 133.21950000000004 49.236500000000007 62.127500000000005 38531.177500000013 3304.2185000000004 39.486500000000014 0.25000000000000006 135.84850000000003 0.15000000000000005 507657.76500000007 55159.639500000012 303117.76850000006 74.89200000000001 10279.872000000001 66.080000000000013
decision_type=2 2 2 2 2 2 2 2 2 2 2 2 2 2 2 2 2 2 2 2 2 2 2 2 2 2 2 2 2 2
left_child=3 2 8 7 11 9 14 19 -2 -5 22 -3 26 -4 -6 -14 17 20 -18 -1 -12 -8 27 25 -13 -24 -7 29 -29 -9
right_child=1 4 13 5 6 12 21 10 -10 -11 16 24 15 -15 -16 -17 18 -19 -20 -21 -22 -23 23 -25 -26 -27 -28 28 -30 -31
leaf_value=-18.223846435546875 30.733535766601562 14.598963737487793 60.372003173828126 4.6106217419659652 27.622744750976565 -1.1544642399996519 46.571646118164061 -6.2070019748475822 46.599069213867189 17.962969207763674 -13.872077687581381 -5.6480560302734375 -15.367243194580078 80.414004516601565 16.224332682291667 -4.7212083180745443 -17.297540855407714 -5.0668401539325716 -10.235338810511998 -11.091172313690187 -2.222620964050293 31.900082397460935 10.882444000244142 -7.5792947530746462 5.8346411387125654 -0.21555191675821939 6.1114122390747072 5.2514005343119301 -6.1287215709686285 -11.52788093884786
leaf_weight=36 36 48 11.999999999999998 108 36 144 12 288 24 24 48 11.999999999999998 24 24 36 72 48 96 84 144 11.999999999999998 12 11.999999999999998 48 36 36 24 24 96 72
leaf_count=36 36 48 12 108 36 144 12 288 24 24 48 12 24 24 36 72 48 96 84 144 12 12 12 48 36 36 24 24 96 72
internal_value=1.44217e-08 28.6193 50.8248 -5.72386 17.5165 0.506941 26.2516 -8.08727 37.0797 7.03832 -7.16426 8.78147 -2.75875 73.7333 21.9235 -7.38272 -9.9618 -7.55736 -12.8034 -12.5177 -11.5422 39.2359 -5.76549 -2.51017 2.96397 2.55895 -0.116482 -6.41656 -3.8527 -7.27118
internal_weight=1728 288 96 1440 192 396 96 1044 60 132 864 96 264 36 72 96 288 156 132 180 60 24 576 96 48 48 168 480 120 360
internal_count=1728 288 96 1440 192 396 96 1044 60 132 864 96 264 36 72 96 288 156 132 180 60 24 576 96 48 48 168 480 120 360
is_linear=0
shrinkage=0.05


Tree=96
num_leaves=31
num_cat=0
split_feature=0 6 0 0 6 0 0 6 6 0 6 2 4 3 0 0 3 6 1 3 4 3 1 0 1 6 1 3 2 1
split_gain=1.02424e+08 2.35441e+07 1.4166e+07 6.25473e+06 4.56933e+06 3.22818e+06 3.11114e+06 1.50478e+06 1.35132e+06 1.22994e+06 1.19235e+06 2.39407e+06 2.3706e+06 1.82249e+06 1.18933e+06 1.16278e+06 1.13326e+06 1.09349e+06 3.13092e+06 1.7104e+06 1.79849e+06 1.03968e+06 1.03439e+06 885560 860354 830237 680799 672136 526445 519206
threshold=573241.87500000012 0.15000000000000005 208019.18150000004 1048200.1775000001 0.15000000000000005 1182183.7235000001 41777.992500000008 0.25000000000000006 0.25000000000000006 684755.53550000011 0.15000000000000005 30.574000000000002 82.975500000000011 62.127500000000005 303117.76850000006 256199.82050000003 65.925000000000011 0.15000000000000005 9804.0705000000016 18.680500000000006 101.94350000000001 50.303500000000007 2158.8095000000008 840329.43250000023 16961.718500000003 0.25000000000000006 7848.9580000000014 76.597500000000011 117.89800000000001 9241.5975000000017
decision_type=2 2 2 2 2 2 2 2 2 2 2 2 2 2 2 2 2 2 2 2 2 2 2 2 2 2 2 2 2 2
left_child=2 3 6 9 14 8 10 -6 23 -2 12 -12 16 -13 -4 -9 22 18 -8 -19 -21 -22 -1 -3 27 29 -18 -20 -10 -15
right_child=1 5 4 -5 7 -7 17 15 28 -11 11 13 -14 25 -16 -17 26 19 24 20 21 -23 -24 -25 -26 -27 -28 -29 -30 -31
leaf_value=-15.828030395507813 37.127761840820312 17.532372538248698 11.112145996093751 76.393301391601568 7.2227899233500175 37.274072265625001 -26.04237976074219 -11.985715484619142 8.05626335144043 53.135191345214849 -18.86617228190104 -11.394110895792643 5.7193297704060875 -3.4861667633056643 23.964542643229166 1.4933344602584839 -6.5466186523437502 -18.551179504394533 -0.16397050221761067 -1.6865051126038588 -5.4873374748229979 -13.087341435750327 -4.4570795313517255 29.931686401367188 6.0915084838867193 -8.0063226318359373 -21.132563781738284 -9.2603466033935558 17.616423034667971 6.0080392837524421
leaf_weight=24 24 36 36 24 72 24 11.999999999999998 24 36 24 72 240 36 36 36 48 11.999999999999998 24 132 216 120 72 120 24 48 60 24 24 24 24
leaf_count=24 24 36 36 24 72 24 12 24 36 24 72 240 36 36 36 48 12 24 132 216 120 72 120 24 48 60 24 24 24 24
internal_value=2.85054e-08 32.2068 -4.60097 55.5521 7.25382 20.5342 -6.57677 2.11155 17.1862 45.1315 -9.02655 -10.5431 -5.99337 -8.87854 17.5383 -2.99968 -8.33591 -4.12699 -1.22226 -5.57936 -4.81631 -8.33734 -6.35224 22.4921 0.237745 -3.8474 -16.2706 -1.56341 11.8803 0.311516
internal_weight=1728 216 1512 72 216 144 1296 144 120 48 648 432 216 360 72 72 180 648 216 432 408 192 144 60 204 120 36 156 60 60
internal_count=1728 216 1512 72 216 144 1296 144 120 48 648 432 216 360 72 72 180 648 216 432 408 192 144 60 204 120 36 156 60 60
is_linear=0
shrinkage=0.05


Tree=97
num_leaves=31
num_cat=0
split_feature=0 6 0 0 6 1 0 6 6 6 4 0 2 4 0 0 6 3 0 2 6 6 0 2 3 1 1 1 2 6
split_gain=9.24376e+07 2.12485e+07 1.28049e+07 5.6449e+06 3.68155e+06 3.22229e+06 2.91343e+06 1.37051e+06 1.28347e+06 1.21956e+06 1.21482e+06 1.11002e+06 824741 1.0722e+06 799218 788778 756160 767859 747274 714459 1.22132e+06 695321 643184 579481 806143 550899 515496 785493 682473 1.06734e+06
threshold=573241.87500000012 0.15000000000000005 240407.42100000003 1048200.1775000001 0.15000000000000005 11991.799500000003 1182183.7235000001 0.25000000000000006 0.25000000000000006 0.25000000000000006 38.12850000000001 684755.53550000011 81.107000000000014 46.048000000000009 840329.43250000023 388286.60400000011 0.15000000000000005 68.52800000000002 12036.576500000001 22.312000000000005 0.15000000000000005 0.25000000000000006 153655.73400000003 31.205000000000002 23.917000000000005 13134.513000000001 9241.5975000000017 10129.240500000002 37.846500000000013 0.15000000000000005
decision_type=2 2 2 2 2 2 2 2 2 2 2 2 2 2 2 2 2 2 2 2 2 2 2 2 2 2 2 2 2 2
left_child=2 3 5 11 15 8 9 12 18 14 -9 -2 16 -14 -3 -4 25 -18 -1 20 -20 -6 -12 -10 -25 -7 28 -28 29 -21
right_child=1 6 4 -5 21 7 -8 10 23 -11 22 -13 13 -15 -16 -17 17 -19 19 26 -22 -23 -24 24 -26 -27 27 -29 -30 -31
leaf_value=-10.079621772766114 35.271372985839847 16.655753580729165 13.577759297688804 72.57363586425781 6.8957140350341808 -5.0017337799072266 35.410366821289067 3.817084288597107 -14.621448516845703 11.286310958862305 -6.8389978790283212 50.478430175781256 -2.4339695930480958 8.1342506408691406 28.435102844238283 25.279925537109378 -2.8215190751211985 -11.549432373046876 -2.7240922927856444 2.1962214469909669 -25.282513427734372 -0.71634458541870127 -15.805493164062501 -18.01173553466797 -8.2562394989861385 2.3910121418180923 2.5025549252827961 -5.3311322927474976 -8.3606577033088314 -8.3480393409729015
leaf_weight=120 24 36 36 24 60 36 24 24 72 60 120 24 48 48 24 24 84 36 12 48 12 60 24 24 180 84 48 96 168 48
leaf_count=120 24 36 36 24 60 36 24 24 72 60 120 24 48 48 24 24 84 36 12 48 12 60 24 24 180 84 48 96 168 48
internal_value=-4.4262e-08 30.5965 -4.37093 52.7745 8.146 -6.0624 19.5075 -2.9103 -7.98107 16.3269 -6.59763 42.8749 -1.06664 2.85014 21.3675 18.2586 -2.63335 -5.43989 -6.58909 -5.6195 -14.0033 3.08968 -8.33341 -10.765 -9.40394 0.173188 -5.12633 -2.7199 -6.43893 -3.07591
internal_weight=1728 216 1512 72 180 1332 144 504 828 120 168 48 336 96 60 60 240 120 552 432 24 120 144 276 204 120 408 144 264 96
internal_count=1728 216 1512 72 180 1332 144 504 828 120 168 48 336 96 60 60 240 120 552 432 24 120 144 276 204 120 408 144 264 96
is_linear=0
shrinkage=0.05


Tree=98
num_leaves=31
num_cat=0
split_feature=0 6 0 0 1 6 0 0 0 0 4 6 4 2 3 4 0 4 2 6 0 6 4 2 6 0 1 6 2 0
split_gain=8.34339e+07 2.04979e+07 1.11282e+07 5.14434e+06 4.55473e+06 2.36221e+06 1.66786e+06 1.55862e+06 1.26582e+06 1.17293e+06 1.10652e+06 1.06358e+06 1.96164e+06 1.8512e+06 2.56255e+06 1.3155e+06 1.0505e+06 972071 878400 751276 679222 663404 565696 517031 510660 571496 644026 466242 436017 410603
threshold=303117.76850000006 0.15000000000000005 840329.43250000023 684755.53550000011 13436.337500000001 0.25000000000000006 573241.87500000012 1182183.7235000001 208019.18150000004 3304.2185000000004 43.561500000000002 0.15000000000000005 37.504500000000007 22.312000000000005 62.127500000000005 33.389500000000005 1182183.7235000001 6.4535000000000009 78.163500000000013 0.25000000000000006 63082.982000000011 0.25000000000000006 149.54050000000004 57.764500000000005 0.25000000000000006 45843.734500000013 9241.5975000000017 0.25000000000000006 127.01650000000002 145818.27200000003
decision_type=2 2 2 2 2 2 2 2 2 2 2 2 2 2 2 2 2 2 2 2 2 2 2 2 2 2 2 2 2 2
left_child=4 2 6 19 9 8 -2 21 -6 -1 -7 12 15 -13 20 17 -4 -11 23 -3 -15 -5 -14 -19 25 26 -16 -9 -21 -12
right_child=1 3 16 7 5 10 -8 27 -10 11 29 13 22 14 24 -17 -18 18 -20 28 -22 -23 -24 -25 -26 -27 -28 -29 -30 -31
leaf_value=-16.032866923014321 21.697355143229167 11.032550811767578 57.314712524414062 23.726246643066407 -0.30549186821337099 1.3566392262776694 36.917302449544273 40.608843994140621 7.3497482935587577 -20.716314697265627 -6.007907943725586 -17.461589431762697 -1.3567647417386375 -10.813719031545851 -2.2798308134078979 -24.322229003906251 75.433209228515622 -7.2426777203877766 -18.750967407226565 5.2512935161590582 -5.9573740035295488 14.127315012613932 9.9425437927246101 -0.54333588282267253 -5.1036473527550701 -10.153244781494141 6.5670394049750431 26.670855712890621 -5.4045028686523438 -12.212261009216309
leaf_weight=36 36 60 24 36 216 36 36 12 72 11.999999999999998 60 48 144 288 48 11.999999999999998 11.999999999999998 72 11.999999999999998 48 96 36 11.999999999999998 48 96 11.999999999999998 36 12 11.999999999999998 48
leaf_count=36 36 60 24 36 216 36 36 12 72 12 60 48 144 288 48 12 12 72 12 48 96 36 12 48 96 12 36 12 12 48
internal_value=-2.05029e-08 22.8708 40.6563 13.978 -5.27787 -1.00608 29.3073 22.605 1.60832 -7.17644 -6.23489 -6.8358 -4.45221 -8.0276 -7.24143 -8.41684 63.3542 -7.09139 -5.85276 7.07634 -9.59963 18.9268 -0.487587 -4.56294 -2.52504 0.0535688 1.51168 33.6398 3.12013 -8.7654
internal_weight=1728 324 108 216 1404 432 72 96 288 972 144 936 312 624 576 156 36 144 132 120 384 72 156 120 192 96 84 24 60 108
internal_count=1728 324 108 216 1404 432 72 96 288 972 144 936 312 624 576 156 36 144 132 120 384 72 156 120 192 96 84 24 60 108
is_linear=0
shrinkage=0.05


Tree=99
num_leaves=31
num_cat=0
split_feature=0 6 0 0 0 6 6 0 0 6 0 0 4 0 6 4 0 4 3 0 4 4 6 0 4 6 0 0 2 1
split_gain=7.54272e+07 1.88617e+07 8.08446e+06 5.65668e+06 3.96238e+06 2.34191e+06 1.29305e+06 1.13827e+06 975349 950523 948072 935355 896058 755218 659725 590458 588007 563377 477558 416872 394783 393914 956907 527948 391452 687152 389147 341562 337488 729075
threshold=388286.60400000011 0.15000000000000005 840329.43250000023 93897.382000000027 1048200.1775000001 0.15000000000000005 0.25000000000000006 7391.9660000000013 619852.88050000009 0.25000000000000006 1182183.7235000001 256199.82050000003 122.55800000000001 619852.88050000009 0.25000000000000006 133.21950000000004 840329.43250000023 49.236500000000007 65.925000000000011 38531.177500000013 39.486500000000014 46.048000000000009 0.25000000000000006 303117.76850000006 135.84850000000003 0.15000000000000005 3304.2185000000004 1182183.7235000001 74.89200000000001 10279.872000000001
decision_type=2 2 2 2 2 2 2 2 2 2 2 2 2 2 2 2 2 2 2 2 2 2 2 2 2 2 2 2 2 2
left_child=3 2 8 7 6 11 16 26 -2 24 -4 -5 21 -8 27 -14 -3 18 20 -19 -11 -7 -23 -24 28 -26 -1 -6 -9 -30
right_child=1 4 10 5 14 12 13 9 -10 17 -12 -13 15 -15 -16 -17 -18 19 -20 -21 -22 22 23 -25 25 -27 -28 -29 29 -31
leaf_value=-15.231223551432292 25.010190327962242 12.880923767089843 54.448977661132815 3.8702497941476333 26.648715209960933 -2.8959934870402022 0.30482298533121743 -6.0730542955299223 38.02293243408203 -10.383909183078343 71.661547851562503 14.782838439941408 -12.947697448730469 10.546473693847657 20.889959716796877 -3.8918656349182132 25.005355834960938 -14.400864982604981 -3.65292113167899 -8.559718867710659 -0.58828644752502446 6.9883626937866214 -6.0230131785074867 6.0869892120361335 2.3640742301940918 -6.0963236957788469 -9.2285484313964847 38.578399658203125 4.7593723932902021 -4.9839169979095459
leaf_weight=36 36 60 24 108 12 72 36 384 24 72 11.999999999999998 24 24 36 24 72 11.999999999999998 48 84 84 11.999999999999998 48 36 11.999999999999998 48 48 108 12 24 96
leaf_count=36 36 60 24 108 12 72 36 384 24 72 12 24 24 36 24 72 12 48 84 84 12 48 36 12 48 48 108 12 24 96
internal_value=-4.44275e-09 23.3586 41.4545 -4.67172 14.3107 0.416569 10.1637 -6.60177 30.2153 -5.94137 60.1865 5.85436 -2.30232 5.42565 26.7518 -6.15582 14.9017 -8.23935 -6.31873 -10.6838 -8.98453 -0.100326 1.99643 -2.99551 -4.79239 -1.86612 -10.7292 32.6136 -5.34977 -3.03526
internal_weight=1728 288 96 1440 192 396 144 1044 60 900 36 132 264 72 48 96 72 300 168 132 84 168 96 48 600 96 144 24 504 120
internal_count=1728 288 96 1440 192 396 144 1044 60 900 36 132 264 72 48 96 72 300 168 132 84 168 96 48 600 96 144 24 504 120
is_linear=0
shrinkage=0.05


Tree=100
num_leaves=31
num_cat=0
split_feature=0 6 0 0 6 0 0 6 6 6 2 4 3 3 0 0 1 3 2 0 6 0 6 1 0 6 6 0 0 4
split_gain=6.82642e+07 1.55771e+07 9.37537e+06 4.2558e+06 3.11459e+06 2.15349e+06 2.09655e+06 982438 929049 844740 1.83397e+06 1.82244e+06 1.31706e+06 966069 837766 836454 792718 782488 797847 767709 664886 589902 543760 524880 465814 1.24581e+06 834237 627889 422961 405141
threshold=573241.87500000012 0.15000000000000005 208019.18150000004 1048200.1775000001 0.15000000000000005 1182183.7235000001 41777.992500000008 0.25000000000000006 0.25000000000000006 0.15000000000000005 30.574000000000002 82.975500000000011 62.127500000000005 65.925000000000011 256199.82050000003 684755.53550000011 2158.8095000000008 72.187000000000026 50.303500000000007 388286.60400000011 0.25000000000000006 840329.43250000023 0.25000000000000006 7848.9580000000014 47382.240000000013 0.15000000000000005 0.15000000000000005 90630.424000000014 37405.976000000002 64.634000000000015
decision_type=2 2 2 2 2 2 2 2 2 2 2 2 2 2 2 2 2 2 2 2 2 2 2 2 2 2 2 2 2 2
left_child=2 3 6 15 19 8 9 29 21 11 -11 13 -12 16 -9 -2 -1 18 -8 -4 -14 -3 24 -15 25 -20 -26 -28 -13 -6
right_child=1 5 4 -5 7 -7 17 14 -10 10 12 28 20 23 -16 -17 -18 -19 22 -21 -22 -23 -24 -25 26 -27 27 -29 -30 -31
leaf_value=-13.339264678955079 30.086111450195315 14.415730539957682 10.728173828125001 62.473495483398438 -2.6143136978149415 30.471147918701174 -2.7650481617639939 -10.114899063110352 9.6648077392578138 -15.935753377278647 -9.3326489655176808 9.2803600311279304 0.80460858345031738 -5.6633121490478517 1.3262928247451784 43.286912536621095 -3.3848788706461592 -0.89531898321928804 -22.802464294433591 21.680551910400393 -6.6389882659912107 24.535684204101564 -11.009975357055666 -18.470534515380859 1.0382900357246398 -0.018940991163253783 -18.188642883300783 -4.9820635954538979 -2.2163967132568358 7.4497389984130864
leaf_weight=24 24 36 48 24 11.999999999999998 24 252 24 60 72 240 24 60 11.999999999999998 48 24 120 216 12 24 60 24 60 24 48 12 11.999999999999998 36 11.999999999999998 60
leaf_count=24 24 36 48 24 12 24 252 24 60 72 240 24 60 12 48 24 120 216 12 24 60 24 60 24 48 12 12 36 12 60
internal_value=3.14442e-08 26.2932 -3.75617 45.2822 5.88798 16.7987 -5.36353 1.64248 14.0643 -7.37457 -8.65109 -4.82152 -7.19416 -6.87545 -2.48744 36.6865 -5.04394 -3.35249 -4.58108 14.379 -2.91719 18.4637 -7.12353 -14.2015 -5.18031 -11.4107 -3.62271 -8.28371 5.44811 5.7724
internal_weight=1728 216 1512 72 216 144 1296 144 120 648 432 216 360 180 72 48 144 648 432 72 120 60 180 36 120 24 96 48 36 72
internal_count=1728 216 1512 72 216 144 1296 144 120 648 432 216 360 180 72 48 144 648 432 72 120 60 180 36 120 24 96 48 36 72
is_linear=0
shrinkage=0.05


Tree=101
num_leaves=31
num_cat=0
split_feature=0 6 0 0 6 1 0 6 1 0 2 6 0 6 6 3 6 0 0 2 6 0 1 1 1 6 1 6 1 0
split_gain=6.16085e+07 1.40583e+07 8.47146e+06 3.84086e+06 2.5071e+06 2.15162e+06 1.96785e+06 1.29987e+06 913819 902598 831836 1.05183e+06 754899 638445 616568 701422 556316 508731 460782 459601 740538 762761 497672 811919 448930 1.84537e+06 816501 429888 408456 365436
threshold=573241.87500000012 0.15000000000000005 240407.42100000003 1048200.1775000001 0.15000000000000005 13436.337500000001 1048200.1775000001 0.25000000000000006 26343.954000000005 3304.2185000000004 22.312000000000005 0.15000000000000005 684755.53550000011 0.25000000000000006 0.25000000000000006 65.925000000000011 0.25000000000000006 388286.60400000011 153655.73400000003 31.426500000000004 0.15000000000000005 38531.177500000013 9241.5975000000017 10279.872000000001 24629.120500000001 0.15000000000000005 19012.117000000002 0.25000000000000006 31361.745000000006 63082.982000000011
decision_type=2 2 2 2 2 2 2 2 2 2 2 2 2 2 2 2 2 2 2 2 2 2 2 2 2 2 2 2 2 2
left_child=2 3 5 12 17 9 13 24 18 -1 11 -11 -2 -3 19 -16 -8 -4 -9 20 21 -12 -21 -24 26 -26 -7 28 -6 -22
right_child=1 6 4 -5 27 7 16 8 -10 10 14 -13 -14 -15 15 -17 -18 -19 -20 22 29 -23 23 -25 25 -27 -28 -29 -30 -31
leaf_value=-13.936252848307291 28.581805419921878 15.903284072875977 11.198583730061848 59.349819946289067 0.3801121711730957 -0.31891049279106992 29.60770950317383 -5.599803025381906 7.1986343383789064 -2.4852587699890138 8.8163421630859382 -15.305084419250489 41.122566223144531 7.7482426166534424 -8.7516249687583354 -3.0530964056650802 18.84206237792969 20.596524810791017 -13.45549430847168 -6.662806256566987 -8.1516872406005856 -2.100682067871094 2.3143131335576377 -5.3799968576431283 5.9611078262329107 -13.646349334716797 7.2111282348632812 -0.55263103485107423 8.801065953572591 -0.59526975154876716
leaf_weight=36 24 48 36 24 24 144 24 84 11.999999999999998 24 24 48 24 48 216 72 24 24 24 264 48 48 48 120 24 24 48 60 36 24
leaf_count=36 24 48 36 24 24 144 24 84 12 24 24 48 24 48 216 72 24 24 24 264 48 48 48 120 24 24 48 60 36 24
internal_value=1.63982e-08 24.9786 -3.56837 43.0181 6.6126 -4.94417 15.9588 -1.64213 -5.8911 -6.16715 -5.86834 -11.0318 34.8522 11.8258 -5.43805 -7.32699 24.2249 14.9578 -7.34551 -4.49358 -2.04728 1.53833 -5.30901 -3.18162 0.482355 -3.84262 1.5636 2.44003 5.43268 -5.63288
internal_weight=1728 216 1512 72 180 1332 144 360 120 972 936 72 48 96 864 288 48 60 108 576 144 72 432 168 240 48 192 120 60 72
internal_count=1728 216 1512 72 180 1332 144 360 120 972 936 72 48 96 864 288 48 60 108 576 144 72 432 168 240 48 192 120 60 72
is_linear=0
shrinkage=0.05


Tree=102
num_leaves=31
num_cat=0
split_feature=0 6 0 0 6 1 0 6 4 1 6 6 4 0 3 2 0 3 0 0 6 0 3 6 1 1 4 6 0 6
split_gain=5.56016e+07 1.26876e+07 7.64549e+06 3.46637e+06 2.26266e+06 1.96656e+06 1.8218e+06 996664 971291 901623 776738 753687 723253 681297 549621 590257 495117 465935 459130 449228 623739 423085 461067 893819 461946 522574 499228 1.07977e+06 450078 387974
threshold=573241.87500000012 0.15000000000000005 240407.42100000003 1048200.1775000001 0.15000000000000005 11548.453500000001 1182183.7235000001 0.15000000000000005 101.94350000000001 16961.718500000003 0.25000000000000006 0.25000000000000006 137.47000000000003 684755.53550000011 30.154500000000002 47.44700000000001 840329.43250000023 50.303500000000007 388286.60400000011 208019.18150000004 0.25000000000000006 3304.2185000000004 85.117000000000004 0.15000000000000005 9241.5975000000017 10129.240500000002 56.118500000000004 0.15000000000000005 38531.177500000013 0.25000000000000006
decision_type=2 2 2 2 2 2 2 2 2 2 2 2 2 2 2 2 2 2 2 2 2 2 2 2 2 2 2 2 2 2
left_child=2 3 5 13 18 10 11 9 -9 12 21 16 -7 -2 -12 -16 -3 -10 -4 -19 -21 -1 24 -24 26 -26 -23 28 -28 -6
right_child=1 6 4 -5 29 7 -8 8 17 -11 14 -13 -14 -15 15 -17 -18 19 -20 20 -22 22 23 -25 25 -27 27 -29 -30 -31
leaf_value=-11.662124252319337 27.152716064453127 12.89978001912435 10.638653818766278 56.382327270507815 5.1610501480102542 -5.0041228135426845 27.736346435546878 -0.70837159156799323 -3.9326684474945068 5.6720494079589843 -12.704432830810546 8.6832173919677729 2.9194095214207967 39.066438293457033 -9.7962088690863709 -4.407827640573184 22.17112503051758 -10.580800120035809 19.566698455810549 5.378683471679687 -10.742465209960937 -6.3556273079580734 -1.981313896179199 -21.279614257812497 2.1985973914464316 -4.5365591684977211 8.3755249023437504 -7.8238352457682296 -3.4840507507324219 -0.52499944686889655
leaf_weight=24 24 36 36 24 60 72 24 144 120 60 60 60 48 24 108 96 24 72 24 12 12 288 12 12 48 72 24 36 11.999999999999998 60
leaf_count=24 24 36 36 24 60 72 24 144 120 60 60 60 48 24 108 96 24 72 24 12 12 288 12 12 48 72 24 36 12 60
internal_value=-1.37974e-08 23.7296 -3.38995 40.8672 6.28197 -4.69696 15.1609 -2.37028 -3.88919 0.667543 -6.28334 12.6458 -1.83471 33.1096 -8.49776 -7.2605 16.6083 -6.00974 14.2099 -8.60607 -2.68189 -5.17613 -4.86727 -11.6305 -4.52911 -1.8425 -5.42465 -1.70075 4.42233 2.31803
internal_weight=1728 216 1512 72 180 1332 144 540 360 180 792 120 120 48 264 204 60 216 60 96 24 528 504 24 480 120 360 72 36 120
internal_count=1728 216 1512 72 180 1332 144 540 360 180 792 120 120 48 264 204 60 216 60 96 24 528 504 24 480 120 360 72 36 120
is_linear=0
shrinkage=0.05


Tree=103
num_leaves=31
num_cat=0
split_feature=0 6 0 0 1 6 0 0 4 0 0 0 2 6 6 3 6 2 6 0 1 1 6 0 0 6 0 0 6 2
split_gain=5.02171e+07 1.23083e+07 6.73177e+06 3.25048e+06 2.7455e+06 1.54245e+06 966129 955424 804265 747535 726290 718436 695226 890670 491794 591387 463368 384214 600623 617932 395268 671497 372948 352246 438510 424074 409066 375602 335218 330447
threshold=303117.76850000006 0.15000000000000005 840329.43250000023 684755.53550000011 13436.337500000001 0.25000000000000006 619852.88050000009 1182183.7235000001 43.561500000000002 3304.2185000000004 208019.18150000004 1182183.7235000001 22.312000000000005 0.15000000000000005 0.25000000000000006 65.925000000000011 0.25000000000000006 31.426500000000004 0.15000000000000005 38531.177500000013 9241.5975000000017 10279.872000000001 0.25000000000000006 145818.27200000003 137286.37700000001 0.15000000000000005 153655.73400000003 153655.73400000003 0.25000000000000006 127.01650000000002
decision_type=2 2 2 2 2 2 2 2 2 2 2 2 2 2 2 2 2 2 2 2 2 2 2 2 2 2 2 2 2 2
left_child=4 2 6 16 9 10 -2 22 -7 -1 23 -4 13 -11 17 -16 -3 18 19 -14 -19 -22 -5 24 -6 27 -27 -25 -9 -18
right_child=1 3 11 7 5 8 -8 28 -10 12 -12 -13 14 -15 15 -17 29 20 -20 -21 21 -23 -24 25 -26 26 -28 -29 -30 -31
leaf_value=-12.638962554931641 18.602890396118166 8.4732806396484381 44.184487915039064 18.428627014160156 0.078697684605916349 1.468887265523275 30.889372253417971 32.258721923828119 -7.1606532202826605 -2.1525723457336428 5.6835587501525886 59.168188476562506 7.9567485809326177 -13.949484252929688 -7.8984740010014294 -2.6659758806228639 4.1145667076110843 -6.0118844876686737 -5.0522921721140541 -1.8693314075469971 2.0886676867802936 -4.9087125968933112 11.231524403889974 -6.355977249145508 7.4823324203491213 0.72965798377990732 -10.576671600341797 4.4780187606811523 20.440336608886717 -5.1619518280029304
leaf_weight=36 48 60 24 36 120 36 24 12 108 24 72 11.999999999999998 24 48 216 72 48 264 72 48 48 120 36 11.999999999999998 24 11.999999999999998 24 24 12 11.999999999999998
leaf_count=36 48 60 24 36 120 36 24 12 108 24 72 12 24 48 216 72 48 264 72 48 48 120 36 12 24 12 24 24 12 12
internal_value=9.17525e-09 17.7433 31.5253 10.8523 -4.09461 -0.778051 22.6984 17.7099 -5.00327 -5.56864 1.33456 49.1791 -5.2967 -10.0172 -4.90333 -6.59035 5.36627 -4.05982 -1.82313 1.40603 -4.80539 -2.90946 14.8301 -0.11511 1.31264 -2.9706 -6.8079 0.866687 26.3495 2.25926
internal_weight=1728 324 108 216 1404 432 72 96 144 972 288 36 936 72 864 288 120 576 144 72 432 168 72 216 144 72 36 36 24 60
internal_count=1728 324 108 216 1404 432 72 96 144 972 288 36 936 72 864 288 120 576 144 72 432 168 72 216 144 72 36 36 24 60
is_linear=0
shrinkage=0.05


Tree=104
num_leaves=31
num_cat=0
split_feature=0 6 0 0 6 0 0 6 1 0 3 6 0 6 3 6 3 6 0 0 6 1 4 6 0 1 1 6 0 1
split_gain=4.54172e+07 1.03493e+07 6.17742e+06 2.84459e+06 1.86496e+06 1.64562e+06 1.49194e+06 952903 729226 629963 577901 673499 547345 488263 460290 457878 677568 425463 373355 348609 300917 366492 294194 783048 477424 368401 623913 315143 287206 285979
threshold=573241.87500000012 0.15000000000000005 240407.42100000003 1048200.1775000001 0.15000000000000005 68725.196500000005 1048200.1775000001 0.25000000000000006 26343.954000000005 3304.2185000000004 85.117000000000004 0.15000000000000005 684755.53550000011 0.25000000000000006 50.303500000000007 0.25000000000000006 65.925000000000011 0.25000000000000006 388286.60400000011 208019.18150000004 0.25000000000000006 31361.745000000006 56.118500000000004 0.15000000000000005 38531.177500000013 9241.5975000000017 10279.872000000001 0.15000000000000005 256199.82050000003 7848.9580000000014
decision_type=2 2 2 2 2 2 2 2 2 2 2 2 2 2 2 2 2 2 2 2 2 2 2 2 2 2 2 2 2 2
left_child=2 3 5 12 18 9 13 19 14 -1 15 -12 -2 -3 -9 22 -17 -8 -4 -7 21 -6 25 24 -24 29 27 -27 -22 -11
right_child=1 6 4 -5 20 7 17 8 -10 10 11 -13 -14 -15 -16 16 -18 -19 -20 -21 28 -23 23 -25 -26 26 -28 -29 -30 -31
leaf_value=-12.007014465332032 24.55777282714844 13.674691581726075 9.6072213490804046 50.979397583007817 -0.25086679458618166 -0.73785614636209285 25.612453460693359 -2.6834968185424808 6.8006767272949222 -5.0241335030396783 -1.7746196746826173 -16.282150268554688 35.236270141601565 6.5430173635482793 -8.4174174172537661 -8.2203081985314679 -2.5326770702997847 16.197673797607422 17.658219146728516 5.5342727661132818 -7.391153717041016 7.7257915496826177 7.5589111328125007 -5.9815947914123537 -1.5452740351359049 -2.0671467304229738 -5.375055249532064 6.0356152216593424 1.2571588993072511 -9.2518641948699951
leaf_weight=36 24 48 36 24 24 288 24 60 11.999999999999998 240 11.999999999999998 24 24 48 84 192 72 24 24 24 11.999999999999998 36 24 60 36 24 72 24 48 48
leaf_count=36 24 48 36 24 24 288 24 60 12 240 12 24 24 48 84 192 72 24 24 24 12 36 24 60 36 24 72 24 48 48
internal_value=9.06763e-08 21.4466 -3.06379 36.9245 5.63008 -4.23864 13.7076 -1.85074 -5.04144 -5.53209 -5.25057 -11.4463 29.897 10.1089 -6.02828 -4.96895 -6.66914 20.9051 12.8276 -0.255385 2.03131 4.53513 -4.11885 -1.9426 2.0964 -4.75893 -2.43134 1.98423 -0.472504 -5.72876
internal_weight=1728 216 1512 72 180 1332 144 468 156 864 828 36 48 96 144 792 264 48 60 312 120 60 528 120 60 408 120 48 60 288
internal_count=1728 216 1512 72 180 1332 144 468 156 864 828 36 48 96 144 792 264 48 60 312 120 60 528 120 60 408 120 48 60 288
is_linear=0
shrinkage=0.05


Tree=105
num_leaves=31
num_cat=0
split_feature=0 6 0 0 6 1 0 6 2 1 4 6 6 0 3 2 0 1 0 6 0 0 2 3 6 1 4 6 1 0
split_gain=4.09891e+07 9.34021e+06 5.57512e+06 2.56724e+06 1.68313e+06 1.48763e+06 1.38496e+06 775158 839756 717584 636392 583536 562469 493979 460892 467337 385179 377742 396547 468741 358374 337774 332790 332305 695083 432174 414963 812336 378441 340813
threshold=573241.87500000012 0.15000000000000005 240407.42100000003 1048200.1775000001 0.15000000000000005 11548.453500000001 1182183.7235000001 0.15000000000000005 90.431000000000012 16961.718500000003 137.47000000000003 0.25000000000000006 0.25000000000000006 684755.53550000011 30.154500000000002 47.44700000000001 840329.43250000023 16961.718500000003 208019.18150000004 0.25000000000000006 16052.3765 303117.76850000006 117.89800000000001 85.117000000000004 0.15000000000000005 9241.5975000000017 56.118500000000004 0.15000000000000005 10129.240500000002 38531.177500000013
decision_type=2 2 2 2 2 2 2 2 2 2 2 2 2 2 2 2 2 2 2 2 2 2 2 2 2 2 2 2 2 2
left_child=2 3 5 13 21 11 12 9 17 10 -7 23 16 -2 -13 -16 -3 -9 -19 -20 -17 -4 -14 25 -25 26 -1 29 -27 -28
right_child=1 6 4 -5 -6 7 -8 8 -10 -11 -12 14 22 -15 15 20 -18 18 19 -21 -22 -23 -24 24 -26 28 27 -29 -30 -31
leaf_value=-5.781117606315858 23.329885101318361 10.981469980875652 7.5915798187255863 48.430424499511723 1.9297465991973877 -4.5293359597524008 23.98679885864258 -3.5045840872658625 1.4871425628662109 5.140612182617188 2.9031826337178548 -11.178000030517579 4.3656981468200682 33.474455261230467 -8.4491052839491108 -11.737114461263021 19.158958435058594 -10.310290718078614 4.5488578796386712 -9.4264389038085934 -2.4998411893844605 15.249345906575522 11.966757583618165 -1.6858886718749997 -18.704051208496093 1.8850225528081257 7.1809654235839844 -6.8809489568074547 -3.8465345700581874 -3.1391178131103517
leaf_weight=312 24 36 24 24 120 72 24 216 72 60 48 60 36 24 108 11.999999999999998 24 48 12 12 84 36 24 12 12 48 24 36 72 11.999999999999998
leaf_count=312 24 36 24 24 120 72 24 216 72 60 48 60 36 24 108 12 24 48 12 12 84 36 24 12 12 48 24 36 72 12
internal_value=1.12862e-08 20.3742 -2.9106 35.0783 5.34858 -4.02671 13.0222 -2.00308 -3.34261 0.675985 -1.55633 -5.40646 10.8293 28.4022 -7.32582 -6.19282 14.2525 -4.55005 -7.68646 -2.43879 -3.6545 12.1862 7.40612 -4.44678 -10.195 -4.17305 -4.99153 -1.57001 -1.55391 3.74094
internal_weight=1728 216 1512 72 180 1332 144 540 360 180 120 792 120 48 264 204 60 288 72 24 96 60 60 528 24 504 384 72 120 36
internal_count=1728 216 1512 72 180 1332 144 540 360 180 120 792 120 48 264 204 60 288 72 24 96 60 60 528 24 504 384 72 120 36
is_linear=0
shrinkage=0.05


Tree=106
num_leaves=31
num_cat=0
split_feature=0 6 0 0 0 6 0 0 0 0 6 2 4 6 4 3 0 2 6 6 4 6 2 1 3 6 0 1 0 1
split_gain=3.70354e+07 9.03429e+06 5.00102e+06 2.43092e+06 2.05529e+06 1.1119e+06 724460 705750 608583 580356 526886 374174 369259 364860 347949 327761 292015 285306 277697 267263 261594 372243 237371 442143 237797 323728 774972 340033 433821 602167
threshold=303117.76850000006 0.15000000000000005 840329.43250000023 684755.53550000011 93897.382000000027 0.15000000000000005 1182183.7235000001 573241.87500000012 3304.2185000000004 1182183.7235000001 0.25000000000000006 31.426500000000004 122.55800000000001 0.25000000000000006 133.21950000000004 62.127500000000005 38531.177500000013 127.01650000000002 0.25000000000000006 0.25000000000000006 135.84850000000003 0.15000000000000005 74.89200000000001 10279.872000000001 65.925000000000011 0.15000000000000005 31159.647000000004 2158.8095000000008 19740.918500000003 4540.7175000000016
decision_type=2 2 2 2 2 2 2 2 2 2 2 2 2 2 2 2 2 2 2 2 2 2 2 2 2 2 2 2 2 2
left_child=4 2 7 13 8 -6 19 -2 -1 -4 20 16 -7 -3 -14 -13 -12 -15 -8 -5 22 -22 24 -24 25 27 -27 -10 29 -29
right_child=1 3 9 6 5 12 18 -9 10 -11 11 15 14 17 -16 -17 -18 -19 -20 -21 21 -23 23 -25 -26 26 -28 28 -30 -31
leaf_value=-11.027659606933595 14.486878712972008 7.3465938568115234 37.77225036621094 15.802842458089195 3.6711651738484701 -0.62214004198710127 28.165823364257808 24.387422688802086 -10.402865600585939 51.239288330078125 -11.3593900680542 -6.4965839588280891 -9.8392822265625011 3.5564478874206547 -2.8875691095987959 -2.656917625665665 -6.1271434402465825 -5.0631996154785162 17.409095764160153 9.7102325439453132 1.9266324043273926 -4.300349545478821 4.0426278273264566 -3.544910192489624 -6.4373247051239026 -7.9275338490804037 -0.84024646759033217 -2.0538185894489289 -4.1096084867204938 7.6461058298746751
leaf_weight=36 36 60 24 36 120 144 12 36 11.999999999999998 11.999999999999998 48 132 24 48 72 96 60 11.999999999999998 12 36 48 48 24 96 120 108 60 48 84 24
leaf_count=36 36 60 24 36 120 144 12 36 12 12 48 132 24 48 72 96 60 12 12 36 48 48 24 96 120 108 60 48 84 24
internal_value=2.57735e-08 15.2376 27.0452 9.33387 -3.51638 -0.2586 15.2643 19.4372 -4.63975 42.2613 -4.41161 -6.02825 -2.22348 4.58956 -4.6255 -4.87988 -8.45259 1.83252 22.7875 12.7565 -3.60329 -1.18686 -4.00603 -2.0274 -4.52672 -3.84437 -5.39636 -2.29237 -1.66849 1.17949
internal_weight=1728 324 108 216 1404 360 96 72 1044 36 1008 336 240 120 96 228 108 60 24 72 672 96 576 120 456 336 168 168 156 72
internal_count=1728 324 108 216 1404 360 96 72 1044 36 1008 336 240 120 96 228 108 60 24 72 672 96 576 120 456 336 168 168 156 72
is_linear=0
shrinkage=0.05


Tree=107
num_leaves=31
num_cat=0
split_feature=0 6 0 0 6 0 0 6 0 6 6 3 2 0 0 2 6 0 0 4 0 6 6 0 2 2 1 6 0 6
split_gain=3.34316e+07 7.59323e+06 4.56197e+06 2.1172e+06 1.57927e+06 1.12376e+06 1.06756e+06 520224 521726 468067 444007 434347 570366 415395 404706 348178 331548 322855 310320 296824 294350 1.12435e+06 595692 557916 286706 283522 264792 627312 345227 250622
threshold=573241.87500000012 0.15000000000000005 208019.18150000004 1048200.1775000001 0.15000000000000005 1182183.7235000001 41777.992500000008 0.25000000000000006 256199.82050000003 0.25000000000000006 0.25000000000000006 72.187000000000026 50.303500000000007 684755.53550000011 256199.82050000003 31.205000000000002 0.25000000000000006 840329.43250000023 16052.3765 64.634000000000015 47382.240000000013 0.15000000000000005 0.15000000000000005 90630.424000000014 68.52800000000002 117.89800000000001 10484.007500000002 0.15000000000000005 35745.162000000004 0.25000000000000006
decision_type=2 2 2 2 2 2 2 2 2 2 2 2 2 2 2 2 2 2 2 2 2 2 2 2 2 2 2 2 2 2
left_child=2 3 6 13 14 9 10 19 -9 17 26 12 -8 -2 -4 -12 20 -3 -17 -6 21 -14 24 -24 -22 -11 28 -28 -1 -7
right_child=1 5 4 -5 7 29 11 8 -10 25 15 -13 16 -15 -16 18 -18 -19 -20 -21 22 -23 23 -25 -26 -27 27 -29 -30 -31
leaf_value=-4.6324586933567415 20.944020080566407 9.9241292317708343 4.8436546325683594 43.783616638183595 -3.097671127319336 26.757531738281244 -1.6946865452660456 -7.9488574981689455 1.0799691915512086 3.8670278867085779 -10.79142074584961 -0.48411260269306322 -19.637309265136718 30.246740722656252 12.795713043212892 -8.845882975260416 -8.41455478668213 17.410868072509768 -4.3610958099365238 5.5166222381591794 -2.5499092102050782 2.0070373535156247 -15.899621582031251 -3.4506550788879395 5.1786367416381838 10.882907867431641 -1.2797280311584471 -17.446981811523436 -0.8172630310058594 16.538641357421874
leaf_weight=336 24 36 24 24 11.999999999999998 12 252 24 48 36 48 216 12 24 48 60 60 24 108 60 24 12 11.999999999999998 36 24 24 12 12 72 12
leaf_count=336 24 36 24 24 12 12 252 24 48 36 48 216 12 24 48 60 60 24 108 60 24 12 12 36 24 24 12 12 72 12
internal_value=6.89869e-09 18.4003 -2.62862 31.6581 4.09876 11.7714 -3.74985 1.07563 -1.92964 9.7961 -5.18489 -2.31481 -3.23016 25.5954 10.145 -7.03583 -5.37981 12.9188 -5.96281 4.08091 -3.86244 -8.81514 -2.62427 -6.5629 1.31436 6.67338 -4.25942 -9.36335 -3.95919 21.6481
internal_weight=1728 216 1512 72 216 144 1296 144 72 120 648 648 432 48 72 216 180 60 168 72 120 24 96 48 48 60 432 24 408 24
internal_count=1728 216 1512 72 216 144 1296 144 72 120 648 648 432 48 72 216 180 60 168 72 120 24 96 48 48 60 432 24 408 24
is_linear=0
shrinkage=0.05


Tree=108
num_leaves=31
num_cat=0
split_feature=0 6 0 0 0 6 0 0 0 0 6 2 4 6 4 3 2 3 6 4 6 6 2 0 4 2 1 6 3 3
split_gain=3.01775e+07 7.37701e+06 4.08983e+06 1.99377e+06 1.70582e+06 932369 587545 587343 532780 496428 436660 330698 326013 298099 293463 271412 253125 247920 226186 218971 334672 215386 210104 278201 201522 197571 386642 256759 2.31714e+06 1.0362e+06
threshold=303117.76850000006 0.15000000000000005 840329.43250000023 684755.53550000011 93897.382000000027 0.15000000000000005 1182183.7235000001 619852.88050000009 3304.2185000000004 1182183.7235000001 0.25000000000000006 31.426500000000004 122.55800000000001 0.25000000000000006 133.21950000000004 62.127500000000005 127.01650000000002 27.516500000000004 0.25000000000000006 135.84850000000003 0.15000000000000005 0.25000000000000006 50.303500000000007 19740.918500000003 137.47000000000003 74.89200000000001 10279.872000000001 0.15000000000000005 78.673500000000004 78.673500000000004
decision_type=2 2 2 2 2 2 2 2 2 2 2 2 2 2 2 2 2 2 2 2 2 2 2 2 2 2 2 2 2 2
left_child=4 2 7 13 8 -6 21 -2 -1 -4 19 17 -7 -3 -14 22 -15 -12 -8 25 -21 -5 23 -13 -22 -10 -27 29 -29 -28
right_child=1 3 9 6 5 12 18 -9 10 -11 11 15 14 16 -16 -17 -18 -19 -20 20 24 -23 -24 -25 -26 26 27 28 -30 -31
leaf_value=-10.174430084228517 14.351013755798341 6.6152829360961922 34.032879638671879 14.266935729980469 3.3923096593221027 -0.50086228052775073 25.419654846191406 23.930802154541016 -4.0917657290895786 46.488143920898438 -3.2532305717468262 -6.2241292953491216 -9.0506875991821296 3.2549504876136783 -2.666432507832845 -2.3533762693405151 -4.8640380859375005 -9.0154862540108827 15.71170959472656 1.9147575139999391 1.6217823028564453 8.7975068410237629 -8.0326265970865887 0.36896677017211915 -5.8600822448730474 3.8647020022074381 1.5298776626586914 -11.630487442016602 10.340814590454102 -13.162804412841798
leaf_weight=36 48 60 24 36 120 144 12 24 456 11.999999999999998 24 48 24 48 72 96 11.999999999999998 84 12 48 11.999999999999998 36 60 24 36 24 24 24 24 24
leaf_count=36 48 60 24 36 120 144 12 24 456 12 24 48 24 48 72 96 12 84 12 48 12 36 60 24 36 24 24 24 24 24
internal_value=2.06616e-08 13.7547 24.4244 8.41983 -3.17416 -0.206241 13.7906 17.5443 -4.19758 38.1846 -3.98412 -5.45584 -2.00552 4.12322 -4.2625 -4.37625 1.63115 -7.73498 20.5657 -3.24826 -1.03743 11.5322 -5.84743 -4.02643 -3.98962 -3.61673 -1.81158 -3.23065 -0.644836 -5.81646
internal_weight=1728 324 108 216 1404 360 96 72 1044 36 1008 336 240 120 96 228 60 108 24 672 96 72 132 72 48 576 120 96 48 48
internal_count=1728 324 108 216 1404 360 96 72 1044 36 1008 336 240 120 96 228 60 108 24 672 96 72 132 72 48 576 120 96 48 48
is_linear=0
shrinkage=0.05


Tree=109
num_leaves=31
num_cat=0
split_feature=0 6 0 0 6 0 0 0 6 0 3 2 1 6 0 0 6 6 6 4 2 6 0 6 6 0 2 0 0 0
split_gain=2.73015e+07 6.19404e+06 3.72876e+06 1.73583e+06 1.31773e+06 917489 866514 460649 428053 378700 376689 486630 355751 484089 334310 326590 316789 307601 278194 277594 277267 273242 256738 1.01472e+06 472756 476254 259431 249141 232929 205211
threshold=573241.87500000012 0.15000000000000005 208019.18150000004 1048200.1775000001 0.25000000000000006 1048200.1775000001 41777.992500000008 256199.82050000003 0.15000000000000005 3304.2185000000004 72.187000000000026 50.303500000000007 10484.007500000002 0.15000000000000005 684755.53550000011 256199.82050000003 0.25000000000000006 0.25000000000000006 0.25000000000000006 71.970000000000013 31.992000000000001 0.25000000000000006 47382.240000000013 0.15000000000000005 0.15000000000000005 90630.424000000014 68.52800000000002 35745.162000000004 47382.240000000013 100590.71350000003
decision_type=2 2 2 2 2 2 2 2 2 2 2 2 2 2 2 2 2 2 2 2 2 2 2 2 2 2 2 2 2 2
left_child=2 3 6 14 8 17 9 -6 15 -1 11 29 16 -14 -2 -4 27 -3 22 -10 -18 -7 23 -13 26 -26 -24 -11 -20 -8
right_child=1 5 4 -5 7 21 10 -9 19 12 -12 18 13 -15 -16 -17 20 -19 28 -21 -22 -23 24 -25 25 -27 -28 -29 -30 -31
leaf_value=-9.6657084147135421 18.939773559570312 10.649082565307618 4.4318565368652347 39.581410217285161 -7.4722320556640627 20.05759506225586 -2.4327842341529 1.0116581439971923 -0.64855146408081055 -3.8701103372451584 -0.39137592139067473 -18.450856018066403 -1.0111533164978028 -13.310655212402345 27.28531188964844 11.575360298156738 -9.0367387771606449 4.9885399580001835 -1.4834388732910158 5.9373466730117803 -4.6487247096167676 12.512699127197266 -2.5550904273986816 2.1112737655639644 -14.523117065429688 -3.0212617874145509 4.796650314331055 -0.60712990760803232 -9.2717967987060543 0.72562243143717453
leaf_weight=36 24 48 24 24 24 24 180 48 24 312 216 12 11.999999999999998 24 24 48 48 48 11.999999999999998 48 144 24 24 12 11.999999999999998 36 24 72 48 72
leaf_count=36 24 48 24 24 24 24 180 48 24 312 216 12 12 24 24 48 48 48 12 48 144 24 24 12 12 36 24 72 48 72
internal_value=6.89869e-09 16.628 -2.37543 28.6022 3.70664 10.6409 -3.38911 -1.81631 6.46812 -4.68198 -2.09624 -2.94867 -4.38882 -9.21082 23.1125 9.19419 -4.08744 7.81881 -4.93427 3.74205 -5.74573 16.2851 -3.54434 -8.16979 -2.38797 -5.89673 1.12078 -3.2583 -7.71413 -1.53038
internal_weight=1728 216 1512 72 216 144 1296 72 144 648 648 432 612 36 48 72 576 96 180 72 192 48 120 24 96 48 48 384 60 252
internal_count=1728 216 1512 72 216 144 1296 72 144 648 648 432 612 36 48 72 576 96 180 72 192 48 120 24 96 48 48 384 60 252
is_linear=0
shrinkage=0.05


Tree=110
num_leaves=31
num_cat=0
split_feature=0 6 0 0 0 6 0 1 6 1 0 6 4 2 6 0 3 0 3 4 6 0 4 6 4 0 4 0 6 3
split_gain=2.46483e+07 6.18722e+06 2.67949e+06 1.93877e+06 1.43835e+06 845472 495957 448132 527317 607278 425049 420416 370498 305265 1.20617e+06 300256 267342 265861 256048 245722 521493 305527 240143 205690 460925 316141 191831 217385 187775 185520
threshold=388286.60400000011 0.15000000000000005 840329.43250000023 100590.71350000003 684755.53550000011 0.15000000000000005 1182183.7235000001 4852.8110000000006 0.15000000000000005 2158.8095000000008 1182183.7235000001 0.25000000000000006 122.55800000000001 22.312000000000005 0.15000000000000005 619852.88050000009 33.753000000000007 256199.82050000003 31.992000000000001 46.048000000000009 0.25000000000000006 303117.76850000006 133.21950000000004 0.25000000000000006 42.097000000000008 164842.97150000001 46.048000000000009 164842.97150000001 0.25000000000000006 72.187000000000026
decision_type=2 2 2 2 2 2 2 2 2 2 2 2 2 2 2 2 2 2 2 2 2 2 2 2 2 2 2 2 2 2
left_child=3 2 15 7 11 17 -6 8 9 -1 -4 -3 19 14 -9 -2 -11 26 -10 23 -21 -22 -14 24 -7 -25 27 -5 -8 -15
right_child=1 4 10 5 6 12 28 13 18 16 -12 -13 22 29 -16 -17 -18 -19 -20 20 21 -23 -24 25 -26 -27 -28 -29 -30 -31
leaf_value=-9.0633392333984375 14.358684539794922 7.1520036220550542 30.65956726074219 -5.8727424621582029 10.423563957214355 -12.801760864257814 23.14579162597656 2.8732807636260986 -10.279661941528321 7.0224754333496096 42.184667968750006 0.53434795066714291 -8.2908267974853516 -3.3095117775930301 -10.8549129486084 21.578635406494143 -1.3214110136032104 8.6407917022705085 -5.9587626171112067 5.421029043197632 -4.2524355570475256 4.9599815368652349 -2.1652760028839113 -6.0821105957031252 -0.80013689994812021 3.8574113845825195 4.0475674470265712 3.6444606781005855 14.300488281249997 -1.4705225573645699
leaf_weight=24 36 48 24 12 72 11.999999999999998 12 24 48 11.999999999999998 11.999999999999998 48 24 576 48 24 48 24 120 48 36 11.999999999999998 48 11.999999999999998 24 24 72 12 12 180
leaf_count=24 36 48 24 12 72 12 12 24 48 12 12 48 24 576 48 24 48 24 120 48 36 12 48 12 24 24 72 12 12 180
internal_value=-6.03635e-09 13.3529 23.7171 -2.67058 8.17082 0.507114 12.4985 -3.72982 -5.57601 -2.34141 34.5013 3.84318 -1.20626 -3.16793 -6.27885 17.2467 0.347366 3.93387 -7.19331 0.0798192 1.73585 -1.94933 -4.20713 -2.12822 -4.80068 0.544237 2.75714 -1.11414 18.7231 -2.87166
internal_weight=1728 288 96 1440 192 360 96 1080 252 84 36 96 240 828 72 60 60 120 168 168 96 48 72 72 36 36 96 24 24 756
internal_count=1728 288 96 1440 192 360 96 1080 252 84 36 96 240 828 72 60 60 120 168 168 96 48 72 72 36 36 96 24 24 756
is_linear=0
shrinkage=0.05


Tree=111
num_leaves=31
num_cat=0
split_feature=0 6 0 0 6 0 0 0 6 4 6 0 3 6 6 0 0 3 4 0 3 6 3 3 1 4 3 2 4 6
split_gain=2.23028e+07 5.0401e+06 2.99048e+06 1.42592e+06 1.10354e+06 766836 731559 386951 351029 491043 347665 345327 339667 387067 332979 272579 271495 270780 247410 244341 240705 489395 2.28949e+06 875874 385906 370477 353017 301248 298745 285512
threshold=573241.87500000012 0.15000000000000005 208019.18150000004 1048200.1775000001 0.25000000000000006 1182183.7235000001 68725.196500000005 256199.82050000003 0.25000000000000006 38.12850000000001 0.15000000000000005 3304.2185000000004 85.117000000000004 0.15000000000000005 0.25000000000000006 388286.60400000011 684755.53550000011 50.303500000000007 71.970000000000013 840329.43250000023 72.187000000000026 0.15000000000000005 65.925000000000011 62.127500000000005 2158.8095000000008 14.624000000000001 76.597500000000011 106.31000000000002 15.803000000000003 0.15000000000000005
decision_type=2 2 2 2 2 2 2 2 2 2 2 2 2 2 2 2 2 2 2 2 2 2 2 2 2 2 2 2 2 2
left_child=2 3 6 16 10 14 11 -6 -8 -10 15 -1 20 -14 19 -4 -2 -11 -12 -3 21 22 24 27 -13 -26 -22 -23 -27 -28
right_child=1 5 4 -5 7 -7 8 -9 9 17 18 12 13 -15 -16 -17 -18 -19 -20 -21 26 23 -24 -25 25 28 29 -29 -30 -31
leaf_value=-8.6887120564778648 17.094351959228515 8.0250506083170574 6.1083189010620123 35.78123321533203 -6.9381774902343754 17.786983489990234 -0.36696476605203421 0.83749916553497317 6.2933395385742195 -1.7900348567962645 -0.77492055892944345 -8.7998382568359386 -1.1042596817016601 -12.102376556396486 5.3626241924613716 12.634458160400392 24.615090942382814 -6.3380695343017583 5.4426195383071905 14.538132476806641 2.6665724224514431 -5.6411462575961382 -16.497966766357422 -0.64101684093475342 -5.3225727081298828 8.93003438313802 -6.6863388061523441 -11.454391860961914 0.7187577207883199 -1.2328269163767498
leaf_weight=36 24 36 48 24 24 24 288 48 11.999999999999998 60 24 11.999999999999998 11.999999999999998 24 60 24 24 72 48 24 36 312 24 96 24 11.999999999999998 36 24 144 72
leaf_count=36 24 36 48 24 24 24 288 48 12 60 24 12 12 24 60 24 24 72 48 24 36 312 24 96 24 12 36 24 144 72
internal_value=2.27053e-09 15.0289 -2.14698 25.8302 3.2998 9.62821 -3.05478 -1.75439 -1.37479 -3.39044 5.8269 -3.89478 -3.68634 -8.43634 7.99645 8.2837 20.8547 -4.27078 3.37011 10.6303 -3.47044 -3.88134 -1.9381 -4.85296 -0.118116 0.460665 -1.62136 -6.05638 1.35039 -3.05066
internal_weight=1728 216 1512 72 216 144 1296 72 432 144 144 864 828 36 120 72 48 132 72 60 792 648 216 432 192 180 144 336 156 108
internal_count=1728 216 1512 72 216 144 1296 72 432 144 144 864 828 36 120 72 48 132 72 60 792 648 216 432 192 180 144 336 156 108
is_linear=0
shrinkage=0.05


Tree=112
num_leaves=31
num_cat=0
split_feature=0 6 1 6 0 3 0 6 6 6 0 0 0 0 6 0 4 0 3 0 0 3 6 2 0 2 0 4 1 0
split_gain=2.01283e+07 4.54869e+06 2.70127e+06 1.49473e+06 1.2869e+06 699746 692069 583287 580528 547600 459688 368821 341410 306311 300513 280515 265049 245025 244997 220517 217699 209751 437893 204782 196710 196117 177025 176897 216272 171667
threshold=573241.87500000012 0.15000000000000005 19012.117000000002 0.15000000000000005 1048200.1775000001 108.92850000000001 1182183.7235000001 0.25000000000000006 0.25000000000000006 0.25000000000000006 55159.639500000012 164842.97150000001 256199.82050000003 256199.82050000003 0.25000000000000006 19740.918500000003 46.048000000000009 684755.53550000011 31.992000000000001 840329.43250000023 153655.73400000003 85.117000000000004 0.15000000000000005 117.89800000000001 22666.579000000002 127.01650000000002 1182183.7235000001 37.504500000000007 11548.453500000001 12036.576500000001
decision_type=2 2 2 2 2 2 2 2 2 2 2 2 2 2 2 2 2 2 2 2 2 2 2 2 2 2 2 2 2 2
left_child=2 4 9 12 17 7 14 16 -7 10 21 -10 -4 -9 19 18 -5 -2 -11 -3 24 29 -23 -16 -17 -15 -6 -26 -29 -1
right_child=1 6 3 5 26 8 -8 13 11 15 -12 -13 -14 25 23 20 -18 -19 -20 -21 -22 22 -24 -25 27 -27 -28 28 -30 -31
leaf_value=-4.6692739343643188 16.239633941650393 7.6237984975179032 4.2955451965332037 -2.806563949584961 29.697970581054683 -11.217039871215821 16.897634124755861 -5.3056332270304365 -6.4179084777832021 -11.289818954467775 -0.68070116675261305 5.9786724090576167 9.9530359268188491 2.6408360799153647 2.7094571352005006 2.7010688781738281 5.2197381655375166 23.384336853027346 -5.5616351173037577 13.811226654052735 -10.439254760742188 -1.0490467071533203 -14.556648254394529 8.6720466613769531 -1.9498335702078684 -4.7400115966796879 38.286370849609369 -6.8512858708699547 -3.3135250091552737 -2.5027024815479919
leaf_weight=120 24 36 60 11.999999999999998 12 24 24 36 12 24 264 12 48 36 36 11.999999999999998 72 24 84 24 11.999999999999998 12 12 24 84 11.999999999999998 12 72 108 384
leaf_count=120 24 36 60 12 12 24 24 36 12 24 264 12 48 36 36 12 72 24 84 24 12 12 12 24 84 12 12 72 108 384
internal_value=-2.50836e-08 14.2774 -2.03963 2.00719 24.5387 -0.394214 9.1468 1.12696 -5.71833 -3.14331 -2.38425 -0.219618 6.80999 -1.8192 7.59663 -4.66144 4.07312 19.812 -6.83456 10.0988 -3.84652 -3.23602 -7.80285 5.09449 -3.55988 0.795624 33.9922 -3.84447 -4.72863 -3.01855
internal_weight=1728 216 1512 324 72 216 144 168 48 1188 792 24 108 84 120 396 84 48 108 60 288 528 24 60 276 48 24 264 180 504
internal_count=1728 216 1512 324 72 216 144 168 48 1188 792 24 108 84 120 396 84 48 108 60 288 528 24 60 276 48 24 264 180 504
is_linear=0
shrinkage=0.05


Tree=113
num_leaves=31
num_cat=0
split_feature=0 6 1 6 0 3 0 6 6 6 1 0 0 4 0 3 4 4 6 0 2 0 6 0 0 3 6 4 6 0
split_gain=1.81658e+07 4.1052e+06 2.4379e+06 1.349e+06 1.16142e+06 631521 624592 526417 523926 494209 426745 332860 312981 284112 271610 254174 239206 222735 284551 221135 214417 213236 195470 188115 179723 178221 395198 172502 169466 159766
threshold=573241.87500000012 0.15000000000000005 19012.117000000002 0.15000000000000005 1048200.1775000001 108.92850000000001 1182183.7235000001 0.25000000000000006 0.25000000000000006 0.25000000000000006 13436.337500000001 164842.97150000001 388286.60400000011 115.82000000000001 619852.88050000009 18.680500000000006 46.048000000000009 135.84850000000003 0.15000000000000005 684755.53550000011 31.426500000000004 153655.73400000003 0.25000000000000006 68725.196500000005 16052.3765 85.117000000000004 0.15000000000000005 137.47000000000003 0.25000000000000006 1182183.7235000001
decision_type=2 2 2 2 2 2 2 2 2 2 2 2 2 2 2 2 2 2 2 2 2 2 2 2 2 2 2 2 2 2
left_child=2 4 9 12 19 7 14 16 -7 10 17 -10 -4 -9 -3 -11 -5 25 -19 -2 23 24 -16 -17 -22 -1 -27 -20 -8 -6
right_child=1 6 3 5 29 8 28 13 11 15 -12 -13 -14 -15 22 20 -18 18 27 -21 21 -23 -24 -25 -26 26 -28 -29 -30 -31
leaf_value=-3.0071975774837263 15.427652740478516 2.4592605590820313 5.0307441983904155 -2.6662357330322268 28.213073730468746 -10.656188201904298 20.254270935058592 0.11085826873779298 -6.0970127105712884 -9.4155368804931641 0.1970198975669013 5.6797389984130859 11.505083465576172 -6.3259870529174806 10.662366676330567 -6.9785612378801618 4.9587514559427897 2.1328577995300293 1.8801912307739259 22.215119934082033 -5.8697813828786218 -9.9172920227050785 6.1500020980834966 -0.28608477115631104 -2.4873701784345843 -0.99659433364868155 -13.828814697265623 -5.0420269012451175 11.851233673095702 36.37205505371093
leaf_weight=528 24 24 84 11.999999999999998 12 24 12 60 12 24 144 12 24 24 48 84 72 48 11.999999999999998 24 48 11.999999999999998 48 11.999999999999998 216 12 12 36 12 12
leaf_count=528 24 24 84 12 12 24 12 60 12 24 144 12 24 24 48 84 72 48 12 24 48 12 48 12 216 12 12 36 12 12
internal_value=1.03756e-08 13.5636 -1.93765 1.90683 23.3118 -0.374503 8.68946 1.07061 -5.43241 -2.98615 -2.26504 -0.208637 6.46949 -1.72824 7.2168 -4.42837 3.86947 -2.81216 -0.589307 18.8214 -4.10662 -3.39866 8.40618 -6.142 -3.10235 -3.19874 -7.4127 -3.31147 16.0528 32.2926
internal_weight=1728 216 1512 324 72 216 144 168 48 1188 792 24 108 84 120 396 84 648 96 48 372 276 96 96 264 552 24 48 24 24
internal_count=1728 216 1512 324 72 216 144 168 48 1188 792 24 108 84 120 396 84 648 96 48 372 276 96 96 264 552 24 48 24 24
is_linear=0
shrinkage=0.05


Tree=114
num_leaves=31
num_cat=0
split_feature=0 6 1 6 0 0 3 6 6 6 1 0 0 0 4 0 4 3 6 4 6 0 4 6 3 6 3 0 4 0
split_gain=1.63946e+07 3.70494e+06 2.2002e+06 1.21747e+06 1.05679e+06 577730 569948 475091 472844 446024 385137 300407 290294 289844 256411 237116 215884 208554 201356 201018 256807 189324 192630 188447 160844 356666 157533 203071 155683 151772
threshold=573241.87500000012 0.15000000000000005 19012.117000000002 0.15000000000000005 840329.43250000023 1048200.1775000001 108.92850000000001 0.25000000000000006 0.25000000000000006 0.25000000000000006 13436.337500000001 164842.97150000001 1182183.7235000001 256199.82050000003 115.82000000000001 19740.918500000003 46.048000000000009 31.992000000000001 0.25000000000000006 135.84850000000003 0.15000000000000005 22666.579000000002 37.504500000000007 0.25000000000000006 85.117000000000004 0.15000000000000005 50.303500000000007 68725.196500000005 137.47000000000003 55159.639500000012
decision_type=2 2 2 2 2 2 2 2 2 2 2 2 2 2 2 2 2 2 2 2 2 2 2 2 2 2 2 2 2 2
left_child=2 4 9 13 -2 18 7 16 -8 10 19 -10 -6 -4 -9 17 -5 -11 -3 24 29 -17 -23 -7 -1 -26 27 -24 -22 -21
right_child=1 5 3 6 12 23 8 14 11 15 -12 -13 -14 -15 -16 21 -18 -19 -20 20 28 22 26 -25 25 -27 -28 -29 -30 -31
leaf_value=-2.8568376391222987 16.088616943359376 8.3054611206054698 3.8292307662963867 -2.5329240798950199 25.028918457031253 15.86671600341797 -10.123378753662109 0.10531539916992189 -5.7921619415283203 -10.315475845336914 0.18716887897915313 5.395751953125 34.553451538085938 9.0419885635375987 -6.0096876144409181 2.6903839111328125 4.7108138084411619 -5.0304646401178275 3.7256627798080446 6.8959503173828125 1.7861818313598634 -1.7279734270913261 -5.5462033843994147 9.6009494781494151 -0.94676465988159164 -13.137374877929686 -6.4477005640665697 -1.4325012254714968 -4.7899253845214842 0.40296974182128908
leaf_weight=528 36 48 60 11.999999999999998 24 24 24 60 12 24 144 12 11.999999999999998 48 24 11.999999999999998 72 84 48 11.999999999999998 11.999999999999998 84 60 24 12 12 72 60 36 36
leaf_count=528 36 48 60 12 24 24 24 60 12 24 144 12 12 48 24 12 72 84 48 12 12 84 60 24 12 12 72 60 36 36
internal_value=1.66672e-08 12.8854 -1.84077 1.81149 22.1462 8.25499 -0.355778 1.01708 -5.16079 -2.83684 -2.15178 -0.198205 28.2038 6.14601 -1.64183 -4.20695 3.67599 -6.20491 6.01556 -2.67155 -0.559842 -3.45771 -3.72502 12.7338 -3.0388 -7.04207 -4.59873 -3.48935 -3.1459 2.02621
internal_weight=1728 216 1512 324 72 144 216 168 48 1188 792 24 36 108 84 396 84 108 96 648 96 288 276 48 552 24 192 120 48 48
internal_count=1728 216 1512 324 72 144 216 168 48 1188 792 24 36 108 84 396 84 108 96 648 96 288 276 48 552 24 192 120 48 48
is_linear=0
shrinkage=0.05


Tree=115
num_leaves=31
num_cat=0
split_feature=0 6 0 6 0 0 0 3 2 0 0 2 6 6 2 0 6 1 6 0 6 6 0 2 6 0 0 0 6 6
split_gain=1.4845e+07 3.0298e+06 2.65452e+06 925068 660261 570985 377644 310654 344671 247794 232919 211460 374608 183925 179237 176082 162095 251354 157271 182772 842956 377289 373102 232824 156430 154718 143853 190412 277659 178878
threshold=619852.88050000009 0.15000000000000005 240407.42100000003 0.15000000000000005 1048200.1775000001 41777.992500000008 1182183.7235000001 72.187000000000026 50.303500000000007 388286.60400000011 3304.2185000000004 29.406000000000002 0.15000000000000005 0.25000000000000006 30.574000000000002 35745.162000000004 0.25000000000000006 31361.745000000006 0.25000000000000006 47382.240000000013 0.15000000000000005 0.15000000000000005 90630.424000000014 68.52800000000002 0.25000000000000006 47382.240000000013 45843.734500000013 87041.996000000028 0.15000000000000005 0.25000000000000006
decision_type=2 2 2 2 2 2 2 2 2 2 2 2 2 2 2 2 2 2 2 2 2 2 2 2 2 2 2 2 2 2
left_child=2 4 5 9 -2 10 24 8 -7 -4 -1 12 -12 15 -15 -13 17 -5 19 20 -10 23 -23 -21 -3 -20 -9 28 -28 -30
right_child=1 6 3 16 -6 7 -8 26 18 -11 11 13 -14 14 -16 -17 -18 -19 25 21 -22 22 -24 -25 -26 -27 27 -29 29 -31
leaf_value=-7.3861522674560547 18.481902567545571 9.6194598197937022 5.2555908203125004 -1.2527806341648102 29.18837585449219 -1.0266937554828706 14.613423538208009 2.9148879951900906 -16.119602966308591 11.122093709309896 -0.69261288642883301 -2.8087775460547872 -8.3432668685913089 -10.116895294189455 -3.7916899840037028 -0.04427781105041504 -0.42992631594340014 5.0141235828399662 -0.903481674194336 -2.2183966636657715 2.6215732574462889 -12.640428924560547 -2.4600812276204427 4.7461527824401859 5.5827777862548835 -7.2510190963745123 1.7926377296447755 0.5507031599680583 -7.8463306427001953 -1.7417243957519533
leaf_weight=36 36 48 36 24 24 252 24 36 12 36 24 288 48 11.999999999999998 168 72 72 48 11.999999999999998 24 12 11.999999999999998 36 24 48 48 24 144 24 24
leaf_count=36 36 48 36 24 24 252 24 36 12 36 24 288 48 12 168 72 72 48 12 24 12 12 36 24 48 48 24 144 24 24
internal_value=1.98682e-08 13.5906 -1.5803 3.56136 22.7645 -2.41408 9.00358 -1.40647 -2.22031 8.18884 -3.47766 -3.24775 -5.79305 -2.90838 -4.21337 -2.25588 1.24761 2.92516 -3.89138 -2.84632 -6.74901 -1.87065 -5.00517 1.26388 7.60112 -5.98151 -0.0113206 -0.499022 -2.59847 -4.79403
internal_weight=1728 180 1548 216 60 1332 120 684 432 72 648 612 72 540 180 360 144 72 180 120 24 96 48 48 96 60 252 216 72 48
internal_count=1728 180 1548 216 60 1332 120 684 432 72 648 612 72 540 180 360 144 72 180 120 24 96 48 48 96 60 252 216 72 48
is_linear=0
shrinkage=0.05


Tree=116
num_leaves=31
num_cat=0
split_feature=0 6 0 6 0 1 6 1 0 0 2 6 1 6 1 0 0 6 1 3 4 6 6 0 3 3 6 2 6 3
split_gain=1.33976e+07 2.7344e+06 2.3957e+06 834874 595885 521422 424045 358011 340824 256364 244844 240557 231467 907457 285464 223634 165480 146290 226847 141544 170061 141178 141175 127015 126819 285085 264797 388040 257477 1.93714e+06
threshold=619852.88050000009 0.15000000000000005 240407.42100000003 0.15000000000000005 1048200.1775000001 13436.337500000001 0.25000000000000006 26343.954000000005 1182183.7235000001 4747.4170000000004 22.312000000000005 0.15000000000000005 24629.120500000001 0.15000000000000005 19012.117000000002 388286.60400000011 153655.73400000003 0.25000000000000006 31361.745000000006 43.144500000000008 71.970000000000013 0.25000000000000006 0.25000000000000006 1182183.7235000001 72.187000000000026 76.597500000000011 0.15000000000000005 78.163500000000013 0.15000000000000005 65.925000000000011
decision_type=2 2 2 2 2 2 2 2 2 2 2 2 2 2 2 2 2 2 2 2 2 2 2 2 2 2 2 2 2 2
left_child=2 4 5 15 -2 9 12 16 21 -1 11 -11 14 -14 -7 -4 -8 18 -5 -19 -21 -3 -10 -6 28 -26 27 -27 29 -12
right_child=1 8 3 17 23 6 7 -9 22 10 24 -13 13 -15 -16 -17 -18 19 -20 20 -22 -23 -24 -25 25 26 -28 -29 -30 -31
leaf_value=-5.1921520709991462 17.557807413736978 9.1384868621826172 4.9928110758463546 -1.1901415944099427 24.091554260253904 0.20885700649685332 -2.9588668312345234 5.098429107666016 17.717550659179686 -0.86479578018188485 0.23595106648463832 -9.5350849151611339 4.3148540496826175 -9.4348190307617195 4.6612585067749022 10.565989176432293 -7.6665752410888679 4.5487533569335943 4.7634172737598419 0.77359199523925781 -4.6600547790527349 5.30363883972168 10.047953033447264 31.36636047363281 2.7691436078813343 -2.1992940902709961 -0.61797956228256234 -13.211219787597656 -3.4027021770937402 -14.781521606445313
leaf_weight=108 36 48 36 24 12 144 84 11.999999999999998 12 11.999999999999998 204 24 24 24 48 36 24 11.999999999999998 48 36 24 48 12 12 36 24 72 11.999999999999998 456 24
leaf_count=108 36 48 36 24 12 144 84 12 12 12 204 24 24 24 48 36 24 12 48 36 24 48 12 12 36 24 72 12 456 24
internal_value=1.59222e-08 12.911 -1.50128 3.38329 21.6263 -2.29337 -0.667847 -3.09468 8.5534 -2.89542 -2.60833 -6.64499 0.545569 -2.55998 1.32196 7.7794 -4.00502 1.18523 2.7789 -0.40843 -1.39987 7.22106 13.8828 27.729 -2.43282 -1.08419 -2.36863 -5.86994 -2.71675 -1.34484
internal_weight=1728 180 1548 216 60 1332 360 120 120 972 864 36 240 48 192 72 108 144 72 72 60 96 24 24 828 144 108 36 684 228
internal_count=1728 180 1548 216 60 1332 360 120 120 972 864 36 240 48 192 72 108 144 72 72 60 96 24 24 828 144 108 36 684 228
is_linear=0
shrinkage=0.05


Tree=117
num_leaves=31
num_cat=0
split_feature=0 6 0 6 0 1 6 1 0 0 2 6 1 6 1 0 0 6 3 2 6 0 0 6 1 3 4 6 6 0
split_gain=1.20913e+07 2.46779e+06 2.16212e+06 753474 537786 470583 382701 323105 307594 240050 212687 318219 208899 818980 257631 206010 149346 137006 194418 147487 269382 396503 228552 132027 204730 127744 153480 127413 127410 114631
threshold=619852.88050000009 0.15000000000000005 240407.42100000003 0.15000000000000005 1048200.1775000001 13436.337500000001 0.25000000000000006 26343.954000000005 1182183.7235000001 3304.2185000000004 22.312000000000005 0.15000000000000005 24629.120500000001 0.15000000000000005 19012.117000000002 507657.76500000007 153655.73400000003 0.25000000000000006 65.925000000000011 31.426500000000004 0.15000000000000005 38531.177500000013 63082.982000000011 0.25000000000000006 31361.745000000006 43.144500000000008 71.970000000000013 0.25000000000000006 0.25000000000000006 1182183.7235000001
decision_type=2 2 2 2 2 2 2 2 2 2 2 2 2 2 2 2 2 2 2 2 2 2 2 2 2 2 2 2 2 2
left_child=2 4 5 15 -2 9 12 16 27 -1 11 -11 14 -14 -7 -4 -8 19 -19 20 21 -12 -22 24 -5 -25 -27 -3 -10 -6
right_child=1 8 3 23 29 6 7 -9 28 10 17 -13 13 -15 -16 -17 -18 18 -20 -21 22 -23 -24 25 -26 26 -28 -29 -30 -31
leaf_value=-6.7572369893391926 16.679916890462241 8.6815624237060547 5.499249362945557 -1.1306344650685787 22.886976623535155 0.19841412968105743 -2.8109235218593054 4.8435077667236328 16.831672668457028 -0.50655854344367979 6.8619808197021488 -7.5579225540161135 4.0991114616394047 -8.9630779266357425 4.4281955242156981 11.172791671752931 -7.2832468032836921 -4.0194357254714879 -1.0192995111147563 -2.3956892678031214 -4.7025225400924686 -1.009080171585083 1.2733660936355591 4.3213157653808594 4.525246497988701 0.73491236368815116 -4.42705192565918 5.0384570121765142 9.5455558776855458 29.79804077148437
leaf_weight=36 36 48 48 24 12 144 84 11.999999999999998 12 24 24 48 24 24 48 24 24 216 72 432 48 48 24 11.999999999999998 48 36 24 48 12 12
leaf_count=36 36 48 48 24 12 144 84 12 12 24 24 48 24 24 48 24 24 216 72 432 48 48 24 12 48 36 24 48 12 12
internal_value=2.71808e-09 12.2655 -1.42622 3.21412 20.545 -2.17871 -0.634454 -2.93995 8.12573 -2.75065 -2.59655 -5.20747 0.518291 -2.43198 1.25586 7.39043 -3.80477 -2.37897 -3.2694 -1.93376 -0.547976 1.61461 -2.71056 1.12597 2.63995 -0.388008 -1.32987 6.86001 13.1886 26.3425
internal_weight=1728 180 1548 216 60 1332 360 120 120 972 936 72 240 48 192 72 108 864 288 576 144 72 72 144 72 72 60 96 24 24
internal_count=1728 180 1548 216 60 1332 360 120 120 972 936 72 240 48 192 72 108 864 288 576 144 72 72 144 72 72 60 96 24 24
is_linear=0
shrinkage=0.05


Tree=118
num_leaves=31
num_cat=0
split_feature=0 6 0 6 0 0 0 3 2 0 6 3 3 1 6 0 0 6 0 0 6 6 0 0 6 0 6 6 0 2
split_gain=1.09124e+07 2.22718e+06 1.95132e+06 680010 485352 426396 277603 236199 289175 187669 185615 151806 231511 132612 260207 182540 126323 139392 123385 144046 215417 142533 139077 128423 122314 132228 712923 330181 322475 210123
threshold=619852.88050000009 0.15000000000000005 240407.42100000003 0.15000000000000005 1048200.1775000001 41777.992500000008 1182183.7235000001 72.187000000000026 50.303500000000007 388286.60400000011 0.25000000000000006 30.154500000000002 30.583500000000004 10484.007500000002 0.15000000000000005 35745.162000000004 100590.71350000003 0.15000000000000005 45843.734500000013 87041.996000000028 0.15000000000000005 0.25000000000000006 74959.462500000009 74959.462500000009 0.25000000000000006 47382.240000000013 0.15000000000000005 0.15000000000000005 90630.424000000014 68.52800000000002
decision_type=2 2 2 2 2 2 2 2 2 2 2 2 2 2 2 2 2 2 2 2 2 2 2 2 2 2 2 2 2 2
left_child=2 4 5 9 -2 10 -3 8 16 -4 13 -12 -13 15 -15 -1 -7 -18 -9 20 22 -22 -20 -23 25 26 -10 29 -29 -27
right_child=1 6 3 -5 -6 7 -8 18 24 -11 11 12 -14 14 -16 -17 17 -19 19 -21 21 23 -24 -25 -26 27 -28 28 -30 -31
leaf_value=-2.6676003559714272 15.845921579996745 6.5170091390609741 4.4682082811991375 1.0696735829114914 25.025383758544923 -1.523381031619178 12.529183578491212 2.7275312688615587 -14.454762268066403 9.573608907063802 -7.1495889027913408 3.1165561676025391 -4.0720777840841391 -0.79622807502746573 -11.208692169189453 0.10663425922393799 4.0659295558929447 -0.60097452253103256 -2.1986726760864257 0.47883068720499677 -6.9187248229980476 2.1880552291870115 5.4137351989746092 -5.1269783020019526 -5.2825771427154544 -2.0636651515960693 2.7804141998291012 -11.718487548828126 -2.2540130615234375 4.5526567459106451
leaf_weight=336 36 96 36 144 24 180 24 36 12 36 36 11.999999999999998 168 12 12 72 24 48 12 144 24 12 12 12 60 24 12 11.999999999999998 36 24
leaf_count=336 36 96 36 144 24 180 24 36 12 36 36 12 168 12 12 72 24 48 12 144 24 12 12 12 60 24 12 12 36 24
internal_value=2.0765e-08 11.6522 -1.35491 3.05342 19.5177 -2.06977 7.71944 -1.19904 -1.90868 7.02091 -2.98887 -4.18563 -3.59284 -2.3905 -6.00246 -2.17803 -0.815369 0.95466 0.0174882 -0.434186 -2.26022 -4.19409 1.60753 -1.46946 -3.43932 -2.51769 -5.83717 -1.68782 -4.62013 1.2445
internal_weight=1728 180 1548 216 60 1332 120 684 432 72 648 216 180 432 24 408 252 72 252 216 72 48 24 24 180 120 24 96 48 48
internal_count=1728 180 1548 216 60 1332 120 684 432 72 648 216 180 432 24 408 252 72 252 216 72 48 24 24 180 120 24 96 48 48
is_linear=0
shrinkage=0.05


Tree=119
num_leaves=31
num_cat=0
split_feature=0 6 0 6 0 6 0 1 0 1 6 1 0 0 3 4 4 4 6 0 0 6 1 3 4 6 6 0 0 0
split_gain=9.84846e+06 2.01003e+06 1.76106e+06 613709 440871 385421 450415 296040 250537 183502 347082 258584 181122 172950 162872 163911 213571 126499 147426 131130 122275 119154 184768 115289 138516 114990 114988 107279 104103 101809
threshold=619852.88050000009 0.15000000000000005 240407.42100000003 0.15000000000000005 840329.43250000023 0.25000000000000006 87041.996000000028 26343.954000000005 1182183.7235000001 26343.954000000005 0.15000000000000005 19012.117000000002 1182183.7235000001 507657.76500000007 18.680500000000006 43.561500000000002 22.396000000000004 135.84850000000003 0.15000000000000005 68725.196500000005 68725.196500000005 0.25000000000000006 31361.745000000006 43.144500000000008 71.970000000000013 0.25000000000000006 0.25000000000000006 840329.43250000023 507657.76500000007 27705.340000000004
decision_type=2 2 2 2 2 2 2 2 2 2 2 2 2 2 2 2 2 2 2 2 2 2 2 2 2 2 2 2 2 2
left_child=2 4 5 13 -2 6 17 14 25 11 -11 -8 -6 -4 -7 16 -16 -1 20 -20 -19 22 -5 -23 -25 27 -10 -3 -24 -17
right_child=1 8 3 21 12 7 9 -9 26 10 -12 -13 -14 -15 15 29 -18 18 19 -21 -22 23 28 24 -26 -27 -28 -29 -30 -31
leaf_value=-2.2971753030808437 13.292590713500978 5.5578516006469734 4.9370590925216682 -1.1275864720344544 19.533526611328128 -7.387196350097657 0.021603988465808688 4.5773906707763672 15.36363067626953 2.3506349563598632 -9.6750755310058594 4.1828442573547369 27.056869506835938 10.135471343994141 -3.4271431746306242 -7.11965389251709 0.088454417387644452 4.2487651824951174 -4.4705751419067381 1.9308431625366211 -1.9327459335327148 4.0517662048339842 6.5740230560302741 0.64468307495117194 -4.2591831207275392 4.4606835842132568 8.4418190002441396 10.285416030883789 1.9169777572155 -3.6768743918222544
leaf_weight=576 24 24 48 24 24 24 168 11.999999999999998 12 12 12 48 11.999999999999998 24 108 24 72 24 24 11.999999999999998 11.999999999999998 11.999999999999998 24 36 24 48 12 24 24 204
leaf_count=576 24 24 48 24 24 24 168 12 12 12 12 48 12 24 108 24 72 24 24 12 12 12 24 36 24 48 12 24 24 204
internal_value=-7.81621e-09 11.0696 -1.28716 2.90075 18.5418 -1.96628 -1.36487 -3.1691 7.33347 0.48547 -3.66222 0.946324 22.0413 6.66986 -3.38428 -3.14882 -2.0209 -2.05018 -0.0742538 -2.33677 2.18826 1.01619 2.45447 -0.422092 -1.31686 6.19116 11.9027 7.92163 4.2455 -4.03927
internal_weight=1728 180 1548 216 60 1332 888 444 120 240 24 216 36 72 432 408 180 648 72 36 36 144 72 72 60 96 24 48 48 228
internal_count=1728 180 1548 216 60 1332 888 444 120 240 24 216 36 72 432 408 180 648 72 36 36 144 72 72 60 96 24 48 48 228
is_linear=0
shrinkage=0.05


Tree=120
num_leaves=31
num_cat=0
split_feature=0 6 0 0 1 6 2 0 3 6 1 3 6 0 0 0 1 1 6 3 1 3 4 2 2 0 1 6 6 2
split_gain=8.91141e+06 2.19708e+06 1.26141e+06 657125 503810 396899 241843 199800 196724 668366 199233 176276 180360 171573 163463 157182 126412 241226 131690 1.14026e+06 452206 432737 415056 447033 182173 150834 145034 109608 249173 106921
threshold=303117.76850000006 0.15000000000000005 840329.43250000023 684755.53550000011 13436.337500000001 0.25000000000000006 113.36550000000001 3304.2185000000004 108.92850000000001 0.15000000000000005 19012.117000000002 85.117000000000004 0.15000000000000005 1182183.7235000001 1182183.7235000001 507657.76500000007 9241.5975000000017 10129.240500000002 0.15000000000000005 65.925000000000011 7848.9580000000014 65.925000000000011 82.975500000000011 57.764500000000005 30.574000000000002 27705.340000000004 2158.8095000000008 0.15000000000000005 0.25000000000000006 57.764500000000005
decision_type=2 2 2 2 2 2 2 2 2 2 2 2 2 2 2 2 2 2 2 2 2 2 2 2 2 2 2 2 2 2
left_child=4 2 15 -3 7 8 -7 -1 10 -10 -6 16 -13 -5 -4 -2 18 27 19 22 -21 24 23 26 -20 -25 -9 -18 -29 -26
right_child=1 3 14 13 5 6 -8 11 9 -11 -12 12 -14 -15 -16 -17 17 -19 21 20 -22 -23 -24 25 29 -27 -28 28 -30 -31
leaf_value=-6.0116029103597013 6.1725528717041023 2.0964048177003862 18.556849670410156 6.4260360717773439 0.17565586831834581 -3.0652744900096547 4.3485214233398439 -7.3365165710449221 3.7455051422119143 -8.0546203613281246 3.1162771224975589 -0.64155788421630866 -8.1490638732910163 11.307588195800783 25.704028320312503 11.128329849243165 -1.5230915546417236 -1.9998897299170495 -6.7931252479553228 -1.4921784400939941 -13.379743957519532 0.35259771744410195 6.5341161727905277 9.3985341389973946 -2.8911645770072938 1.4708801269531249 -1.460121991804668 6.2177590052286789 -0.98717938661575322 -5.5295357068379722
leaf_weight=36 24 120 24 72 144 132 11.999999999999998 11.999999999999998 24 24 96 11.999999999999998 24 24 11.999999999999998 48 24 288 48 11.999999999999998 24 72 24 12 192 12 84 24 24 48
leaf_count=36 24 120 24 72 144 132 12 12 24 24 96 12 24 24 12 48 24 288 48 12 24 72 24 12 192 12 84 24 24 48
internal_value=2.75947e-10 7.4745 13.2974 4.56308 -1.72489 -0.304157 -2.44746 -2.35632 0.767494 -2.15456 1.3519 -2.21573 -5.64656 7.64642 20.9392 9.4764 -2.0785 -1.35275 -2.56234 -1.45809 -9.41722 -3.11446 0.53169 -0.668796 -3.98122 5.43471 -2.19467 1.23583 2.61529 -3.41884
internal_weight=1728 324 108 216 1404 432 144 972 288 48 240 936 36 96 36 72 900 360 540 180 36 360 144 120 288 24 96 72 48 240
internal_count=1728 324 108 216 1404 432 144 972 288 48 240 936 36 96 36 72 900 360 540 180 36 360 144 120 288 24 96 72 48 240
is_linear=0
shrinkage=0.05


Tree=121
num_leaves=31
num_cat=0
split_feature=0 6 0 6 0 0 0 0 0 6 1 3 0 0 1 6 6 2 0 1 6 2 6 0 0 6 4 4 1 6
split_gain=8.06077e+06 1.63993e+06 1.4195e+06 499590 359307 323955 201940 199155 165122 284329 224909 150088 149917 146712 135265 162775 128326 127215 117907 113596 281723 256652 606060 562832 192861 163133 279434 218653 204430 103779
threshold=619852.88050000009 0.15000000000000005 240407.42100000003 0.15000000000000005 1048200.1775000001 41777.992500000008 1182183.7235000001 44158.321000000004 55159.639500000012 0.25000000000000006 26343.954000000005 50.303500000000007 3304.2185000000004 256199.82050000003 10484.007500000002 0.15000000000000005 0.25000000000000006 31.992000000000001 35745.162000000004 26343.954000000005 0.15000000000000005 81.107000000000014 0.15000000000000005 137286.37700000001 208019.18150000004 0.15000000000000005 101.94350000000001 99.63600000000001 15904.846000000003 0.25000000000000006
decision_type=2 2 2 2 2 2 2 2 2 2 2 2 2 2 2 2 2 2 2 2 2 2 2 2 2 2 2 2 2 2
left_child=2 4 5 13 -2 12 29 -7 -9 19 11 -11 -1 -4 16 -16 18 -18 -14 21 -21 25 23 -23 -24 27 -27 -10 -29 -3
right_child=1 6 3 -5 -6 7 -8 8 9 10 -12 -13 14 -15 15 -17 17 -19 -20 20 -22 22 24 -25 -26 26 -28 28 -30 -31
leaf_value=-5.7110226949055996 13.604755147298178 7.2583706855773933 0.94921636581420898 0.89507513778905068 21.502832031250001 2.6044614659415353 10.742208480834961 -3.0010603507359823 -3.606358337402344 -1.4598374639238632 4.1310951232910158 -4.4487834112984794 -2.0982146906547059 7.0054576873779304 -0.60947999954223642 -7.7416107177734377 -5.4896827697753912 -2.5174155857827927 0.14650393724441529 2.045828056335449 -8.7885902404785146 -10.593418121337891 10.010486602783203 2.6687418937683107 2.2471786499023438 1.9813820838928224 -3.1840865850448612 0.1315852377149794 4.74621442159017 3.9704680442810059
leaf_weight=36 36 48 11.999999999999998 144 24 36 24 108 24 84 11.999999999999998 84 312 60 11.999999999999998 24 48 144 72 12 12 11.999999999999998 24 24 11.999999999999998 36 96 72 36 48
leaf_count=36 36 48 12 144 24 36 24 108 24 84 12 84 312 60 12 24 48 144 72 12 12 12 24 24 12 36 96 72 36 48
internal_value=-6.64688e-09 10.0146 -1.16449 2.59541 16.764 -1.77421 6.63998 -1.01525 -1.21634 -0.859398 -2.48195 -2.95431 -2.57533 5.99608 -2.39088 -5.36423 -2.20505 -3.26048 -1.67733 -0.0481218 -3.37138 0.189254 2.83537 -1.75198 7.42272 -0.532414 -1.77532 0.710494 1.66979 5.61442
internal_weight=1728 180 1548 216 60 1332 120 684 648 540 180 168 648 72 612 36 576 192 384 360 24 336 72 36 36 264 132 132 108 96
internal_count=1728 180 1548 216 60 1332 120 684 648 540 180 168 648 72 612 36 576 192 384 360 24 336 72 36 36 264 132 132 108 96
is_linear=0
shrinkage=0.05


Tree=122
num_leaves=31
num_cat=0
split_feature=0 6 0 0 1 6 2 3 6 0 3 6 1 3 1 1 6 0 0 0 6 3 1 3 4 2 2 0 1 6
split_gain=7.2836e+06 1.78857e+06 1.03962e+06 537533 405532 323678 197720 166405 333636 349386 163644 553772 158472 149324 148135 162002 146905 139070 138196 132089 113315 1.02175e+06 406486 389813 369688 405011 157242 136128 130143 103776
threshold=303117.76850000006 0.15000000000000005 840329.43250000023 684755.53550000011 13436.337500000001 0.25000000000000006 113.36550000000001 18.680500000000006 0.15000000000000005 47382.240000000013 108.92850000000001 0.15000000000000005 19012.117000000002 85.117000000000004 9241.5975000000017 10129.240500000002 0.15000000000000005 1182183.7235000001 1182183.7235000001 507657.76500000007 0.15000000000000005 65.925000000000011 7848.9580000000014 65.925000000000011 82.975500000000011 57.764500000000005 30.574000000000002 27705.340000000004 2158.8095000000008 0.25000000000000006
decision_type=2 2 2 2 2 2 2 2 2 2 2 2 2 2 2 2 2 2 2 2 2 2 2 2 2 2 2 2 2 2
left_child=4 2 19 -3 7 10 -7 8 9 -1 12 -12 -6 14 20 -16 -15 -4 -5 -2 21 24 -23 26 25 28 -22 -27 -9 -20
right_child=1 3 17 18 5 6 -8 13 -10 -11 11 -13 -14 16 15 -17 -18 -19 29 -21 23 22 -24 -25 -26 27 -28 -29 -30 -31
leaf_value=-5.6582576751708977 5.5136524200439458 1.8996374392509461 16.751318359375002 5.8240134239196779 0.1669696675406562 -2.778910565376282 3.9245403289794925 -6.8647796630859377 -6.8456370353698732 6.4073013305664048 3.3884289741516116 -7.3525722503662116 2.7895884752273563 -0.57900600433349614 1.1274631751908195 -1.5618204900196622 -7.3545301437377937 23.343684387207034 13.49295959472656 10.056657791137695 -6.2637713432312019 -1.3126587867736816 -12.583274841308594 0.46191272139549255 6.2562032699584966 9.0335179646809873 -3.128868365685145 1.5022468566894531 -1.2982389305319106 6.917237854003905
leaf_weight=12 24 120 24 72 144 132 11.999999999999998 11.999999999999998 48 12 24 24 96 11.999999999999998 72 252 24 11.999999999999998 12 48 48 11.999999999999998 24 72 24 12 240 12 84 12
leaf_count=12 24 120 24 72 144 132 12 12 48 12 24 24 96 12 72 252 24 12 12 48 48 12 24 72 24 12 240 12 84 12
internal_value=2.22552e-08 6.75744 12.0111 4.13059 -1.55941 -0.284762 -2.22029 -2.12592 -4.43892 0.374522 0.683002 -1.98207 1.21602 -1.94088 -1.80942 -0.964202 -5.09602 18.9488 6.91928 8.54232 -2.31654 -1.29223 -8.8264 -2.8287 0.59131 -0.541669 -3.65135 5.26788 -1.99406 10.2051
internal_weight=1728 324 108 216 1404 432 144 972 72 24 288 48 240 900 864 324 36 36 96 72 540 180 36 360 144 120 288 24 96 24
internal_count=1728 324 108 216 1404 432 144 972 72 24 288 48 240 900 864 324 36 36 96 72 540 180 36 360 144 120 288 24 96 24
is_linear=0
shrinkage=0.05


Tree=123
num_leaves=31
num_cat=0
split_feature=0 6 0 6 6 1 0 2 4 6 0 4 0 6 0 0 3 4 4 4 6 4 1 6 1 6 0 3 1 0
split_gain=6.59753e+06 1.3378e+06 1.14724e+06 470955 323742 394116 295708 199616 181539 282392 728457 283065 213774 168587 182295 121216 120824 123958 178571 113375 176594 112041 106607 503554 234287 864653 383471 223346 154345 129406
threshold=619852.88050000009 0.15000000000000005 256199.82050000003 0.15000000000000005 0.25000000000000006 14745.336000000001 1182183.7235000001 113.36550000000001 46.048000000000009 0.15000000000000005 145818.27200000003 38.12850000000001 164842.97150000001 0.25000000000000006 840329.43250000023 840329.43250000023 18.680500000000006 43.561500000000002 22.396000000000004 135.84850000000003 0.15000000000000005 137.47000000000003 10484.007500000002 0.15000000000000005 9241.5975000000017 0.15000000000000005 37306.64650000001 31.224500000000003 12485.131000000003 63082.982000000011
decision_type=2 2 2 2 2 2 2 2 2 2 2 2 2 2 2 2 2 2 2 2 2 2 2 2 2 2 2 2 2 2
left_child=2 6 4 -4 5 19 15 16 9 11 -11 -7 -12 14 -3 -2 -6 18 -18 22 -21 -22 24 27 -1 26 -26 -24 -25 -27
right_child=1 13 3 -5 7 8 -8 -9 -10 10 12 -13 -14 -15 -16 -17 17 -19 -20 20 21 -23 23 28 25 29 -28 -29 -30 -31
leaf_value=-2.193774403664801 10.888474273681641 4.5108879089355467 6.3158827209472657 0.89050866723060607 -6.2574653625488281 1.7741151809692384 22.176499938964845 3.7283134460449219 1.6361320393426078 11.82520980834961 1.4562843322753904 -7.6310905456542972 -7.9815322875976555 4.1381141853332526 10.136586507161459 15.913751220703126 -2.9038526782283078 -3.3537501859664918 0.31079941391944887 1.6864585940043133 2.1715908050537109 -3.2300262451171875 6.0869361877441408 -9.8982570648193366 -11.899639892578126 6.8302816179063583 -1.5788070042928062 -1.7896396636962892 -4.2277011871337891 0.83476572036743169
leaf_weight=360 24 24 60 120 24 11.999999999999998 11.999999999999998 11.999999999999998 168 11.999999999999998 12 24 12 60 36 24 108 240 72 60 11.999999999999998 48 11.999999999999998 24 11.999999999999998 36 36 36 24 11.999999999999998
leaf_count=360 24 24 60 120 24 12 12 12 168 12 12 24 12 60 36 24 108 240 72 60 12 48 12 24 12 36 36 36 24 12
internal_value=2.71808e-09 9.0602 -1.05351 2.69897 -1.54726 -1.00337 15.1562 -2.63504 0.735887 -1.36468 1.76665 -4.49602 -3.26262 6.01221 7.88631 13.4011 -2.80702 -2.60985 -1.61799 -1.62453 -0.231622 -2.1497 -1.92734 -3.44174 -1.60852 0.586194 -4.15902 0.179504 -7.06298 5.3314
internal_weight=1728 180 1548 180 1368 912 60 456 240 72 36 36 24 120 60 48 444 420 180 672 120 60 552 96 456 96 48 48 48 48
internal_count=1728 180 1548 180 1368 912 60 456 240 72 36 36 24 120 60 48 444 420 180 672 120 60 552 96 456 96 48 48 48 48
is_linear=0
shrinkage=0.05


Tree=124
num_leaves=31
num_cat=0
split_feature=0 6 0 6 6 0 0 2 0 4 6 0 0 0 1 6 2 0 3 0 2 0 6 3 4 6 0 0 4 6
split_gain=5.95427e+06 1.20736e+06 1.03538e+06 425037 292177 355753 266877 180153 159628 141515 254859 657432 255466 192931 149094 222485 166309 109398 109044 118427 131203 104219 94010 90317.4 84746.7 99580.4 108879 95511.1 81419.3 64122.6
threshold=619852.88050000009 0.15000000000000005 256199.82050000003 0.15000000000000005 0.25000000000000006 87041.996000000028 1182183.7235000001 113.36550000000001 1048200.1775000001 46.048000000000009 0.15000000000000005 145818.27200000003 164842.97150000001 164842.97150000001 19012.117000000002 0.15000000000000005 45.337500000000006 840329.43250000023 18.680500000000006 153655.73400000003 31.426500000000004 16052.3765 0.25000000000000006 27.516500000000004 135.84850000000003 0.15000000000000005 68725.196500000005 68725.196500000005 17.934000000000005 0.25000000000000006
decision_type=2 2 2 2 2 2 2 2 2 2 2 2 2 2 2 2 2 2 2 2 2 2 2 2 2 2 2 2 2 2
left_child=2 6 4 -4 5 24 17 18 29 10 12 -12 -7 -13 15 -11 -17 -2 -6 20 23 28 -10 -20 -1 27 -27 -26 -22 -3
right_child=1 8 3 -5 7 9 -8 -9 22 14 11 13 -14 -15 -16 16 -18 -19 19 -21 21 -23 -24 -25 25 26 -28 -29 -30 -31
leaf_value=-1.7856827194129843 10.344050598144532 5.7147619247436525 6.0000883483886724 0.84598323583602919 -5.9445920944213873 -7.2495359420776371 21.067674255371095 3.5418979644775392 10.157836532592775 2.376518904368083 11.233949279785158 1.3834701538085936 1.6854093551635743 -7.5824562072753894 3.10161034266154 3.3354763031005863 -3.2455382347106934 15.118064880371094 -0.99469532966613772 -5.2214781443277998 -5.8209732691446945 -1.198344225632517 5.732295036315918 -4.4726367950439458 3.7143365859985353 -3.7700620651245118 2.0630113601684572 -1.7489252090454102 -1.7024343490600586 2.7304840723673505
leaf_weight=576 24 36 60 120 24 24 11.999999999999998 11.999999999999998 24 60 11.999999999999998 12 11.999999999999998 12 72 11.999999999999998 48 24 24 36 24 228 24 84 24 24 11.999999999999998 11.999999999999998 24 36
leaf_count=576 24 36 60 120 24 24 12 12 24 60 12 12 12 12 72 12 48 24 24 36 24 228 24 84 24 24 12 12 24 36
internal_value=9.28391e-09 8.60719 -1.00084 2.56402 -1.4699 -0.953201 14.3984 -2.50329 5.7116 0.593949 -1.29645 1.67832 -4.27122 -3.09949 1.30285 0.223592 -1.92934 12.7311 -2.66667 -2.47936 -2.22229 -1.64415 7.94507 -3.69976 -1.58352 0.0337725 -1.8257 1.89325 -3.7617 4.22262
internal_weight=1728 180 1548 180 1368 912 60 456 120 264 72 36 36 24 192 120 60 48 444 420 384 276 48 108 648 72 36 36 48 72
internal_count=1728 180 1548 180 1368 912 60 456 120 264 72 36 36 24 192 120 60 48 444 420 384 276 48 108 648 72 36 36 48 72
is_linear=0
shrinkage=0.05


Tree=125
num_leaves=31
num_cat=0
split_feature=0 6 0 0 1 6 6 4 3 6 0 3 6 3 3 6 1 1 0 0 0 6 3 1 3 4 2 2 0 1
split_gain=5.38779e+06 1.31458e+06 759631 398702 294051 235986 194410 148626 132270 258085 292953 121719 454277 134062 117418 120158 113252 128228 107214 102229 97493.2 92517 914088 366853 337598 309853 365522 137353 122856 117454
threshold=303117.76850000006 0.15000000000000005 840329.43250000023 840329.43250000023 13436.337500000001 0.25000000000000006 0.25000000000000006 43.561500000000002 18.680500000000006 0.15000000000000005 47382.240000000013 108.92850000000001 0.15000000000000005 95.222000000000023 85.117000000000004 0.15000000000000005 9241.5975000000017 10129.240500000002 507657.76500000007 1182183.7235000001 153655.73400000003 0.15000000000000005 65.925000000000011 7848.9580000000014 65.925000000000011 82.975500000000011 57.764500000000005 30.574000000000002 27705.340000000004 2158.8095000000008
decision_type=2 2 2 2 2 2 2 2 2 2 2 2 2 2 2 2 2 2 2 2 2 2 2 2 2 2 2 2 2 2
left_child=4 2 18 -3 8 11 -5 -7 9 10 -1 13 -13 -6 16 -16 21 -18 -2 -4 -9 22 25 -24 27 26 29 -23 -28 -10
right_child=1 3 19 6 5 7 -8 20 14 -11 -12 12 -14 -15 15 -17 17 -19 -20 -21 -22 24 23 -25 -26 -27 28 -29 -30 -31
leaf_value=-5.176372146606445 4.6221714019775391 2.0408302287260693 14.362161254882814 9.1959167480468746 0.43936654527982077 0.87378149032592778 3.9996346155802409 -1.773627320925395 -6.3225681304931642 -6.0025111198425298 5.8718734741210934 3.1362580299377445 -6.5921054840087896 3.3936809778213504 -0.37128958702087406 -6.4990455627441408 1.0578805161847009 -1.3347044490632558 8.715112495422364 20.014291381835939 -4.9604042053222663 -5.6554368019104011 -1.048052978515625 -11.755138015747072 0.61406960692256696 5.9078596115112312 8.7808148701985669 -2.7254893646637601 1.6261074066162107 -1.034354029382978
leaf_weight=12 24 144 24 36 192 36 36 72 11.999999999999998 48 12 24 24 48 11.999999999999998 24 72 252 48 11.999999999999998 36 48 11.999999999999998 24 72 24 12 240 12 84
leaf_count=12 24 144 24 36 192 36 36 72 12 48 12 24 24 48 12 24 72 252 48 12 36 48 12 24 72 24 12 240 12 84
internal_value=1.85143e-09 5.81185 10.3159 3.55981 -1.3412 -0.255798 6.59778 -1.90847 -1.8236 -3.88576 0.347751 0.570537 -1.72792 1.03023 -1.65862 -4.45646 -1.54205 -0.803019 7.3508 16.2462 -2.83589 -1.98546 -1.05992 -8.18611 -2.44824 0.721633 -0.315612 -3.21381 5.20346 -1.69538
internal_weight=1728 324 108 216 1404 432 72 144 972 72 24 288 48 240 900 36 864 324 72 36 108 540 180 36 360 144 120 288 24 96
internal_count=1728 324 108 216 1404 432 72 144 972 72 24 288 48 240 900 36 864 324 72 36 108 540 180 36 360 144 120 288 24 96
is_linear=0
shrinkage=0.05


Tree=126
num_leaves=31
num_cat=0
split_feature=0 6 0 6 0 0 0 0 0 6 1 3 0 0 1 6 6 2 3 6 2 0 1 4 0 1 2 6 0 6
split_gain=4.88621e+06 980818 831012 295009 218121 200388 148722 140649 107312 180013 143071 126422 102951 93577.2 86384.1 108443 87296.1 82947.9 92983.4 80199.7 176868 102735 100244 78903.1 75328.7 74869.6 169182 166056 74150 71703.1
threshold=619852.88050000009 0.15000000000000005 240407.42100000003 0.15000000000000005 1048200.1775000001 41777.992500000008 44158.321000000004 1182183.7235000001 55159.639500000012 0.25000000000000006 26343.954000000005 50.303500000000007 256199.82050000003 3304.2185000000004 10484.007500000002 0.15000000000000005 0.25000000000000006 31.992000000000001 36.979000000000006 0.25000000000000006 107.75750000000001 256199.82050000003 31361.745000000006 122.55800000000001 35745.162000000004 26343.954000000005 99.851500000000016 0.15000000000000005 507657.76500000007 0.25000000000000006
decision_type=2 2 2 2 2 2 2 2 2 2 2 2 2 2 2 2 2 2 2 2 2 2 2 2 2 2 2 2 2 2
left_child=2 4 5 12 -2 13 -7 -3 -8 25 11 -11 -4 -1 16 -16 24 -18 -19 20 21 -5 -21 -13 -15 26 -10 -27 -24 -9
right_child=1 7 3 19 -6 6 8 29 9 10 -12 23 -14 14 15 -17 17 18 -20 22 -22 -23 28 -25 -26 27 -28 -29 -30 -31
leaf_value=-4.4806065877278654 10.555286153157553 4.3313792824745176 0.35570495128631596 4.0977764129638672 16.709004974365236 2.3517617927657235 -2.388781788614061 11.34379425048828 -0.13520413423195862 -0.9584500789642334 3.3211139678955082 -2.3745268106460573 5.4289447021484385 -1.6101552189924779 -0.35272510051727296 -6.1740934371948244 -4.3795402526855467 0.22117142677307131 -2.7130364950056429 2.1220338821411135 5.3481925964355472 -1.2442734718322754 -3.800816345214844 -5.4711246490478516 0.18405096530914308 1.4443260192871092 4.2212532043457029 -6.8737274169921863 0.12956633567810058 5.8778736114501946
leaf_weight=36 36 96 11.999999999999998 11.999999999999998 24 36 108 12 312 84 11.999999999999998 48 60 312 11.999999999999998 24 48 36 108 24 24 36 24 36 72 12 24 12 24 12
leaf_count=36 36 96 12 12 24 36 108 12 312 84 12 48 60 312 12 24 48 36 108 24 24 36 24 36 72 12 24 12 24 12
internal_value=8.96829e-10 7.7971 -0.90664 1.97019 13.0168 -1.37315 -0.776236 5.18727 -0.950014 -0.66226 -1.9533 -2.33005 4.5834 -2.00323 -1.8575 -4.23364 -1.70899 -2.5795 -1.97948 0.663576 1.84356 0.091239 -0.516405 -3.70164 -1.27374 -0.0167401 0.175971 -2.7147 -1.83563 8.61083
internal_weight=1728 180 1548 216 60 1332 684 120 648 540 180 168 72 648 612 36 576 192 144 144 72 48 72 84 384 360 336 24 48 24
internal_count=1728 180 1548 216 60 1332 684 120 648 540 180 168 72 648 612 36 576 192 144 144 72 48 72 84 384 360 336 24 48 24
is_linear=0
shrinkage=0.05


Tree=127
num_leaves=31
num_cat=0
split_feature=0 6 0 6 0 0 0 0 0 6 1 3 0 0 0 1 6 6 4 3 4 6 2 0 1 6 0 1 2 6
split_gain=4.4098e+06 885188 749989 266246 202689 180850 134222 126936 96848.6 162462 129122 114095 94828.3 84453.4 80653.3 77961.6 97869.5 78784.7 77054.4 95443.6 72824.6 72380.2 159623 92718.3 90469.9 68288.3 67984.2 67569.9 156686 470485
threshold=619852.88050000009 0.15000000000000005 240407.42100000003 0.15000000000000005 1182183.7235000001 41777.992500000008 44158.321000000004 1182183.7235000001 55159.639500000012 0.25000000000000006 26343.954000000005 50.303500000000007 388286.60400000011 3304.2185000000004 840329.43250000023 10484.007500000002 0.15000000000000005 0.25000000000000006 82.975500000000011 33.753000000000007 101.94350000000001 0.25000000000000006 107.75750000000001 256199.82050000003 31361.745000000006 0.25000000000000006 35745.162000000004 26343.954000000005 81.107000000000014 0.15000000000000005
decision_type=2 2 2 2 2 2 2 2 2 2 2 2 2 2 2 2 2 2 2 2 2 2 2 2 2 2 2 2 2 2
left_child=2 4 5 12 14 13 -7 25 -8 27 11 -11 -4 -1 -2 17 -17 26 19 -19 -13 22 23 -5 -23 -3 -15 28 -10 -30
right_child=1 7 3 21 -6 6 8 -9 9 10 -12 20 -14 15 -16 16 -18 18 -20 -21 -22 24 -24 -25 -26 -27 -28 -29 29 -31
leaf_value=-4.2565762837727865 8.8633285522460934 5.4483551502227785 2.5396686871846517 3.892887878417969 18.178126525878906 2.234173606750038 -2.2693426569302875 8.1802923202514659 -0.39669779719728415 -0.91052757671901174 3.1550580978393556 -1.81659730275472 6.1688003540039062 -1.5296474490410243 12.96244583129883 -0.33508884906768799 -5.8653884887695318 0.21011288960774743 -5.1006532669067388 -2.6943099072485261 -4.7915287971496587 2.0159322500228885 5.0807828903198242 -1.1820597728093467 -1.7438437223434449 2.7812654972076416 0.17484840949376423 -2.5789659023284912 -1.8071169217427572 6.2765137354532881
leaf_weight=36 24 48 36 11.999999999999998 11.999999999999998 36 108 24 264 84 11.999999999999998 36 36 312 24 11.999999999999998 24 36 24 132 48 24 24 36 48 48 72 24 36 36
leaf_count=36 24 48 36 12 12 36 108 24 264 84 12 36 36 312 24 12 24 36 24 132 48 24 24 36 48 48 72 24 36 36
internal_value=5.74488e-09 7.40725 -0.861308 1.87168 12.3659 -1.30449 -0.737425 4.92791 -0.902513 -0.629147 -1.85564 -2.21354 4.35423 -1.90307 10.9129 -1.76463 -4.02196 -1.62354 -2.45052 -2.07193 -3.51656 0.630397 1.75138 0.0866771 -0.490585 4.11481 -1.21005 -0.0159031 0.167173 2.2347
internal_weight=1728 180 1548 216 60 1332 684 120 648 540 180 168 72 648 48 612 36 576 192 168 84 144 72 48 72 96 384 360 336 72
internal_count=1728 180 1548 216 60 1332 684 120 648 540 180 168 72 648 48 612 36 576 192 168 84 144 72 48 72 96 384 360 336 72
is_linear=0
shrinkage=0.05


Tree=128
num_leaves=31
num_cat=0
split_feature=0 6 0 0 1 6 0 2 4 3 6 0 6 0 4 0 6 2 2 3 6 1 1 6 6 0 0 6 3 1
split_gain=3.98558e+06 964906 575022 305472 222562 175345 120143 113402 106218 101438 232922 254215 101271 288605 198823 101959 100107 133270 112731 87116.1 88327.2 85794.6 97304.5 90706.4 192776 85217.5 85001 76737.4 814380 328619
threshold=303117.76850000006 0.15000000000000005 684755.53550000011 1048200.1775000001 14745.336000000001 0.25000000000000006 1182183.7235000001 113.36550000000001 46.048000000000009 18.680500000000006 0.15000000000000005 47382.240000000013 0.15000000000000005 121294.55000000002 122.55800000000001 121294.55000000002 0.25000000000000006 127.01650000000002 110.56550000000001 85.117000000000004 0.15000000000000005 9241.5975000000017 10129.240500000002 0.15000000000000005 0.25000000000000006 573241.87500000012 208019.18150000004 0.15000000000000005 65.925000000000011 7848.9580000000014
decision_type=2 2 2 2 2 2 2 2 2 2 2 2 2 2 2 2 2 2 2 2 2 2 2 2 2 2 2 2 2 2
left_child=4 2 -2 16 9 8 -4 -7 -6 10 11 -1 15 -14 -15 -10 18 -18 25 21 -21 27 23 -23 -25 -3 -16 28 -11 -30
right_child=1 3 6 -5 5 7 -8 -9 12 19 -12 -13 13 14 26 -17 17 -19 -20 20 -22 22 -24 24 -26 -27 -28 -29 29 -31
leaf_value=-4.4806941986083979 5.5942850494384766 -0.40832138061523438 11.492273203531902 6.5869909286499029 -0.73194258213043217 -2.1005430412292481 17.269219970703126 2.9973052978515629 5.3348577499389656 0.81338559256659626 -5.3675029754638679 5.8111858367919922 -4.5086198806762701 4.3289998372395839 -4.5218074798583983 1.4788159799575806 1.6567226727803548 -4.0346813201904297 5.3997834523518886 -0.31833441257476808 -5.5721191406250004 -1.5803745508193972 -1.1256459421581693 5.3529789606730143 -0.98435120582580571 3.8051849365234376 1.4294194221496581 -2.1325891139275499 -0.83866014480590823 -10.972433090209961
leaf_weight=12 60 24 36 48 96 120 11.999999999999998 11.999999999999998 24 144 48 12 24 36 12 60 72 11.999999999999998 36 11.999999999999998 24 24 288 24 24 24 12 360 11.999999999999998 24
leaf_count=12 60 24 36 48 96 120 12 12 24 144 48 12 24 36 12 60 72 12 36 12 24 24 288 24 24 24 12 360 12 24
internal_value=1.77641e-09 4.99867 8.8575 3.06926 -1.15354 -0.149167 12.9365 -1.6371 0.594801 -1.54812 -3.35659 0.665246 1.35294 0.125339 1.97892 2.58054 2.0642 0.843665 3.28473 -1.409 -3.82086 -1.31253 -0.714633 0.929418 2.18431 1.69843 -1.54619 -1.71112 -0.868193 -7.59451
internal_weight=1728 324 108 216 1404 396 48 132 264 1008 72 24 168 84 60 84 168 84 84 936 36 900 360 72 48 48 24 540 180 36
internal_count=1728 324 108 216 1404 396 48 132 264 1008 72 24 168 84 60 84 168 84 84 936 36 900 360 72 48 48 24 540 180 36
is_linear=0
shrinkage=0.05


Tree=129
num_leaves=31
num_cat=0
split_feature=0 6 0 6 6 1 3 4 6 0 0 0 2 0 6 0 4 0 0 0 0 3 0 3 6 1 6 1 3 0
split_gain=3.60002e+06 723037 619897 267331 173587 222550 164213 116516 243723 531217 223017 143037 112878 107283 91396.9 260466 179438 92018.2 77611.9 142004 84421.9 80997.6 76713.4 74319.6 127161 82453.8 188495 278241 169817 157608
threshold=619852.88050000009 0.15000000000000005 256199.82050000003 0.15000000000000005 0.25000000000000006 14745.336000000001 105.84350000000002 46.048000000000009 0.15000000000000005 145818.27200000003 164842.97150000001 164842.97150000001 113.36550000000001 1182183.7235000001 0.15000000000000005 121294.55000000002 122.55800000000001 121294.55000000002 19740.918500000003 22666.579000000002 153655.73400000003 31.992000000000001 208019.18150000004 85.117000000000004 0.15000000000000005 5600.7615000000014 0.15000000000000005 2158.8095000000008 30.154500000000002 7391.9660000000013
decision_type=2 2 2 2 2 2 2 2 2 2 2 2 2 2 2 2 2 2 2 2 2 2 2 2 2 2 2 2 2 2
left_child=2 6 4 -4 5 23 -2 8 10 -10 -7 -11 18 -3 17 -16 -17 -9 21 -20 -21 -6 -18 25 -25 26 27 -1 -29 -28
right_child=1 13 3 -5 12 7 -8 14 9 11 -12 -13 -14 -15 15 16 22 -19 19 20 -22 -23 -24 24 -26 -27 29 28 -30 -31
leaf_value=-5.07338924407959 16.405758666992188 3.7043892383575443 4.7051881408691409 0.6176201391220093 -5.7947193145751958 -6.8105747222900392 9.8663537979125984 5.0681150436401374 10.379814910888673 1.3555205345153807 1.5376551628112793 -6.3644958496093746 2.8474399566650392 7.4419279098510742 -4.2831889152526861 4.1125497817993164 -4.2957168579101559 1.4048751759529114 3.6488948822021485 -1.6046947444478672 -4.1728574117024744 -2.5011054697490875 1.3579484939575195 -0.30241768360137938 -7.5814094543457022 -0.74249935840305525 -1.5183950424194337 6.5728279113769537 0.05713295459747314 -5.570245552062989
leaf_weight=24 11.999999999999998 96 60 120 24 24 48 24 11.999999999999998 12 11.999999999999998 12 11.999999999999998 24 24 36 12 60 11.999999999999998 288 36 84 12 12 12 456 48 11.999999999999998 60 48
leaf_count=24 12 96 60 120 24 24 48 24 12 12 12 12 12 24 24 36 12 60 12 288 36 84 12 12 12 456 48 12 60 48
internal_value=6.89869e-09 6.69268 -0.778218 1.98014 -1.14116 -0.742897 11.1742 0.564073 -1.11878 1.79028 -4.02783 -2.50449 -1.93769 4.4519 1.28529 0.119072 1.87998 2.45152 -2.06701 -1.69223 -1.89005 -3.23302 -1.46888 -1.20967 -3.94191 -1.10848 -1.97768 -0.411036 1.14308 -3.54432
internal_weight=1728 180 1548 180 1368 912 60 240 72 36 36 24 456 120 168 84 60 84 444 336 324 108 24 672 24 648 192 96 72 96
internal_count=1728 180 1548 180 1368 912 60 240 72 36 36 24 456 120 168 84 60 84 444 336 324 108 24 672 24 648 192 96 72 96
is_linear=0
shrinkage=0.05


Tree=130
num_leaves=31
num_cat=0
split_feature=0 6 0 0 0 6 4 0 0 2 6 2 2 4 3 6 0 2 6 2 6 2 0 6 2 3 2 2 2 1
split_gain=3.25712e+06 785132 476960 252872 183466 137326 107422 95894.1 93088 93078 90347 116868 98052.8 89841.7 89589.4 212024 219379 90462.6 695096 461056 230612 405119 261154 132795 617101 417025 324262 273563 214354 178804
threshold=303117.76850000006 0.15000000000000005 684755.53550000011 1048200.1775000001 100590.71350000003 0.15000000000000005 122.55800000000001 1182183.7235000001 121294.55000000002 68.52800000000002 0.25000000000000006 127.01650000000002 110.56550000000001 133.21950000000004 18.680500000000006 0.15000000000000005 47382.240000000013 74.89200000000001 0.15000000000000005 78.163500000000013 0.25000000000000006 78.163500000000013 45843.734500000013 0.15000000000000005 63.551500000000011 65.925000000000011 57.764500000000005 63.551500000000011 31.205000000000002 7848.9580000000014
decision_type=2 2 2 2 2 2 2 2 2 2 2 2 2 2 2 2 2 2 2 2 2 2 2 2 2 2 2 2 2 2
left_child=4 2 -2 10 14 8 -7 -4 -6 -10 12 -12 -3 -8 15 16 -1 23 19 -19 21 22 -20 24 26 -26 28 -25 -16 -29
right_child=1 3 7 -5 5 6 13 -9 9 -11 11 -13 -14 -15 17 -17 -18 18 20 -21 -22 -23 -24 27 25 -27 -28 29 -30 -31
leaf_value=-4.0029899597167962 5.0276998138427738 1.5440445423126221 10.424342091878255 5.9789834022521973 5.608407592773438 0.061293538411458341 -4.8018630981445316 15.585470581054688 -1.0724497477213542 2.1434478950500488 1.4658363461494446 -3.8638282775878907 4.996021016438803 -1.0551630973815918 1.8602439969778062 -4.978373956680298 5.5577514648437498 -0.086338853836059576 5.4553281148274735 -9.8870159149169936 -0.068144662678241735 9.4265621185302741 -4.976084518432617 -2.3531542327006658 -1.0657314300537111 -10.386686325073242 8.49521993001302 -3.1668347358703617 -1.2448896140763255 1.8165234347184498
leaf_weight=12 60 48 36 48 11.999999999999998 144 24 11.999999999999998 36 60 72 11.999999999999998 36 48 96 48 12 24 12 24 48 24 12 480 24 24 11.999999999999998 24 132 72
leaf_count=12 60 48 36 48 12 144 24 12 36 60 72 12 36 48 96 48 12 24 12 24 48 24 12 480 24 24 12 24 132 72
internal_value=3.1734e-10 4.51883 7.99967 2.77841 -1.04281 0.000720063 -0.727159 11.7146 1.45648 0.937486 1.86396 0.704456 3.02346 -2.30406 -1.35586 -3.05979 0.777381 -1.23416 -0.07391 -4.98668 2.38247 4.83309 0.239622 -1.42753 -0.550894 -5.72621 0.484169 -1.86585 0.0625351 0.570684
internal_weight=1728 324 108 216 1404 324 216 48 108 96 168 84 84 72 1080 72 24 1008 144 48 96 48 24 864 288 48 240 576 228 96
internal_count=1728 324 108 216 1404 324 216 48 108 96 168 84 84 72 1080 72 24 1008 144 48 96 48 24 864 288 48 240 576 228 96
is_linear=0
shrinkage=0.05


Tree=131
num_leaves=31
num_cat=0
split_feature=0 6 0 6 6 0 0 6 0 2 4 6 0 0 0 4 6 2 6 0 0 0 3 0 4 6 0 0 1 6
split_gain=2.94401e+06 588859 499652 220471 145855 190683 142400 100766 112293 98136.4 93563.9 196273 443443 182392 129091 78442.7 215582 74277.7 69598 66828.5 130319 74576.5 68710 61452.5 53563.4 70508.3 96931.9 78037.4 59832.5 517229
threshold=619852.88050000009 0.15000000000000005 256199.82050000003 0.15000000000000005 0.25000000000000006 87041.996000000028 840329.43250000023 0.25000000000000006 840329.43250000023 113.36550000000001 46.048000000000009 0.15000000000000005 145818.27200000003 164842.97150000001 164842.97150000001 122.55800000000001 0.15000000000000005 117.89800000000001 0.15000000000000005 19740.918500000003 22666.579000000002 153655.73400000003 31.992000000000001 208019.18150000004 135.84850000000003 0.15000000000000005 68725.196500000005 68725.196500000005 10484.007500000002 0.15000000000000005
decision_type=2 2 2 2 2 2 2 2 2 2 2 2 2 2 2 2 2 2 2 2 2 2 2 2 2 2 2 2 2 2
left_child=2 6 4 -4 5 24 -2 8 -3 19 11 13 -13 -7 -14 18 -17 -9 -12 22 -21 -22 -6 -18 28 27 -27 -26 -1 -30
right_child=1 7 3 -5 9 10 -8 17 -10 -11 15 12 14 -15 -16 16 23 -19 -20 20 21 -23 -24 -25 25 26 -28 -29 29 -31
leaf_value=-1.0253019535750674 7.1133790969848638 2.8297319889068606 4.2473863220214847 0.53531701564788825 -5.321694946289063 -6.1960594177246096 12.085515594482423 0.42655123472213746 7.245087178548177 2.7020032882690432 0.79477491378784182 9.3894966125488288 1.2846797943115233 1.353600025177002 -6.0493358612060542 2.3810172716776532 -2.6575966358184817 4.0175722757975256 3.9038576126098636 3.5841079711914063 -1.4538477788368862 -3.8676191329956056 -2.2881759586788362 1.3428092002868652 3.3705352783203129 -3.2394903182983401 2.2642560958862306 -1.5677536010742188 1.0025141143798828 -5.5627306747436522
leaf_weight=456 24 24 60 120 24 24 36 24 36 11.999999999999998 36 11.999999999999998 12 11.999999999999998 12 60 48 36 36 11.999999999999998 288 36 84 11.999999999999998 24 24 11.999999999999998 11.999999999999998 60 60
leaf_count=456 24 24 60 120 24 24 36 24 36 12 36 12 12 12 12 60 48 36 36 12 288 36 84 12 24 24 12 12 60 60
internal_value=5.73971e-09 6.05226 -0.703751 1.77267 -1.0296 -0.664529 10.0967 4.03005 5.47895 -1.75973 0.468169 -1.06895 1.54161 -3.67951 -2.38233 1.04459 0.261751 2.58116 2.34932 -1.88032 -1.53254 -1.72204 -2.96229 -1.85752 -1.126 0.159765 -1.40491 1.72444 -1.28672 -2.28011
internal_weight=1728 180 1548 180 1368 912 60 120 60 456 264 72 36 36 24 192 120 60 72 444 336 324 108 60 648 72 36 36 576 120
internal_count=1728 180 1548 180 1368 912 60 120 60 456 264 72 36 36 24 192 120 60 72 444 336 324 108 60 648 72 36 36 576 120
is_linear=0
shrinkage=0.05


Tree=132
num_leaves=31
num_cat=0
split_feature=0 6 0 0 0 0 6 0 6 2 2 3 6 0 2 6 2 6 2 0 6 2 3 2 2 2 2 1 6 2
split_gain=2.66223e+06 638682 391327 205154 150993 118271 89629.5 115074 77345.7 104343 82062.6 75910.9 179877 193594 80067.6 615675 400173 199731 334972 225024 105277 546998 376365 296726 242977 188668 166103 161845 135203 109707
threshold=303117.76850000006 0.15000000000000005 840329.43250000023 1048200.1775000001 100590.71350000003 145818.27200000003 0.15000000000000005 153655.73400000003 0.25000000000000006 127.01650000000002 110.56550000000001 18.680500000000006 0.15000000000000005 47382.240000000013 74.89200000000001 0.15000000000000005 78.163500000000013 0.25000000000000006 78.163500000000013 45843.734500000013 0.15000000000000005 63.551500000000011 65.925000000000011 57.764500000000005 63.551500000000011 31.205000000000002 29.406000000000002 7848.9580000000014 0.25000000000000006 22.312000000000005
decision_type=2 2 2 2 2 2 2 2 2 2 2 2 2 2 2 2 2 2 2 2 2 2 2 2 2 2 2 2 2 2
left_child=4 2 -2 8 11 -6 7 -7 10 -10 -3 12 13 -1 20 16 -16 18 19 -17 21 23 -23 25 29 26 -13 -26 -29 -22
right_child=1 3 -4 -5 5 6 -8 -9 9 -11 -12 14 -14 -15 15 17 -18 -19 -20 -21 24 22 -24 -25 27 -27 -28 28 -30 -31
leaf_value=-3.7515754699707027 5.096630700429281 1.4113962590694429 11.481239827473958 5.398467636108399 1.3548951360914443 -3.7008762359619141 -1.3917922099431357 1.6627469265460968 1.3385725915431976 -3.6974029541015625 4.5693844795227054 0.54081586201985676 -4.5624106168746952 5.2297382354736328 -0.081452226638793951 5.2338269551595049 -9.2121311187744137 0.0079549342393875119 8.7461292266845714 -4.4491436004638665 -3.9456127802530925 -0.96117982864379892 -9.8160869598388683 8.1217244466145839 -2.9465144157409671 -1.1715638998782996 5.3439186096191413 3.9613165537516277 -0.37205911874771119 -1.828660482752557
leaf_weight=12 72 48 36 48 108 11.999999999999998 144 60 72 11.999999999999998 36 72 48 12 24 12 24 48 24 12 72 24 24 11.999999999999998 24 132 24 36 36 408
leaf_count=12 72 48 36 48 108 12 144 60 72 12 36 72 48 12 24 12 24 48 24 12 72 24 24 12 24 132 24 36 36 408
internal_value=-4.89807e-09 4.08538 7.22483 2.51565 -0.942779 0.003904 -0.671592 0.76881 1.69198 0.619148 2.76482 -1.22678 -2.79525 0.739081 -1.11475 -0.0232004 -4.64679 2.2886 4.56924 0.392342 -1.29668 -0.516137 -5.38863 0.458363 -1.68695 0.0550279 1.74159 0.609343 1.79463 -2.1462
internal_weight=1728 324 108 216 1404 324 216 72 168 84 84 1080 72 24 1008 144 48 96 48 24 864 288 48 240 576 228 96 96 72 480
internal_count=1728 324 108 216 1404 324 216 72 168 84 84 1080 72 24 1008 144 48 96 48 24 864 288 48 240 576 228 96 96 72 480
is_linear=0
shrinkage=0.05


Tree=133
num_leaves=31
num_cat=0
split_feature=0 6 1 6 3 6 6 0 4 6 0 0 3 4 3 6 0 2 6 1 0 6 2 4 6 2 4 4 0 0
split_gain=2.41389e+06 483596 407318 261369 147836 136032 123501 120574 103402 86675 96259.7 81919.2 77352.6 76196.2 75739.1 162339 174718 70512.5 95635.5 74058.6 70502.1 101574 631864 292614 224551 360187 174993 157595 87639.9 69917.5
threshold=619852.88050000009 0.15000000000000005 19012.117000000002 0.15000000000000005 108.92850000000001 0.25000000000000006 0.25000000000000006 1048200.1775000001 46.048000000000009 0.25000000000000006 840329.43250000023 507657.76500000007 43.144500000000008 71.970000000000013 18.680500000000006 0.15000000000000005 47382.240000000013 22.312000000000005 0.15000000000000005 9241.5975000000017 145818.27200000003 0.15000000000000005 78.163500000000013 137.47000000000003 0.25000000000000006 78.163500000000013 25.389500000000002 137.47000000000003 63082.982000000011 164842.97150000001
decision_type=2 2 2 2 2 2 2 2 2 2 2 2 2 2 2 2 2 2 2 2 2 2 2 2 2 2 2 2 2 2
left_child=2 7 14 11 5 8 -6 -2 -5 10 -3 -4 -7 -14 15 16 -1 18 -16 -19 21 22 27 24 25 26 -23 -21 -28 -8
right_child=1 9 3 4 6 12 29 -9 -10 -11 -12 -13 13 -15 17 -17 -18 19 -20 20 -22 23 -24 -25 -26 -27 28 -29 -30 -31
leaf_value=-3.5639968872070309 7.3153525034586595 2.5387257099151612 2.0882040476892145 -2.5067523956298832 -5.1346456527709963 2.9281543731689457 -2.760941123962402 11.890616989135744 2.4550511973244804 2.3039791035652164 6.626727549235027 5.3541748046875002 -0.059231185913085939 -3.1022488911946615 0.081362867355346688 -4.3342900753021238 4.9682514190673821 -1.3138441068785531 -3.7842598438262942 -1.2378466129302979 -1.9276675860087078 -4.2266864776611328 -8.751524734497071 -2.022991919517517 -0.31746015151341761 8.3088226318359375 4.7620453516642254 2.3535907586415608 1.0615411996841431 2.6364927291870117
leaf_weight=12 36 24 96 11.999999999999998 24 11.999999999999998 12 24 84 60 36 24 48 36 24 48 12 504 48 84 72 11.999999999999998 24 96 108 24 24 48 48 12
leaf_count=12 36 24 96 12 24 12 12 24 84 60 36 24 48 36 24 48 12 504 48 84 72 12 24 96 108 24 24 48 48 12
internal_value=-1.84281e-09 5.48032 -0.637247 0.836111 -0.116533 0.503943 -2.59843 9.14546 1.83483 3.64775 4.99153 2.7414 -0.82694 -1.36338 -1.08372 -2.65548 0.702127 -0.982314 -2.49572 -0.877942 -0.4711 -0.247012 -1.28874 0.273851 1.29467 2.9068 1.36337 0.0681306 2.29504 -0.0622242
internal_weight=1728 180 1548 360 240 192 48 60 96 120 60 120 96 84 1188 72 24 1116 72 1044 540 468 156 312 216 108 84 132 72 24
internal_count=1728 180 1548 360 240 192 48 60 96 120 60 120 96 84 1188 72 24 1116 72 1044 540 468 156 312 216 108 84 132 72 24
is_linear=0
shrinkage=0.05


Tree=134
num_leaves=31
num_cat=0
split_feature=0 6 1 6 3 6 3 6 4 6 0 0 3 4 3 6 0 2 0 0 0 2 6 4 4 4 0 2 6 0
split_gain=2.17854e+06 436446 367604 235885 133422 122769 113282 111460 93320.2 78224.2 86874.4 73932.1 69810.7 68767.1 68354.6 146511 157683 65899.6 72346.6 65065.8 94656.4 67860.1 112854 305140 293971 113813 76378.6 73392.8 204908 63100.5
threshold=619852.88050000009 0.15000000000000005 19012.117000000002 0.15000000000000005 108.92850000000001 0.25000000000000006 105.84350000000002 0.25000000000000006 46.048000000000009 0.25000000000000006 840329.43250000023 507657.76500000007 43.144500000000008 71.970000000000013 18.680500000000006 0.15000000000000005 47382.240000000013 127.01650000000002 208019.18150000004 41777.992500000008 44158.321000000004 50.303500000000007 0.15000000000000005 122.55800000000001 122.55800000000001 33.389500000000005 145818.27200000003 90.431000000000012 0.25000000000000006 164842.97150000001
decision_type=2 2 2 2 2 2 2 2 2 2 2 2 2 2 2 2 2 2 2 2 2 2 2 2 2 2 2 2 2 2
left_child=2 6 14 11 5 8 -2 -6 -5 10 -3 -4 -7 -14 15 16 -1 18 -10 -16 -21 -22 23 25 27 -23 -27 -24 -29 -9
right_child=1 9 3 4 7 12 -8 29 17 -11 -12 -13 13 -15 19 -17 -18 -19 -20 20 21 22 24 -25 -26 26 -28 28 -30 -31
leaf_value=-3.3857971191406246 13.033328247070314 2.4117896080017092 1.9837938129901886 -2.3814147949218749 -4.8779134750366211 2.7817464828491212 7.6018996238708496 -2.6228940963745115 5.304594802856446 2.1887800696492197 6.2953912099202478 5.0864660263061525 -0.056269633769989016 -2.9471364339192707 -1.2796592703052596 -4.1175755023956304 4.719838714599609 5.7627201080322266 1.0517551708221438 1.9580980088975695 -0.14512442936972966 -1.0537706375122071 0.25454115072886146 1.6341493129730225 -3.7396125793457031 -8.3049682617187504 -3.4194488525390625 8.0672737121582028 -1.1727555274963377 2.5046680450439451
leaf_weight=12 11.999999999999998 24 96 11.999999999999998 24 11.999999999999998 48 12 11.999999999999998 60 36 24 48 36 612 48 12 11.999999999999998 60 36 252 11.999999999999998 72 24 48 24 11.999999999999998 12 12 12
leaf_count=12 12 24 96 12 24 12 48 12 12 60 36 24 48 36 612 48 12 12 60 36 252 12 72 24 48 24 12 12 12 12
internal_value=-4.84633e-09 5.20631 -0.605384 0.794305 -0.110706 0.478746 8.68819 -2.46851 1.74308 3.46537 4.74195 2.60433 -0.785593 -1.29521 -1.02953 -2.52271 0.667021 2.3323 1.76056 -0.933199 -0.512497 -0.702542 -1.35286 -2.96914 -0.544724 -5.27079 -6.67646 1.05272 3.44726 -0.059113
internal_weight=1728 180 1548 360 240 192 60 48 96 120 60 120 96 84 1188 72 24 84 72 1116 504 468 216 72 144 48 36 96 24 24
internal_count=1728 180 1548 360 240 192 60 48 96 120 60 120 96 84 1188 72 24 84 72 1116 504 468 216 72 144 48 36 96 24 24
is_linear=0
shrinkage=0.05


Tree=135
num_leaves=31
num_cat=0
split_feature=0 6 1 6 3 6 0 6 4 0 0 6 4 6 4 4 3 0 0 4 2 0 0 0 4 6 3 3 2 2
split_gain=1.96613e+06 393892 331763 212886 120413 110799 102237 100593 84221.5 74516.2 66723.7 64795.4 66860.1 107758 123970 103809 63004.2 62732.8 112576 62062.3 59474.4 65292.8 58535.1 56948.2 55753.9 85481.4 980024 649821 315599 260931
threshold=619852.88050000009 0.15000000000000005 19012.117000000002 0.15000000000000005 108.92850000000001 0.25000000000000006 1182183.7235000001 0.25000000000000006 46.048000000000009 1182183.7235000001 507657.76500000007 0.25000000000000006 99.099000000000018 0.15000000000000005 137.47000000000003 107.81800000000001 43.144500000000008 19740.918500000003 22666.579000000002 71.970000000000013 127.01650000000002 208019.18150000004 153655.73400000003 164842.97150000001 91.152500000000018 0.15000000000000005 62.127500000000005 62.127500000000005 57.764500000000005 78.163500000000013
decision_type=2 2 2 2 2 2 2 2 2 2 2 2 2 2 2 2 2 2 2 2 2 2 2 2 2 2 2 2 2 2
left_child=2 6 11 10 5 8 -2 -6 -5 -3 -4 12 24 14 -14 -15 -7 -13 -19 -18 21 -10 -20 -9 25 27 -27 28 -1 -28
right_child=1 9 3 4 7 16 -8 23 20 -11 -12 17 13 15 -16 -17 19 18 22 -21 -22 -23 -24 -25 -26 26 29 -29 -30 -31
leaf_value=-0.63585589726765956 7.2218047142028814 2.669116236269474 1.8846041470766068 -2.262343978881836 -4.634017753601074 2.6426591873168945 12.381661987304689 -2.4917493820190426 5.0393650054931642 5.7840206146240236 4.8321428298950195 -2.5279413458925708 -0.56784327507019039 1.8615063190460206 2.6463167158762615 -1.8150083303451539 -0.053456139564514164 3.6260108947753906 -1.1657770350575447 -2.7997795740763349 5.4745838165283205 0.99916741371154782 -4.7363674163818361 2.3794345855712886 -3.3768143534660342 -3.0575089772542317 1.8948510865370434 -4.266339144706726 4.7698978847927522 7.7236911773681642
leaf_weight=108 48 96 96 11.999999999999998 24 11.999999999999998 11.999999999999998 12 11.999999999999998 24 24 108 60 24 60 96 48 11.999999999999998 264 36 11.999999999999998 60 11.999999999999998 12 24 144 96 120 36 24
leaf_count=108 48 96 96 12 24 12 12 12 12 24 24 108 60 24 60 96 48 12 264 36 12 60 12 12 24 144 96 120 36 24
internal_value=1.28695e-08 4.94599 -0.575115 0.75459 -0.105171 0.454809 8.25378 -2.34509 1.65593 3.2921 2.47411 -0.978056 -0.716949 -0.0202343 1.03924 -1.07971 -0.746313 -1.50027 -1.11489 -1.23045 2.21568 1.67253 -1.32102 -0.0561574 -1.01987 -0.912734 -0.276542 -1.54893 0.715583 3.06062
internal_weight=1728 180 1548 360 240 192 60 48 96 120 120 1188 792 240 120 120 96 396 288 84 84 72 276 24 552 528 264 264 144 120
internal_count=1728 180 1548 360 240 192 60 48 96 120 120 1188 792 240 120 120 96 396 288 84 84 72 276 24 552 528 264 264 144 120
is_linear=0
shrinkage=0.05


Tree=136
num_leaves=31
num_cat=0
split_feature=0 6 0 6 4 0 0 0 6 1 4 2 2 4 6 3 6 0 2 6 2 6 2 0 6 2 3 2 2 2
split_gain=1.77443e+06 355488 300894 173908 100725 95964.1 85950.4 71661.7 70597.3 78943.9 61866.6 59878.8 59720.1 55880 142755 55741.9 119407 132494 56176.8 426438 309989 130621 243896 180164 78553 449081 307870 255510 196524 159336
threshold=619852.88050000009 0.15000000000000005 100590.71350000003 0.15000000000000005 122.55800000000001 1048200.1775000001 388286.60400000011 121294.55000000002 0.25000000000000006 52693.838000000011 133.21950000000004 117.89800000000001 68.52800000000002 46.048000000000009 0.25000000000000006 18.680500000000006 0.15000000000000005 47382.240000000013 74.89200000000001 0.15000000000000005 78.163500000000013 0.25000000000000006 78.163500000000013 45843.734500000013 0.15000000000000005 63.551500000000011 65.925000000000011 57.764500000000005 63.551500000000011 31.205000000000002
decision_type=2 2 2 2 2 2 2 2 2 2 2 2 2 2 2 2 2 2 2 2 2 2 2 2 2 2 2 2 2 2
left_child=2 5 15 6 13 -2 7 -4 9 -3 -6 -10 -9 -5 -15 16 17 -1 24 20 -20 22 23 -21 25 27 -27 29 -26 -17
right_child=1 8 3 4 10 -7 -8 12 11 -11 -12 -13 -14 14 -16 18 -18 -19 19 21 -22 -23 -24 -25 28 26 -28 -29 -30 -31
leaf_value=-3.1847143173217773 6.2083993275960294 0.71294670104980473 4.8984523773193365 -0.8422903219858805 -3.881901550292969 10.290119171142578 4.0184313456217451 -0.8372037013371787 -0.019798713922500613 5.2470735549926761 -0.77277677059173588 3.2044262568155926 1.6569577534993489 2.2800986289978029 -0.63491874422345851 1.6712373137474061 -3.7890874624252322 4.245352172851562 0.17522151470184327 4.5413857777913407 -7.8610157012939457 0.084716238081455231 7.3375068664550787 -4.1228218078613272 -1.8117713491370282 -0.79793472290039069 -8.8066577911376953 7.6068181355794273 0.66641066074371347 -1.0059047344959144
leaf_weight=12 36 11.999999999999998 11.999999999999998 72 24 24 36 36 24 48 48 36 72 84 84 96 48 12 24 12 24 48 24 12 480 24 24 11.999999999999998 96 132
leaf_count=12 36 12 12 72 24 24 36 36 24 48 48 36 72 84 84 96 48 12 24 12 24 48 24 12 480 24 24 12 96 132
internal_value=4.47725e-09 4.69869 -0.546359 0.512602 -0.168938 7.84109 1.87568 1.23286 3.12749 4.34025 -1.80915 1.91474 0.825571 0.323126 0.82259 -1.00524 -2.34929 0.530319 -0.90924 0.00507119 -3.8429 1.92906 3.77339 0.209282 -1.06162 -0.387393 -4.8023 0.495588 -1.39874 0.121313
internal_weight=1728 180 1548 468 312 60 156 120 120 60 72 60 108 240 168 1080 72 24 1008 144 48 96 48 24 864 288 48 240 576 228
internal_count=1728 180 1548 468 312 60 156 120 120 60 72 60 108 240 168 1080 72 24 1008 144 48 96 48 24 864 288 48 240 576 228
is_linear=0
shrinkage=0.05


Tree=137
num_leaves=31
num_cat=0
split_feature=0 6 0 6 4 0 0 0 0 4 2 4 6 3 6 0 2 6 2 6 2 0 6 2 3 2 2 1 1 2
split_gain=1.60142e+06 320828 271557 156952 90904.2 89380.2 77570.3 64674.7 64167.1 55834.6 53897.4 50431.7 128836 50307.1 107764 119576 50699.6 384860 279765 117885 220116 162598 70894.1 405296 277853 230597 177363 145990 133569 128965
threshold=619852.88050000009 0.15000000000000005 100590.71350000003 0.15000000000000005 122.55800000000001 840329.43250000023 388286.60400000011 121294.55000000002 1182183.7235000001 133.21950000000004 68.52800000000002 46.048000000000009 0.25000000000000006 18.680500000000006 0.15000000000000005 47382.240000000013 74.89200000000001 0.15000000000000005 78.163500000000013 0.25000000000000006 78.163500000000013 45843.734500000013 0.15000000000000005 63.551500000000011 65.925000000000011 57.764500000000005 63.551500000000011 2158.8095000000008 7848.9580000000014 53.76550000000001
decision_type=2 2 2 2 2 2 2 2 2 2 2 2 2 2 2 2 2 2 2 2 2 2 2 2 2 2 2 2 2 2
left_child=2 5 13 6 11 -2 7 -4 -3 -6 -9 -5 -13 14 15 -1 22 18 -18 20 21 -19 23 25 -25 27 -24 -15 -28 -29
right_child=1 8 3 4 9 -7 -8 10 -10 -11 -12 12 -14 16 -16 -17 17 19 -20 -21 -22 -23 26 24 -26 -27 28 29 -30 -31
leaf_value=-3.0254785537719724 5.0855056762695314 2.3930140003561973 4.6535297393798833 -0.80017587343851726 -3.6878065109252933 9.0247174580891922 3.8175098419189455 -0.79534350236256923 5.2835319519042976 -0.7341378927230835 1.5741098721822104 2.1660937036786758 -0.60317280633108961 -5.2525985717773445 -3.5996332168579102 4.0330844879150387 0.1664604187011719 4.3143163045247395 -7.4679651260375977 0.080480453372001659 6.970631408691407 -3.9166805267333977 -1.7211827625830969 -0.75803794860839846 -8.3663249969482418 7.2264775594075523 -2.5972517490386964 0.7097762897902844 1.7098708589871725 -4.6238998413085941
leaf_weight=12 24 96 11.999999999999998 72 24 36 36 36 24 48 72 84 84 11.999999999999998 48 12 24 12 24 48 24 12 480 24 24 11.999999999999998 24 204 72 11.999999999999998
leaf_count=12 24 96 12 72 24 36 36 36 24 48 72 84 84 12 48 12 24 12 24 48 24 12 480 24 24 12 24 204 72 12
internal_value=-3.6977e-09 4.46376 -0.519041 0.486972 -0.160491 7.44903 1.7819 1.17122 2.97112 -1.71869 0.784292 0.30697 0.78146 -0.954981 -2.23182 0.503803 -0.863778 0.00481758 -3.65075 1.8326 3.58472 0.198818 -1.00854 -0.368023 -4.56218 0.470809 -1.3288 0.115247 0.63309 0.413461
internal_weight=1728 180 1548 468 312 60 156 120 120 72 108 240 168 1080 72 24 1008 144 48 96 48 24 864 288 48 240 576 228 96 216
internal_count=1728 180 1548 468 312 60 156 120 120 72 108 240 168 1080 72 24 1008 144 48 96 48 24 864 288 48 240 576 228 96 216
is_linear=0
shrinkage=0.05


Tree=138
num_leaves=31
num_cat=0
split_feature=0 6 0 6 0 4 0 6 1 0 2 2 4 4 6 2 0 3 6 0 0 6 2 6 2 6 2 0 6 2
split_gain=1.44528e+06 289547 245080 141649 83041.8 82041 71246.1 63714.1 70056.6 53516.9 57673.6 52354.1 50390.7 45514.6 116275 47772.6 69968.9 45402.1 97257.4 107917 49951.5 49465.8 45756.4 347336 252488 106392 198654 146745 63981.9 365779
threshold=619852.88050000009 0.15000000000000005 100590.71350000003 0.15000000000000005 1182183.7235000001 122.55800000000001 507657.76500000007 0.25000000000000006 52693.838000000011 121294.55000000002 68.52800000000002 117.89800000000001 133.21950000000004 46.048000000000009 0.25000000000000006 127.01650000000002 303117.76850000006 18.680500000000006 0.15000000000000005 47382.240000000013 47382.240000000013 0.25000000000000006 74.89200000000001 0.15000000000000005 78.163500000000013 0.25000000000000006 78.163500000000013 45843.734500000013 0.15000000000000005 63.551500000000011
decision_type=2 2 2 2 2 2 2 2 2 2 2 2 2 2 2 2 2 2 2 2 2 2 2 2 2 2 2 2 2 2
left_child=2 4 17 6 -2 13 9 8 -3 -4 -11 -9 -7 -5 15 16 -15 18 19 -1 -20 -22 28 24 -24 26 27 -25 29 -19
right_child=1 7 3 5 -6 12 -8 11 -10 10 -12 -13 -14 14 -16 -17 -18 22 20 -21 21 -23 23 25 -26 -27 -28 -29 -30 -31
leaf_value=-2.8742046356201172 6.1465171813964847 0.55764865875244141 4.4208534240722654 -0.7601670424143474 10.796837615966798 -3.5034161567687989 4.1987384796142582 -0.13845947682857515 4.8289378166198738 -0.7555763641993205 1.6364074707031251 2.8763789494832359 -0.69743099212646487 3.1296734491984051 -0.5730141844068255 4.9785453796386721 0.012319151560465496 0.44726835449536645 -1.8066914200782778 3.8314300537109371 -7.3025657653808587 -2.7626573562622068 0.15813741683959961 4.0986005147298172 -7.0945665359497072 0.076456426084041601 6.622099685668946 -3.720846557617187 -1.2623637730048765 -4.334072160720825
leaf_weight=12 48 11.999999999999998 11.999999999999998 72 11.999999999999998 24 24 24 48 36 84 36 48 36 84 11.999999999999998 36 240 24 12 12 12 24 12 24 48 24 12 576 48
leaf_count=12 48 12 12 72 12 24 24 24 48 36 84 36 48 36 84 12 36 240 24 12 12 12 24 12 24 48 24 12 576 48
internal_value=4.82908e-09 4.24057 -0.493089 0.462624 7.07658 -0.152467 1.6928 2.82256 3.97468 1.23718 0.918812 1.67044 -1.63276 0.291621 0.742387 2.05779 1.571 -0.907232 -2.12023 0.478613 -3.41965 -5.03261 -0.820589 0.00457673 -3.46821 1.74097 3.40549 0.188877 -0.958116 -0.349622
internal_weight=1728 180 1548 468 60 312 156 120 60 132 120 60 72 240 168 84 72 1080 72 24 48 24 1008 144 48 96 48 24 864 288
internal_count=1728 180 1548 468 60 312 156 120 60 132 120 60 72 240 168 84 72 1080 72 24 48 24 1008 144 48 96 48 24 864 288
is_linear=0
shrinkage=0.05


Tree=139
num_leaves=31
num_cat=0
split_feature=0 6 0 6 0 1 6 0 6 3 6 3 6 1 3 3 4 6 0 0 2 0 1 2 4 6 4 3 6 1
split_gain=1.30437e+06 261316 222580 105660 77358.9 77013.7 57501.9 65384.5 51398.4 60168.3 74655.8 58222.9 280457 230468 58064.1 117486 53232.7 147675 160214 93488.5 47249.6 47135.4 41723.4 39073.9 35167.4 76284.2 309006 227147 54744 267268
threshold=619852.88050000009 0.15000000000000005 256199.82050000003 0.15000000000000005 840329.43250000023 11991.799500000003 0.25000000000000006 840329.43250000023 0.25000000000000006 85.117000000000004 0.15000000000000005 72.187000000000026 0.15000000000000005 10279.872000000001 30.154500000000002 30.583500000000004 56.118500000000004 0.15000000000000005 38531.177500000013 38531.177500000013 117.89800000000001 33295.90400000001 11548.453500000001 66.080000000000013 33.389500000000005 0.15000000000000005 37.504500000000007 67.669000000000025 0.15000000000000005 6575.9135000000015
decision_type=2 2 2 2 2 2 2 2 2 2 2 2 2 2 2 2 2 2 2 2 2 2 2 2 2 2 2 2 2 2
left_child=2 4 5 -4 -2 8 7 -3 9 11 -11 16 13 -13 -10 -16 24 18 -18 -19 -8 -14 -21 -17 28 26 -26 -27 29 -1
right_child=1 6 3 -5 -6 -7 20 -9 14 10 -12 12 21 -15 15 23 17 19 -20 22 -22 -23 -24 -25 25 27 -28 -29 -30 -31
leaf_value=0.21356590323978 4.5239048004150391 1.7544283628463746 2.8976039123535156 0.32782531738281251 8.1886505126953129 -0.22136907639326872 -0.13153650760650634 5.1236242930094402 -2.766720994313558 -0.37013406753540035 -5.9474613189697259 0.43056898117065434 1.2842781066894533 -8.0559654235839844 3.6844760894775392 -1.8269424464967514 5.0147222518920902 -4.0749402046203613 -0.25927063624064128 1.1574190139770508 2.7325599034627279 5.122223154703776 -2.4534749984741211 -0.17968195676803589 -7.7325645446777349 -4.6156720638275148 1.2379624724388123 3.0754096984863284 0.046758368280198838 -5.062840080261231
leaf_weight=72 24 24 60 120 36 540 24 36 72 12 12 24 11.999999999999998 11.999999999999998 11.999999999999998 144 24 24 36 24 36 24 11.999999999999998 48 11.999999999999998 48 48 11.999999999999998 108 36
leaf_count=72 24 24 60 120 36 540 24 36 72 12 12 24 12 12 12 144 24 24 36 24 36 24 12 48 12 48 48 12 108 36
internal_value=-8.74753e-09 4.02854 -0.468435 1.18442 6.72275 -0.685916 2.68143 3.77595 -0.988881 -0.710323 -3.1588 -0.599029 0.722316 -2.39828 -1.546 -1.11515 -0.807663 0.0963115 1.85033 -1.6577 1.58692 3.84291 -0.0462123 -1.41513 -1.13051 -1.8168 -0.556143 -3.07746 -0.749239 -1.54524
internal_weight=1728 180 1548 180 60 1368 120 60 828 552 24 528 72 36 276 204 456 120 60 60 60 36 36 192 336 120 60 60 216 108
internal_count=1728 180 1548 180 60 1368 120 60 828 552 24 528 72 36 276 204 456 120 60 60 60 36 36 192 336 120 60 60 216 108
is_linear=0
shrinkage=0.05


Tree=140
num_leaves=31
num_cat=0
split_feature=0 6 0 6 4 0 0 0 0 2 4 6 4 6 2 0 3 6 0 0 6 2 6 2 6 2 0 6 2 3
split_gain=1.17719e+06 235838 202410 120732 72934 71869 59220 52064.5 49667 49033.6 45477.6 44179.5 40701.5 104938 42749.8 64323.4 38758.9 80237.7 95835.5 41717.2 42749.6 36977.3 293884 214053 88138.5 179286 123082 52942.2 298295 235443
threshold=619852.88050000009 0.15000000000000005 100590.71350000003 0.15000000000000005 122.55800000000001 1182183.7235000001 507657.76500000007 1182183.7235000001 121294.55000000002 68.52800000000002 133.21950000000004 0.25000000000000006 46.048000000000009 0.25000000000000006 127.01650000000002 303117.76850000006 18.680500000000006 0.15000000000000005 47382.240000000013 47382.240000000013 0.25000000000000006 74.89200000000001 0.15000000000000005 78.163500000000013 0.25000000000000006 78.163500000000013 45843.734500000013 0.15000000000000005 63.551500000000011 65.925000000000011
decision_type=2 2 2 2 2 2 2 2 2 2 2 2 2 2 2 2 2 2 2 2 2 2 2 2 2 2 2 2 2 2
left_child=2 5 16 6 12 -2 8 -3 -4 -10 -6 -9 -5 14 15 -14 17 18 -1 -19 -21 27 23 -23 25 26 -24 28 -18 -30
right_child=1 7 3 4 10 -7 -8 11 9 -11 -12 -13 13 -15 -16 -17 21 19 -20 20 -22 22 24 -25 -26 -27 -28 -29 29 -31
leaf_value=-2.7411727905273438 5.5213775157928469 2.02662293612957 4.2108791351318358 -0.72024350166320805 -3.317176914215088 9.8475631713867191 3.8439214706420901 6.7755516052246083 -0.70672904650370283 1.4988203934260778 -0.65149097442626958 2.4850845336914062 2.984258270263672 -0.54898627144949774 4.7132266998291019 -0.0046880404154459633 0.40818963011105858 -1.6483577489852905 3.5779605865478512 -6.7066535949707022 -2.4861885070800778 0.14500050544738771 3.6375596364339189 -6.5329050064086918 0.082659883797168737 6.1684732437133789 -3.5237358093261713 -1.1417163860466746 -0.40781040191650392 -7.4114196777343757
leaf_weight=12 48 96 11.999999999999998 72 24 11.999999999999998 24 12 36 84 48 12 36 84 11.999999999999998 36 240 24 12 12 12 24 12 24 48 24 12 576 24 24
leaf_count=12 48 96 12 72 24 12 24 12 36 84 48 12 36 84 12 36 240 24 12 12 12 24 12 24 48 24 12 576 24 24
internal_value=1.57152e-08 3.82711 -0.445013 0.423526 -0.144336 6.38661 1.55925 2.54736 1.14386 0.837156 -1.54005 4.63032 0.274379 0.700645 1.95028 1.48979 -0.82138 -1.94213 0.418394 -3.12239 -4.59642 -0.741327 0.000466737 -3.19395 1.59768 3.11269 0.0569119 -0.864959 -0.311444 -3.90962
internal_weight=1728 180 1548 468 312 60 156 120 132 120 72 24 240 168 84 72 1080 72 24 48 24 1008 144 48 96 48 24 864 288 48
internal_count=1728 180 1548 468 312 60 156 120 132 120 72 24 240 168 84 72 1080 72 24 48 24 1008 144 48 96 48 24 864 288 48
is_linear=0
shrinkage=0.05


Tree=141
num_leaves=31
num_cat=0
split_feature=0 6 0 0 6 6 2 4 0 4 0 2 4 6 0 2 2 0 0 2 6 0 0 2 6 0 6 0 3 6
split_gain=1.06341e+06 250620 146712 87270.2 82586.6 74625.2 68996.8 63322.6 62348.1 41043.6 38533.5 58059.8 37635.2 69112.6 53492 61046.8 38605.9 57407.3 35381 34783.3 34602.5 74954.7 44548.2 30099.9 145962 34188.5 33042.9 28733.6 26913.2 212022
threshold=573241.87500000012 0.15000000000000005 100590.71350000003 840329.43250000023 0.15000000000000005 0.25000000000000006 117.89800000000001 122.55800000000001 840329.43250000023 133.21950000000004 121294.55000000002 68.52800000000002 46.048000000000009 0.25000000000000006 507657.76500000007 99.851500000000016 127.01650000000002 303117.76850000006 4747.4170000000004 66.83750000000002 0.25000000000000006 164842.97150000001 164842.97150000001 22.312000000000005 0.15000000000000005 74959.462500000009 0.25000000000000006 303117.76850000006 72.187000000000026 0.15000000000000005
decision_type=2 2 2 2 2 2 2 2 2 2 2 2 2 2 2 2 2 2 2 2 2 2 2 2 2 2 2 2 2 2
left_child=2 3 18 -2 10 8 -7 12 -3 -9 -4 19 20 14 15 27 17 -15 -1 -12 21 -6 -22 24 25 -20 -26 -14 -25 -30
right_child=1 5 4 -5 7 6 -8 9 -10 -11 11 -13 13 16 -16 -17 -18 -19 23 -21 22 -23 -24 28 26 -27 -28 -29 29 -31
leaf_value=-1.6388585501246984 3.9495439529418945 1.7442671378453571 4.0003349304199221 7.4310461680094413 1.446161460876465 -0.6086638321479162 2.4869597752888999 -3.1513180732727051 4.6869630177815758 -0.61891648769378671 0.42758527398109436 1.6831569254398346 2.1173384666442874 -1.1245710372924804 -1.2362114906311037 4.3740121841430666 -2.9684610366821289 2.0324127197265627 -0.37203683853149411 -2.8693483352661135 -2.0755311965942385 -3.3936062812805177 1.6555972576141358 -0.74292916642294993 -4.5723827362060545 3.4022468566894526 -1.9486549377441407 -0.87919921875000007 -2.4862070703506469 1.1540365560849508
leaf_weight=108 36 36 11.999999999999998 36 11.999999999999998 36 36 24 36 48 24 96 24 36 11.999999999999998 24 11.999999999999998 24 12 11.999999999999998 11.999999999999998 24 24 720 24 12 24 11.999999999999998 60 120
leaf_count=108 36 36 12 36 12 36 36 24 36 48 24 96 24 36 12 24 12 24 12 12 12 24 24 720 24 12 24 12 60 120
internal_value=7.99558e-09 3.28169 -0.468812 5.6903 0.309935 2.07738 0.939148 -0.178906 3.21562 -1.46305 1.28762 1.04101 0.249142 0.715828 1.81122 2.4207 -0.379558 0.138222 -0.780311 -0.671393 -0.684231 -1.78035 0.411888 -0.684917 -1.66864 1.51511 -3.26052 1.11849 -0.606219 -0.059378
internal_weight=1728 216 1512 72 432 144 72 288 72 72 144 132 216 144 72 60 72 60 1080 36 72 36 36 972 72 24 48 36 900 180
internal_count=1728 216 1512 72 432 144 72 288 72 72 144 132 216 144 72 60 72 60 1080 36 72 36 36 972 72 24 48 36 900 180
is_linear=0
shrinkage=0.05


Tree=142
num_leaves=31
num_cat=0
split_feature=0 6 0 0 1 6 3 6 1 6 4 1 1 6 3 3 4 2 2 0 4 0 0 2 0 3 3 0 0 6
split_gain=959983 236273 163389 84061.6 66594 45874.3 51658.4 60263 53349.4 94680.6 182186 162428 112980 69672.6 445280 441781 194421 159944 114537 98893.1 94407.2 87557.4 159295 59648.4 50517.1 49894.2 106735 42372.7 38308.2 32992
threshold=303117.76850000006 0.15000000000000005 684755.53550000011 1048200.1775000001 11991.799500000003 0.25000000000000006 85.117000000000004 0.15000000000000005 5600.7615000000014 0.15000000000000005 82.975500000000011 2158.8095000000008 2158.8095000000008 0.15000000000000005 62.127500000000005 62.127500000000005 14.624000000000001 57.764500000000005 66.080000000000013 55159.639500000012 143.54950000000002 41777.992500000008 44158.321000000004 63.551500000000011 27705.340000000004 30.154500000000002 30.583500000000004 7391.9660000000013 1182183.7235000001 0.25000000000000006
decision_type=2 2 2 2 2 2 2 2 2 2 2 2 2 2 2 2 2 2 2 2 2 2 2 2 2 2 2 2 2 2
left_child=4 2 -2 -3 5 6 8 -8 9 10 12 -11 -1 14 16 17 -10 20 -16 24 -15 -20 -23 -17 -18 -7 -27 -13 -4 -5
right_child=1 3 28 29 -6 25 7 -9 13 11 -12 27 -14 15 18 23 19 -19 21 -21 -22 22 -24 -25 -26 26 -28 -29 -30 -31
leaf_value=-3.7642222404479981 2.6232823753356933 0.97125607931188174 5.7215529123942055 4.6546867370605467 -0.1532687036527528 -2.5112606207529709 -0.35343499183654781 -5.3643833160400387 -4.1451892852783203 1.300010895729065 5.7212978363037115 -1.7342865943908692 0.29486572265625005 2.1557970523834231 -1.2693392634391785 1.0701864242553711 6.8488484700520829 -4.4704631805419925 -7.1356986999511722 0.10843682289123535 -2.2790833473205567 1.2087491035461424 -6.9382186889648425 4.0195453898111984 3.1028457005818684 3.5944847106933597 -1.2662076480065785 -4.3073649406433105 8.983632659912109 2.0329806327819826
leaf_weight=24 60 168 36 24 576 72 12 12 11.999999999999998 24 11.999999999999998 24 60 24 36 24 11.999999999999998 36 24 24 24 12 12 60 36 11.999999999999998 192 48 11.999999999999998 24
leaf_count=24 60 168 36 24 576 72 12 12 12 24 12 24 60 24 36 24 12 36 24 24 24 12 12 60 36 12 192 48 12 24
internal_value=-4.92911e-09 2.45325 4.36274 1.4985 -0.566134 -0.853344 -0.590181 -2.85891 -0.487057 -1.15193 -0.0416023 -2.26225 -0.864874 -0.107131 -0.82713 0.612867 1.74701 -1.95114 -3.40127 2.72904 -0.0616431 -5.00022 -2.86473 3.17687 4.03935 -1.37967 -0.980285 -3.44967 6.53707 3.34383
internal_weight=1728 324 108 216 1404 828 552 24 528 192 96 96 84 336 168 168 84 84 84 72 48 48 24 84 48 276 204 72 48 48
internal_count=1728 324 108 216 1404 828 552 24 528 192 96 96 84 336 168 168 84 84 84 72 48 48 24 84 48 276 204 72 48 48
is_linear=0
shrinkage=0.05


Tree=143
num_leaves=31
num_cat=0
split_feature=0 6 0 6 6 1 2 6 0 2 3 6 1 1 6 3 3 2 2 4 2 0 6 4 1 3 0 0 4 0
split_gain=873074 171362 150728 75038.6 58825.5 71097.5 58281.8 62954 57172.3 56267.8 43430.9 54387.4 45587.5 53811.9 86988.5 361721 354510 162877 158950 136674 103370 94857.2 85449.3 164423 146592 102219 79020.6 143764 62775.3 49357.1
threshold=619852.88050000009 0.15000000000000005 256199.82050000003 0.15000000000000005 0.25000000000000006 13134.513000000001 113.36550000000001 0.15000000000000005 1048200.1775000001 113.36550000000001 85.117000000000004 0.15000000000000005 12485.131000000003 5600.7615000000014 0.15000000000000005 62.127500000000005 25.237500000000004 63.551500000000011 57.764500000000005 143.54950000000002 66.080000000000013 22666.579000000002 0.15000000000000005 82.975500000000011 2158.8095000000008 33.753000000000007 41777.992500000008 44158.321000000004 149.54050000000004 27705.340000000004
decision_type=2 2 2 2 2 2 2 2 2 2 2 2 2 2 2 2 2 2 2 2 2 2 2 2 2 2 2 2 2 2
left_child=2 8 4 -4 5 10 -7 -8 -2 -6 12 -12 13 22 15 18 -16 21 19 -15 -17 -18 23 25 -24 -1 -22 -28 -23 -20
right_child=1 -3 3 -5 9 6 7 -9 -10 -11 11 -13 -14 14 16 20 17 -19 29 -21 26 28 24 -25 -26 -27 27 -29 -30 -31
leaf_value=-2.835657056172689 4.2174395243326819 2.2050146451592449 2.4206604003906254 0.25504001617431643 -1.1172075939071071 0.53391530983375779 0.52121181488037105 -4.6003944396972649 7.3679550170898445 2.3525588989257815 -0.33576323986053463 -5.0961639404296868 -2.0248314976692199 -2.2628048578898112 -3.7184851964314785 -1.2058722893397014 -3.7079792022705078 3.8185681088765464 6.5064061482747393 2.608354663848877 -6.7789138793945316 1.7539009284973144 1.2350102603435518 5.4352329254150398 -3.2771885315577189 0.68889026641845708 1.1483116149902342 -6.5913078308105462 -2.2076436996459963 2.5790522575378421
leaf_weight=36 36 120 60 120 444 264 12 12 24 11.999999999999998 12 12 48 36 36 36 11.999999999999998 60 11.999999999999998 24 24 60 24 11.999999999999998 72 48 12 12 11.999999999999998 24
leaf_count=36 36 120 60 120 444 264 12 12 24 12 12 12 48 36 36 36 12 60 12 24 24 60 24 12 72 48 12 12 12 24
internal_value=-2.83536e-09 3.29589 -0.383243 0.976913 -0.562211 -0.330368 0.319456 -2.03959 5.47765 -1.0259 -0.630287 -2.71596 -0.54686 -0.41834 -0.0578123 -0.835042 0.719418 1.82889 1.2616 -0.314341 -3.23121 0.407697 -1.09433 -0.0395221 -2.14914 -0.82163 -4.75021 -2.7215 1.09364 3.88817
internal_weight=1728 180 1548 180 1368 912 288 24 60 456 624 24 600 552 360 180 180 144 96 60 84 84 192 96 96 84 48 24 72 36
internal_count=1728 180 1548 180 1368 912 288 24 60 456 624 24 600 552 360 180 180 144 96 60 84 84 192 96 96 84 48 24 72 36
is_linear=0
shrinkage=0.05


Tree=144
num_leaves=31
num_cat=0
split_feature=0 6 0 0 6 2 4 0 4 0 2 4 6 0 3 2 0 4 3 6 0 0 6 6 0 0 2 6 2 6
split_gain=788692 189471 115129 109084 65448.3 59427.7 55317.8 42881.7 37041.8 36583.4 47856.6 31630.4 59924.5 48984.2 55338.1 36632.8 47586.7 31391.9 30727.4 66576.7 68547.5 31885.3 34317.9 28635 63723.1 37505.6 26904.3 221728 172868 65581.7
threshold=573241.87500000012 0.25000000000000006 840329.43250000023 100590.71350000003 0.15000000000000005 117.89800000000001 122.55800000000001 1182183.7235000001 133.21950000000004 121294.55000000002 68.52800000000002 46.048000000000009 0.25000000000000006 507657.76500000007 43.144500000000008 127.01650000000002 303117.76850000006 99.63600000000001 18.680500000000006 0.15000000000000005 47382.240000000013 47382.240000000013 0.25000000000000006 0.25000000000000006 164842.97150000001 164842.97150000001 74.89200000000001 0.15000000000000005 78.163500000000013 0.25000000000000006
decision_type=2 2 2 2 2 2 2 2 2 2 2 2 2 2 2 2 2 2 2 2 2 2 2 2 2 2 2 2 2 2
left_child=3 2 -2 18 9 -3 11 -4 -8 -5 17 23 13 14 -13 16 -14 -11 19 20 -1 -21 -23 24 -6 -25 -20 28 -28 -29
right_child=1 5 7 4 6 -7 8 -9 -10 10 -12 12 15 -15 -16 -17 -18 -19 26 21 -22 22 -24 25 -26 -27 27 29 -30 -31
leaf_value=-2.1921772003173827 2.4595394899447758 -0.70454459587732954 4.4242610454559328 3.781285858154297 1.3548211097717286 2.1684074401855469 -2.971506500244141 7.0127468109130859 -0.56572487354278567 -2.7449132919311525 1.4808171927928926 0.4039810657501221 -1.0048186461130777 -1.235715675354004 3.5035459518432619 -2.8813528060913089 1.8694772720336914 0.38717368841171268 -0.70651917769401162 -1.4566606819629671 3.1521141052246091 -5.9247272491455076 -2.1433092117309567 -1.9082309722900392 -3.1076286315917971 1.5152908325195313 0.25758683681488037 2.7258714516957601 -5.7436000823974611 0.11217231154441834
leaf_weight=12 72 36 48 11.999999999999998 11.999999999999998 36 24 24 48 11.999999999999998 96 24 36 11.999999999999998 36 11.999999999999998 24 24 864 24 12 12 12 11.999999999999998 24 24 24 48 24 48
leaf_count=12 72 36 48 12 12 36 24 24 48 12 96 24 36 12 36 12 24 24 864 24 12 12 12 12 24 24 24 48 24 48
internal_value=-1.62809e-09 2.82619 3.87331 -0.403741 0.267758 0.731931 -0.167415 5.28709 -1.36765 1.1381 0.897816 0.232664 0.660503 1.68048 2.26372 -0.359476 0.1449 -0.656855 -0.672341 -1.67024 0.479968 -2.74534 -4.03402 -0.623014 -1.62015 0.374117 -0.601062 0.031679 -2.74301 1.41902
internal_weight=1728 216 144 1512 432 72 288 72 72 144 132 216 144 72 60 72 60 36 1080 72 24 48 24 72 36 36 1008 144 48 96
internal_count=1728 216 144 1512 432 72 288 72 72 144 132 216 144 72 60 72 60 36 1080 72 24 48 24 72 36 36 1008 144 48 96
is_linear=0
shrinkage=0.05


Tree=145
num_leaves=31
num_cat=0
split_feature=0 6 0 1 0 2 3 3 6 0 6 3 3 3 6 1 6 4 0 1 6 3 3 4 2 2 3 1 0 4
split_gain=712685 217159 146220 62911 51573.1 42136.4 40157 41610.2 57160.5 38700.7 38164.9 43614.2 96542.3 42039.5 49084.6 42313.9 77472.1 147862 137335 92761.8 56123.9 353080 344293 161404 128119 92727.7 84976.1 79308.2 95904 75930.3
threshold=388286.60400000011 0.25000000000000006 840329.43250000023 11991.799500000003 507657.76500000007 117.89800000000001 48.804500000000012 76.597500000000011 0.25000000000000006 1182183.7235000001 0.25000000000000006 30.154500000000002 30.583500000000004 85.117000000000004 0.15000000000000005 5600.7615000000014 0.15000000000000005 82.975500000000011 7391.9660000000013 2158.8095000000008 0.15000000000000005 62.127500000000005 62.127500000000005 14.624000000000001 57.764500000000005 63.551500000000011 30.583500000000004 9241.5975000000017 41777.992500000008 143.54950000000002
decision_type=2 2 2 2 2 2 2 2 2 2 2 2 2 2 2 2 2 2 2 2 2 2 2 2 2 2 2 2 2 2
left_child=3 2 -2 10 -3 -6 -5 8 -8 -4 13 -12 -13 15 -15 16 17 19 -18 -1 21 23 24 -17 29 -23 -25 -27 -29 -22
right_child=1 4 9 6 5 -7 7 -9 -10 -11 11 12 -14 14 -16 20 18 -19 -20 -21 22 25 -24 26 -26 27 -28 28 -30 -31
leaf_value=-3.3617609024047854 2.1725909876823426 -2.7372852325439454 4.2030479907989502 0.5577480538686117 -0.20291892886161805 2.0599870999654133 -0.32071185310681666 0.015844507018725078 -2.4339238882064822 6.6621095657348635 -2.2762868563334151 3.5059467315673829 -1.1168277276058993 -0.28364913463592528 -4.8060298919677731 -3.789463806152344 -0.11052378416061402 5.1987972259521484 -3.8928112983703613 0.31624937057495117 1.9956381320953369 -0.37855894155800346 2.8428865205673945 1.2593309164047242 -3.9388948440551759 -6.2822731018066413 4.903163210550944 -4.3964703559875487 1.0780167579650879 -1.9816500663757326
leaf_weight=24 120 11.999999999999998 48 180 48 36 96 288 48 24 72 11.999999999999998 192 12 12 11.999999999999998 48 11.999999999999998 48 60 24 24 84 48 36 24 24 24 11.999999999999998 24
leaf_count=24 120 12 48 180 48 36 96 288 48 24 72 12 192 12 12 12 48 12 48 60 24 24 84 48 36 24 24 24 12 24
internal_value=1.90576e-09 2.27056 3.2414 -0.454111 0.328875 0.766898 -0.0697039 -0.331142 -1.02512 5.02274 -0.738238 -1.21831 -0.8449 -0.498204 -2.54484 -0.405176 -0.997301 0.00706528 -2.00167 -0.734611 -0.066818 -0.713029 0.579393 1.57917 -1.6841 -3.00523 2.47394 -4.05589 -2.57164 0.00699403
internal_weight=1728 288 192 1440 96 84 612 432 144 72 828 276 204 552 24 528 192 96 96 84 336 168 168 84 84 84 72 60 36 48
internal_count=1728 288 192 1440 96 84 612 432 144 72 828 276 204 552 24 528 192 96 96 84 336 168 168 84 84 84 72 60 36 48
is_linear=0
shrinkage=0.05


Tree=146
num_leaves=31
num_cat=0
split_feature=0 6 0 1 0 2 3 3 6 6 6 4 0 4 3 6 1 6 4 1 3 6 3 3 4 2 2 3 4 0
split_gain=643198 195986 131963 56777.1 46544.7 38028.1 36241.7 37553.2 51587.4 35873.6 34443.8 40439.9 47488.7 60503 37940.6 44298.9 38188.3 69918.6 133446 125757 84311.1 50651.8 318655 310724 145668 115628 84448.2 76690.9 68527.1 61095.1
threshold=388286.60400000011 0.25000000000000006 840329.43250000023 11991.799500000003 507657.76500000007 117.89800000000001 48.804500000000012 76.597500000000011 0.25000000000000006 0.15000000000000005 0.25000000000000006 56.118500000000004 16052.3765 17.934000000000005 85.117000000000004 0.15000000000000005 5600.7615000000014 0.15000000000000005 82.975500000000011 2158.8095000000008 33.753000000000007 0.15000000000000005 62.127500000000005 62.127500000000005 14.624000000000001 57.764500000000005 66.080000000000013 30.583500000000004 143.54950000000002 41777.992500000008
decision_type=2 2 2 2 2 2 2 2 2 2 2 2 2 2 2 2 2 2 2 2 2 2 2 2 2 2 2 2 2 2
left_child=3 2 -2 10 -3 -6 -5 8 -8 -4 14 12 13 -12 16 -16 17 18 20 -19 -1 22 24 25 -18 28 -24 -26 -23 -28
right_child=1 4 9 6 5 -7 7 -9 -10 -11 11 -13 -14 -15 15 -17 21 19 -20 -21 -22 23 26 -25 27 -27 29 -29 -30 -31
leaf_value=-2.5269993782043461 2.0639614808559421 -2.6004209518432617 5.8876677195231117 0.52986066182454428 -0.19277298003435137 1.956987698872884 -0.30467623074849448 0.015052285790443421 -2.3122277736663821 3.6555291493733728 -3.2801723268296983 -2.1761434078216553 -0.23441385355862707 -0.38134576479593912 -0.26946666240692135 -4.5657283782958977 -3.599990463256836 1.23286549448967 4.9388572692871096 -2.9464007059733075 0.67395927906036379 1.895856285095215 -1.0243595918019615 2.7007421402704148 1.1963643789291383 -3.7419500350952148 -6.0117465972900392 4.658004824320475 -1.8825675010681153 -2.4440932750701907
leaf_weight=36 120 11.999999999999998 36 180 48 36 96 288 48 36 36 72 132 36 12 12 11.999999999999998 24 11.999999999999998 72 48 24 36 84 48 36 24 24 24 24
leaf_count=36 120 12 36 180 48 36 96 288 48 36 36 72 132 36 12 12 12 24 12 72 48 24 36 84 48 36 24 24 24 24
internal_value=6.69173e-09 2.15703 3.07933 -0.431405 0.312431 0.728553 -0.0662187 -0.314585 -0.97386 4.7716 -0.701326 -1.15739 -0.79783 -1.83076 -0.473294 -2.4176 -0.384917 -0.947436 0.00671203 -1.90158 -0.69788 -0.0634771 -0.677377 0.550423 1.50021 -1.5999 -2.85497 2.35024 0.00664439 -4.22792
internal_weight=1728 288 192 1440 96 84 612 432 144 72 828 276 204 72 552 24 528 192 96 96 84 336 168 168 84 84 84 72 48 48
internal_count=1728 288 192 1440 96 84 612 432 144 72 828 276 204 72 552 24 528 192 96 96 84 336 168 168 84 84 84 72 48 48
is_linear=0
shrinkage=0.05


Tree=147
num_leaves=31
num_cat=0
split_feature=0 6 0 0 0 6 4 0 2 4 4 6 0 0 6 0 0 6 4 4 2 0 2 4 6 2 6 0 6 3
split_gain=580487 176877 119097 51315.5 42006.6 39871.7 41436.3 34927.4 34320.4 31954.6 27725.1 31435.8 44125 38614.2 27750.7 58403.8 29059.7 27596.9 52264.6 23052 22606.2 22563.2 21194.1 27214.5 20832.6 20409 114428 29448.3 22809.9 18921.4
threshold=388286.60400000011 0.25000000000000006 840329.43250000023 93897.382000000027 507657.76500000007 0.15000000000000005 122.55800000000001 1182183.7235000001 117.89800000000001 133.21950000000004 46.048000000000009 0.25000000000000006 303117.76850000006 303117.76850000006 0.25000000000000006 164842.97150000001 164842.97150000001 0.15000000000000005 71.970000000000013 122.55800000000001 49.048000000000009 4747.4170000000004 71.424500000000009 99.63600000000001 0.15000000000000005 22.312000000000005 0.15000000000000005 74959.462500000009 0.25000000000000006 107.29100000000001
decision_type=2 2 2 2 2 2 2 2 2 2 2 2 2 2 2 2 2 2 2 2 2 2 2 2 2 2 2 2 2 2
left_child=3 2 17 21 -3 19 10 24 -6 -8 14 12 -12 -13 15 -7 -16 -2 29 22 -21 -1 23 -5 -4 26 27 -23 -28 -19
right_child=1 4 7 5 8 6 9 -9 -10 -11 11 13 -14 -15 16 -17 -18 18 -20 20 -22 25 -24 -25 -26 -27 28 -29 -30 -31
leaf_value=-1.2779617918862236 2.7190081787109377 -2.4703998565673828 4.7959630966186522 -2.5763982772827152 -0.18313431143760683 1.3183494567871095 -2.6886426925659181 6.0904239654541019 1.8591383934020997 -0.58195272286732991 2.5298602422078451 -0.97373439470926915 -0.97113351821899419 2.3013498306274416 -1.5755117416381836 -2.9537920951843262 1.4379815340042115 -0.81293767690658569 3.0098756790161136 3.5378414154052735 1.0319475915696887 -0.25599334239959715 0.97265905141830444 0.33985235691070559 2.7126683235168461 -0.4473063897479464 -3.8229185104370118 3.2468833923339839 -1.6429970741271973 1.6187170028686524
leaf_weight=108 60 11.999999999999998 24 11.999999999999998 48 11.999999999999998 24 24 36 72 36 36 11.999999999999998 11.999999999999998 11.999999999999998 24 24 24 24 11.999999999999998 36 12 48 24 24 864 24 12 24 11.999999999999998
leaf_count=108 60 12 24 12 48 12 24 24 36 72 36 36 12 12 12 24 24 24 24 12 36 12 48 24 24 864 24 12 24 12
internal_value=6.94008e-09 2.04918 2.92536 -0.409835 0.29681 0.0748011 -0.279963 4.53302 0.692125 -1.10863 0.193558 0.749824 1.65461 -0.154963 -0.548131 -1.52974 0.433484 1.96076 1.20252 0.78433 1.65842 -0.593663 0.284849 -0.632231 3.75432 -0.514705 -1.32349 1.49545 -2.73296 -0.00238612
internal_weight=1728 288 192 1440 96 396 264 72 84 96 168 96 48 48 72 36 36 120 60 132 48 1044 84 36 48 936 72 24 48 36
internal_count=1728 288 192 1440 96 396 264 72 84 96 168 96 48 48 72 36 36 120 60 132 48 1044 84 36 48 936 72 24 48 36
is_linear=0
shrinkage=0.05


Tree=148
num_leaves=31
num_cat=0
split_feature=0 6 0 6 4 1 0 6 3 3 3 6 3 6 1 1 3 3 3 3 6 2 6 2 0 4 6 0 0 4
split_gain=523889 160095 73721.8 53056.5 87301.8 47144.3 37910.9 31168.1 37299.7 85253.1 31669.3 36562.1 33560.5 131999 127081 32945.7 31588.8 31158.1 30516.9 31586.1 44378.3 28160.2 27234.7 27190.6 25899.5 23225 122804 82043.5 59209.9 34792.4
threshold=388286.60400000011 0.15000000000000005 684755.53550000011 0.25000000000000006 71.970000000000013 11991.799500000003 507657.76500000007 0.25000000000000006 30.154500000000002 30.583500000000004 85.117000000000004 0.15000000000000005 72.187000000000026 0.15000000000000005 10279.872000000001 10279.872000000001 29.406000000000002 107.29100000000001 48.804500000000012 76.597500000000011 0.25000000000000006 66.080000000000013 0.25000000000000006 57.764500000000005 37306.64650000001 49.236500000000007 0.15000000000000005 38531.177500000013 38531.177500000013 33.389500000000005
decision_type=2 2 2 2 2 2 2 2 2 2 2 2 2 2 2 2 2 2 2 2 2 2 2 2 2 2 2 2 2 2
left_child=5 2 -2 4 -3 7 -5 10 16 -10 12 -12 25 14 -14 -15 -9 -8 22 20 -20 23 -7 -11 -25 29 27 -27 -28 -1
right_child=1 3 -4 6 -6 18 17 8 9 21 11 -13 13 15 -16 -17 -18 -19 19 -21 -22 -23 -24 24 -26 26 28 -29 -30 -31
leaf_value=-0.38646029852054742 2.228295969963074 -0.0022668004035949706 4.9994599342346193 -2.3468799591064453 3.1122467803955081 0.055514192581176763 1.7694696744283041 -1.5791742229461672 3.3647354125976565 -1.021694450378418 -0.24319367408752438 -4.1462959289550776 0.62528835833072671 1.7368589560190839 -5.6765243530273439 4.9455238342285162 -4.3893680572509766 -0.17644376009702684 -0.26844641168912253 0.017833756407101952 -2.1304486751556397 0.069457715749740606 1.3601849460601807 -4.5078008015950521 -1.2227659225463867 3.1771642049153646 -2.8647783915201828 -0.198473596572876 0.0029031594594319662 -1.530462920665741
leaf_weight=216 48 36 48 11.999999999999998 60 120 36 60 11.999999999999998 120 12 12 24 24 11.999999999999998 11.999999999999998 11.999999999999998 48 96 288 48 48 60 12 12 36 36 36 36 96
leaf_count=216 48 36 48 12 60 120 36 60 12 120 12 12 24 24 12 12 12 48 96 288 48 48 60 12 12 36 36 36 36 96
internal_value=-1.87644e-09 1.94672 3.61388 1.11314 1.9443 -0.389343 0.281969 -0.635303 -1.06914 -0.72382 -0.418386 -2.19474 -0.337642 0.665549 -1.47532 2.80641 -2.04754 0.657519 -0.0565743 -0.284482 -0.889114 -0.979355 0.490404 -1.32896 -2.86528 -0.496041 0.0292038 1.48935 -1.43094 -0.738461
internal_weight=1728 288 96 192 96 1440 96 828 276 204 552 24 528 72 36 36 72 84 612 432 144 192 180 144 24 456 144 72 72 312
internal_count=1728 288 96 192 96 1440 96 828 276 204 552 24 528 72 36 36 72 84 612 432 144 192 180 144 24 456 144 72 72 312
is_linear=0
shrinkage=0.05


Tree=149
num_leaves=31
num_cat=0
split_feature=0 6 0 6 0 6 1 2 6 1 2 0 0 0 0 3 1 6 3 3 2 2 4 2 1 0 0 6 1 0
split_gain=473254 106982 85258.3 49121.3 36991.2 35663.2 46847 48009.9 47308 45005.1 40397.4 37103.9 38243.5 65719.2 37741.5 29908 35609.6 65451.9 246355 243728 128056 117550 100631 73821.8 71142.3 78859.3 67024.5 60500.1 119896 116853
threshold=619852.88050000009 0.15000000000000005 256199.82050000003 0.15000000000000005 1182183.7235000001 0.25000000000000006 13134.513000000001 113.36550000000001 0.15000000000000005 12485.131000000003 113.36550000000001 153655.73400000003 19740.918500000003 22666.579000000002 19563.351500000001 85.117000000000004 5600.7615000000014 0.15000000000000005 62.127500000000005 25.237500000000004 57.764500000000005 63.551500000000011 143.54950000000002 63.551500000000011 9241.5975000000017 41777.992500000008 22666.579000000002 0.15000000000000005 2158.8095000000008 7391.9660000000013
decision_type=2 2 2 2 2 2 2 2 2 2 2 2 2 2 2 2 2 2 2 2 2 2 2 2 2 2 2 2 2 2
left_child=2 4 5 -4 -2 6 9 -8 -9 15 11 12 14 -14 -7 16 27 18 20 -19 22 26 -18 -20 -25 -26 -21 28 -1 -29
right_child=1 -3 3 -5 -6 10 7 8 -10 -11 -12 -13 13 -15 -16 -17 17 19 23 21 -22 -23 -24 24 25 -27 -28 29 -30 -31
leaf_value=-3.0048681259155274 3.5297067165374756 1.5646434324979783 1.908911838531494 0.15674668312072756 6.633432769775391 -1.1957351724306742 0.48588723847360327 0.37004086971282957 -4.0697402954101554 -1.9506511330604555 2.0848306655883788 -2.3939140319824221 3.1964986801147464 -0.58000545402367909 -4.1698993682861332 -2.0850076198577883 -2.0190471967061359 -2.9942621231079105 -0.29671806693077091 -3.0615238189697269 3.4249291525946726 3.2957117716471354 2.1607394218444824 -5.6864749908447267 -3.8268043518066408 1.1374214172363282 0.97464777628580723 0.02497868686914444 1.0758452971776327 -3.4638833045959476
leaf_weight=24 48 120 60 120 11.999999999999998 96 264 12 12 48 11.999999999999998 36 11.999999999999998 288 11.999999999999998 24 36 36 24 11.999999999999998 36 60 24 24 24 11.999999999999998 72 48 72 48
leaf_count=24 48 120 60 120 12 96 264 12 12 48 12 36 12 288 12 24 36 36 24 12 36 60 24 24 24 12 72 48 72 48
internal_value=-4.60832e-09 2.42658 -0.28216 0.740802 4.15045 -0.416761 -0.236242 0.291242 -1.84985 -0.479696 -0.777798 -0.855166 -0.719394 -0.428945 -1.5262 -0.357117 -0.281991 0.0112896 -0.662897 0.685476 1.06739 1.60541 -0.347133 -2.64037 -3.57783 -2.17206 0.398052 -0.831893 0.0556669 -1.71945
internal_weight=1728 180 1548 180 60 1368 912 288 24 624 456 444 408 300 108 576 552 360 180 180 96 144 60 84 60 36 84 192 96 96
internal_count=1728 180 1548 180 60 1368 912 288 24 624 456 444 408 300 108 576 552 360 180 180 96 144 60 84 60 36 84 192 96 96
is_linear=0
shrinkage=0.05


Tree=150
num_leaves=31
num_cat=0
split_feature=0 6 0 6 6 1 2 6 1 2 0 0 0 1 1 2 3 6 1 6 3 3 0 2 1 0 2 0 6 4
split_gain=428048 106634 101001 43779.3 32186 42279.5 43328.9 42695.4 40617.1 36458.6 33486.3 34514.8 59311.6 35481.5 68996.3 27818.3 26992 32997.3 32137.7 59070.3 222335 219965 115814 106089 73993 69817.8 67000.8 60489.6 54601.4 108570
threshold=684755.53550000011 0.15000000000000005 256199.82050000003 0.15000000000000005 0.25000000000000006 13134.513000000001 113.36550000000001 0.15000000000000005 12485.131000000003 113.36550000000001 153655.73400000003 19740.918500000003 22666.579000000002 7848.9580000000014 4540.7175000000016 99.851500000000016 85.117000000000004 0.15000000000000005 5600.7615000000014 0.15000000000000005 62.127500000000005 25.237500000000004 27705.340000000004 63.551500000000011 7047.768500000001 63082.982000000011 66.080000000000013 22666.579000000002 0.15000000000000005 82.975500000000011
decision_type=2 2 2 2 2 2 2 2 2 2 2 2 2 2 2 2 2 2 2 2 2 2 2 2 2 2 2 2 2 2
left_child=2 -2 4 -4 5 8 15 -8 16 10 11 13 -13 14 -6 -7 18 -18 28 20 22 -21 -20 27 -24 -26 -22 -23 29 -1
right_child=1 -3 3 -5 9 6 7 -9 -10 -11 -12 12 -14 -15 -16 -17 17 -19 19 21 26 23 24 -25 25 -27 -28 -29 -30 -31
leaf_value=-0.58265149933951244 4.5342051506042482 1.6478984564542771 1.7741928339004518 0.26416821777820587 -0.99640070597330732 0.29928732792536422 0.3515388250350952 -3.8662532806396479 -1.8531186223030092 1.9805891036987306 -2.274218273162842 3.0366737365722658 -0.55100518961747491 1.1134410858154298 -4.0920141855875647 2.084648609161377 -0.12678359746932982 -3.8347309112548822 5.6087956746419279 -2.8445490519205734 -0.8777781685193381 -2.9084476470947269 -3.2773502349853518 3.1309261957804364 2.0644143104553225 -1.2384670734405518 -3.7312774658203125 0.92591538429260256 -1.6334797143936157 4.5016292572021488
leaf_weight=84 48 96 72 144 72 240 12 12 48 11.999999999999998 36 11.999999999999998 288 11.999999999999998 24 24 12 12 11.999999999999998 36 36 11.999999999999998 11.999999999999998 60 48 24 48 72 96 11.999999999999998
leaf_count=84 48 96 72 144 72 240 12 12 48 12 36 12 288 12 24 24 12 12 12 36 36 12 12 60 48 24 48 72 96 12
internal_value=-1.13138e-09 2.61 -0.237273 0.76751 -0.395923 -0.22443 0.27668 -1.75736 -0.455712 -0.738908 -0.812408 -0.683425 -0.407498 -1.44989 -1.7703 0.461593 -0.339261 -1.98076 -0.267892 0.0107251 -0.629752 0.651202 1.01402 1.52514 0.357625 0.963454 -2.50835 0.378149 -0.790298 0.0528836
internal_weight=1728 144 1584 216 1368 912 288 24 624 456 444 408 300 108 96 264 576 24 552 360 180 180 96 144 84 72 84 84 192 96
internal_count=1728 144 1584 216 1368 912 288 24 624 456 444 408 300 108 96 264 576 24 552 360 180 180 96 144 84 72 84 84 192 96
is_linear=0
shrinkage=0.05


Tree=151
num_leaves=31
num_cat=0
split_feature=0 6 0 1 0 0 3 3 3 6 6 6 4 0 4 0 1 3 6 3 6 1 1 0 3 6 6 1 4 3
split_gain=387953 130810 86119.6 37617.8 32095.1 29356.3 27948.1 27909.2 29215.2 33961.6 25882.4 24455.4 30971.6 32273.6 49463.5 28199.9 25328.4 23160.9 29780.1 26847.6 95029.1 104078 27567 21371.3 19447.6 281403 84612.4 112969 100885 96537.5
threshold=388286.60400000011 0.25000000000000006 840329.43250000023 11991.799500000003 507657.76500000007 1182183.7235000001 107.29100000000001 48.804500000000012 76.597500000000011 0.25000000000000006 0.25000000000000006 0.25000000000000006 56.118500000000004 16052.3765 17.934000000000005 22666.579000000002 4852.8110000000006 85.117000000000004 0.15000000000000005 72.187000000000026 0.15000000000000005 10279.872000000001 10279.872000000001 35745.162000000004 65.925000000000011 0.15000000000000005 0.15000000000000005 2158.8095000000008 14.624000000000001 62.127500000000005
decision_type=2 2 2 2 2 2 2 2 2 2 2 2 2 2 2 2 2 2 2 2 2 2 2 2 2 2 2 2 2 2
left_child=3 2 -2 11 -3 -4 -6 10 9 -9 -5 17 13 14 -13 16 -15 19 -19 24 21 -21 -22 -14 26 -26 27 -1 -29 -28
right_child=1 4 5 7 6 -7 -8 8 -10 -11 -12 12 23 15 -16 -17 -18 18 -20 20 22 -23 -24 -25 25 -27 29 28 -30 -31
leaf_value=-2.8254920482635502 1.6084674167633057 -2.2505817413330078 3.0818958282470703 0.061337342262268071 1.5668961524963381 5.2236057281494146 -0.27605670392513276 -0.29428282578786219 0.035003380974133809 -1.9231616973876955 1.3332069969177247 -2.7864317364162869 -3.7568038940429691 -0.84208011627197266 -0.16537737051645918 -0.60743580162525179 1.9713045597076417 -0.12044441699981688 -3.6429943084716792 0.6882327735424042 1.4418360392252605 -5.0147941589355476 4.3769157409667967 -1.4453498077392579 -5.2155872344970708 2.4411537170410158 -1.4404403379559518 -2.1914458751678469 1.2907378844725781 1.9354718208312989
leaf_weight=24 120 11.999999999999998 48 120 36 24 48 96 288 48 60 36 11.999999999999998 11.999999999999998 36 96 24 12 12 24 24 11.999999999999998 11.999999999999998 60 24 24 180 24 156 24
leaf_count=24 120 12 48 120 36 24 48 96 288 48 60 36 12 12 36 96 24 12 12 24 24 12 12 60 24 24 180 24 156 24
internal_value=-3.44934e-12 1.67522 2.42872 -0.335045 0.168235 3.7958 0.51378 -0.0377925 -0.255745 -0.837242 0.485294 -0.554753 -0.939041 -0.624376 -1.4759 -0.159905 1.03351 -0.362609 -1.88172 -0.293558 0.60371 -1.21278 2.4202 -1.83059 -0.435232 -1.38722 -0.323234 0.396807 0.826447 -1.04327
internal_weight=1728 288 192 1440 96 72 84 612 432 144 180 828 276 204 72 132 36 552 24 528 72 36 36 72 456 48 408 204 180 204
internal_count=1728 288 192 1440 96 72 84 612 432 144 180 828 276 204 72 132 36 552 24 528 72 36 36 72 456 48 408 204 180 204
is_linear=0
shrinkage=0.05


Tree=152
num_leaves=31
num_cat=0
split_feature=0 6 0 6 4 0 6 2 4 4 0 4 1 4 6 6 0 2 0 2 0 3 6 0 0 6 2 6 2 6
split_gain=350829 101308 53302.2 40859.1 35910.3 33303 30083.9 35186.9 30004.5 24407.2 19712.5 19438.3 38614.8 19385.8 71969 50334.8 42859.9 42577.8 22399.9 16705.3 39536.8 16385.6 47673.7 38705.2 25231.8 22461.4 17096.7 145186 128079 36933.7
threshold=573241.87500000012 0.15000000000000005 93897.382000000027 0.15000000000000005 122.55800000000001 1048200.1775000001 0.25000000000000006 117.89800000000001 60.407000000000004 133.21950000000004 1182183.7235000001 64.634000000000015 19012.117000000002 43.561500000000002 0.25000000000000006 0.25000000000000006 507657.76500000007 99.851500000000016 303117.76850000006 127.01650000000002 303117.76850000006 18.680500000000006 0.15000000000000005 47382.240000000013 47382.240000000013 0.25000000000000006 74.89200000000001 0.15000000000000005 78.163500000000013 0.25000000000000006
decision_type=2 2 2 2 2 2 2 2 2 2 2 2 2 2 2 2 2 2 2 2 2 2 2 2 2 2 2 2 2 2
left_child=2 5 21 11 13 -2 8 -8 -3 -6 -10 12 -4 14 -5 16 17 18 -15 20 -17 22 23 -1 -24 -26 -23 28 -28 -29
right_child=1 6 3 4 9 -7 7 -9 10 -11 -12 -13 -14 15 -16 19 -18 -19 -20 -21 -22 26 24 -25 25 -27 27 29 -30 -31
leaf_value=-1.3842586517333983 2.6559214115142824 -0.44040808677673343 -2.4587005615234379 -2.6208674907684326 -2.341728115081787 4.9370611190795906 -0.70878882805506394 1.5018838564554851 1.8452658176422121 -0.50056300759315497 4.1109806060791021 1.2069137343653926 0.81640549500783299 1.5449662208557129 1.2512821912765504 -0.95152347087860112 -1.4464664459228516 3.5006559371948245 -0.9494651794433594 -2.1380525588989259 1.5339603424072266 -0.50157848613849587 -0.95924803316593177 2.6316080093383789 -4.7815979003906248 -1.7223623275756834 0.42623401880264283 2.1920613129933675 -4.7393371582031252 0.23061668872833252
leaf_weight=12 48 11.999999999999998 11.999999999999998 24 24 24 36 36 48 72 11.999999999999998 108 36 36 24 48 11.999999999999998 24 11.999999999999998 11.999999999999998 24 828 24 12 12 12 24 48 24 48
leaf_count=12 48 12 12 24 24 24 36 36 48 72 12 108 36 36 24 48 12 24 12 12 24 828 24 12 12 12 24 48 24 48
internal_value=-1.25556e-09 1.88493 -0.269276 0.174123 -0.156229 3.4163 1.11924 0.396548 1.84194 -0.960854 2.29841 0.834826 -0.00237102 0.201382 -0.684793 0.454575 1.32004 1.78112 0.921358 -0.410889 -0.123029 -0.46804 -1.19585 0.623675 -2.10561 -3.25198 -0.414129 0.0887088 -2.15655 1.21134
internal_weight=1728 216 1512 468 312 72 144 72 72 96 60 156 48 216 48 168 84 72 48 84 72 1044 72 24 48 24 972 144 48 96
internal_count=1728 216 1512 468 312 72 144 72 72 96 60 156 48 216 48 168 84 72 48 84 72 1044 72 24 48 24 972 144 48 96
is_linear=0
shrinkage=0.05


Tree=153
num_leaves=31
num_cat=0
split_feature=0 6 0 6 6 1 1 2 6 2 0 0 0 1 1 2 6 0 6 0 4 2 0 3 6 1 6 3 3 0
split_gain=318301 83677.5 74310.4 34417.2 25311.6 33734 40064.1 37217.2 35298.1 29883.6 28771.6 28308.8 49716.4 27832 58017.5 23543 145104 84927.8 47946.1 60573 58555.1 42665.7 33099.4 22031.4 26876.5 25583.1 49539.6 181885 179052 104050
threshold=684755.53550000011 0.15000000000000005 256199.82050000003 0.15000000000000005 0.25000000000000006 13134.513000000001 12485.131000000003 113.36550000000001 0.15000000000000005 113.36550000000001 153655.73400000003 19740.918500000003 22666.579000000002 7848.9580000000014 4540.7175000000016 81.107000000000014 0.15000000000000005 137286.37700000001 0.15000000000000005 121294.55000000002 99.63600000000001 68.52800000000002 137286.37700000001 85.117000000000004 0.15000000000000005 5600.7615000000014 0.15000000000000005 62.127500000000005 25.237500000000004 27705.340000000004
decision_type=2 2 2 2 2 2 2 2 2 2 2 2 2 2 2 2 2 2 2 2 2 2 2 2 2 2 2 2 2 2
left_child=2 -2 4 -4 5 6 23 15 -9 10 11 13 -13 14 -6 18 17 -17 20 -20 -7 -21 -18 25 -25 -1 27 29 -28 -27
right_child=1 -3 3 -5 9 7 -8 8 -10 -11 -12 12 -14 -15 -16 16 22 -19 19 21 -22 -23 -24 24 -26 26 28 -29 -30 -31
leaf_value=-0.681164787709713 3.9552220344543461 1.398406594991684 1.5498232444127402 0.2109573632478714 -0.86009551286697394 -2.3357656478881839 -1.7830603837966921 0.29139144420623775 -3.5436473846435543 1.8172454833984375 -2.0663912455240889 2.8113536834716797 -0.47332872748374943 0.98428277969360356 -3.6987538019816082 -4.4776531219482427 5.590147781372071 0.67403876781463623 -1.9048442125320435 1.4677178700764975 1.3980931531815302 -1.9748960494995118 2.3740046977996827 -0.08934327363967895 -3.4357658386230465 5.2888978322347011 -2.5338869730631512 -2.2521530117307389 1.4085420277383593 0.31155975886753629
leaf_weight=192 48 96 72 144 72 11.999999999999998 48 12 12 11.999999999999998 36 11.999999999999998 288 11.999999999999998 24 11.999999999999998 11.999999999999998 24 48 36 84 11.999999999999998 24 12 12 11.999999999999998 36 84 144 84
leaf_count=192 48 96 72 144 72 12 48 12 12 12 36 12 288 12 24 12 12 24 48 36 84 12 24 12 12 12 36 84 144 84
internal_value=5.57414e-09 2.25068 -0.204607 0.657246 -0.340689 -0.188609 -0.3952 0.259004 -1.62613 -0.644849 -0.711392 -0.591833 -0.341941 -1.28598 -1.56976 0.430379 1.20143 -1.04319 0.141235 -0.64889 0.931361 0.607064 3.44605 -0.279545 -1.76255 -0.215066 0.0335196 -0.553017 0.620056 0.933727
internal_weight=1728 144 1584 216 1368 912 624 288 24 456 444 408 300 108 96 264 72 36 192 96 96 48 36 576 24 552 360 180 180 96
internal_count=1728 144 1584 216 1368 912 624 288 24 456 444 408 300 108 96 264 72 36 192 96 96 48 36 576 24 552 360 180 180 96
is_linear=0
shrinkage=0.05


Tree=154
num_leaves=31
num_cat=0
split_feature=0 6 0 6 4 0 2 3 0 4 4 6 0 4 6 6 2 0 0 2 0 0 3 6 0 0 6 2 6 2
split_gain=287423 66055.5 52865.2 41398.4 31139.2 27426 34367.7 27058.2 19627.6 17945.1 17521.9 17310.1 15448.4 15333 60305.4 55853.9 21936.6 39577.1 19716.7 18118.5 34064.8 14715.5 14387.7 41459.8 34028.4 22011.8 18859.6 15509.3 95829.9 23878.8
threshold=619852.88050000009 0.15000000000000005 100590.71350000003 0.15000000000000005 122.55800000000001 121294.55000000002 68.52800000000002 105.84350000000002 1182183.7235000001 99.63600000000001 133.21950000000004 0.25000000000000006 507657.76500000007 43.561500000000002 0.25000000000000006 0.25000000000000006 127.01650000000002 303117.76850000006 573241.87500000012 107.75750000000001 303117.76850000006 684755.53550000011 18.680500000000006 0.15000000000000005 47382.240000000013 47382.240000000013 0.25000000000000006 22.312000000000005 0.15000000000000005 7.3575000000000008
decision_type=2 2 2 2 2 2 2 2 2 2 2 2 2 2 2 2 2 2 2 2 2 2 2 2 2 2 2 2 2 2
left_child=2 7 22 5 13 -4 9 -2 -3 -7 -6 -10 -8 14 -5 16 17 -15 -19 20 -17 -9 23 24 -1 -25 -27 28 29 -24
right_child=1 8 3 4 10 6 12 21 11 -11 -12 -13 -14 15 -16 19 -18 18 -20 -21 -22 -23 27 25 -26 26 -28 -29 -30 -31
leaf_value=-1.2809874534606933 5.3692562103271486 0.89405627846717839 3.185597610473633 -2.4065067291259767 -2.1236095428466797 -2.2189773559570312 0.82397369997841974 1.1984055519104004 3.8355110168457025 0.14910846948623657 -0.46898250579833989 1.1498966217041013 2.2623682975769044 1.8719013214111329 1.1380130052566528 -0.86036757826805121 3.2173889160156253 -1.1486153602600098 1.3336141586303711 -1.6776749610900881 1.4467144966125489 3.2201957702636719 2.997812843322754 -0.87275412678718567 2.4844495773315427 -4.415823364257812 -1.6125778198242184 -0.29552288722991943 -1.9827898661295575 0.26612176597118381
leaf_weight=12 11.999999999999998 96 11.999999999999998 24 24 11.999999999999998 84 11.999999999999998 12 24 48 12 24 48 24 48 11.999999999999998 24 11.999999999999998 24 24 36 11.999999999999998 24 12 12 12 900 72 24
leaf_count=12 12 96 12 24 24 12 84 12 12 24 48 12 24 48 24 48 12 24 12 24 24 36 12 24 12 12 12 900 72 24
internal_value=-1.44872e-09 1.89107 -0.219892 0.223981 -0.108544 0.88903 0.697649 3.24565 1.21379 -0.640253 -1.02052 2.4927 1.14362 0.16505 -0.634247 0.364874 1.21767 0.931998 -0.321206 -0.487924 -0.0913402 2.71475 -0.412237 -1.09507 0.601731 -1.94348 -3.0142 -0.363463 -0.929631 1.17669
internal_weight=1728 180 1548 468 312 156 144 60 120 36 72 24 108 240 48 192 96 84 36 96 72 48 1080 72 24 48 24 1008 108 36
internal_count=1728 180 1548 468 312 156 144 60 120 36 72 24 108 240 48 192 96 84 36 96 72 48 1080 72 24 48 24 1008 108 36
is_linear=0
shrinkage=0.05


Tree=155
num_leaves=31
num_cat=0
split_feature=0 6 0 6 6 1 1 2 6 2 0 0 1 1 1 1 0 2 6 0 6 0 4 2 0 4 0 3 1 6
split_gain=259554 68053.2 60859.7 28262.5 20964.9 27403.4 36430.2 31677.4 29094.4 25050.3 24873.4 25579.4 45614.9 26937.1 97284.3 33405.1 24958 21035.2 131207 74904.1 41825.8 50988.5 48217.2 33945.3 30855 19451.1 42837.5 19245.8 22671.2 46574.1
threshold=684755.53550000011 0.15000000000000005 256199.82050000003 0.15000000000000005 0.25000000000000006 13134.513000000001 12485.131000000003 113.36550000000001 0.15000000000000005 113.36550000000001 153655.73400000003 19740.918500000003 7047.768500000001 11991.799500000003 13134.513000000001 13436.337500000001 19563.351500000001 81.107000000000014 0.15000000000000005 137286.37700000001 0.15000000000000005 121294.55000000002 99.63600000000001 68.52800000000002 137286.37700000001 15.803000000000003 16052.3765 85.117000000000004 5600.7615000000014 0.15000000000000005
decision_type=2 2 2 2 2 2 2 2 2 2 2 2 2 2 2 2 2 2 2 2 2 2 2 2 2 2 2 2 2 2
left_child=2 -2 4 -4 5 6 27 17 -9 10 11 16 -13 -14 -15 -16 25 20 19 -19 22 -22 -7 -23 -20 26 -6 28 -1 -30
right_child=1 -3 3 -5 9 7 -8 8 -10 -11 -12 12 13 14 15 -17 -18 18 24 -21 21 23 -24 -25 -26 -27 -28 -29 29 -31
leaf_value=-0.6239294327795506 3.5695878982543947 1.2638003647327425 1.4040398756663004 0.19077837467193604 -2.4996909883287217 -2.1080284118652344 -1.6791312396526337 0.23562319278717037 -3.2461399078369135 1.6694826126098634 -1.9055223147074383 1.7938480377197266 -0.95168686509132394 2.2537727355957031 -3.2617462158203128 -0.44153602208409998 -3.3441707611083986 -4.2389942169189458 5.3254165649414062 0.59913814067840576 -1.7715667963027955 1.3007369041442871 1.2802273693538848 -1.769970703125 2.2202315330505371 -0.2138746976852417 0.94984474182128908 -1.6315101146697999 -0.51985658274756541 0.61756387604607488
leaf_weight=192 48 96 72 144 36 11.999999999999998 48 12 12 11.999999999999998 36 24 144 36 11.999999999999998 84 11.999999999999998 11.999999999999998 11.999999999999998 24 48 36 84 11.999999999999998 24 48 11.999999999999998 24 180 180
leaf_count=192 48 96 72 144 36 12 48 12 12 12 36 24 144 36 12 84 12 12 12 24 48 36 84 12 24 48 12 24 180 180
internal_value=-3.44934e-10 2.0324 -0.184763 0.595199 -0.307915 -0.169508 -0.355708 0.233924 -1.50526 -0.584729 -0.645654 -0.534489 -0.296949 -0.478758 0.0371654 -0.794062 -1.19432 0.392032 1.12086 -1.01357 0.118721 -0.619253 0.856695 0.53306 3.25529 -0.925591 -1.63731 -0.245423 -0.185158 0.0488536
internal_weight=1728 144 1584 216 1368 912 624 288 24 456 444 408 300 276 132 96 108 264 72 36 192 96 96 48 36 96 48 576 552 360
internal_count=1728 144 1584 216 1368 912 624 288 24 456 444 408 300 276 132 96 108 264 72 36 192 96 96 48 36 96 48 576 552 360
is_linear=0
shrinkage=0.05


Tree=156
num_leaves=31
num_cat=0
split_feature=0 6 0 0 2 6 4 4 6 3 4 6 0 3 2 0 6 0 0 4 1 3 6 0 0 6 2 6 2 6
split_gain=235066 71559.1 49123.7 35278.6 28160.3 25944.5 23160.3 17117.7 16805.8 18966.1 14742.6 25376.4 34769.4 34539.8 17841.2 23824.1 15881.9 31587.7 14596.9 12676.6 25429.6 11885.2 36966.1 30621.4 21251 18038.6 14900.4 109022 109486 27572.8
threshold=573241.87500000012 0.25000000000000006 1182183.7235000001 93897.382000000027 117.89800000000001 0.15000000000000005 122.55800000000001 133.21950000000004 0.15000000000000005 107.29100000000001 46.048000000000009 0.25000000000000006 507657.76500000007 43.144500000000008 127.01650000000002 303117.76850000006 0.25000000000000006 164842.97150000001 164842.97150000001 64.634000000000015 19012.117000000002 18.680500000000006 0.15000000000000005 47382.240000000013 47382.240000000013 0.25000000000000006 74.89200000000001 0.15000000000000005 78.163500000000013 0.25000000000000006
decision_type=2 2 2 2 2 2 2 2 2 2 2 2 2 2 2 2 2 2 2 2 2 2 2 2 2 2 2 2 2 2
left_child=3 2 8 21 -3 19 10 -8 -2 -10 16 12 13 -12 15 -13 17 -7 -18 20 -5 22 23 -1 -24 -26 -23 28 -28 -29
right_child=1 4 -4 5 -6 6 7 -9 9 -11 11 14 -14 -15 -16 -17 18 -19 -20 -21 -22 26 24 -25 25 -27 27 29 -30 -31
leaf_value=-1.1857416152954101 2.3651447677612305 -0.73295133511225385 4.2514297485351564 -2.0026269912719727 1.2447124799092613 0.93204355239868164 -1.9255416870117188 -0.38364149034023287 -0.59620079994201658 1.6262066125869752 0.14221420288085937 -0.66890763441721601 -1.336799144744873 2.590987841288249 -1.9673530578613283 1.3648398876190186 -1.1011672973632813 -2.2097973823547363 1.0346058130264282 0.96727403358176911 0.65515232880910235 -0.41784606308176903 -0.75102592706680305 2.3862199783325191 -4.2259105682373042 -1.4843645095825195 0.57555348873138434 1.9534148057301839 -4.2003778457641605 0.25866764187812807
leaf_weight=12 60 36 24 11.999999999999998 36 11.999999999999998 24 72 11.999999999999998 48 24 36 11.999999999999998 36 11.999999999999998 24 11.999999999999998 24 24 108 36 828 24 12 12 12 24 48 24 48
leaf_count=12 60 36 24 12 36 12 24 72 12 48 24 36 12 36 12 24 12 24 24 108 36 828 24 12 12 12 24 48 24 48
internal_value=1.89024e-09 1.54292 2.18643 -0.220417 0.255881 0.140309 -0.122932 -0.769117 1.77343 1.18173 0.164261 0.45635 1.1201 1.61148 -0.207399 0.144591 -0.419918 -1.16252 0.322681 0.666792 -0.0092925 -0.382121 -1.00197 0.600239 -1.80308 -2.85514 -0.336206 0.133223 -1.81241 1.10604
internal_weight=1728 216 144 1512 72 468 312 96 120 60 216 144 72 60 72 60 72 36 36 156 48 1044 72 24 48 24 972 144 48 96
internal_count=1728 216 144 1512 72 468 312 96 120 60 216 144 72 60 72 60 72 36 36 156 48 1044 72 24 48 24 972 144 48 96
is_linear=0
shrinkage=0.05


Tree=157
num_leaves=31
num_cat=0
split_feature=0 6 0 6 6 1 1 2 6 4 4 0 3 0 2 0 0 3 2 6 0 6 0 0 2 0 1 4 4 2
split_gain=213250 57018.9 49328.9 23024.6 17950.9 22800.8 34947.9 27107.6 24032.6 22207.8 43541.8 42044 31951.1 67614.7 27863.1 28107.1 23359.2 23234.1 18725.1 111946 60430.9 37124 44277.5 40413.6 27419.5 27050.2 20453.1 18187.2 18020.1 17921.3
threshold=684755.53550000011 0.15000000000000005 256199.82050000003 0.15000000000000005 0.25000000000000006 13134.513000000001 12485.131000000003 113.36550000000001 0.15000000000000005 43.561500000000002 16.995000000000005 16052.3765 50.303500000000007 68725.196500000005 78.163500000000013 164842.97150000001 45843.734500000013 31.992000000000001 81.107000000000014 0.15000000000000005 137286.37700000001 0.15000000000000005 121294.55000000002 121294.55000000002 68.52800000000002 137286.37700000001 15904.846000000003 122.55800000000001 99.63600000000001 53.76550000000001
decision_type=2 2 2 2 2 2 2 2 2 2 2 2 2 2 2 2 2 2 2 2 2 2 2 2 2 2 2 2 2 2
left_child=2 -2 4 -4 5 6 -1 18 -9 10 11 -6 13 -11 16 -16 17 -12 21 20 -20 23 -23 26 -24 -21 -7 -14 -25 -13
right_child=1 -3 3 -5 9 7 -8 8 -10 12 14 29 27 -15 15 -17 -18 -19 19 25 -22 22 24 28 -26 -27 -28 -29 -30 -31
leaf_value=-0.21210108083776302 3.2492727756500246 1.1386801779270173 1.2647773106892906 0.16969757278760275 -2.3482610490587024 0.79514000813166308 -1.6163406431674958 0.1910844087600708 -2.9733428955078125 -1.3767129818598429 2.6167619705200198 -1.0539631366729736 -1.0445112148920694 0.89595275104045879 -1.2599172274271648 1.5342781066894533 2.9911256790161134 0.20667592048645023 -3.8170257568359376 4.9614749908447271 0.52862057685852049 -1.6629512786865235 1.1746126492818199 -1.9024955749511721 -1.5851951599121095 2.0540362358093263 2.8593729019165042 -2.4209193547566734 0.33481744130452479 0.87828931808471689
leaf_weight=576 48 96 72 144 36 24 48 12 12 72 11.999999999999998 24 72 60 36 11.999999999999998 11.999999999999998 60 11.999999999999998 11.999999999999998 24 48 36 11.999999999999998 11.999999999999998 24 24 36 36 24
leaf_count=576 48 96 72 144 36 24 48 12 12 72 12 24 72 60 36 12 12 60 12 12 24 48 36 12 12 24 24 36 36 24
internal_value=5.75005e-09 1.84221 -0.167474 0.534724 -0.278347 -0.150275 -0.32012 0.217722 -1.39113 -0.534491 -0.166685 -1.05659 -0.865517 -0.343683 0.399618 -0.561368 0.948752 0.608357 0.363981 1.05163 -0.919928 0.106114 -0.589145 0.801373 0.484661 3.02318 1.82726 -1.50331 -0.224511 -0.0878369
internal_weight=1728 144 1584 216 1368 912 624 288 24 456 216 84 240 132 132 48 84 72 264 72 36 192 96 96 48 36 48 108 48 48
internal_count=1728 144 1584 216 1368 912 624 288 24 456 216 84 240 132 132 48 84 72 264 72 36 192 96 96 48 36 48 108 48 48
is_linear=0
shrinkage=0.05


Tree=158
num_leaves=31
num_cat=0
split_feature=0 6 0 6 3 4 0 4 2 0 6 4 2 4 6 2 0 2 0 0 6 0 0 4 0 2 6 2 2 3
split_gain=192726 43424 34800.5 28617.2 21670.8 18617 17180.4 15029 15595.9 14816.1 13835.5 13721.5 11958.8 11166.2 32031.5 19589.5 20874.5 19481.3 32561.2 16156 13568.9 26100.2 11971.1 10598.6 10566.2 10348.9 79844.5 17240.5 14704.3 16295.8
threshold=619852.88050000009 0.15000000000000005 93897.382000000027 0.15000000000000005 105.84350000000002 122.55800000000001 507657.76500000007 122.55800000000001 49.048000000000009 1182183.7235000001 0.25000000000000006 133.21950000000004 71.424500000000009 46.048000000000009 0.25000000000000006 107.75750000000001 303117.76850000006 127.01650000000002 303117.76850000006 573241.87500000012 0.25000000000000006 164842.97150000001 164842.97150000001 99.63600000000001 684755.53550000011 22.312000000000005 0.15000000000000005 7.3575000000000008 27.516500000000004 72.187000000000026
decision_type=2 2 2 2 2 2 2 2 2 2 2 2 2 2 2 2 2 2 2 2 2 2 2 2 2 2 2 2 2 2
left_child=2 4 25 6 -2 13 7 12 -9 -3 -11 -7 23 20 17 16 -16 18 -15 -20 21 -5 -22 -4 -6 26 27 -1 -27 -30
right_child=1 9 3 5 24 11 -8 8 -10 10 -12 -13 -14 14 15 -17 -18 -19 19 -21 22 -23 -24 -25 -26 28 -28 -29 29 -31
leaf_value=2.661834526062012 4.5472789764404302 0.72159238904714584 -1.807370948791504 0.82671079635620126 0.88678712844848639 -1.7291117191314698 1.9324986457824709 2.7709739685058596 0.68957876629299586 3.3110401153564446 0.91004219055175772 -0.34861872494220736 0.55862004041671753 1.7962288856506348 -0.61557779312133798 -1.5443073749542238 1.2881129741668702 2.9089464187622074 -1.0793437480926513 1.1675993919372558 -0.99388341903686528 -2.0292163848876954 0.94027612209320077 0.012537097930908203 2.599985758463542 0.39520088036855067 -1.7695331096649172 0.34069902449846268 -0.45990774819725444 0.074780862066480852
leaf_weight=11.999999999999998 11.999999999999998 96 11.999999999999998 11.999999999999998 11.999999999999998 24 24 11.999999999999998 36 12 12 72 60 36 36 24 24 11.999999999999998 24 11.999999999999998 11.999999999999998 24 24 24 36 72 72 24 684 180
leaf_count=12 12 96 12 12 12 24 24 12 36 12 12 72 60 36 36 24 24 12 24 12 12 24 24 24 36 72 72 24 684 180
internal_value=1.00031e-09 1.54852 -0.180061 0.161142 2.6468 -0.10527 0.693965 0.487543 1.20993 0.999382 2.11054 -0.693742 0.12635 0.130118 0.353387 -0.337017 0.145899 1.04379 0.732933 -0.330363 -0.390842 -1.07724 0.295556 -0.594099 2.17169 -0.344779 -0.808218 1.11441 -0.291305 -0.348514
internal_weight=1728 180 1548 504 60 336 168 144 48 120 24 96 96 240 168 84 60 84 72 36 72 36 36 36 48 1044 108 36 936 864
internal_count=1728 180 1548 504 60 336 168 144 48 120 24 96 96 240 168 84 60 84 72 36 72 36 36 36 48 1044 108 36 936 864
is_linear=0
shrinkage=0.05


Tree=159
num_leaves=31
num_cat=0
split_feature=0 6 0 6 0 2 0 4 0 6 0 4 3 6 0 0 6 2 6 2 6 2 0 6 6 2 6 2 6 2
split_gain=173935 39190.2 31435.6 25226.9 19612.1 22934.4 19557.9 18690.3 13371.5 12486.5 10976.4 10349.2 10108.8 32208.9 27635.8 19704.7 16941.4 11584.3 72059.6 15559.6 14481.4 11090.7 12058.1 35223.4 14191.7 11367.6 91716.5 96429 24025.3 117603
threshold=619852.88050000009 0.15000000000000005 100590.71350000003 0.15000000000000005 121294.55000000002 68.52800000000002 1182183.7235000001 122.55800000000001 1182183.7235000001 0.25000000000000006 507657.76500000007 133.21950000000004 18.680500000000006 0.15000000000000005 47382.240000000013 47382.240000000013 0.25000000000000006 22.312000000000005 0.15000000000000005 7.3575000000000008 0.25000000000000006 27.516500000000004 68725.196500000005 0.15000000000000005 0.15000000000000005 74.89200000000001 0.15000000000000005 78.163500000000013 0.25000000000000006 78.163500000000013
decision_type=2 2 2 2 2 2 2 2 2 2 2 2 2 2 2 2 2 2 2 2 2 2 2 2 2 2 2 2 2 2
left_child=2 6 12 4 -4 -6 -2 -5 -3 -10 -7 -9 13 14 -1 -15 -17 18 19 -14 -20 22 24 -24 -19 -23 27 -27 29 -28
right_child=1 8 3 7 5 10 -8 11 9 -11 -12 -13 17 15 -16 16 -18 21 20 -21 -22 25 23 -25 -26 26 28 -29 -30 -31
leaf_value=-1.0928541183471678 2.0631018638610841 0.68551278263330462 2.6324253082275391 0.12361254751682282 -0.56439393361409507 0.6234140736716135 4.3199150085449221 -1.6426561832427979 3.1454879760742185 0.86454000473022452 1.8358736991882325 -0.37101700305938723 2.528742790222168 -0.62647019624710087 2.3005094528198238 -3.9810146331787104 -1.324155044555664 1.1323285102844238 -2.3901597658793134 0.32366406917572021 -0.97195318539937348 -0.35654293525288683 -1.1893198013305664 2.1284093856811523 -0.97359113693237309 0.58874779343605044 -0.65941088994344077 -3.8933696746826172 0.23352063894271852 4.2903972625732427
leaf_weight=12 48 96 11.999999999999998 240 36 84 11.999999999999998 24 12 12 24 48 11.999999999999998 24 12 12 12 11.999999999999998 36 24 36 684 11.999999999999998 24 24 24 24 24 48 24
leaf_count=12 48 96 12 240 36 84 12 24 12 12 24 48 12 24 12 12 12 12 36 24 36 684 12 24 24 24 24 24 48 24
internal_value=-3.6563e-09 1.4711 -0.171058 0.171225 0.690376 0.528539 2.51446 -0.0883511 0.949413 2.00501 0.89285 -0.794897 -0.31938 -0.891742 0.603828 -1.63953 -2.65258 -0.278497 -0.767808 1.05869 -1.68106 -0.21978 0.375441 1.0225 -0.271618 -0.271538 0.132234 -1.65231 1.02451 1.81549
internal_weight=1728 180 1548 468 156 144 60 312 120 24 108 72 1080 72 24 48 24 1008 108 36 72 900 72 36 36 828 144 48 96 48
internal_count=1728 180 1548 468 156 144 60 312 120 24 108 72 1080 72 24 48 24 1008 108 36 72 900 72 36 36 828 144 48 96 48
is_linear=0
shrinkage=0.05


Tree=160
num_leaves=31
num_cat=0
split_feature=0 6 0 6 6 4 4 0 3 0 2 0 0 3 4 6 0 0 6 3 3 2 0 1 4 2 2 3 2 0
split_gain=157937 42565.1 36135.8 17022.3 14568 18585.5 38017 37550.6 26695.4 58074.9 25975.6 23997.1 20217.8 21175.3 18487.1 67496.5 96263.2 76287.8 48383.7 135254 103866 143706 88830.7 82793.9 109528 63638.8 103066 58727.3 60448.7 46723.3
threshold=684755.53550000011 0.15000000000000005 256199.82050000003 0.15000000000000005 0.25000000000000006 43.561500000000002 16.995000000000005 16052.3765 50.303500000000007 68725.196500000005 78.163500000000013 164842.97150000001 45843.734500000013 31.992000000000001 46.048000000000009 0.15000000000000005 38531.177500000013 37405.976000000002 0.15000000000000005 62.127500000000005 62.127500000000005 57.764500000000005 164842.97150000001 2158.8095000000008 14.624000000000001 78.163500000000013 76.349000000000018 72.187000000000026 78.163500000000013 164842.97150000001
decision_type=2 2 2 2 2 2 2 2 2 2 2 2 2 2 2 2 2 2 2 2 2 2 2 2 2 2 2 2 2 2
left_child=2 -2 4 -4 14 6 7 -6 9 -7 12 -12 13 -8 18 17 -17 -16 20 23 21 -1 25 -20 -25 26 -21 -22 -29 -30
right_child=1 -3 3 -5 5 8 10 -9 -10 -11 11 -13 -14 -15 15 16 -18 -19 19 22 27 -23 -24 24 -26 -27 -28 28 29 -31
leaf_value=-0.66418462991714478 2.8011033535003662 0.97753526568412785 1.0845989783604941 0.1430174469947815 -2.1855266994900173 -1.2529966711997986 2.5267465591430667 -0.049306142330169681 -1.3555844770537484 0.85325111627578742 -1.1774636904398601 1.4043697357177736 2.8261543273925782 0.22591714859008791 2.8397727330525715 -2.4860654830932618 0.052870522226606098 0.31840158594979184 1.604503893852234 1.8714610709084405 -3.2340726375579836 3.6615128199259441 -2.7293954849243165 1.2463523477315903 -2.6539257208506268 4.0758773803710939 -3.1336118698120119 0.47253383398056031 -3.6987010955810549 0.12242847681045532
leaf_weight=96 48 96 72 144 36 72 11.999999999999998 48 108 60 36 11.999999999999998 11.999999999999998 60 36 48 168 180 24 72 48 24 11.999999999999998 24 72 24 11.999999999999998 36 24 11.999999999999998
leaf_count=96 48 96 72 144 36 72 12 48 108 60 36 12 12 60 36 48 168 180 24 72 48 24 12 24 72 24 12 36 24 12
internal_value=-1.00721e-09 1.58539 -0.144126 0.456878 -0.239022 -0.469772 -0.133297 -0.964829 -0.772599 -0.295611 0.39586 -0.532005 0.92607 0.609389 -0.123647 0.113646 -0.511337 0.73863 -0.337211 0.164784 -0.839206 0.200955 1.35175 -1.02218 -1.67886 1.80521 1.15645 -1.87937 -0.976229 -2.42499
internal_weight=1728 144 1584 216 1368 456 216 84 240 132 132 48 84 72 912 432 216 216 480 240 240 120 120 120 96 108 84 120 72 36
internal_count=1728 144 1584 216 1368 456 216 84 240 132 132 48 84 72 912 432 216 216 480 240 240 120 120 120 96 108 84 120 72 36
is_linear=0
shrinkage=0.05


Tree=161
num_leaves=31
num_cat=0
split_feature=0 6 0 6 6 4 6 4 4 2 4 4 0 3 0 2 0 0 3 2 4 3 6 2 2 2 1 0 4 2
split_gain=142538 38415 32612.6 15362.6 13147.6 17018.6 29470.7 46075.4 25806.6 18316.7 16773.4 34310.3 33889.4 24092.6 52412.6 23443 21657.4 18246.6 19725 16410.4 16068.1 15507.3 27903.6 164755 139003 93123.8 89914.1 89848.8 63740.4 54033.2
threshold=684755.53550000011 0.15000000000000005 256199.82050000003 0.15000000000000005 0.25000000000000006 115.82000000000001 0.15000000000000005 137.47000000000003 137.47000000000003 68.52800000000002 43.561500000000002 16.995000000000005 16052.3765 50.303500000000007 68725.196500000005 78.163500000000013 164842.97150000001 45843.734500000013 43.781500000000008 53.76550000000001 122.55800000000001 33.753000000000007 0.15000000000000005 63.551500000000011 63.551500000000011 57.764500000000005 9241.5975000000017 164842.97150000001 14.624000000000001 53.76550000000001
decision_type=2 2 2 2 2 2 2 2 2 2 2 2 2 2 2 2 2 2 2 2 2 2 2 2 2 2 2 2 2 2
left_child=2 -2 4 -4 5 21 8 9 -7 -8 11 12 -6 14 -12 17 -17 18 -13 -14 -15 -1 23 25 28 29 -25 -26 -24 -23
right_child=1 -3 3 -5 10 6 7 -9 -10 -11 13 15 19 20 -16 16 -18 -19 -20 -21 -22 22 24 26 27 -27 -28 -29 -30 -31
leaf_value=-0.62017289847135548 2.6610481739044189 0.92865850925445559 1.0303690314292908 0.13586654464403788 -2.0762504047817654 -0.0098450899124145515 1.8175843715667725 -1.237498369216919 1.5455883852640788 -0.13586730957031251 -1.1903468251228333 1.749299478530884 -0.97134432792663583 -0.85655957460403442 0.81058860301971447 -1.1185905138651531 1.3341512680053711 2.6848466873168948 -0.006270867586135865 0.87766270637512211 -2.1502965291341147 0.6885100569989947 0.95447418292363495 -4.5423288345336914 1.9675918402495207 4.9544659932454431 -1.1206967733800413 -2.592925834655762 -1.5125736862421038 -2.8481115341186527
leaf_weight=192 48 96 72 144 36 48 24 60 60 24 72 24 24 72 60 36 11.999999999999998 11.999999999999998 48 24 36 108 36 24 108 11.999999999999998 96 11.999999999999998 96 11.999999999999998
leaf_count=192 48 96 72 144 36 48 24 60 60 24 72 24 24 72 60 36 12 12 48 24 36 108 36 24 108 12 96 12 96 12
internal_value=2.34555e-09 1.50612 -0.13692 0.434034 -0.227071 -0.117465 0.27025 -0.313784 0.854285 0.840859 -0.446283 -0.126632 -0.916588 -0.733969 -0.280831 0.376067 -0.505405 0.879766 0.578919 -0.0468408 -1.28781 -0.23779 -0.0921203 -0.464157 0.279916 0.754813 -1.80502 1.51154 -0.839742 0.334848
internal_weight=1728 144 1584 216 1368 912 216 108 108 48 456 216 84 240 132 132 48 84 72 48 108 696 504 252 252 132 120 120 132 120
internal_count=1728 144 1584 216 1368 912 216 108 108 48 456 216 84 240 132 132 48 84 72 48 108 696 504 252 252 132 120 120 132 120
is_linear=0
shrinkage=0.05


Tree=162
num_leaves=31
num_cat=0
split_feature=0 6 0 2 0 6 0 4 2 4 6 0 2 2 0 0 6 0 0 0 4 3 6 0 0 6 3 2 6 0
split_gain=128693 48298.5 32962.6 21773.2 20538.4 14620.2 18271.2 14853.2 14486 10976.5 17847.1 27454 28380.4 15599.8 17610.9 12807.8 11625 18356.7 9742.75 8726.89 8570.41 7976.56 25006.2 21706.8 16740.1 14702.9 8570.14 12451 147324 211642
threshold=573241.87500000012 0.25000000000000006 1182183.7235000001 117.89800000000001 100590.71350000003 0.15000000000000005 121294.55000000002 122.55800000000001 68.52800000000002 46.048000000000009 0.25000000000000006 507657.76500000007 99.851500000000016 127.01650000000002 303117.76850000006 303117.76850000006 0.25000000000000006 164842.97150000001 840329.43250000023 164842.97150000001 133.21950000000004 18.680500000000006 0.15000000000000005 47382.240000000013 47382.240000000013 0.25000000000000006 27.516500000000004 53.76550000000001 0.15000000000000005 16052.3765
decision_type=2 2 2 2 2 2 2 2 2 2 2 2 2 2 2 2 2 2 2 2 2 2 2 2 2 2 2 2 2 2
left_child=4 2 18 -3 21 6 -6 9 -8 16 11 12 15 14 -12 -11 17 -7 -2 -18 -9 22 23 -1 -24 -26 -23 -28 29 -29
right_child=1 3 -4 -5 5 7 8 20 -10 10 13 -13 -14 -15 -16 -17 19 -19 -20 -21 -22 26 24 -25 25 -27 27 28 -30 -31
leaf_value=-0.97399349212646469 0.96414654254913335 -0.78522963523864753 3.3618577957153324 0.9537532647450766 2.4076044082641603 0.58724193572998051 -0.4855192343393962 -1.4708014488220216 0.69057955592870712 1.1542068004608155 -0.5449720164140065 -1.2446017265319824 2.7070551872253419 -1.8203796386718751 1.2035825014114381 -0.84640121459960938 -0.83976268768310547 -1.8078502655029298 1.8837793588638307 0.81164659261703498 -0.31359531879425051 0.17754335933261448 -0.51321055889129641 2.033416938781738 -3.6182590484619137 -1.1431445121765136 -0.43330560881230568 4.7067429860432943 0.70804740058051219 -2.3362325698137285
leaf_weight=12 72 36 24 36 11.999999999999998 11.999999999999998 36 24 96 24 36 11.999999999999998 24 11.999999999999998 24 11.999999999999998 11.999999999999998 24 48 24 48 108 24 12 12 12 576 11.999999999999998 216 96
leaf_count=12 72 36 24 36 12 12 36 24 96 24 36 12 24 12 24 12 12 24 48 24 48 108 24 12 12 12 576 12 216 96
internal_value=-1.25556e-09 1.14163 1.67031 0.0842618 -0.16309 0.128282 0.53964 -0.0773967 0.369825 0.129915 0.381949 0.938587 1.37522 -0.174688 0.15445 0.487337 -0.374155 -1.00949 1.332 0.261177 -0.699331 -0.279638 -0.788067 0.529712 -1.44696 -2.3807 -0.243322 -0.293826 -0.0458616 -1.55368
internal_weight=1728 216 144 72 1512 432 144 288 132 216 144 72 60 72 60 36 72 36 120 36 72 1080 72 24 48 24 1008 900 324 108
internal_count=1728 216 144 72 1512 432 144 288 132 216 144 72 60 72 60 36 72 36 120 36 72 1080 72 24 48 24 1008 900 324 108
is_linear=0
shrinkage=0.05


Tree=163
num_leaves=31
num_cat=0
split_feature=0 6 0 2 0 6 0 4 2 4 6 0 2 2 0 0 6 0 0 0 4 0 3 6 0 0 6 2 6 2
split_gain=116145 43589.4 29748.7 19650.4 18535.9 13194.7 16489.8 13405 13073.6 9906.3 16107 24777.2 25613.3 14078.8 15893.8 11559 10491.6 16566.9 8792.83 7876.02 7734.79 7335.87 7198.85 22568.1 19590.4 15108 13269.3 8299.56 59427.4 78710.6
threshold=573241.87500000012 0.25000000000000006 1182183.7235000001 117.89800000000001 100590.71350000003 0.15000000000000005 121294.55000000002 122.55800000000001 68.52800000000002 46.048000000000009 0.25000000000000006 507657.76500000007 99.851500000000016 127.01650000000002 303117.76850000006 303117.76850000006 0.25000000000000006 164842.97150000001 840329.43250000023 164842.97150000001 133.21950000000004 145818.27200000003 18.680500000000006 0.15000000000000005 47382.240000000013 47382.240000000013 0.25000000000000006 74.89200000000001 0.15000000000000005 78.163500000000013
decision_type=2 2 2 2 2 2 2 2 2 2 2 2 2 2 2 2 2 2 2 2 2 2 2 2 2 2 2 2 2 2
left_child=4 2 18 -3 22 6 -6 9 21 16 11 12 15 14 -12 -11 17 -7 -2 -18 -9 -8 23 24 -1 -25 -27 -24 29 -29
right_child=1 3 -4 -5 5 7 8 20 -10 10 13 -13 -14 -15 -16 -17 19 -19 -20 -21 -22 -23 27 25 -26 26 -28 28 -30 -31
leaf_value=-0.92529382705688468 0.91593920389811201 -0.74596815109252934 3.1937649726867678 0.906065575281779 2.2872241973876952 0.55787987709045417 0.54814834594726569 -1.3972613334655763 0.65605057626962671 1.0964964389801026 -0.51772343417008715 -1.1823716163635254 2.5717024803161621 -1.7293607711791994 1.1434033870697022 -0.80408115386962897 -0.7977745532989502 -1.7174577713012695 1.7895903587341309 0.7710642457008362 -0.29791550636291503 -0.96593906879425051 -0.2897280720372995 -0.48755003213882447 1.9317461013793942 -3.4373458862304682 -1.0859873771667479 0.70853020697832114 0.83851361374060307 -3.340919589996338
leaf_weight=12 72 36 24 36 11.999999999999998 11.999999999999998 11.999999999999998 24 96 24 36 11.999999999999998 24 11.999999999999998 24 11.999999999999998 11.999999999999998 24 48 24 48 24 864 24 12 12 12 24 96 24
leaf_count=12 72 36 24 36 12 12 12 24 96 24 36 12 24 12 24 12 12 24 48 24 48 24 864 24 12 12 12 24 96 24
internal_value=1.00721e-09 1.08455 1.58679 0.0800487 -0.154935 0.121868 0.512658 -0.0735269 0.351334 0.123419 0.362852 0.891658 1.30646 -0.165954 0.146727 0.462971 -0.355447 -0.959012 1.2654 0.248118 -0.664364 -0.461243 -0.265656 -0.748664 0.503226 -1.37461 -2.26167 -0.231156 0.120278 -1.31619
internal_weight=1728 216 144 72 1512 432 144 288 132 216 144 72 60 72 60 36 72 36 120 36 72 36 1080 72 24 48 24 1008 144 48
internal_count=1728 216 144 72 1512 432 144 288 132 216 144 72 60 72 60 36 72 36 120 36 72 36 1080 72 24 48 24 1008 144 48
is_linear=0
shrinkage=0.05


Tree=164
num_leaves=31
num_cat=0
split_feature=0 6 0 2 0 6 4 4 6 0 2 2 0 0 6 0 4 0 0 4 0 2 0 4 6 4 0 0 2 6
split_gain=104821 39339.4 26848.2 17734.4 16788.1 12435.4 10991 8940.43 14536.6 22361.4 23116 12706.1 14344.2 10432 9468.64 14951.6 8225.95 7935.53 7108.1 6978.39 12007.5 9294.39 6502.7 9460.62 32749.7 97674 53909.2 51082 50108.3 43519.9
threshold=573241.87500000012 0.25000000000000006 1182183.7235000001 117.89800000000001 93897.382000000027 0.15000000000000005 122.55800000000001 46.048000000000009 0.25000000000000006 507657.76500000007 99.851500000000016 127.01650000000002 303117.76850000006 303117.76850000006 0.25000000000000006 164842.97150000001 133.21950000000004 840329.43250000023 164842.97150000001 122.55800000000001 256199.82050000003 49.048000000000009 3923.9490000000001 33.389500000000005 0.15000000000000005 37.504500000000007 38531.177500000013 63082.982000000011 25.045500000000004 0.25000000000000006
decision_type=2 2 2 2 2 2 2 2 2 2 2 2 2 2 2 2 2 2 2 2 2 2 2 2 2 2 2 2 2 2
left_child=4 2 17 -3 22 19 7 14 9 10 13 12 -10 -9 15 -7 -8 -2 -16 20 -6 -21 -1 -24 25 -25 29 -27 -29 -26
right_child=1 3 -4 -5 5 6 16 8 11 -11 -12 -13 -14 -15 18 -17 -18 -19 -20 21 -22 -23 23 24 26 27 -28 28 -30 -31
leaf_value=-0.71723145842552194 0.87014225323994965 -0.70866972208023071 3.0340765953063968 0.86076231002807624 -0.22834558844566347 0.52998585700988776 -1.3273983001708984 1.0416716098785401 -0.49183725863695149 -1.123253059387207 2.4431173324584963 -1.6428926467895508 1.0862331867218018 -0.76387705802917483 -0.75788578987121591 -1.6315848350524904 -0.25852347612380983 1.7001108527183533 0.73251101970672616 2.1728630065917969 0.83264394998550417 0.56607290373908148 -0.036644217040803694 -4.1886489868164061 -2.2547553857167562 1.1579868899451362 -0.16181420803070068 2.3881118774414065 -1.1512483406066896 -0.51630344390869143
leaf_weight=72 72 36 24 36 60 11.999999999999998 24 24 36 11.999999999999998 24 11.999999999999998 24 11.999999999999998 11.999999999999998 24 72 48 24 11.999999999999998 48 36 396 11.999999999999998 72 108 240 11.999999999999998 60 72
leaf_count=72 72 36 24 36 60 12 24 24 36 12 24 12 24 12 12 24 72 48 24 12 48 36 396 12 72 108 240 12 60 72
internal_value=2.10755e-09 1.03032 1.50745 0.0760463 -0.147188 0.101653 -0.0805952 0.117248 0.344709 0.847075 1.24114 -0.157656 0.139391 0.439822 -0.337675 -0.911061 -0.525742 1.20213 0.235712 0.466148 0.243205 0.96777 -0.258738 -0.224775 -0.354115 0.179069 -0.620707 0.47025 -0.561355 -1.38553
internal_weight=1728 216 144 72 1512 468 312 216 144 72 60 72 60 36 72 36 96 120 36 156 108 48 1044 972 576 192 384 180 72 144
internal_count=1728 216 144 72 1512 468 312 216 144 72 60 72 60 36 72 36 96 120 36 156 108 48 1044 972 576 192 384 180 72 144
is_linear=0
shrinkage=0.05


Tree=165
num_leaves=31
num_cat=0
split_feature=0 6 0 2 0 0 6 2 6 1 0 3 0 6 1 2 6 4 4 3 0 2 3 6 0 2 0 0 0 6
split_gain=94601 35503.8 24230.5 16005.3 15260 12184.1 29368 12282.7 23142.9 26991.2 23896.3 21047.8 21464.5 12382.9 14474.5 10320.5 11822 10135.4 10081.6 9098.21 8954.63 8517.96 7364.78 79161.8 16610 33365 26557.3 25420.6 13562.8 28046.8
threshold=573241.87500000012 0.25000000000000006 1182183.7235000001 117.89800000000001 68725.196500000005 74959.462500000009 0.15000000000000005 71.424500000000009 0.15000000000000005 13134.513000000001 121294.55000000002 50.303500000000007 145818.27200000003 0.25000000000000006 15904.846000000003 68.52800000000002 0.25000000000000006 146.61700000000002 99.63600000000001 85.117000000000004 121294.55000000002 49.048000000000009 30.583500000000004 0.15000000000000005 63082.982000000011 47.44700000000001 55159.639500000012 27705.340000000004 63082.982000000011 0.25000000000000006
decision_type=2 2 2 2 2 2 2 2 2 2 2 2 2 2 2 2 2 2 2 2 2 2 2 2 2 2 2 2 2 2
left_child=4 2 -2 -3 19 6 -6 8 9 -7 17 13 -13 14 -10 16 -14 -11 -12 22 21 -15 23 24 25 26 -1 -27 29 -25
right_child=1 3 -4 -5 5 7 -8 -9 11 10 18 12 15 20 -16 -17 -18 -19 -20 -21 -22 -23 -24 28 -26 27 -28 -29 -30 -31
leaf_value=4.2567131042480462 1.1420232248306275 -0.67323623895645146 2.8823728561401367 0.81772421201070156 -1.0821100234985352 -1.858270835876465 1.947331428527832 0.22858808071662984 -0.033737270037333171 1.8652347246805829 -1.3870539665222168 -1.7794514894485474 0.79352667331695559 1.5388290405273439 -2.03890438079834 -1.2610283851623536 -0.77583825588226318 0.1873219092686971 0.28640179634094237 -1.0555272936820985 -0.58215970993041999 -0.092692178487777721 -0.1449266203575664 -1.9768453081448873 -0.93797168731689462 -0.84043922424316408 0.93022241592407218 1.4608541488647462 0.0047978401184082036 -0.58124612768491113
leaf_weight=12 120 36 24 36 11.999999999999998 11.999999999999998 24 288 36 36 11.999999999999998 48 24 24 11.999999999999998 24 24 11.999999999999998 36 36 11.999999999999998 11.999999999999998 576 72 11.999999999999998 24 12 24 24 72
leaf_count=12 120 36 24 36 12 12 24 288 36 36 12 48 24 24 12 24 24 12 36 36 12 12 576 72 12 24 12 24 24 72
internal_value=3.59766e-09 0.978802 1.43208 0.072244 -0.139829 0.0435885 0.937518 -0.00899559 -0.220181 0.377434 0.656897 -0.518989 -0.960449 0.0328363 -0.535029 -0.414447 0.00884421 1.44576 -0.131962 -0.277392 0.600702 0.994989 -0.24356 -0.469008 0.784256 1.07129 2.59347 0.310207 -1.09564 -1.27905
internal_weight=1728 216 144 72 1512 648 36 612 324 108 96 216 120 96 48 72 48 48 48 864 48 36 828 252 84 72 24 48 168 144
internal_count=1728 216 144 72 1512 648 36 612 324 108 96 216 120 96 48 72 48 48 48 864 48 36 828 252 84 72 24 48 168 144
is_linear=0
shrinkage=0.05


Tree=166
num_leaves=31
num_cat=0
split_feature=0 6 0 4 0 0 6 4 3 2 4 3 0 0 1 6 1 6 0 0 2 0 0 6 0 3 3 4 2 2
split_gain=85492 43194.2 25310.6 12314.8 9776.4 19738.3 13155.3 16007.2 22862.3 27535.7 14094.3 18303.4 14045.8 12688.6 12252.4 13876.3 13421.2 33022.6 97304 83028.7 59107.2 40031.7 34829.6 31156.1 129788 103988 73650.6 60094.8 50980.5 34248.9
threshold=388286.60400000011 0.25000000000000006 1182183.7235000001 60.407000000000004 41777.992500000008 44158.321000000004 0.25000000000000006 56.118500000000004 33.753000000000007 52.25350000000001 6.4535000000000009 57.764500000000005 22666.579000000002 35745.162000000004 10484.007500000002 0.15000000000000005 5600.7615000000014 0.15000000000000005 7391.9660000000013 7391.9660000000013 43.663000000000004 4747.4170000000004 4747.4170000000004 0.15000000000000005 16052.3765 52.614000000000004 62.127500000000005 14.624000000000001 53.76550000000001 63.551500000000011
decision_type=2 2 2 2 2 2 2 2 2 2 2 2 2 2 2 2 2 2 2 2 2 2 2 2 2 2 2 2 2 2
left_child=4 2 -2 -3 6 -6 14 8 9 -8 -10 -12 -13 -9 16 -16 17 19 22 21 -21 -1 -19 24 -18 -26 27 -25 -27 -28
right_child=1 3 -4 -5 5 -7 7 13 10 -11 11 12 -14 -15 15 -17 23 18 -20 20 -22 -23 -24 26 25 28 29 -29 -30 -31
leaf_value=-0.36264584859212246 1.0024070092609951 1.4187320709228517 2.7382542610168459 -0.29360477839197435 1.1044184949662952 -0.093907427522674128 1.7299642562866211 -2.8332155227661135 0.86689767837524423 -0.66515753269195566 -0.35716572523117068 -3.1485450108846029 -1.1732927640279136 -0.95582118034362795 -0.037644371390342712 -2.4421827316284177 4.4949704488118494 -0.22309596538543702 -2.6291657924652103 3.4991443634033206 -0.0099858999252319339 -3.6972984313964847 2.8873535156250001 2.3978977203369141 1.8298974990844727 -0.088893723487854015 0.49824311733245852 -1.6878088633219404 -2.9112524747848512 2.9366818110148114
leaf_weight=36 168 11.999999999999998 24 84 36 756 24 11.999999999999998 11.999999999999998 24 60 11.999999999999998 36 36 12 12 11.999999999999998 36 48 24 24 11.999999999999998 11.999999999999998 11.999999999999998 24 24 24 36 48 36
leaf_count=36 168 12 24 84 36 756 24 12 12 24 60 12 36 36 12 12 12 36 48 24 24 12 12 12 24 24 24 36 48 36
internal_value=1.0611e-09 0.786404 1.21939 -0.0795627 -0.157281 -0.0394381 -0.301311 -0.619912 -0.389839 0.532403 -0.758735 -0.939361 -1.66711 -1.42517 -0.14201 -1.23991 -0.0774278 -0.381595 -1.03732 0.274135 1.74458 -1.19631 0.554516 0.192943 -0.407559 -1.02038 0.793445 -0.666382 -1.97047 1.96131
internal_weight=1728 288 192 96 1440 792 648 216 168 48 120 108 48 48 432 24 408 192 96 96 48 48 48 216 108 96 108 48 72 60
internal_count=1728 288 192 96 1440 792 648 216 168 48 120 108 48 48 432 24 408 192 96 96 48 48 48 216 108 96 108 48 72 60
is_linear=0
shrinkage=0.05


Tree=167
num_leaves=31
num_cat=0
split_feature=0 6 0 2 0 0 0 6 3 4 2 6 0 6 0 4 3 6 0 0 6 3 0 6 6 2 6 0 0 6
split_gain=77677.6 28899 19632.4 13868.6 13097.7 10404.7 11558.2 9729.07 19098 17614.1 9546.41 9082.22 7161.81 5916.41 23062.8 8464.71 5711.79 17837.2 14903.3 14377.4 11239.1 7369.4 10406.8 26504.7 16795.9 9416.59 117582 171620 121093 62270.9
threshold=573241.87500000012 0.25000000000000006 1182183.7235000001 117.89800000000001 100590.71350000003 145818.27200000003 208019.18150000004 0.25000000000000006 43.144500000000008 71.970000000000013 127.01650000000002 0.15000000000000005 840329.43250000023 0.15000000000000005 256199.82050000003 87.761500000000012 18.680500000000006 0.15000000000000005 47382.240000000013 47382.240000000013 0.25000000000000006 27.516500000000004 68725.196500000005 0.15000000000000005 0.15000000000000005 53.76550000000001 0.15000000000000005 16052.3765 16052.3765 0.15000000000000005
decision_type=2 2 2 2 2 2 2 2 2 2 2 2 2 2 2 2 2 2 2 2 2 2 2 2 2 2 2 2 2 2
left_child=4 2 12 -3 16 -6 -7 10 -9 -10 13 -12 -2 15 -15 -8 17 18 -1 -19 -21 22 24 -24 -18 29 27 -27 -28 -23
right_child=1 3 -4 -5 5 6 7 8 9 -11 11 -13 -14 14 -16 -17 21 19 -20 20 -22 25 23 -25 -26 26 28 -29 -30 -31
leaf_value=-0.78301329612731929 0.71941363016764326 -0.62489419778188071 2.6013414382934572 0.76297930081685383 0.53098847075468958 -0.45803068346447412 1.309125328063965 1.5217942237854005 0.38595999479293824 -1.3627542972564699 0.35041329860687254 2.2957307815551755 1.5078837990760805 1.0802013397216796 -0.92078925768534337 0.096868002414703377 0.9341590404510498 -0.34115233421325686 1.7089120864868161 -3.1538503646850584 -0.9898395538330077 0.37803979211797323 -1.0233091354370119 1.854660224914551 -0.68583080470561986 4.270222218831381 -2.6951866785685223 -2.0719730675220491 1.0718457708756128 -0.72478764746338131
leaf_weight=12 72 36 24 36 108 108 24 11.999999999999998 24 36 12 12 48 24 36 36 24 24 12 12 12 192 11.999999999999998 24 48 11.999999999999998 24 96 192 384
leaf_count=12 72 36 24 36 108 108 24 12 24 36 12 12 48 24 36 36 24 24 12 12 12 192 12 24 48 12 24 96 192 384
internal_value=-5.48187e-09 0.886942 1.29589 0.0690426 -0.126706 0.105975 -0.035696 0.175471 -0.299091 -0.663269 0.412753 1.32307 1.0348 0.230689 -0.120393 0.581771 -0.219778 -0.650016 0.462949 -1.2065 -2.07184 -0.189047 0.201223 0.895337 -0.145834 -0.23588 -0.0202372 -1.36728 0.653287 -0.357179
internal_weight=1728 216 144 72 1512 432 324 216 72 60 144 24 120 120 60 60 1080 72 24 48 24 1008 108 36 72 900 324 108 216 576
internal_count=1728 216 144 72 1512 432 324 216 72 60 144 24 120 120 60 60 1080 72 24 48 24 1008 108 36 72 900 324 108 216 576
is_linear=0
shrinkage=0.05


Tree=168
num_leaves=31
num_cat=0
split_feature=0 6 0 0 6 4 6 4 2 4 6 0 2 2 0 6 0 0 4 4 0 2 4 6 0 1 1 4 4 2
split_gain=70104.1 26444.2 11919.9 10751.2 9761.77 8692.03 8573.69 20945 12516.4 7188.25 11551.4 19462 19113.1 10486.3 11634.1 8614.25 12975.7 8412.46 6314.28 6201.64 9218.47 7245 6161.59 5909.35 23709.9 28427.4 44736.5 15800.9 15763.6 13935.4
threshold=573241.87500000012 0.15000000000000005 93897.382000000027 1048200.1775000001 0.15000000000000005 122.55800000000001 0.25000000000000006 60.407000000000004 117.89800000000001 46.048000000000009 0.25000000000000006 507657.76500000007 99.851500000000016 127.01650000000002 303117.76850000006 0.25000000000000006 164842.97150000001 303117.76850000006 133.21950000000004 122.55800000000001 256199.82050000003 49.048000000000009 42.097000000000008 0.25000000000000006 90630.424000000014 11991.799500000003 15858.327500000001 56.118500000000004 28.488500000000005 36.14800000000001
decision_type=2 2 2 2 2 2 2 2 2 2 2 2 2 2 2 2 2 2 2 2 2 2 2 2 2 2 2 2 2 2
left_child=2 3 23 -2 19 9 7 -3 -8 15 11 12 17 14 -12 16 -6 -11 -7 20 -4 -21 -17 -1 25 27 -27 28 29 -25
right_child=1 6 4 -5 5 18 8 -9 -10 10 13 -13 -14 -15 -16 22 -18 -19 -20 21 -22 -23 -24 24 -26 26 -28 -29 -30 -31
leaf_value=-0.13025016213884985 1.1929518461227417 -1.0696933746337891 -0.21109002709388733 2.489051914215088 0.49140715599060059 -1.1703800201416017 -0.59364950458208721 1.2185894012451173 0.72483033339182545 0.93500890731811526 -0.43871357639630637 -1.0826006889343263 2.2161516189575194 -1.489359474182129 0.98248608112335212 1.1678501129150392 -1.5222691535949708 -0.68637776374816895 -0.23390626211961113 1.949104118347168 0.7185507386922837 0.53047817018296983 -0.21977318525314332 1.0056962966918945 -2.5664543151855472 1.7965433438618978 -0.99034667015075684 -1.155835779507955 0.30083838701248172 -0.78134736617406209
leaf_weight=696 48 11.999999999999998 60 24 11.999999999999998 24 36 60 36 24 36 11.999999999999998 24 11.999999999999998 24 11.999999999999998 24 11.999999999999998 72 11.999999999999998 48 36 24 11.999999999999998 11.999999999999998 36 24 72 72 120
leaf_count=696 48 12 60 24 12 24 36 60 36 24 36 12 24 12 24 12 24 12 72 12 48 36 24 12 12 36 24 72 72 120
internal_value=-2.9992e-09 0.842595 -0.120371 1.62499 0.0893098 -0.0721619 0.4514 0.837209 0.0655904 0.103777 0.307735 0.755557 1.12319 -0.140088 0.129766 -0.304138 -0.851044 0.394547 -0.468025 0.412253 0.202084 0.885135 0.242768 -0.214365 -0.382596 -0.304601 0.681787 -0.519033 -0.294279 -0.618889
internal_weight=1728 216 1512 72 468 312 144 72 72 216 144 72 60 72 60 72 36 36 96 156 108 48 36 1044 348 336 60 276 204 132
internal_count=1728 216 1512 72 468 312 144 72 72 216 144 72 60 72 60 72 36 36 96 156 108 48 36 1044 348 336 60 276 204 132
is_linear=0
shrinkage=0.05


Tree=169
num_leaves=31
num_cat=0
split_feature=0 6 0 0 6 4 6 4 2 4 6 0 2 2 0 6 4 0 4 4 0 2 4 6 0 1 1 4 4 0
split_gain=63268.9 23865.9 10757.7 9702.96 8810 7844.56 7737.76 18902.8 11296.1 6487.39 10425.1 17564.5 17249.6 9463.86 10499.8 7774.36 12255.4 7592.25 5698.64 5596.98 8319.67 6538.61 5560.84 5333.19 21398.2 25655.7 40374.7 14260.3 14226.6 12951
threshold=573241.87500000012 0.15000000000000005 93897.382000000027 1048200.1775000001 0.15000000000000005 122.55800000000001 0.25000000000000006 60.407000000000004 117.89800000000001 46.048000000000009 0.25000000000000006 507657.76500000007 99.851500000000016 127.01650000000002 303117.76850000006 0.25000000000000006 42.097000000000008 303117.76850000006 133.21950000000004 122.55800000000001 256199.82050000003 49.048000000000009 42.097000000000008 0.25000000000000006 90630.424000000014 11991.799500000003 15858.327500000001 56.118500000000004 28.488500000000005 35745.162000000004
decision_type=2 2 2 2 2 2 2 2 2 2 2 2 2 2 2 2 2 2 2 2 2 2 2 2 2 2 2 2 2 2
left_child=2 3 23 -2 19 9 7 -3 -8 15 11 12 17 14 -12 16 -6 -11 -7 20 -4 -21 -17 -1 25 27 -27 28 -25 -29
right_child=1 6 4 -5 5 18 8 -9 -10 10 13 -13 -14 -15 -16 22 -18 -19 -20 21 -22 -23 -24 24 -26 26 -28 29 -30 -31
leaf_value=-0.12373764432281598 1.1333042562007904 -1.0162086486816406 -0.20053552389144899 2.3645993232727052 -2.113153839111328 -1.1118610382080079 -0.56396701758106549 1.1576599407196047 0.68858880201975514 0.88825850486755376 -0.41677789857300623 -1.0284706115722657 2.1053440093994142 -1.414891529083252 0.93336176872253418 1.1094575881958009 -0.15616035461425781 -0.6520588874816895 -0.22221096456050873 1.8516489028930665 0.6826231803745032 0.50395425028271146 -0.20878453254699708 -0.58794441241206552 -2.4381315231323244 1.7067161877950032 -0.94082932472229008 -2.5975234985351565 0.28579646448294321 -0.79814805030822766
leaf_weight=696 48 11.999999999999998 60 24 11.999999999999998 24 36 60 36 24 36 11.999999999999998 24 11.999999999999998 24 11.999999999999998 24 11.999999999999998 72 11.999999999999998 48 36 24 132 11.999999999999998 36 24 11.999999999999998 72 60
leaf_count=696 48 12 60 24 12 24 36 60 36 24 36 12 24 12 24 12 24 12 72 12 48 36 24 132 12 36 24 12 72 60
internal_value=2.14474e-09 0.800465 -0.114352 1.54374 0.0848443 -0.0685538 0.42883 0.795349 0.0623109 0.0985882 0.292348 0.717779 1.06703 -0.133084 0.123278 -0.288931 -0.808492 0.374819 -0.444623 0.391641 0.191979 0.840878 0.23063 -0.203647 -0.363466 -0.289371 0.647698 -0.493081 -0.279565 -1.09804
internal_weight=1728 216 1512 72 468 312 144 72 72 216 144 72 60 72 60 72 36 36 96 156 108 48 36 1044 348 336 60 276 204 72
internal_count=1728 216 1512 72 468 312 144 72 72 216 144 72 60 72 60 72 36 36 96 156 108 48 36 1044 348 336 60 276 204 72
is_linear=0
shrinkage=0.05


Tree=170
num_leaves=31
num_cat=0
split_feature=0 6 0 6 0 0 2 4 0 6 0 0 3 6 0 0 6 2 6 6 2 0 6 4 4 6 2 1 2 2
split_gain=57254.9 16030.8 11706.2 11354.8 9750.73 8788.51 10554.9 7803.45 6089.51 13307.4 5927.15 5858.91 5285.55 16028.4 13758.9 13450.2 9732.73 5841.37 43987.4 11487.6 11312.1 6461.22 38489 76237.8 61657.1 40176.1 66666.9 81334.4 38095.4 51965.1
threshold=619852.88050000009 0.15000000000000005 100590.71350000003 0.15000000000000005 684755.53550000011 121294.55000000002 68.52800000000002 122.55800000000001 145818.27200000003 0.25000000000000006 145818.27200000003 507657.76500000007 18.680500000000006 0.15000000000000005 47382.240000000013 47382.240000000013 0.25000000000000006 22.312000000000005 0.15000000000000005 0.25000000000000006 7.3575000000000008 22666.579000000002 0.15000000000000005 137.47000000000003 137.47000000000003 0.25000000000000006 78.163500000000013 12485.131000000003 78.163500000000013 74.129500000000021
decision_type=2 2 2 2 2 2 2 2 2 2 2 2 2 2 2 2 2 2 2 2 2 2 2 2 2 2 2 2 2 2
left_child=2 4 12 5 -2 -4 10 8 9 -5 -7 -8 13 15 -15 -1 -16 18 20 -20 -14 -19 23 28 25 26 27 -24 29 -23
right_child=1 -3 3 7 -6 6 11 -9 -10 -11 -12 -13 17 14 16 -17 -18 21 19 -21 -22 22 24 -25 -26 -27 -28 -29 -30 -31
leaf_value=-0.73116326332092285 0.23652791976928711 0.51036732196807866 1.759066390991211 1.4097815036773682 1.83003146648407 0.51656537055969243 0.4009899288415909 -0.51995526949564619 -0.052386711537837985 -0.25526582747697829 -0.84440281391143801 1.2868091583251955 2.1739372253417968 -0.2835126876831055 -2.9834583282470701 1.6361660003662106 -0.96967935562133778 -0.31268815559645496 -1.8516403198242188 -0.58850816885630297 0.29376829564571383 -1.3967631131410601 1.3075590910734955 1.1562815268834432 -0.85319790262728934 0.028452484424297625 3.5872837066650392 -1.9103703498840332 -2.9548408508300783 0.83077922960122441
leaf_weight=12 11.999999999999998 120 11.999999999999998 24 48 11.999999999999998 84 72 192 24 24 24 11.999999999999998 24 12 12 12 288 36 36 24 96 108 48 96 156 24 24 24 36
leaf_count=12 12 120 12 24 48 12 84 72 192 24 24 24 12 24 12 12 12 288 36 36 24 96 108 48 96 156 24 24 24 36
internal_value=2.79052e-09 0.844022 -0.0981421 0.11073 1.51133 0.459029 0.350692 -0.0634188 0.0735422 0.577258 -0.390747 0.597839 -0.188653 -0.602527 -1.13004 0.452501 -1.97657 -0.159091 -0.506552 -1.22007 0.920491 -0.117396 -0.0254934 -0.586254 0.254887 0.595836 1.16322 0.722481 -1.12242 -0.789252
internal_weight=1728 180 1548 468 60 156 144 312 240 48 36 108 1080 72 48 24 24 1008 108 72 36 900 612 204 408 312 156 132 156 132
internal_count=1728 180 1548 468 60 156 144 312 240 48 36 108 1080 72 48 24 24 1008 108 72 36 900 612 204 408 312 156 132 156 132
is_linear=0
shrinkage=0.05


Tree=171
num_leaves=31
num_cat=0
split_feature=0 6 0 0 0 6 6 3 4 0 1 3 2 6 0 0 6 0 0 1 0 6 4 0 4 1 0 1 2 2
split_gain=51672.5 14467.8 10607.3 8800.04 8499.8 20594.8 10709.8 18969.6 22500.7 17219.9 16583.7 13892.8 15058.2 26342.7 43585 41289.5 21887.4 22589 13823.8 12936.6 11927.1 10970.5 9157.29 9147.43 8775.6 7971.82 7586.81 7211.51 19968.2 7151.52
threshold=619852.88050000009 0.15000000000000005 68725.196500000005 684755.53550000011 74959.462500000009 0.15000000000000005 0.25000000000000006 50.303500000000007 122.55800000000001 388286.60400000011 13134.513000000001 113.36550000000001 90.431000000000012 0.15000000000000005 507657.76500000007 137286.37700000001 0.15000000000000005 121294.55000000002 121294.55000000002 15904.846000000003 137286.37700000001 0.15000000000000005 38.12850000000001 256199.82050000003 146.61700000000002 15904.846000000003 93897.382000000027 10279.872000000001 74.89200000000001 68.52800000000002
decision_type=2 2 2 2 2 2 2 2 2 2 2 2 2 2 2 2 2 2 2 2 2 2 2 2 2 2 2 2 2 2
left_child=2 3 27 -2 5 -4 10 9 22 25 -6 12 16 15 20 -14 18 19 24 -18 -15 -13 -9 -19 -12 26 -8 28 -1 -20
right_child=1 -3 4 -5 6 -7 7 8 -10 -11 11 21 13 14 -16 -17 17 23 29 -21 -22 -23 -24 -25 -26 -27 -28 -29 -30 -31
leaf_value=-0.19926316696736548 0.22470152378082275 0.48484894320368765 -0.88960609436035165 1.738529944419861 -1.121245265007019 1.6472951412200929 1.2892526626586915 1.0566040992736816 -1.6890220324198406 -1.341527557373047 1.6155162175496418 0.13312695026397703 -2.5955490112304691 3.8967403411865238 -0.14111497402191162 0.68354809731245048 -0.40665342211723332 0.46220601081848145 -0.37120941480000819 -2.0483397483825683 1.9661419868469239 -2.0048768997192381 -0.40840086452662949 -0.69278337955474856 0.054213502506415046 1.4391763210296631 -0.25051247328519821 -0.49128072246909138 1.0105781104829576 0.56105024218559263
leaf_weight=648 11.999999999999998 120 11.999999999999998 48 24 24 11.999999999999998 11.999999999999998 36 11.999999999999998 36 12 11.999999999999998 11.999999999999998 24 48 24 60 36 24 24 12 96 24 11.999999999999998 24 24 180 36 48
leaf_count=648 12 120 12 48 24 24 12 12 36 12 36 12 12 12 24 48 24 60 36 24 24 12 96 24 12 24 24 180 36 48
internal_value=2.67497e-09 0.801821 -0.093235 1.43576 0.0538663 0.801661 0.0123221 -0.275145 -0.606472 0.387509 0.156056 0.231191 0.304133 0.768544 1.50936 0.0277287 0.0930369 -0.362229 0.548303 -1.2275 2.60967 -0.935875 -0.245623 0.132209 1.22519 0.733316 0.262743 -0.20969 -0.135587 0.16151
internal_weight=1728 180 1548 60 684 36 648 216 144 72 432 408 384 120 60 60 264 132 132 48 36 24 108 84 48 60 36 864 684 84
internal_count=1728 180 1548 60 684 36 648 216 144 72 432 408 384 120 60 60 264 132 132 48 36 24 108 84 48 60 36 864 684 84
is_linear=0
shrinkage=0.05


Tree=172
num_leaves=31
num_cat=0
split_feature=0 6 0 2 0 0 6 2 6 1 4 3 0 6 1 0 0 2 6 1 2 6 4 4 0 3 2 2 6 1
split_gain=46767.8 19198.5 15365.4 9783.12 8208.17 8022.5 18586.8 7633.09 13972.8 20164 16641 14509 14627.8 9509.45 11889.5 8100.21 7157.32 6632.78 8114.85 6508.39 18021.3 6767.86 21388 19257.3 25133.3 12423.4 11661.1 11197.4 73935.3 71933.8
threshold=573241.87500000012 0.25000000000000006 1182183.7235000001 117.89800000000001 68725.196500000005 74959.462500000009 0.15000000000000005 71.424500000000009 0.15000000000000005 13134.513000000001 99.63600000000001 50.303500000000007 145818.27200000003 0.25000000000000006 15904.846000000003 90630.424000000014 121294.55000000002 68.52800000000002 0.25000000000000006 10279.872000000001 74.89200000000001 0.25000000000000006 56.118500000000004 17.934000000000005 16052.3765 33.753000000000007 53.76550000000001 66.080000000000013 0.15000000000000005 7848.9580000000014
decision_type=2 2 2 2 2 2 2 2 2 2 2 2 2 2 2 2 2 2 2 2 2 2 2 2 2 2 2 2 2 2
left_child=4 2 -2 -3 19 6 -6 8 9 -7 -11 13 -13 14 -10 -12 -15 18 -14 20 21 27 23 24 -23 -25 -26 -1 29 -29
right_child=1 3 -4 -5 5 7 -8 -9 11 10 15 12 17 16 -16 -17 -18 -19 -20 -21 -22 22 -24 25 26 -27 -28 28 -30 -31
leaf_value=0.038801485068268249 0.79054958105087281 -0.56126275658607483 2.1764325141906737 0.60439855257670094 -0.84512586593627936 -1.6409641265869142 1.5649303436279298 0.18082798691466451 0.0097267190615336115 -1.2087425231933595 1.9844646453857422 -1.4477604150772097 0.66853761672973633 0.90317364831765501 -1.8075925827026369 0.58132516195376716 -0.50684227943420412 -0.99959979057312021 -0.63169071674346933 -0.46671667913595832 0.96004920469390032 -1.6858673837449816 -1.348632025718689 1.0855801224708557 -0.71751241683959965 -0.14315395429730415 0.84114017486572268 0.9143269538879395 0.95799903869628911 -3.8269092559814455
leaf_weight=360 120 36 24 36 11.999999999999998 11.999999999999998 24 288 36 11.999999999999998 11.999999999999998 48 24 36 11.999999999999998 72 11.999999999999998 24 24 180 36 36 48 36 24 48 24 11.999999999999998 36 24
leaf_count=360 120 36 24 36 12 12 24 288 36 12 12 48 24 36 12 72 12 24 24 180 36 36 48 36 24 48 24 12 36 24
internal_value=-1.04688e-09 0.688209 1.02153 0.0215679 -0.0983156 0.0362043 0.761578 -0.00646472 -0.172947 0.291412 0.532959 -0.405127 -0.771655 0.0530333 -0.444603 0.781774 0.55067 -0.320918 0.0184234 -0.199206 -0.128808 -0.1893 -0.417819 -0.151873 -0.687192 0.383446 0.0618139 -0.0750403 -0.644249 -2.2465
internal_weight=1728 216 144 72 1512 648 36 612 324 108 96 216 120 96 48 84 48 72 48 864 684 648 216 168 84 84 48 432 72 36
internal_count=1728 216 144 72 1512 648 36 612 324 108 96 216 120 96 48 84 48 72 48 864 684 648 216 168 84 84 48 432 72 36
is_linear=0
shrinkage=0.05


Tree=173
num_leaves=31
num_cat=0
split_feature=0 6 0 2 0 0 6 2 6 1 4 3 0 6 1 0 0 4 6 4 4 0 0 4 3 6 0 4 0 4
split_gain=42207.9 17326.7 13867.2 8829.26 7407.88 7240.31 16774.6 6888.87 12610.4 18198 15018.5 13094.4 13201.6 8582.28 10730.3 7310.44 6459.48 6215.55 45986.7 84767.1 39729 24434.7 25561.6 21289.5 21127.9 17203.4 33975.2 17219 24102.1 17094.4
threshold=573241.87500000012 0.25000000000000006 1182183.7235000001 117.89800000000001 68725.196500000005 74959.462500000009 0.15000000000000005 71.424500000000009 0.15000000000000005 13134.513000000001 99.63600000000001 50.303500000000007 145818.27200000003 0.25000000000000006 15904.846000000003 90630.424000000014 121294.55000000002 33.389500000000005 0.15000000000000005 37.504500000000007 37.504500000000007 19740.918500000003 19563.351500000001 149.54050000000004 27.516500000000004 0.25000000000000006 63082.982000000011 43.756000000000007 47382.240000000013 43.756000000000007
decision_type=2 2 2 2 2 2 2 2 2 2 2 2 2 2 2 2 2 2 2 2 2 2 2 2 2 2 2 2 2 2
left_child=4 2 -2 -3 17 6 -6 8 9 -7 -11 13 -13 14 -10 -12 -15 -1 19 -19 -20 22 -21 24 -23 26 29 28 -27 -22
right_child=1 3 -4 -5 5 7 -8 -9 11 10 15 12 -14 16 -16 -17 -18 18 20 21 25 23 -24 -25 -26 27 -28 -29 -30 -31
leaf_value=-0.065884355729461733 0.75102211236953742 -0.53319960782925291 2.0676108360290528 0.57417861223220823 -0.80286951065063483 -1.5589159011840821 1.4866838455200195 0.17178659359924497 0.0092403570810953781 -1.1483053207397462 1.8852413177490235 -1.3753723978996277 -0.3048717419306437 0.85801497250795367 -1.7172130584716798 0.55225890063577232 -0.48150014877319336 -3.5798297882080079 1.2236088514328003 0.62283601760864249 -2.7906041145324707 1.1051173528035483 3.8863750457763668 2.4409004211425782 -0.49726250078529122 2.2957014083862304 1.1906329154968263 -0.78614611923694611 -0.87329549789428695 -1.2775193827492852
leaf_weight=468 120 36 24 36 11.999999999999998 11.999999999999998 24 288 36 11.999999999999998 11.999999999999998 48 72 36 11.999999999999998 72 11.999999999999998 11.999999999999998 24 12 24 36 12 11.999999999999998 48 12 11.999999999999998 96 12 84
leaf_count=468 120 36 24 36 12 12 24 288 36 12 12 48 72 36 12 72 12 12 24 12 24 36 12 12 48 12 12 96 12 84
internal_value=1.28488e-10 0.653799 0.970454 0.0204895 -0.0933998 0.0343941 0.723499 -0.00614148 -0.1643 0.276841 0.506311 -0.38487 -0.733072 0.0503816 -0.422373 0.742685 0.523136 -0.189245 -0.335036 0.426962 -0.716034 0.827641 2.25461 0.4709 0.189472 -0.909999 -1.33332 -0.486676 0.711203 -1.61376
internal_weight=1728 216 144 72 1512 648 36 612 324 108 96 216 120 96 48 84 48 864 396 132 264 120 24 96 84 240 120 120 24 108
internal_count=1728 216 144 72 1512 648 36 612 324 108 96 216 120 96 48 84 48 864 396 132 264 120 24 96 84 240 120 120 24 108
is_linear=0
shrinkage=0.05


Tree=174
num_leaves=31
num_cat=0
split_feature=0 6 0 0 0 0 6 3 4 2 6 6 4 2 0 6 0 4 4 0 4 6 4 0 0 6 4 2 2 6
split_gain=38092.7 15897.4 6966.9 6827.46 6923.7 7091.5 6349.12 13259 12747.6 5652.51 6618.02 5126.48 16810.6 7968.41 4680 5916.34 9724.98 8505.67 4165.67 4090.49 5909.28 17117.3 64182.2 36626.7 34723.5 33894.4 35128.2 29586.3 34243.6 36025.4
threshold=573241.87500000012 0.15000000000000005 1048200.1775000001 100590.71350000003 145818.27200000003 208019.18150000004 0.25000000000000006 43.144500000000008 71.970000000000013 127.01650000000002 0.15000000000000005 0.25000000000000006 60.407000000000004 117.89800000000001 240407.42100000003 0.15000000000000005 256199.82050000003 87.761500000000012 84.478000000000009 3923.9490000000001 33.389500000000005 0.15000000000000005 37.504500000000007 38531.177500000013 63082.982000000011 0.25000000000000006 43.756000000000007 106.31000000000002 67.669000000000025 0.25000000000000006
decision_type=2 2 2 2 2 2 2 2 2 2 2 2 2 2 2 2 2 2 2 2 2 2 2 2 2 2 2 2 2 2
left_child=3 2 -2 19 -5 -6 9 -8 -9 14 -11 12 -3 -13 -7 17 -17 -16 -14 -1 -21 22 -22 25 -24 -23 -27 28 -25 -30
right_child=1 11 -4 4 5 6 7 8 -10 10 -12 13 18 -15 15 16 -18 -19 -20 20 21 23 24 27 -26 26 -28 -29 29 -31
leaf_value=-0.52001844743887593 0.87995160520076754 -1.0922376632690429 1.9233008861541749 0.42596720088687212 -0.36711591879526773 0.8051903247833252 1.262941837310791 0.33488839864730835 -1.1527686754862467 0.19097630977630614 1.8515510559082029 -0.50653962194919588 0.44755042791366578 0.54546968539555862 1.082669734954834 0.86473808288574228 -0.77885085741678883 -0.24850026369094849 1.2979663848876954 0.020578636334399988 -3.4008384704589845 -1.8228306293487551 0.9613831842939059 -0.19564447142183783 -0.39405876880600338 2.1809162139892577 -0.7825365209579469 -1.7382430553436281 2.6672634124755863 -0.072315359115600594
leaf_weight=72 48 11.999999999999998 24 108 108 24 11.999999999999998 24 36 12 12 36 24 36 24 11.999999999999998 36 24 36 396 11.999999999999998 72 108 192 84 11.999999999999998 60 24 24 24
leaf_count=72 48 12 24 108 108 24 12 24 36 12 12 36 24 36 24 12 36 24 36 396 12 72 108 192 84 12 60 24 24 24
internal_value=-8.65699e-09 0.621109 1.22773 -0.0887299 0.0792641 -0.0363036 0.129103 -0.254265 -0.557706 0.320786 1.02126 0.317796 0.616127 0.019465 0.180691 0.0245656 -0.367954 0.417085 0.9578 -0.155927 -0.129921 -0.227303 0.146659 -0.414284 0.368377 -1.05573 -0.288628 -0.0644046 0.102979 1.29747
internal_weight=1728 216 72 1512 432 324 216 72 60 144 24 144 72 72 120 96 48 48 60 1080 1008 612 204 408 192 144 72 264 240 48
internal_count=1728 216 72 1512 432 324 216 72 60 144 24 144 72 72 120 96 48 48 60 1080 1008 612 204 408 192 144 72 264 240 48
is_linear=0
shrinkage=0.05


Tree=175
num_leaves=31
num_cat=0
split_feature=0 6 2 0 6 1 0 0 4 0 1 1 0 1 6 3 0 0 6 2 6 6 0 6 4 0 6 6 0 4
split_gain=34378.6 14347.4 6643.5 6555.86 18756.5 82326.4 110470 50726.2 49042.8 36290.2 34974.6 47492 26573.5 25382.3 25053.6 24457.8 20707.3 17478.3 8298.17 7329.8 28382.3 10455.9 8148.79 5898.27 13595.2 20049.2 87201.2 31492.6 28045.5 17966
threshold=573241.87500000012 0.15000000000000005 107.75750000000001 22666.579000000002 0.15000000000000005 7848.9580000000014 7391.9660000000013 19740.918500000003 82.975500000000011 4747.4170000000004 7848.9580000000014 2158.8095000000008 12036.576500000001 5600.7615000000014 0.25000000000000006 33.753000000000007 4747.4170000000004 7391.9660000000013 0.25000000000000006 17.543500000000005 0.15000000000000005 0.25000000000000006 74959.462500000009 0.25000000000000006 25.389500000000002 45843.734500000013 0.15000000000000005 0.15000000000000005 31159.647000000004 33.389500000000005
decision_type=2 2 2 2 2 2 2 2 2 2 2 2 2 2 2 2 2 2 2 2 2 2 2 2 2 2 2 2 2 2
left_child=3 2 -2 4 5 6 9 12 10 -1 11 16 -8 14 17 -16 -6 -13 -18 20 22 -22 -5 24 25 26 28 -27 -21 -26
right_child=1 -3 -4 19 8 -7 7 -9 -10 -11 -12 13 -14 -15 15 -17 18 -19 -20 23 21 -23 -24 -25 29 27 -28 -29 -30 -31
leaf_value=-0.31771435737609866 0.092390275001525884 0.30190624942382183 1.3811395072937014 -0.031959331035614012 -0.18890213966369629 -3.6890323638916018 0.79593663215637211 -0.80094079971313481 -2.6699769020080568 -3.4927135467529298 1.5120646953582764 -0.34685937762260438 3.5128316031561959 -2.4508059183756514 2.0718704223632813 -0.45185925662517551 2.8178474426269529 -2.0888184865315753 0.95839252471923819 0.36452729701995851 -1.9544747352600098 -0.47856413722038271 1.8106822967529295 -0.15877508128682771 1.1140923579533897 0.092444720864295962 1.8710269769032797 -2.4689910888671878 -2.5959128379821781 0.10558099906513657
leaf_weight=36 11.999999999999998 144 60 12 24 11.999999999999998 11.999999999999998 11.999999999999998 24 11.999999999999998 24 24 36 24 11.999999999999998 48 12 36 12 11.999999999999998 24 24 12 360 48 24 36 24 24 552
leaf_count=36 12 144 60 12 24 12 12 12 24 12 24 24 36 24 12 48 12 36 12 12 24 24 12 360 48 24 36 24 24 552
internal_value=7.42644e-09 0.590053 1.16635 -0.0842933 -0.270538 0.23986 0.676404 2.1067 -0.525737 -1.11146 -0.287488 -0.512432 2.83361 -0.966446 -0.669574 0.0528867 0.849609 -1.39203 1.88812 -0.0260919 -0.514559 -1.21652 0.889361 0.00647259 0.0890964 -0.396731 0.130964 -1.18827 -1.6091 0.186262
internal_weight=1728 216 72 1512 360 120 108 60 240 48 216 192 48 144 120 60 48 60 24 1152 72 48 24 1080 720 120 72 48 36 600
internal_count=1728 216 72 1512 360 120 108 60 240 48 216 192 48 144 120 60 48 60 24 1152 72 48 24 1080 720 120 72 48 36 600
is_linear=0
shrinkage=0.05


Tree=176
num_leaves=31
num_cat=0
split_feature=0 0 6 6 2 6 2 6 2 6 0 0 2 2 0 6 6 0 1 0 4 0 0 4 3 4 4 4 0 2
split_gain=31425.3 12693.5 8635.94 7566.79 6523.08 5708.01 8582.64 42653.2 16564.5 56315.8 23371.3 14440.8 8488.08 17403.8 10054.3 78370.5 21080.4 8409.87 23336.2 12652.5 10364.4 18687.8 9904.89 32252.9 11125 17643.7 16750.2 10626.2 7541.41 5383.18
threshold=303117.76850000006 1182183.7235000001 0.15000000000000005 0.25000000000000006 105.34800000000001 0.25000000000000006 106.31000000000002 0.15000000000000005 81.107000000000014 0.15000000000000005 137286.37700000001 137286.37700000001 76.349000000000018 74.89200000000001 45843.734500000013 0.15000000000000005 0.15000000000000005 19740.918500000003 7047.768500000001 19563.351500000001 15.803000000000003 16052.3765 41777.992500000008 28.488500000000005 50.303500000000007 122.55800000000001 107.81800000000001 143.54950000000002 12036.576500000001 66.080000000000013
decision_type=2 2 2 2 2 2 2 2 2 2 2 2 2 2 2 2 2 2 2 2 2 2 2 2 2 2 2 2 2 2
left_child=5 2 4 -3 -2 6 8 -8 12 10 -10 -11 13 29 15 -14 -16 19 -19 20 21 28 -20 -24 26 -26 -25 -28 -7 -1
right_child=1 3 -4 -5 -6 17 7 -9 9 11 -12 -13 14 -15 16 -17 -18 18 22 -21 -22 -23 23 24 25 -27 27 -29 -30 -31
leaf_value=0.0033662972648938502 0.0065486818552017217 1.8416224956512453 0.13961171358823776 0.30388994216918946 0.95838062564531956 -1.0180453300476076 0.8081134140491486 -2.1728404045104983 -2.468978309631348 3.5456302642822268 0.23352886140346529 1.4213053226470949 -2.8386878967285156 1.3054621855417887 0.053071534633636466 2.8757125854492185 -2.9106246948242185 1.377340865135193 -0.70670621395111088 -2.1626852035522464 0.078885108325630435 0.74862766265869141 1.6637069225311281 -0.70638933181762698 -0.20715219359844925 -1.5051235516866051 1.2011395454406739 -0.15710332691669465 -2.553197415669759 -0.33705691893895473
leaf_weight=600 24 24 192 11.999999999999998 72 24 24 24 11.999999999999998 11.999999999999998 24 24 12 24 12 12 12 24 84 11.999999999999998 48 11.999999999999998 24 36 96 36 36 24 11.999999999999998 144
leaf_count=600 24 24 192 12 72 24 24 24 12 12 24 24 12 24 12 12 12 24 84 12 48 12 24 36 96 36 36 24 12 144
internal_value=1.55134e-09 0.443863 0.333215 1.32904 0.720423 -0.10243 -0.0311424 -0.682363 0.00405876 0.731053 -0.667307 2.12941 -0.0600878 -0.0197726 -0.705132 0.0185123 -1.42878 -0.245005 -0.128913 -0.631978 -0.44064 -0.960165 -0.236503 -0.0797681 -0.263292 -0.561144 0.146255 0.657842 -1.52976 -0.0625221
internal_weight=1728 324 288 36 96 1404 936 48 888 72 36 36 816 768 48 24 24 468 360 108 96 48 336 252 228 132 96 60 36 744
internal_count=1728 324 288 36 96 1404 936 48 888 72 36 36 816 768 48 24 24 468 360 108 96 48 336 252 228 132 96 60 36 744
is_linear=0
shrinkage=0.05


Tree=177
num_leaves=31
num_cat=0
split_feature=0 6 6 0 4 6 4 0 3 3 6 3 0 0 6 0 2 0 0 0 1 0 4 0 0 4 3 4 2 0
split_gain=28732 8774.74 7142.36 10351.6 8026.53 14972.2 32073.4 12876.3 8257.21 15515 38621.2 40933.8 25789.3 25881.3 22276.7 55104.9 15963.2 15549.4 9350.72 7846.58 20845.4 11418.9 9353.87 16865.8 9137.23 28820.1 9461.09 16796 13850.8 11529
threshold=619852.88050000009 0.15000000000000005 0.25000000000000006 388286.60400000011 133.21950000000004 0.15000000000000005 137.47000000000003 55159.639500000012 33.753000000000007 30.154500000000002 0.15000000000000005 29.406000000000002 63082.982000000011 19563.351500000001 0.15000000000000005 19740.918500000003 74.129500000000021 19740.918500000003 80810.85000000002 19740.918500000003 7047.768500000001 19563.351500000001 15.803000000000003 16052.3765 41777.992500000008 28.488500000000005 50.303500000000007 122.55800000000001 106.31000000000002 68725.196500000005
decision_type=2 2 2 2 2 2 2 2 2 2 2 2 2 2 2 2 2 2 2 2 2 2 2 2 2 2 2 2 2 2
left_child=2 -2 3 4 8 7 -7 -6 9 10 11 16 13 -12 17 -16 -1 -11 -17 21 -21 22 23 -4 -22 -26 28 -28 29 -27
right_child=1 -3 19 -5 5 6 -8 -9 -10 14 12 -13 -14 -15 15 18 -18 -19 -20 20 24 -23 -24 -25 25 26 27 -29 -30 -31
leaf_value=-0.70858492851257326 1.091605544090271 0.35105075359344484 -1.4532745149400501 0.58465218345324199 2.2653387069702151 1.3497485160827638 -0.81297488689422615 0.49625406745407319 -0.012207587162653605 -3.3182460784912111 0.55487570762634275 3.4681774139404298 1.1354361534118653 -2.1263997713724776 2.6767866134643556 -2.4598783493041991 1.1150535583496095 -1.1138882637023926 -0.48601551055908199 1.3084738016128541 -0.67137088988508498 -2.0545509338378909 0.074940842017531401 0.71119627952575692 1.5805216312408448 -0.57258278131484985 -0.19848384052515031 -1.4298673947652183 -0.96647284030914316 0.69282010545333228
leaf_weight=24 60 120 36 72 11.999999999999998 24 60 72 600 11.999999999999998 11.999999999999998 11.999999999999998 11.999999999999998 36 11.999999999999998 12 24 24 12 24 84 11.999999999999998 48 11.999999999999998 24 24 120 36 24 72
leaf_count=24 60 120 36 72 12 24 60 72 600 12 12 12 12 36 12 12 24 24 12 24 84 12 48 12 24 24 120 36 24 72
internal_value=4.73595e-09 0.597902 -0.0695235 0.00641996 -0.0369475 0.276963 -0.195054 0.74898 -0.103535 -0.388931 -0.0407773 0.856223 -0.937777 -1.45608 -0.969188 -0.0897024 0.203234 -1.84867 -1.47295 -0.22141 -0.121095 -0.600379 -0.418608 -0.912157 -0.210443 -0.0813835 -0.225897 -0.482649 0.107881 0.376469
internal_weight=1728 180 1548 1032 960 168 84 84 792 192 120 60 60 48 72 36 48 36 24 516 408 108 96 48 384 300 276 156 120 96
internal_count=1728 180 1548 1032 960 168 84 84 792 192 120 60 60 48 72 36 48 36 24 516 408 108 96 48 384 300 276 156 120 96
is_linear=0
shrinkage=0.05


Tree=178
num_leaves=31
num_cat=0
split_feature=0 6 0 6 0 2 0 4 0 2 0 0 6 1 6 0 0 0 4 6 4 0 0 6 4 2 2 6 4 3
split_gain=26129.4 16570.8 8399.81 6876.73 6439.13 7704.43 4521.02 4180.41 3931.44 3521.28 2964.67 5649.07 6999.39 5465.85 3639.36 12487.6 7165.13 2882.71 4617.92 11357.8 56494.6 28428 28284.4 28068.9 24132.5 22537.1 28933.9 29748.4 22029 21080.5
threshold=840329.43250000023 0.25000000000000006 100590.71350000003 0.15000000000000005 121294.55000000002 68.52800000000002 507657.76500000007 99.63600000000001 1182183.7235000001 84.771000000000015 145818.27200000003 137286.37700000001 0.25000000000000006 28539.301500000005 0.25000000000000006 121294.55000000002 121294.55000000002 3923.9490000000001 33.389500000000005 0.15000000000000005 37.504500000000007 19740.918500000003 38531.177500000013 0.25000000000000006 43.756000000000007 106.31000000000002 67.669000000000025 0.25000000000000006 149.54050000000004 50.303500000000007
decision_type=2 2 2 2 2 2 2 2 2 2 2 2 2 2 2 2 2 2 2 2 2 2 2 2 2 2 2 2 2 2
left_child=2 8 17 4 -4 7 9 -6 -2 -7 11 14 -13 -12 15 -5 -16 -1 -19 20 -20 -22 23 -21 -25 26 29 -28 -23 -24
right_child=1 -3 3 10 5 6 -8 -9 -10 -11 13 12 -14 -15 16 -17 -18 18 19 22 21 28 25 24 -26 -27 27 -29 -30 -31
leaf_value=-0.43635710577170062 0.92970955967903146 -0.122857270638148 1.4820997238159181 -1.6174493789672848 -1.0603501319885253 0.67026727994283042 0.96616992950439462 0.017250985900561015 1.7134749412536623 0.016100873798131944 -0.34482959508895877 1.7518249511718746 0.044074341654777527 0.096994820130722859 1.2577453613281249 0.66359567642211914 -0.47010626792907706 0.024166385122019837 -3.218612289428711 -1.6090285936991375 1.9273606777191163 -0.071078933942585423 0.23760445058345794 1.8339860916137696 -0.62225377481430777 -1.5006985425949098 2.4490172863006592 -0.040479063987731934 2.1520717620849612 -0.84458702405293795
leaf_weight=72 48 36 11.999999999999998 12 11.999999999999998 36 36 36 24 48 120 12 12 168 12 12 12 396 11.999999999999998 72 24 156 120 11.999999999999998 60 24 24 24 11.999999999999998 72
leaf_count=72 48 36 12 12 12 36 36 36 24 48 120 12 12 168 12 12 12 396 12 72 24 156 120 12 60 24 24 24 12 72
internal_value=2.32313e-09 0.753024 -0.0502016 0.110812 0.363148 0.283223 0.497372 -0.252149 1.19096 0.296458 -0.0153561 0.271614 0.89795 -0.0870987 -0.0415537 -0.476927 0.39382 -0.130708 -0.108876 -0.194963 0.109656 0.317673 -0.347272 -0.910955 -0.21288 -0.039809 0.10628 1.20427 0.0877175 -0.168217
internal_weight=1728 108 1620 540 180 168 120 48 72 84 360 72 24 288 48 24 24 1080 1008 612 204 192 408 144 72 264 240 48 168 192
internal_count=1728 108 1620 540 180 168 120 48 72 84 360 72 24 288 48 24 24 1080 1008 612 204 192 408 144 72 264 240 48 168 192
is_linear=0
shrinkage=0.05


Tree=179
num_leaves=31
num_cat=0
split_feature=0 6 0 6 0 2 0 4 0 2 6 1 1 4 4 2 4 3 0 0 1 3 4 1 1 6 6 1 0 1
split_gain=23581.8 14955.2 7580.83 6206.25 5811.32 6953.25 4080.22 3772.82 3548.13 3177.96 2733.03 8229.17 38573 6562.23 10133.4 9775.55 8596.65 11211.8 7839.76 7032.84 6337.79 5753.8 5706.85 12572.6 16082.2 32224.7 15919.8 115645 80639.3 74188.1
threshold=840329.43250000023 0.25000000000000006 100590.71350000003 0.15000000000000005 121294.55000000002 68.52800000000002 507657.76500000007 99.63600000000001 1182183.7235000001 84.771000000000015 0.25000000000000006 13134.513000000001 11991.799500000003 56.118500000000004 28.488500000000005 36.14800000000001 6.4535000000000009 57.764500000000005 35745.162000000004 22666.579000000002 13436.337500000001 43.781500000000008 135.84850000000003 10484.007500000002 15858.327500000001 0.15000000000000005 0.15000000000000005 6575.9135000000015 7391.9660000000013 7848.9580000000014
decision_type=2 2 2 2 2 2 2 2 2 2 2 2 2 2 2 2 2 2 2 2 2 2 2 2 2 2 2 2 2 2
left_child=2 8 10 4 -4 7 9 -6 -2 -7 22 12 13 14 15 -12 -17 21 -15 -19 -13 -18 23 26 25 -25 29 28 -28 -1
right_child=1 -3 3 -5 5 6 -8 -9 -10 -11 11 20 -14 18 -16 16 17 19 -20 -21 -22 -23 -24 24 -26 -27 27 -29 -30 -31
leaf_value=0.39115991658634613 0.88322404921054842 -0.11671440402666729 1.4079947471618652 -0.014588314642508824 -1.0073326110839844 0.63675392468770342 0.9178614616394043 0.016388435165087381 1.6278012275695801 0.015295829623937607 0.90157327651977548 -1.8412574768066408 1.3964584668477378 -1.9207107543945314 0.27831145823001863 0.67442817687988288 -0.68035853703816729 -2.3540820439656573 -0.52073208212852484 -0.95638175010681159 -0.51442031264305121 0.31910289600491526 0.24683517292141915 0.0042593963444232941 0.20909214019775391 -1.82788245677948 0.63370236158370974 1.3614511473973592 -2.1158311843872073 -1.4785903998783656
leaf_weight=144 48 36 11.999999999999998 360 11.999999999999998 36 36 36 24 48 11.999999999999998 11.999999999999998 36 11.999999999999998 72 11.999999999999998 36 11.999999999999998 60 36 36 24 120 48 48 48 48 120 60 84
leaf_count=144 48 36 12 360 12 36 36 36 24 48 12 12 36 12 72 12 36 12 60 36 36 24 120 48 48 48 48 120 60 84
internal_value=7.47473e-09 0.715373 -0.0476915 0.105271 0.34499 0.269062 0.472503 -0.239542 1.13142 0.281635 -0.124173 -0.236658 -0.142893 -0.343678 -0.198837 -0.4591 -0.595167 -0.736233 -0.754062 -1.30581 -0.84613 -0.280574 -0.0679303 -0.130883 -0.538177 -0.911812 -0.00226444 0.293167 -0.893816 -0.297695
internal_weight=1728 108 1620 540 180 168 120 48 72 84 1080 360 312 276 204 132 120 108 72 48 48 60 720 600 144 96 456 228 108 228
internal_count=1728 108 1620 540 180 168 120 48 72 84 1080 360 312 276 204 132 120 108 72 48 48 60 720 600 144 96 456 228 108 228
is_linear=0
shrinkage=0.05


Tree=180
num_leaves=31
num_cat=0
split_feature=0 6 6 0 0 1 0 4 0 0 4 3 4 2 0 2 6 2 6 0 4 6 4 0 0 2 2 2 6 0
split_gain=21438.1 6709.53 5704.6 8175.71 6332.96 16903.7 8964.13 7537.19 13622.6 6990.33 25011.8 7629.44 13948.2 11560.3 9622.31 6293.53 33951.5 7980.53 63902.2 12776.4 6642.66 11485.9 28125 10552.6 6251.72 6085.44 16785.6 8599.22 27486.8 25192.9
threshold=619852.88050000009 0.15000000000000005 0.25000000000000006 388286.60400000011 19740.918500000003 7047.768500000001 19563.351500000001 15.803000000000003 16052.3765 41777.992500000008 28.488500000000005 50.303500000000007 122.55800000000001 106.31000000000002 68725.196500000005 106.31000000000002 0.15000000000000005 90.431000000000012 0.15000000000000005 137286.37700000001 133.21950000000004 0.15000000000000005 137.47000000000003 55159.639500000012 12036.576500000001 76.349000000000018 74.89200000000001 78.163500000000013 0.15000000000000005 303117.76850000006
decision_type=2 2 2 2 2 2 2 2 2 2 2 2 2 2 2 2 2 2 2 2 2 2 2 2 2 2 2 2 2 2
left_child=2 -2 3 15 6 -6 7 8 24 -7 -11 13 -13 14 -12 17 -17 20 19 -19 25 23 -23 -22 -4 26 -1 -27 -29 -30
right_child=1 -3 4 -5 5 9 -8 -9 -10 10 11 12 -14 -15 -16 16 -18 18 -20 -21 21 22 -24 -25 -26 27 -28 28 29 -31
leaf_value=-0.10597412182887396 0.94817711532115934 0.30060794405639174 -0.83864355087280273 0.52169721623261767 1.1816609144210817 -0.58928892399583555 -1.8246751785278321 0.067832861840724942 0.64070672988891608 1.4749653339385986 -0.5297972559928894 -0.17948101699352265 -1.3016292889912924 -0.8896497011184693 0.62624428371588392 0.74102219641208655 -1.9185331344604493 -2.3518198013305662 2.4505084991455082 -0.04455083012580871 2.0321264266967773 1.27913556098938 -0.7460951185226441 0.43060685950848793 -2.2363780339558921 -1.3123451411724092 1.2425196329752604 -1.3496911734342576 2.6632564544677733 -0.57665519714355462
leaf_weight=600 60 120 24 72 24 84 11.999999999999998 48 11.999999999999998 24 24 120 36 24 72 24 24 12 24 12 11.999999999999998 24 60 72 11.999999999999998 24 24 24 12 12
leaf_count=600 60 120 24 72 24 84 12 48 12 24 24 120 36 24 72 24 24 12 24 12 12 24 60 72 12 24 24 24 12 12
internal_value=-4.41688e-09 0.516464 -0.060054 0.00781666 -0.195795 -0.105673 -0.536256 -0.375203 -0.81824 -0.186132 -0.0732478 -0.207875 -0.438438 0.0918572 0.337234 -0.0307244 -0.588755 -0.00135433 0.626162 -1.19819 -0.0362163 0.245969 -0.167458 0.659395 -1.30456 -0.10433 -0.054109 -0.539579 -0.153195 1.0433
internal_weight=1728 180 1548 1032 516 408 108 96 48 384 300 276 156 120 96 960 48 912 48 24 864 168 84 84 36 696 624 72 48 24
internal_count=1728 180 1548 1032 516 408 108 96 48 384 300 276 156 120 96 960 48 912 48 24 864 168 84 84 36 696 624 72 48 24
is_linear=0
shrinkage=0.05


Tree=181
num_leaves=31
num_cat=0
split_feature=0 6 0 6 4 6 2 6 2 6 0 0 2 2 0 6 6 2 6 4 2 2 6 1 1 0 2 4 2 0
split_gain=19696 13131 6403.04 4515.87 5609.57 4018.03 5771.82 30641.3 11103.3 43721.7 18445.3 11850.8 6870.18 14119.6 7306.93 62082.5 17807.2 6266.83 32873 62977.1 26533.2 15932.6 9156.9 43090.1 33501.9 40628.5 32566.6 34316.7 30070 19336.6
threshold=840329.43250000023 0.25000000000000006 256199.82050000003 0.15000000000000005 71.970000000000013 0.25000000000000006 106.31000000000002 0.15000000000000005 81.107000000000014 0.15000000000000005 137286.37700000001 137286.37700000001 76.349000000000018 74.89200000000001 45843.734500000013 0.15000000000000005 0.15000000000000005 66.080000000000013 0.15000000000000005 43.561500000000002 68.52800000000002 57.764500000000005 0.15000000000000005 2158.8095000000008 2158.8095000000008 22666.579000000002 17.543500000000005 137.47000000000003 53.76550000000001 19740.918500000003
decision_type=2 2 2 2 2 2 2 2 2 2 2 2 2 2 2 2 2 2 2 2 2 2 2 2 2 2 2 2 2 2
left_child=2 -2 5 4 -4 6 8 -8 12 10 -10 -11 13 17 15 -14 -16 21 19 -19 -20 22 23 -1 -24 -26 -27 -28 29 -25
right_child=1 -3 3 -5 -6 -7 7 -9 9 11 -12 -13 14 -15 16 -17 -18 18 20 -21 -22 -23 24 28 25 26 27 -29 -30 -31
leaf_value=-1.8831915616989137 1.0436259845892588 -0.12590909401575726 0.84120892286300664 0.038352985360792707 0.015546200424432756 -0.20743437442078927 0.70397108942270281 -1.8226065158843996 -2.2342287063598634 3.1135282516479492 0.16663941890001299 1.1891149997711181 -2.5559373855590817 1.1803936163584392 0.1152243137359619 2.5300937652587887 -2.6086799621582029 -3.19377555847168 1.3038024266560875 0.11281283696492513 -0.84246263504028329 0.88730111916859955 1.5189579963684083 1.2334986209869385 -1.4398911645015082 -1.7492000579833986 0.81552114188671121 -0.70879035472869878 -2.1085720062255859 0.19703590167893303
leaf_weight=24 72 36 48 168 36 456 24 24 11.999999999999998 11.999999999999998 24 24 12 24 12 12 12 24 36 36 24 48 24 60 72 24 96 60 11.999999999999998 180
leaf_count=24 72 36 48 168 36 456 24 24 12 12 24 24 12 24 12 12 12 24 36 36 24 48 24 60 72 24 96 60 12 180
internal_value=4.24442e-09 0.653781 -0.0435854 0.18802 0.487353 -0.0862495 -0.0256571 -0.559318 0.00399074 0.598468 -0.63365 1.83059 -0.0500527 -0.012648 -0.629825 -0.0129218 -1.24673 -0.0524161 -0.382263 -1.20982 0.445296 0.0135533 -0.0624247 0.141221 -0.26607 -0.436073 -0.0345455 0.229247 0.334022 0.456152
internal_weight=1728 108 1620 252 84 1368 912 48 864 72 36 36 792 744 48 24 24 720 120 60 60 600 552 276 276 252 180 156 252 240
internal_count=1728 108 1620 252 84 1368 912 48 864 72 36 36 792 744 48 24 24 720 120 60 60 600 552 276 276 252 180 156 252 240
is_linear=0
shrinkage=0.05


Tree=182
num_leaves=31
num_cat=0
split_feature=0 6 0 6 4 4 6 3 3 6 4 6 4 0 3 3 6 3 6 0 0 0 0 2 6 1 0 1 1 0
split_gain=17775.6 11850.7 5778.74 4075.57 5062.64 3753.54 6204.92 7556.27 6981.7 3626.27 5514.01 9828.71 23175.5 9520.54 6239.08 13885.2 30396.1 32451.5 21301.9 43451.6 18542.3 18080.9 12858.5 12326.5 9249.73 70989.2 56801.9 54527 61743.6 63394.6
threshold=840329.43250000023 0.25000000000000006 256199.82050000003 0.15000000000000005 71.970000000000013 71.970000000000013 0.25000000000000006 107.29100000000001 107.29100000000001 0.25000000000000006 133.21950000000004 0.15000000000000005 137.47000000000003 55159.639500000012 33.753000000000007 30.154500000000002 0.15000000000000005 29.406000000000002 0.15000000000000005 19740.918500000003 63082.982000000011 19563.351500000001 19740.918500000003 74.129500000000021 0.15000000000000005 6575.9135000000015 12036.576500000001 6575.9135000000015 10484.007500000002 87041.996000000028
decision_type=2 2 2 2 2 2 2 2 2 2 2 2 2 2 2 2 2 2 2 2 2 2 2 2 2 2 2 2 2 2
left_child=2 -2 9 4 -4 6 7 -5 -8 10 14 13 -13 -12 15 16 17 23 22 -20 21 -18 -17 -1 25 26 -16 -26 -29 -30
right_child=1 -3 3 5 -6 -7 8 -9 -10 -11 11 12 -14 -15 24 18 20 -19 19 -21 -22 -23 -24 -25 27 -27 -28 28 29 -31
leaf_value=-0.5858314037322998 0.99144470095634463 -0.11961363156636556 0.7991484761238099 -0.93241362571716313 0.014768890291452409 0.30933646808067961 0.58188994725545251 0.51636614799499514 -0.81071920394897468 -0.19706265282849864 1.9206684112548829 1.1650628566741943 -0.67335084319114691 0.39947802689340384 0.063273342450459805 -3.0736417770385742 0.44661545753479004 3.1224660873413086 2.4394046783447267 -1.245513129234314 0.96323423385620122 -1.7944721857706707 -1.0690784931182862 1.0166735410690309 -1.1261646723747254 -0.62470762038396466 3.2035666147867836 1.5228075842062632 -1.9339087168375653 0.57390860148838596
leaf_weight=24 72 36 48 36 36 72 36 11.999999999999998 11.999999999999998 456 11.999999999999998 24 60 72 36 11.999999999999998 11.999999999999998 11.999999999999998 11.999999999999998 24 11.999999999999998 36 24 24 60 216 24 96 36 84
leaf_count=24 72 36 48 36 36 72 36 12 12 456 12 24 60 72 36 12 12 12 12 24 12 36 24 24 60 216 24 96 36 84
internal_value=3.33659e-09 0.621092 -0.0414061 0.178619 0.462986 0.0364353 -0.168241 -0.570219 0.233738 -0.081937 -0.0243742 0.234351 -0.14809 0.616791 -0.082796 -0.328302 0.00105835 0.79683 -0.877237 -0.0172072 -0.794713 -1.2342 -1.73727 0.215421 0.00259755 -0.202078 1.31939 0.207273 0.577672 -0.178437
internal_weight=1728 108 1620 252 84 168 96 48 48 1368 912 168 84 84 744 192 120 60 72 36 60 48 36 48 552 276 60 276 216 120
internal_count=1728 108 1620 252 84 168 96 48 48 1368 912 168 84 84 744 192 120 60 72 36 60 48 36 48 552 276 60 276 216 120
is_linear=0
shrinkage=0.05


Tree=183
num_leaves=31
num_cat=0
split_feature=0 6 0 6 4 4 6 3 3 6 4 2 1 4 0 2 2 3 0 2 2 0 0 2 6 2 6 0 0 2
split_gain=16042.5 10695.3 5215.31 3678.21 4569.03 3387.57 5599.94 6819.53 6300.98 3272.71 5237.06 12221.8 15584.2 10651.9 12756.2 7424.4 14116.1 9270.81 8366.18 7357.08 6604.71 5642.17 5586.96 5022.96 26732.6 9568.09 37701.8 16275.3 10868.9 5782.71
threshold=840329.43250000023 0.25000000000000006 256199.82050000003 0.15000000000000005 71.970000000000013 71.970000000000013 0.25000000000000006 107.29100000000001 107.29100000000001 0.25000000000000006 56.118500000000004 50.303500000000007 10484.007500000002 16.995000000000005 16052.3765 78.163500000000013 76.349000000000018 33.753000000000007 137286.37700000001 25.045500000000004 53.76550000000001 12036.576500000001 121294.55000000002 106.31000000000002 0.15000000000000005 81.107000000000014 0.15000000000000005 137286.37700000001 137286.37700000001 76.349000000000018
decision_type=2 2 2 2 2 2 2 2 2 2 2 2 2 2 2 2 2 2 2 2 2 2 2 2 2 2 2 2 2 2
left_child=2 -2 9 4 -4 6 7 -5 -8 23 13 12 -12 14 21 16 17 -15 -17 -14 -16 -11 -21 25 -25 29 27 -27 -28 -1
right_child=1 -3 3 5 -6 -7 8 -9 -10 10 11 -13 19 15 20 18 -18 -19 -20 22 -22 -23 -24 24 -26 26 28 -29 -30 -31
leaf_value=-0.011349261485187898 0.94187247026711707 -0.11363294919331868 0.75919104814529426 -0.88579292297363288 0.01403044660886129 0.29386962850888571 0.55279544194539387 0.49054784774780275 -0.7701831817626954 -0.77648653984069826 -0.94388732910156259 -1.2163230419158937 -0.3224899929016829 0.87569296558698029 -0.56052793264389045 -0.76194459597269704 2.0282100677490233 -0.10701237345735233 0.44323632717132572 0.74924905598163605 0.61249432563781747 -2.1043341954549155 -0.45695891380310061 0.65897335410118107 -1.7009621143341065 -2.0912818908691406 2.9291564941406252 0.16393817961215973 1.0861849546432496 -0.57757715284824374
leaf_weight=744 72 36 48 36 36 72 36 11.999999999999998 11.999999999999998 24 48 36 48 36 24 36 11.999999999999998 72 24 48 24 11.999999999999998 11.999999999999998 24 24 11.999999999999998 11.999999999999998 24 24 48
leaf_count=744 72 36 48 36 36 72 36 12 12 24 48 36 48 36 24 36 12 72 24 48 24 12 12 24 24 12 12 24 24 48
internal_value=1.77991e-10 0.590037 -0.0393358 0.169688 0.439837 0.0346136 -0.159828 -0.541708 0.222051 -0.0778402 -0.18721 -0.385903 -0.194267 -0.0427055 -0.507625 0.174257 0.401321 0.220556 -0.279872 0.138897 0.0259832 -1.2191 0.508007 -0.0231555 -0.520994 0.0045022 0.556353 -0.587802 1.70051 -0.0456661
internal_weight=1728 108 1620 252 84 168 96 48 48 1368 456 192 156 264 84 180 120 108 60 108 48 36 60 912 48 864 72 36 36 792
internal_count=1728 108 1620 252 84 168 96 48 48 1368 456 192 156 264 84 180 120 108 60 108 48 36 60 912 48 864 72 36 36 792
is_linear=0
shrinkage=0.05


Tree=184
num_leaves=31
num_cat=0
split_feature=0 0 6 6 6 4 6 4 4 3 3 6 3 6 0 3 2 0 2 6 1 0 1 1 0 4 3 2 0 2
split_gain=14890.7 7887.87 6099.15 3734.52 2953.62 4770.59 9031.98 20263.9 9306.78 5561.68 12685 26582.8 29465.5 19225 39215.1 17601.6 18423.3 11604.8 10881.1 8016.85 63612.4 51263.7 49005.5 56585.4 55961.6 42897.1 32367.5 29698.5 28443.1 17089.8
threshold=1182183.7235000001 256199.82050000003 0.15000000000000005 0.25000000000000006 0.25000000000000006 133.21950000000004 0.15000000000000005 137.47000000000003 137.47000000000003 33.753000000000007 30.154500000000002 0.15000000000000005 29.406000000000002 0.15000000000000005 19740.918500000003 29.406000000000002 74.129500000000021 19740.918500000003 74.129500000000021 0.15000000000000005 6575.9135000000015 12036.576500000001 6575.9135000000015 10484.007500000002 87041.996000000028 46.048000000000009 72.187000000000026 78.163500000000013 121294.55000000002 53.76550000000001
decision_type=2 2 2 2 2 2 2 2 2 2 2 2 2 2 2 2 2 2 2 2 2 2 2 2 2 2 2 2 2 2
left_child=1 4 -3 -2 5 9 8 -8 -7 10 11 12 18 17 -15 16 -13 -12 -1 20 21 -11 -21 29 -25 26 -22 -28 -26 -24
right_child=3 2 -4 -5 -6 6 7 -9 -10 19 13 15 -14 14 -16 -17 -18 -19 -20 22 25 -23 23 24 28 -27 27 -29 -30 -31
leaf_value=-0.55597236156463625 1.3663444042205812 0.50721462244788806 0.047023504475752514 0.28604886531829837 -0.17784904785977121 -0.24688013792037966 1.079938817024231 -0.63911584198474891 0.91812554438908889 0.060677123069763188 -2.9193922042846681 0.67024605274200444 2.9669103622436523 2.3180019378662111 -1.1826700925827027 -2.4502920150756839 -1.288885259628296 -1.0150571107864381 0.94964928627014167 -1.0692889785766602 -2.0061117744445802 3.0439557711283367 0.2952911674976349 -1.8272087415059408 2.7826986312866211 0.2969619204223688 0.58179238637288411 -1.4491662641366325 0.15339074532190961 1.8359343899620904
leaf_weight=24 24 108 216 11.999999999999998 456 24 24 60 60 36 11.999999999999998 24 11.999999999999998 11.999999999999998 24 11.999999999999998 24 24 24 60 60 24 24 36 11.999999999999998 84 36 36 72 72
leaf_count=24 24 108 216 12 456 24 24 60 60 36 12 24 12 12 24 12 24 24 24 60 60 24 24 36 12 84 36 36 72 72
internal_value=1.87881e-10 -0.0214095 0.200421 1.00625 -0.0739482 -0.0219977 0.218655 -0.147957 0.585267 -0.0763386 -0.308134 0.00666938 0.750853 -0.832807 -0.0157794 -0.737514 -0.30932 -1.64984 0.196838 0.00428601 -0.186261 1.25399 0.194833 0.545978 -0.177858 -0.58633 -1.14843 -0.433687 0.529006 1.45077
internal_weight=1728 1692 324 36 1368 912 168 84 84 744 192 120 60 72 36 60 48 36 48 552 276 60 276 216 120 216 132 72 84 96
internal_count=1728 1692 324 36 1368 912 168 84 84 744 192 120 60 72 36 60 48 36 48 552 276 60 276 216 120 216 132 72 84 96
is_linear=0
shrinkage=0.05


Tree=185
num_leaves=31
num_cat=0
split_feature=0 0 6 6 3 4 6 0 0 6 3 3 0 1 6 0 0 0 4 0 3 0 4 4 0 1 0 0 4 6
split_gain=13438.8 7118.81 5504.48 3370.41 2820.13 2733.39 5938.48 9288.59 7766.83 5053.95 6154.63 5686.64 5022.72 4622.04 2665.64 4753.14 14941.8 7755.3 6471.63 20896.5 10689.7 9188.89 7122.5 6181.6 11106 5298.82 5092.06 5042.23 4305.45 8151.36
threshold=1182183.7235000001 256199.82050000003 0.15000000000000005 0.25000000000000006 83.933000000000007 71.970000000000013 0.25000000000000006 388286.60400000011 388286.60400000011 0.25000000000000006 107.29100000000001 107.29100000000001 1048200.1775000001 55820.384000000005 0.25000000000000006 19740.918500000003 22666.579000000002 19563.351500000001 37.504500000000007 44158.321000000004 50.303500000000007 68725.196500000005 133.21950000000004 15.803000000000003 16052.3765 7458.433500000001 12036.576500000001 121294.55000000002 133.21950000000004 0.15000000000000005
decision_type=2 2 2 2 2 2 2 2 2 2 2 2 2 2 2 2 2 2 2 2 2 2 2 2 2 2 2 2 2 2
left_child=1 14 4 -2 -3 9 8 -8 -7 10 -4 -11 -10 -9 28 17 -17 23 19 25 21 -20 -22 24 26 -18 -16 -23 -1 -30
right_child=3 2 5 -5 -6 6 7 13 12 11 -12 -13 -14 -15 15 16 18 -19 20 -21 22 27 -24 -25 -26 -27 -28 -29 29 -31
leaf_value=-0.07252169434902489 1.2980271339416505 0.0038551792502403261 -0.84385447502136235 0.27174642086029055 0.61842496139662606 -0.58225159645080571 1.0962502479553222 -0.94967558383941653 1.1352307796478271 0.52280449072519941 0.46366925239562989 -0.73402523994445801 -0.045955538749694824 0.031611751019954684 -0.72876975536346444 1.6546209335327149 0.57436013221740723 -1.6571296691894533 -0.38356646597385408 1.1583618005116783 -0.42081605084240437 0.72067906707525253 -1.3838366985321047 0.092294278042390945 0.60716400146484384 -0.60033186972141273 -1.9902251561482747 -0.4252185344696045 0.55600345929463701 -0.14055949811424528
leaf_weight=744 24 24 36 11.999999999999998 84 11.999999999999998 11.999999999999998 24 36 36 11.999999999999998 11.999999999999998 11.999999999999998 24 24 11.999999999999998 11.999999999999998 11.999999999999998 60 36 96 48 24 48 11.999999999999998 48 11.999999999999998 11.999999999999998 84 84
leaf_count=744 24 24 36 12 84 12 12 24 36 36 12 12 12 24 24 12 12 12 60 36 96 48 24 48 12 48 12 12 84 84
internal_value=-2.30977e-09 -0.020339 0.1904 0.955934 0.481854 0.0446723 0.203761 -0.147975 0.555497 -0.154188 -0.516974 0.208597 0.839934 -0.459032 -0.0702508 -0.168957 -0.0790275 -0.458728 -0.140944 0.206015 -0.279727 0.0539665 -0.61342 -0.308928 -0.71015 -0.365393 -1.14925 0.4915 -0.0208979 0.207722
internal_weight=1728 1692 324 36 108 216 120 60 60 96 48 48 48 48 1368 456 348 108 336 96 240 120 120 96 48 60 36 60 912 168
internal_count=1728 1692 324 36 108 216 120 60 60 96 48 48 48 48 1368 456 348 108 336 96 240 120 120 96 48 60 36 60 912 168
is_linear=0
shrinkage=0.05


Tree=186
num_leaves=31
num_cat=0
split_feature=0 6 0 6 4 0 0 1 1 0 0 3 2 0 6 3 4 0 6 6 0 0 2 6 0 6 6 4 1 3
split_gain=12142.4 8218.71 3995.8 10871.6 57914.4 67842.4 38966.1 26821.5 35300.9 21742.2 17322 13962.8 17419.6 12541.4 7713.27 15834.6 15390.3 4812.27 4517.11 3883.39 3506.88 3340.38 2773.8 19051.2 7268.48 6998.66 2979.46 30323.4 27053 25266.9
threshold=840329.43250000023 0.25000000000000006 27705.340000000004 0.15000000000000005 6.4535000000000009 7391.9660000000013 19740.918500000003 2158.8095000000008 7848.9580000000014 4747.4170000000004 12036.576500000001 30.154500000000002 57.764500000000005 4747.4170000000004 0.25000000000000006 33.753000000000007 15.803000000000003 18495.691000000003 0.25000000000000006 0.25000000000000006 3923.9490000000001 18495.691000000003 17.543500000000005 0.15000000000000005 74959.462500000009 0.25000000000000006 0.15000000000000005 42.097000000000008 9241.5975000000017 78.673500000000004
decision_type=2 2 2 2 2 2 2 2 2 2 2 2 2 2 2 2 2 2 2 2 2 2 2 2 2 2 2 2 2 2
left_child=2 -2 3 4 -1 9 10 13 11 20 -7 -9 14 -5 16 -16 -13 -18 -15 -10 -6 -12 23 24 -4 -25 27 28 -24 -30
right_child=1 -3 22 7 5 6 -8 8 19 -11 21 12 -14 18 15 -17 17 -19 -20 -21 -22 -23 26 25 -26 -27 -28 -29 29 -31
leaf_value=-3.1136743545532228 0.82175096968809758 -0.10351426998774212 -0.01055057793855667 -0.096639025211334231 -0.66120610237121591 0.67743535041809089 -0.14488075971603395 -1.9492123603820801 1.8488426208496092 -2.7697965621948244 3.5521184285481775 0.21579383611679079 -1.9070612589518232 2.2057279586791991 1.5718898773193359 -0.41774801611900331 -0.83428611755371096 -1.8355634689331055 0.83382091522216784 0.57680578231811519 0.38564660549163821 2.5304202079772953 -2.2752195358276368 -1.469490671157837 1.7297172546386717 -0.26199141740798954 0.086119491579787197 0.19348292592642966 0.37923940718173982 -1.3730818490187326
leaf_weight=11.999999999999998 72 36 12 24 24 11.999999999999998 24 24 12 11.999999999999998 11.999999999999998 24 24 12 11.999999999999998 60 24 24 12 12 11.999999999999998 24 24 24 12 24 768 276 48 36
leaf_count=12 72 36 12 24 24 12 24 24 12 12 12 24 24 12 12 60 24 24 12 12 12 24 24 24 12 24 768 276 48 36
internal_value=-1.95405e-09 0.513329 -0.034222 -0.172279 0.198218 0.529407 1.50011 -0.357527 -0.595103 -0.926641 2.3226 -0.821094 -0.659935 0.711568 -0.45208 -0.0861417 -0.818019 -1.33492 1.51977 1.21282 -0.312255 2.87099 0.0104434 -0.290633 0.859583 -0.865741 0.0292607 -0.0844569 -0.794747 -0.371755
internal_weight=1728 108 1620 396 132 120 72 264 216 48 48 192 168 48 144 72 72 48 24 24 36 36 1224 72 24 48 1152 384 108 84
internal_count=1728 108 1620 396 132 120 72 264 216 48 48 192 168 48 144 72 72 48 24 24 36 36 1224 72 24 48 1152 384 108 84
is_linear=0
shrinkage=0.05


Tree=187
num_leaves=31
num_cat=0
split_feature=0 0 6 6 6 4 2 1 4 0 2 2 3 0 2 2 0 2 2 6 2 6 0 0 2 2 0 6 6 2
split_gain=11452.7 5738.68 4747.44 2759.97 2471.21 4228.51 10253.4 12429.5 8132.15 9575.6 6212.41 12079.7 7148.19 7008.57 5764.28 5138.62 4550.61 4227.61 4005.03 24412.3 7952.92 30985.9 12478.3 8615.33 4846.58 10662.2 5689.3 48322.6 13676.3 5177.16
threshold=1182183.7235000001 256199.82050000003 0.15000000000000005 0.25000000000000006 0.25000000000000006 56.118500000000004 50.303500000000007 10484.007500000002 16.995000000000005 16052.3765 78.163500000000013 76.349000000000018 33.753000000000007 137286.37700000001 25.045500000000004 53.76550000000001 121294.55000000002 49.048000000000009 106.31000000000002 0.15000000000000005 81.107000000000014 0.15000000000000005 137286.37700000001 137286.37700000001 76.349000000000018 74.89200000000001 45843.734500000013 0.15000000000000005 0.15000000000000005 66.080000000000013
decision_type=2 2 2 2 2 2 2 2 2 2 2 2 2 2 2 2 2 2 2 2 2 2 2 2 2 2 2 2 2 2
left_child=1 4 -3 -2 18 8 7 -7 9 -6 11 12 -10 -12 -9 -11 17 -16 20 -20 24 22 -22 -23 25 29 27 -26 -28 -1
right_child=3 2 -4 -5 5 6 -8 14 10 15 13 -13 -14 -15 16 -17 -18 -19 19 -21 21 23 -24 -25 26 -27 28 -29 -30 -31
leaf_value=0.019707497810324034 1.1920382499694824 0.44110629790359079 0.035099417633480498 0.26333482265472413 -1.0514346228705513 -0.83110134601593022 -1.0977788766225181 -0.27250106483697895 0.77654776473840081 -0.49002073407173158 -0.69584897359212239 1.8734680175781251 -0.086356404175361001 0.40722236633300785 0.95125624338785808 0.54465084075927739 -0.40826358795166018 -0.13241223096847535 0.66698475480079655 -1.5882065296173096 -1.8419794082641603 2.6428836822509769 0.13272803574800493 1.002063512802124 -2.223287773132324 1.0310378710428874 0.12515182495117186 2.2638507843017575 -2.2619911193847653 -0.34005495548248293
leaf_weight=600 24 108 216 11.999999999999998 36 48 36 48 36 24 36 11.999999999999998 72 24 36 24 11.999999999999998 11.999999999999998 24 24 11.999999999999998 11.999999999999998 24 24 12 24 12 12 12 120
leaf_count=600 24 108 216 12 36 48 36 48 36 24 36 12 72 24 36 24 12 12 24 24 12 12 24 24 12 24 12 12 12 120
internal_value=-1.26073e-09 -0.018776 0.170435 0.88247 -0.0635891 -0.158627 -0.337166 -0.16164 -0.0287806 -0.435006 0.160791 0.368497 0.201278 -0.25462 0.135899 0.0273151 0.462619 0.680339 -0.0160701 -0.460611 0.00862656 0.511748 -0.525508 1.549 -0.0371117 -0.00569514 -0.524069 0.0202815 -1.06842 -0.0402529
internal_weight=1728 1692 324 36 1368 456 192 156 264 84 180 120 108 60 108 48 60 48 912 48 864 72 36 36 792 744 48 24 24 720
internal_count=1728 1692 324 36 1368 456 192 156 264 84 180 120 108 60 108 48 60 48 912 48 864 72 36 36 792 744 48 24 24 720
is_linear=0
shrinkage=0.05


Tree=188
num_leaves=31
num_cat=0
split_feature=0 0 6 6 3 2 4 6 0 4 3 6 3 3 1 6 4 2 1 4 0 2 2 3 0 3 2 0 0 0
split_gain=10336 5179.16 4284.56 2490.87 2467.52 2389.76 2388.3 5066.78 8329.24 7038.32 6000.27 4561.19 5554.55 5132.19 4171.39 2230.27 3816.23 9253.67 11217.6 7339.27 8641.98 5606.7 10901.9 6451.25 6325.24 5215.17 4637.6 4110.75 3984.67 3861.41
threshold=1182183.7235000001 256199.82050000003 0.15000000000000005 0.25000000000000006 83.933000000000007 71.424500000000009 71.970000000000013 0.25000000000000006 388286.60400000011 80.169000000000011 111.79500000000002 0.25000000000000006 107.29100000000001 107.29100000000001 55820.384000000005 0.25000000000000006 56.118500000000004 50.303500000000007 10484.007500000002 16.995000000000005 16052.3765 78.163500000000013 76.349000000000018 33.753000000000007 137286.37700000001 48.804500000000012 53.76550000000001 121294.55000000002 12036.576500000001 27705.340000000004
decision_type=2 2 2 2 2 2 2 2 2 2 2 2 2 2 2 2 2 2 2 2 2 2 2 2 2 2 2 2 2 2
left_child=1 15 4 -2 -3 -6 11 9 -9 -8 -11 12 -4 -13 -10 -1 19 18 -18 20 28 22 23 29 -23 27 -22 -20 -17 -21
right_child=3 2 6 -5 5 -7 7 8 14 10 -12 13 -14 -15 -16 16 17 -19 25 21 26 24 -24 -25 -26 -27 -28 -29 -30 -31
leaf_value=-0.015266635612045465 1.1324363231658936 -0.028067039698362353 -0.80772271156311037 0.2501680850982666 -0.10645649433135987 0.65567489465077722 1.5900243759155275 1.0353768348693848 -0.90351190567016604 -0.32285011708736422 0.79520945549011235 0.49060331583023076 0.43442487716674805 -0.70338492393493657 0.028711059689521791 -0.62689986228942873 -0.789546275138855 -1.0428899606068931 0.64680333733558659 1.1038852453231811 -0.46551969647407532 -0.66105653444925949 1.7797946929931641 -0.082038579881191259 0.38686123788356785 -0.25935716629028321 0.51741828918457033 -0.38785040378570557 -1.7427890141805014 0.005390625819563866
leaf_weight=912 24 24 36 11.999999999999998 11.999999999999998 72 11.999999999999998 11.999999999999998 24 24 24 36 11.999999999999998 11.999999999999998 24 24 48 36 48 24 24 36 11.999999999999998 72 24 48 24 11.999999999999998 11.999999999999998 11.999999999999998
leaf_count=912 24 24 36 12 12 72 12 12 24 24 24 36 12 12 24 24 48 36 48 24 24 36 12 72 24 48 24 12 12 12
internal_value=8.89068e-10 -0.0178372 0.161913 0.838347 0.419051 0.546799 0.0333444 0.182052 -0.142845 0.506949 0.23618 -0.15254 -0.497186 0.192106 -0.4374 -0.0604096 -0.150696 -0.320308 -0.153558 -0.0273416 -0.413256 0.152752 0.350072 0.191214 -0.241889 0.129104 0.0259493 0.439873 -0.998863 0.73772
internal_weight=1728 1692 324 36 108 84 216 120 60 60 48 96 48 48 48 1368 456 192 156 264 84 180 120 108 60 108 48 60 36 36
internal_count=1728 1692 324 36 108 84 216 120 60 60 48 96 48 48 48 1368 456 192 156 264 84 180 120 108 60 108 48 60 36 36
is_linear=0
shrinkage=0.05


Tree=189
num_leaves=31
num_cat=0
split_feature=0 0 6 6 3 4 6 0 0 6 6 0 0 4 0 1 4 2 6 0 4 1 2 6 6 2 3 0 4 2
split_gain=9328.26 4674.19 3866.82 2248.01 2226.93 2220.41 35299.6 10521.5 8860.36 3927.89 3328.37 27199.4 86129.9 27047.4 19734 32166.1 19925.2 26225.3 27264.1 21334.6 46032.6 19695.8 18964 14255.7 13226.4 12607.4 31877.9 11841.3 11761.4 14113
threshold=1182183.7235000001 256199.82050000003 0.15000000000000005 0.25000000000000006 83.933000000000007 8.3360000000000021 0.15000000000000005 16052.3765 16052.3765 0.25000000000000006 0.15000000000000005 19740.918500000003 12036.576500000001 46.048000000000009 31159.647000000004 2158.8095000000008 56.118500000000004 106.31000000000002 0.25000000000000006 41777.992500000008 28.488500000000005 2158.8095000000008 106.31000000000002 0.25000000000000006 0.25000000000000006 78.163500000000013 72.187000000000026 4747.4170000000004 137.47000000000003 11.119000000000002
decision_type=2 2 2 2 2 2 2 2 2 2 2 2 2 2 2 2 2 2 2 2 2 2 2 2 2 2 2 2 2 2
left_child=1 5 4 -2 -3 6 7 -1 -8 -10 11 12 21 22 15 -12 17 18 19 -16 -21 27 25 -17 -19 26 -13 -7 29 -15
right_child=3 2 -4 -5 -6 10 8 -9 9 -11 14 13 -14 28 16 23 -18 24 -20 20 -22 -23 -24 -25 -26 -27 -28 -29 -30 -31
leaf_value=-0.84643554687499989 1.0758144855499268 -0.026663688570261003 0.031677222583029012 0.23765966892242432 0.51945902449744086 -0.410300064086914 -0.22412801980972291 -2.9402244567871092 1.7741666793823239 0.49486203193664546 0.67335204482078559 -1.3547509574890138 2.7272150463528106 1.6430093765258791 2.1695992787679037 -1.2046030536293983 -0.19279063083231451 -1.5080328941345216 0.052273376782735193 -2.1481283187866214 1.2442372099558514 0.50474188327789304 0.63439884781837463 -0.34292667453798154 0.15193670988082886 -1.9302386283874513 0.52726725737253832 -2.6315288543701172 0.83452294031778984 -0.1479403172026981
leaf_weight=12 24 24 216 11.999999999999998 84 12 24 12 12 12 48 60 36 11.999999999999998 36 96 360 24 108 11.999999999999998 60 24 24 96 24 24 36 12 60 132
leaf_count=12 24 24 216 12 84 12 24 12 12 12 48 60 36 12 36 96 360 24 108 12 60 24 24 96 24 24 36 12 60 132
internal_value=8.83894e-10 -0.0169453 0.153818 0.79643 0.398098 -0.0573892 -0.327648 -1.89333 0.455193 1.13451 -0.0423748 0.070943 0.878471 -0.123978 -0.0990337 -0.484341 0.0491616 0.379097 0.614018 1.17576 0.678843 -0.508086 -0.648636 -0.773765 -0.678048 -0.905243 -0.648994 -1.52091 0.246369 0.00130549
internal_weight=1728 1692 324 36 108 1368 72 24 48 24 1296 432 84 348 864 240 624 264 216 108 72 48 144 192 48 120 96 24 204 144
internal_count=1728 1692 324 36 108 1368 72 24 48 24 1296 432 84 348 864 240 624 264 216 108 72 48 144 192 48 120 96 24 204 144
is_linear=0
shrinkage=0.05


Tree=190
num_leaves=31
num_cat=0
split_feature=0 6 0 6 4 0 0 4 0 1 1 0 1 6 0 3 0 6 6 0 0 2 6 6 0 6 4 2 2 4
split_gain=8460.94 5999.08 3010.19 7663.66 46835.6 61840.9 26772 22533.7 17672.3 16485.7 23193 14010.3 13284.5 12046.8 11511.5 10614.9 10045.1 4684.61 3544.92 3014.69 2814.63 2416.74 15949.4 6615.04 5868.43 2141.38 21057.5 25789 16107.2 13734.2
threshold=840329.43250000023 0.25000000000000006 22666.579000000002 0.15000000000000005 6.4535000000000009 7391.9660000000013 19740.918500000003 82.975500000000011 4747.4170000000004 7848.9580000000014 2158.8095000000008 12036.576500000001 5600.7615000000014 0.25000000000000006 7391.9660000000013 33.753000000000007 4747.4170000000004 0.25000000000000006 0.25000000000000006 18495.691000000003 3923.9490000000001 17.543500000000005 0.15000000000000005 0.25000000000000006 74959.462500000009 0.15000000000000005 137.47000000000003 68.52800000000002 67.669000000000025 22.396000000000004
decision_type=2 2 2 2 2 2 2 2 2 2 2 2 2 2 2 2 2 2 2 2 2 2 2 2 2 2 2 2 2 2
left_child=2 -2 3 4 -1 8 11 9 20 10 16 -7 13 14 -12 -15 -5 -18 -11 -13 -6 22 24 -24 -4 26 27 28 -23 -29
right_child=1 -3 21 7 5 6 -8 -9 -10 18 12 19 -14 15 -16 -17 17 -19 -20 -21 -22 25 23 -25 -26 -27 -28 29 -30 -31
leaf_value=-2.7932132720947269 0.69200532039006557 -0.098503808180491134 -0.0028480764478445051 -0.083627331256866458 -0.59694941043853766 0.61810441017150886 -0.54276490211486816 -1.7726582527160646 -2.4999523162841797 1.685458183288574 -0.067406773567199707 3.2379296620686855 -1.7032753666241964 1.416420078277588 -1.4811011314392091 -0.2461982421576977 2.0615518569946287 0.66444063186645508 0.47011895179748531 2.2673165321350099 0.34090511798858647 -0.57046495350924409 -1.3865986347198487 -0.2126594126224518 1.5608589172363281 0.072379217237572777 0.79279681046803796 -0.96358506977558145 -2.4837656021118164 0.31509443042533741
leaf_weight=11.999999999999998 72 36 12 24 24 11.999999999999998 11.999999999999998 24 11.999999999999998 12 24 11.999999999999998 24 11.999999999999998 36 48 12 12 12 24 11.999999999999998 132 24 24 12 792 60 24 11.999999999999998 168
leaf_count=12 72 36 12 24 24 12 12 24 12 12 24 12 24 12 36 48 12 12 12 24 12 132 24 24 12 792 60 24 12 168
internal_value=1.83117e-09 0.428502 -0.0285668 -0.156077 0.170174 0.49944 1.56958 -0.319202 -0.838237 -0.157707 -0.312144 2.09767 -0.62942 -0.414649 -0.915623 0.0863254 0.639684 1.363 1.07779 2.59085 -0.284331 0.00786456 -0.273418 -0.799629 0.779005 0.024912 -0.0700226 -0.224097 -0.729907 0.155259
internal_weight=1728 108 1620 360 120 108 60 240 48 216 192 48 144 120 60 60 48 24 24 36 36 1260 72 48 24 1188 396 336 144 192
internal_count=1728 108 1620 360 120 108 60 240 48 216 192 48 144 120 60 60 48 24 24 36 36 1260 72 48 24 1188 396 336 144 192
is_linear=0
shrinkage=0.05


Tree=191
num_leaves=31
num_cat=0
split_feature=0 0 6 0 2 0 6 0 2 1 0 6 0 4 6 6 3 3 2 1 2 2 0 0 0 4 6 0 0 6
split_gain=7948.71 3754.39 4679.39 3624.43 4202.76 2669.97 1929.01 1909.98 1967.41 1612.23 3898.1 3732.8 2722.62 2309.69 11299.1 10041.4 9162.64 6383.08 4414.83 4203.14 3760.6 3490.41 3851.51 2615.53 2474.9 1585.21 28854.3 8476.12 7249.89 3199.29
threshold=1182183.7235000001 100590.71350000003 0.15000000000000005 121294.55000000002 68.52800000000002 145818.27200000003 0.15000000000000005 507657.76500000007 84.771000000000015 19012.117000000002 164842.97150000001 0.25000000000000006 153655.73400000003 71.970000000000013 0.25000000000000006 0.25000000000000006 43.144500000000008 43.144500000000008 113.36550000000001 55820.384000000005 127.01650000000002 113.36550000000001 573241.87500000012 573241.87500000012 1048200.1775000001 8.3360000000000021 0.15000000000000005 16052.3765 16052.3765 0.25000000000000006
decision_type=2 2 2 2 2 2 2 2 2 2 2 2 2 2 2 2 2 2 2 2 2 2 2 2 2 2 2 2 2 2
left_child=1 25 3 -3 5 -5 -2 8 -6 12 11 -11 -4 15 17 21 -16 -15 23 -18 24 22 -12 -17 -19 26 27 -1 -28 -30
right_child=6 2 9 4 7 -7 -8 -9 -10 10 13 -13 -14 14 16 18 19 20 -20 -21 -22 -23 -24 -25 -26 -27 28 -29 29 -31
leaf_value=-0.77426633834838865 1.2527914047241211 1.1218378067016601 -0.039913427829742436 0.46685285568237306 0.48670866489410403 -0.39434244831403098 0.47637872695922856 0.57665617942810055 -0.0022642311407253149 1.2764571189880369 -0.68958489894866948 0.029327598214149472 -0.65484590530395514 -0.54826025962829594 0.97840518951416022 0.23065752387046815 -0.78405072689056399 0.69626965522766116 0.80477812290191653 0.026344764232635501 1.5053203582763672 -1.1023334503173829 0.40750079154968266 -0.67341847419738776 -0.106541907787323 -0.055519007356275643 -0.20508151054382326 -2.6535526275634762 1.6011854171752926 0.44661302566528316
leaf_weight=12 11.999999999999998 11.999999999999998 72 11.999999999999998 36 36 24 60 48 12 24 12 24 11.999999999999998 11.999999999999998 24 48 48 24 24 11.999999999999998 24 11.999999999999998 11.999999999999998 11.999999999999998 1008 24 12 12 12
leaf_count=12 12 12 72 12 36 36 24 60 48 12 24 12 24 12 12 24 48 48 24 24 12 24 12 12 12 1008 24 12 12 12
internal_value=-1.00397e-09 -0.0156422 0.0832987 0.278824 0.226136 -0.179044 0.735183 0.361196 0.207296 -0.0144642 0.0406689 0.652892 -0.193647 -0.0103498 0.109321 -0.177888 -0.30073 0.519371 0.279491 -0.513919 0.69731 -0.635267 -0.32389 -0.0707011 0.535707 -0.0717087 -0.298364 -1.71391 0.409409 1.0239
internal_weight=1728 1692 612 204 192 48 36 144 84 408 312 24 96 288 168 120 84 84 60 72 72 60 36 36 60 1080 72 24 48 24
internal_count=1728 1692 612 204 192 48 36 144 84 408 312 24 96 288 168 120 84 84 60 72 72 60 36 36 60 1080 72 24 48 24
is_linear=0
shrinkage=0.05


Tree=192
num_leaves=31
num_cat=0
split_feature=0 0 6 6 2 6 2 6 0 0 2 2 0 6 6 2 6 4 2 2 2 6 1 1 0 2 4 2 0 0
split_gain=7173.71 3416.2 3010.4 1978.54 3028.54 19734.3 6153.18 25522.3 10047.6 7937.47 4048.99 8506.3 4991.25 38515.1 10805.7 3700.57 17113.7 38959.6 15698.2 10182.5 5317.69 4129.48 22521.6 18926.9 23582.8 19242 25103.4 18062.6 14679.7 11028.8
threshold=1182183.7235000001 256199.82050000003 0.15000000000000005 0.25000000000000006 106.31000000000002 0.15000000000000005 81.107000000000014 0.15000000000000005 137286.37700000001 137286.37700000001 76.349000000000018 74.89200000000001 45843.734500000013 0.15000000000000005 0.15000000000000005 66.080000000000013 0.15000000000000005 43.561500000000002 68.52800000000002 57.764500000000005 68.52800000000002 0.15000000000000005 2158.8095000000008 2158.8095000000008 22666.579000000002 17.543500000000005 137.47000000000003 53.76550000000001 7391.9660000000013 37405.976000000002
decision_type=2 2 2 2 2 2 2 2 2 2 2 2 2 2 2 2 2 2 2 2 2 2 2 2 2 2 2 2 2 2
left_child=1 3 -3 4 6 -6 10 8 -8 -9 11 15 13 -12 -14 19 17 -17 -18 21 -19 22 -1 -23 28 -26 -27 29 -25 -24
right_child=-2 2 -4 -5 5 -7 7 9 -10 -11 12 -13 14 -15 -16 16 18 20 -20 -21 -22 23 27 24 25 26 -28 -29 -30 -31
leaf_value=-1.364670240879059 0.69842382272084558 0.34666444523673923 0.023357154263390436 -0.13447414826144252 0.6203357517719269 -1.4073038578033448 -1.6655838012695314 2.4484479904174807 0.10638614892959596 0.8735003709793091 -1.9638929367065427 0.92905079523722334 0.080315434932708735 2.0420986175537106 -2.0415649414062496 -2.4388381958007814 0.97616400718688967 -0.69750351905822761 -0.67470939159393317 0.72137807210286464 0.59159588813781738 1.1670579195022583 0.74804886579513552 -0.057521414756774907 -1.3144927501678467 0.7077105969190598 -0.5960196251794696 -1.654833221435547 -1.5720211029052735 0.056181160593081994
leaf_weight=24 36 108 216 456 24 24 11.999999999999998 11.999999999999998 24 24 12 24 12 12 12 24 36 11.999999999999998 24 48 24 24 96 24 24 96 60 11.999999999999998 48 144
leaf_count=24 36 108 216 456 24 24 12 12 24 24 12 24 12 12 12 24 36 12 24 48 24 24 96 24 24 96 60 12 48 144
internal_value=-2.15608e-09 -0.0148601 0.131126 -0.0494358 -0.00691662 -0.393484 0.0145594 0.457106 -0.484271 1.39848 -0.0256722 0.00304322 -0.470761 0.0391028 -0.980625 -0.0278237 -0.281291 -0.878398 0.315815 0.0228699 0.161896 -0.03787 0.0988866 -0.174627 -0.302406 0.00350674 0.206276 0.238273 -1.06719 0.332928
internal_weight=1728 1692 324 1368 912 48 864 72 36 36 792 744 48 24 24 720 120 60 60 600 36 552 276 276 252 180 156 252 72 240
internal_count=1728 1692 324 1368 912 48 864 72 36 36 792 744 48 24 24 720 120 60 60 600 36 552 276 276 252 180 156 252 72 240
is_linear=0
shrinkage=0.05


Tree=193
num_leaves=31
num_cat=0
split_feature=0 0 6 4 6 0 4 3 6 3 3 1 3 6 2 3 3 2 2 2 4 0 2 1 0 0 3 2 6 2
split_gain=6474.27 3083.12 2716.88 1863.92 3949.48 6762 5862.55 4905.92 3708.05 4502.2 4195.28 3428.07 1854.66 1785.64 3018.47 5516.71 15232 3502.76 9927.87 7058.76 7963.06 6088.91 5408.55 4951.79 4722.72 4294.23 3097.77 2733.25 17810.2 5553.24
threshold=1182183.7235000001 256199.82050000003 0.15000000000000005 71.970000000000013 0.25000000000000006 388286.60400000011 80.169000000000011 111.79500000000002 0.25000000000000006 107.29100000000001 107.29100000000001 55820.384000000005 83.933000000000007 0.25000000000000006 113.36550000000001 78.015500000000017 76.597500000000011 50.303500000000007 45.337500000000006 66.080000000000013 14.624000000000001 68725.196500000005 49.048000000000009 2158.8095000000008 47382.240000000013 121294.55000000002 85.117000000000004 106.31000000000002 0.15000000000000005 81.107000000000014
decision_type=2 2 2 2 2 2 2 2 2 2 2 2 2 2 2 2 2 2 2 2 2 2 2 2 2 2 2 2 2 2
left_child=1 13 12 8 6 -6 -5 -8 9 -4 -10 -7 -3 27 15 16 17 18 21 20 -19 23 -20 -15 -21 -23 -17 29 -29 -1
right_child=-2 2 3 4 5 11 7 -9 10 -11 -12 -13 -14 14 -16 26 -18 19 22 24 -22 25 -24 -25 -26 -27 -28 28 -30 -31
leaf_value=-0.024388569105190761 0.66350261767705287 -0.05830523744225502 -0.7323488394419353 1.4288865089416505 0.92831707000732422 -0.82123234272003176 -0.31219887733459473 0.69877414703369145 0.43860092957814534 0.3859579086303711 -0.6409153938293457 0.023859667778015139 0.44008449741772249 0.64071826934814458 0.6547451496124268 -0.85113774935404463 1.6940719604492189 -0.013991093635559082 1.2027629375457765 0.31528609916567807 -1.1897781954871285 0.80470652580261237 -0.097303527593612674 -0.42991108828120767 -0.44230355421702072 -0.35371792316436768 -0.26445469677448274 0.58931899070739746 -1.3369386672973633 0.43425089915593462
leaf_weight=792 36 24 36 11.999999999999998 11.999999999999998 24 24 24 36 11.999999999999998 11.999999999999998 24 84 11.999999999999998 11.999999999999998 36 11.999999999999998 24 24 48 36 24 11.999999999999998 108 36 11.999999999999998 60 24 24 72
leaf_count=792 36 24 36 12 12 24 24 24 36 12 12 24 84 12 12 36 12 24 24 48 36 24 12 108 36 12 60 24 24 72
internal_value=1.27583e-09 -0.0141171 0.12457 0.0221893 0.153561 -0.133286 0.440407 0.193288 -0.142025 -0.452772 0.168722 -0.398686 0.329331 -0.046964 -0.12775 -0.148899 -0.0563302 -0.118845 0.0209647 -0.305257 -0.719463 -0.151753 0.769407 -0.322848 -0.00939518 0.418565 -0.484461 -0.00657078 -0.37381 0.0138314
internal_weight=1728 1692 324 216 120 60 60 48 96 48 48 48 108 1368 456 444 348 336 192 144 60 156 36 120 84 36 96 912 48 864
internal_count=1728 1692 324 216 120 60 60 48 96 48 48 48 108 1368 456 444 348 336 192 144 60 156 36 120 84 36 96 912 48 864
is_linear=0
shrinkage=0.05


Tree=194
num_leaves=31
num_cat=0
split_feature=0 6 6 2 6 2 0 1 0 4 3 0 4 0 4 0 2 4 0 1 0 6 0 0 0 1 0 0 0 6
split_gain=5968.19 3622.08 2354.14 4225.96 4523.8 4018.45 3275.45 8669.95 4953.1 13108.1 6722.83 8603.85 4750.22 4580.22 4219 6017.05 3426.08 3200.72 2650.78 2645.2 9419.24 5321.46 47218.6 31980.1 12115.3 10026.9 9744.71 4560.95 3877.6 54353.5
threshold=684755.53550000011 0.15000000000000005 0.25000000000000006 127.01650000000002 0.15000000000000005 127.01650000000002 19740.918500000003 7047.768500000001 37405.976000000002 28.488500000000005 48.804500000000012 68725.196500000005 133.21950000000004 19563.351500000001 15.803000000000003 16052.3765 50.303500000000007 38.12850000000001 12036.576500000001 5600.7615000000014 19740.918500000003 0.15000000000000005 18495.691000000003 7391.9660000000013 4747.4170000000004 2158.8095000000008 4747.4170000000004 3923.9490000000001 16052.3765 0.15000000000000005
decision_type=2 2 2 2 2 2 2 2 2 2 2 2 2 2 2 2 2 2 2 2 2 2 2 2 2 2 2 2 2 2
left_child=2 -2 3 19 -5 6 13 -8 -9 -10 11 -11 17 14 15 18 -14 -12 -4 20 21 22 25 24 -23 26 -1 -27 29 -21
right_child=1 -3 5 4 -6 -7 7 8 9 10 12 -13 16 -15 -16 -17 -18 -19 -20 28 -22 23 -24 -25 -26 27 -28 -29 -30 -31
leaf_value=-0.28770871162414546 0.66282405853271487 0.13087021633982659 -0.57420353889465336 -0.01548105180263519 1.3574421882629393 -1.0187367439270021 0.89357993602752694 -0.50328590840101251 1.1156881093978883 -0.36472380956014 0.38523079156875611 0.6130201101303101 -0.09243835210800172 -1.2590058326721192 0.10855319052934648 0.41524176597595219 -1.1271609306335451 -0.23844877233107886 -1.4843509038289389 3.0439597447713211 -1.0941706657409669 0.069626736640930179 2.1205435752868653 -1.4431648572285971 1.9041168212890627 -0.77173604965209963 -2.3027257919311519 0.42212247848510742 0.019678683247070249 -1.7149572372436521
leaf_weight=12 48 96 24 12 12 11.999999999999998 24 60 24 36 24 60 11.999999999999998 11.999999999999998 48 11.999999999999998 24 144 11.999999999999998 12 24 36 24 36 11.999999999999998 11.999999999999998 12 24 816 12
leaf_count=12 48 96 24 12 12 12 24 60 24 36 24 60 12 12 48 12 24 144 12 12 24 36 24 36 12 12 12 24 816 12
internal_value=3.43404e-09 0.308188 -0.0280171 0.0150845 0.670981 -0.11422 -0.0931851 -0.028372 -0.085994 -0.00871772 -0.0986702 0.246366 -0.26104 -0.338034 -0.222913 -0.554379 -0.782253 -0.149352 -0.877586 -0.000168888 -0.167605 -0.0352383 0.246166 -0.316643 0.528249 -0.503585 -1.29522 0.0241696 0.0381022 0.664501
internal_weight=1728 144 1584 1056 24 528 516 408 384 324 300 96 204 108 96 48 36 168 36 1032 192 168 84 84 48 60 24 36 840 24
internal_count=1728 144 1584 1056 24 528 516 408 384 324 300 96 204 108 96 48 36 168 36 1032 192 168 84 84 48 60 24 36 840 24
is_linear=0
shrinkage=0.05


Tree=195
num_leaves=31
num_cat=0
split_feature=0 0 6 6 4 6 3 3 6 0 0 0 1 3 2 4 6 0 0 6 6 4 4 2 0 0 4 0 3 0
split_gain=5560.84 2543.08 2302.1 1677.42 1577.86 3457.14 4077.42 3740.93 3302.45 5692.61 4959.77 3340.06 2945.31 1571.78 1528.85 1515 24327.4 6657.72 5803.48 2789.38 1951.35 3601.68 6608.05 7098.81 6683.78 6060.85 5841.48 4746.23 3948.83 8441.24
threshold=1182183.7235000001 256199.82050000003 0.15000000000000005 0.25000000000000006 71.970000000000013 0.25000000000000006 107.29100000000001 107.29100000000001 0.25000000000000006 388286.60400000011 388286.60400000011 1048200.1775000001 55820.384000000005 83.933000000000007 71.424500000000009 8.3360000000000021 0.15000000000000005 16052.3765 16052.3765 0.25000000000000006 0.25000000000000006 15.803000000000003 43.561500000000002 78.163500000000013 45843.734500000013 31159.647000000004 33.389500000000005 164842.97150000001 50.303500000000007 68725.196500000005
decision_type=2 2 2 2 2 2 2 2 2 2 2 2 2 2 2 2 2 2 2 2 2 2 2 2 2 2 2 2 2 2
left_child=1 15 13 -2 5 6 -4 -7 10 -10 -6 -12 -11 -3 -15 16 17 -1 -18 -20 -17 25 23 24 26 -22 -23 -25 29 -24
right_child=3 2 4 -5 8 7 -8 -9 9 12 11 -13 -14 14 -16 20 18 -19 19 -21 21 22 28 27 -26 -27 -28 -29 -30 -31
leaf_value=-0.733149242401123 0.85625555515289309 -0.055494916439056401 -0.69856851895650229 0.13224310874938966 -0.50738911628723149 0.42243799765904744 0.36567606925964358 -0.59694719314575195 0.85125017166137695 -0.75797410011291511 0.86990448633829753 -0.093316233158111578 0.025356148183345795 -0.11918762922286988 0.49039837519327806 0.01287007052710073 -0.16605561971664429 -2.3986976623535154 1.4725533485412596 0.39447965621948239 -0.85000392066107866 0.02837885141372681 -0.40844919433196386 -0.58199181556701662 1.5535839080810547 0.44752025604248047 0.95135369300842287 0.56622347831726072 -0.45111917787128031 0.39455578207969666
leaf_weight=12 24 24 36 11.999999999999998 11.999999999999998 36 11.999999999999998 11.999999999999998 11.999999999999998 24 36 11.999999999999998 24 11.999999999999998 72 864 24 12 12 12 36 60 72 36 11.999999999999998 11.999999999999998 24 11.999999999999998 108 60
leaf_count=12 24 24 36 12 12 36 12 12 12 24 36 12 24 12 72 864 24 12 12 12 36 60 72 36 12 12 24 12 108 60
internal_value=-9.95567e-10 -0.0130834 0.112873 0.614918 0.0186311 -0.132458 -0.432507 0.167592 0.139502 -0.122797 0.401802 0.629099 -0.366309 0.301357 0.403315 -0.0429151 -0.266154 -1.56592 0.38373 0.933517 -0.030513 -0.117279 -0.0662361 0.201536 0.449773 -0.525623 0.292086 -0.294938 -0.226899 -0.0434469
internal_weight=1728 1692 324 36 216 96 48 48 120 60 60 48 48 108 84 1368 72 24 48 24 1296 432 384 144 96 48 84 48 240 132
internal_count=1728 1692 324 36 216 96 48 48 120 60 60 48 48 108 84 1368 72 24 48 24 1296 432 384 144 96 48 84 48 240 132
is_linear=0
shrinkage=0.05


Tree=196
num_leaves=31
num_cat=0
split_feature=0 0 6 0 2 0 6 1 0 6 0 4 6 6 3 3 2 3 0 2 0 0 2 3 4 4 6 6 0 0
split_gain=5018.66 2320.65 3142.52 3572.38 3046.25 2396.82 1536.33 1492.21 3446.5 2713.63 1913.48 1723.86 7871.87 7277.63 6259.54 4719 3227.78 2971.46 2644.67 2607.55 2786.19 1818.9 1632.42 1339.45 1325.54 6789.61 6701.36 11233.4 9822.02 6713.18
threshold=1182183.7235000001 100590.71350000003 0.15000000000000005 121294.55000000002 68.52800000000002 145818.27200000003 0.15000000000000005 19012.117000000002 164842.97150000001 0.25000000000000006 153655.73400000003 71.970000000000013 0.25000000000000006 0.25000000000000006 43.144500000000008 43.144500000000008 113.36550000000001 95.222000000000023 1048200.1775000001 113.36550000000001 573241.87500000012 573241.87500000012 127.01650000000002 68.52800000000002 33.389500000000005 25.389500000000002 0.25000000000000006 0.15000000000000005 41777.992500000008 41777.992500000008
decision_type=2 2 2 2 2 2 2 2 2 2 2 2 2 2 2 2 2 2 2 2 2 2 2 2 2 2 2 2 2 2
left_child=1 24 3 -3 5 -5 -2 10 9 -9 -4 13 15 19 -14 -13 21 -16 22 20 -10 -15 -17 -6 25 -1 27 28 -27 -29
right_child=6 2 7 4 23 -7 -8 8 11 -11 -12 12 14 16 17 18 -18 -19 -20 -21 -22 -23 -24 -25 -26 26 -28 29 -30 -31
leaf_value=-0.07437054677443071 1.0461015701293945 1.0625288009643554 -0.058261406421661381 0.44029316902160648 -0.052720167860388759 -0.37566262086232505 0.35320749282836916 1.1456192970275878 -0.58571159839630127 0.082286053895950312 -0.57378120422363288 -0.48201961517333985 0.80868768692016602 0.18682727813720704 -0.87902894020080569 0.59407126903533936 0.68410303592681887 -0.19764013662934304 -0.08865041732788087 -0.94750714302062988 0.34739227294921876 -0.56709985733032231 1.2460747718811036 0.35646403849124914 -0.10494868221869268 -0.98183784484863268 -0.22871328890323639 2.3956949234008786 1.0411566734313964 0.72322386105855296
leaf_weight=396 11.999999999999998 11.999999999999998 72 11.999999999999998 24 36 24 12 24 12 24 11.999999999999998 11.999999999999998 24 24 48 24 48 11.999999999999998 24 11.999999999999998 11.999999999999998 11.999999999999998 120 612 12 24 12 12 12
leaf_count=396 12 12 72 12 24 36 24 12 24 12 24 12 12 24 24 48 24 48 12 24 12 12 12 120 612 12 24 12 12 12
internal_value=3.56145e-10 -0.0124292 0.0653585 0.22559 0.173282 -0.171674 0.584172 -0.0147574 0.0382838 0.613953 -0.187141 -0.00968856 0.0936971 -0.154428 -0.248562 0.435956 0.234952 -0.42477 0.588952 -0.543809 -0.274677 -0.0644818 0.724472 0.288267 -0.0565089 0.00683546 0.453469 0.794559 0.0296594 1.55946
internal_weight=1728 1692 612 204 192 48 36 408 312 24 96 288 168 120 84 84 60 72 72 60 36 36 60 144 1080 468 72 48 24 24
internal_count=1728 1692 612 204 192 48 36 408 312 24 96 288 168 120 84 84 60 72 72 60 36 36 60 144 1080 468 72 48 24 24
is_linear=0
shrinkage=0.05


Tree=197
num_leaves=31
num_cat=0
split_feature=0 6 0 6 4 1 4 3 4 1 1 1 6 0 0 0 3 0 6 0 0 6 1 6 0 4 4 6 3 0
split_gain=4543.67 3611.97 1795.31 6579.87 33338.9 42724.5 17479.1 17491 17312.3 12139.5 16668 10668.6 8955.23 8794.6 8376.56 7778.95 7476.01 6008.6 3493.15 3279.84 2560.86 2517.42 1586.5 5148.18 22859.2 17565.7 13566.7 16435.2 10361.5 7751.54
threshold=840329.43250000023 0.25000000000000006 22666.579000000002 0.15000000000000005 10.340000000000002 2158.8095000000008 17.934000000000005 30.154500000000002 82.975500000000011 2158.8095000000008 7848.9580000000014 5600.7615000000014 0.25000000000000006 4747.4170000000004 7391.9660000000013 4747.4170000000004 33.753000000000007 16052.3765 0.25000000000000006 18495.691000000003 19740.918500000003 0.25000000000000006 10129.240500000002 0.15000000000000005 44158.321000000004 28.488500000000005 49.236500000000007 0.25000000000000006 67.669000000000025 31159.647000000004
decision_type=2 2 2 2 2 2 2 2 2 2 2 2 2 2 2 2 2 2 2 2 2 2 2 2 2 2 2 2 2 2
left_child=2 -2 3 4 17 13 19 -8 9 15 11 12 14 -6 -11 -5 -14 -1 -17 -7 -9 -12 23 24 25 29 27 28 -25 -4
right_child=1 -3 22 8 5 6 7 20 -10 10 21 -13 16 -15 -16 18 -18 -19 -20 -21 -22 -23 -24 26 -26 -27 -28 -29 -30 -31
leaf_value=-0.69277324676513663 0.51847598254680638 -0.094913689295450854 0.30562882423400883 -0.064263832569122312 -0.27024824619293208 2.8948367436726885 2.3108909606933596 0.40485582351684574 -1.5445383548736573 -0.048594641685485843 1.4026442527770995 -1.4950244585673014 1.2079613685607911 -2.1845146179199215 -1.2545233090718588 1.8119859695434568 -0.18734419494867327 -2.2750442504882811 0.6055542945861816 1.725820732116699 -0.48972125053405763 0.37847421169281004 -0.023339001632797621 1.9751967430114747 -2.2300199508666991 0.72910231947898874 -0.28284821708997093 0.00016511559486389162 0.63397809929317894 -1.2507635116577149
leaf_weight=12 72 36 11.999999999999998 24 12 12 11.999999999999998 24 24 24 12 24 11.999999999999998 12 36 12 48 12 12 12 11.999999999999998 12 972 24 11.999999999999998 48 72 60 36 24
leaf_count=12 72 36 12 24 12 12 12 24 24 24 12 24 12 12 36 12 48 12 12 12 12 12 972 24 12 48 72 60 36 24
internal_value=1.17235e-09 0.314013 -0.0209342 -0.119407 0.182896 0.599597 1.20859 0.65772 -0.270558 -0.129005 -0.329365 -0.532685 -0.340217 -1.22738 -0.772152 0.572253 0.0917169 -1.48391 1.20877 2.31033 0.106663 0.890559 0.00720091 0.110273 -0.188689 0.10293 0.259754 0.585315 1.17047 -0.731966
internal_weight=1728 108 1620 360 120 96 72 48 240 216 168 144 120 24 60 48 60 24 24 24 36 24 1260 288 96 84 192 120 60 36
internal_count=1728 108 1620 360 120 96 72 48 240 216 168 144 120 24 60 48 60 24 24 24 36 24 1260 288 96 84 192 120 60 36
is_linear=0
shrinkage=0.05


Tree=198
num_leaves=31
num_cat=0
split_feature=0 0 6 6 3 4 6 3 3 6 0 4 3 1 0 4 6 0 0 6 6 6 0 0 4 2 3 0 1 4
split_gain=4276.68 2054.1 1883.73 1322.69 1272.96 1225.25 2818.23 3306.35 3063.17 2548.4 4613.16 4148.67 3533.1 2537.84 1224.54 1203.73 19794.5 5422.76 4744.17 2271.97 1786.54 1526.81 18608.4 55014.5 20120.1 15763.2 14217.5 12572.2 20172 14154.4
threshold=1182183.7235000001 256199.82050000003 0.15000000000000005 0.15000000000000005 83.933000000000007 71.970000000000013 0.25000000000000006 107.29100000000001 107.29100000000001 0.25000000000000006 388286.60400000011 80.169000000000011 111.79500000000002 55820.384000000005 684755.53550000011 8.3360000000000021 0.15000000000000005 16052.3765 16052.3765 0.25000000000000006 0.25000000000000006 0.15000000000000005 19740.918500000003 12036.576500000001 137.47000000000003 11.119000000000002 25.237500000000004 31159.647000000004 2158.8095000000008 56.118500000000004
decision_type=2 2 2 2 2 2 2 2 2 2 2 2 2 2 2 2 2 2 2 2 2 2 2 2 2 2 2 2 2 2
left_child=1 15 4 -2 -3 6 7 -4 14 11 -11 -7 -13 -12 -8 16 17 -1 20 -20 -18 22 23 -17 25 -24 -27 28 -23 -29
right_child=3 2 5 -5 -6 9 8 -9 -10 10 13 12 -14 -15 -16 21 18 -19 19 -21 -22 27 24 -25 -26 26 -28 29 -30 -31
leaf_value=-0.65813460350036612 0.96787261962890625 -0.048917210847139361 -0.62715764840443933 0.32495806813240052 0.36398193836212162 1.1849380493164063 0.17865287065505983 0.33118960857391361 -0.53757791519165044 0.7694202423095704 -0.69020233154296884 -0.2834467113018036 0.57449448108673096 0.036926665902137758 0.79725551605224609 -0.39069963693618776 0.2832543611526489 -2.1612918853759764 1.3325119972229003 0.35955049991607663 -0.5795260429382324 0.54364050626754767 1.4887891769409181 2.194990391201443 0.72123879114786782 0.80047905445098877 -0.47311436920648531 0.33076374729474389 -0.60234456633528077 -0.15124528149763744
leaf_weight=12 11.999999999999998 24 36 24 84 11.999999999999998 24 11.999999999999998 11.999999999999998 11.999999999999998 24 24 24 24 11.999999999999998 48 12 12 12 12 12 48 11.999999999999998 36 60 24 252 264 192 360
leaf_count=12 12 24 36 24 84 12 24 12 12 12 24 24 24 24 12 48 12 12 12 12 12 48 12 36 60 24 252 264 192 360
internal_value=-1.33317e-09 -0.0114737 0.101727 0.539263 0.272227 0.0164779 -0.116662 -0.387571 0.154246 0.12299 -0.107426 0.353407 0.145524 -0.326638 0.384854 -0.0382845 -0.237273 -1.40971 0.348948 0.846031 -0.148136 -0.0272296 0.0495198 0.717453 -0.111706 -0.285236 -0.362367 -0.0656043 -0.373148 0.0526816
internal_weight=1728 1692 324 36 108 216 96 48 48 120 60 60 48 48 36 1368 72 24 48 24 24 1296 432 84 348 288 276 864 240 624
internal_count=1728 1692 324 36 108 216 96 48 48 120 60 60 48 48 36 1368 72 24 48 24 24 1296 432 84 348 288 276 864 240 624
is_linear=0
shrinkage=0.05


Tree=199
num_leaves=31
num_cat=0
split_feature=0 0 6 0 2 0 4 0 6 0 4 6 1 1 6 2 2 0 4 0 6 0 0 4 6 3 0 4 4 6
split_gain=3859.71 1963.79 2829.66 2959.76 2521.2 2241.7 1281.34 1937.02 4459.55 1776.07 1514.62 3442.57 4719.55 4056.48 3428.9 3877.35 3709.44 2969.74 2159.77 1525.57 1415.08 7626.05 6737 1356.93 1244.99 1151.58 1114.79 1070.46 5576.78 5973.69
threshold=1182183.7235000001 100590.71350000003 0.15000000000000005 121294.55000000002 68.52800000000002 145818.27200000003 122.55800000000001 145818.27200000003 0.25000000000000006 619852.88050000009 71.970000000000013 0.25000000000000006 31361.745000000006 31361.745000000006 0.25000000000000006 113.36550000000001 113.36550000000001 1048200.1775000001 64.634000000000015 1048200.1775000001 0.25000000000000006 153655.73400000003 208019.18150000004 43.561500000000002 0.25000000000000006 68.52800000000002 153655.73400000003 33.389500000000005 25.389500000000002 0.25000000000000006
decision_type=2 2 2 2 2 2 2 2 2 2 2 2 2 2 2 2 2 2 2 2 2 2 2 2 2 2 2 2 2 2
left_child=1 27 3 -3 5 -5 7 8 -4 20 14 13 -13 -12 15 18 -16 -15 23 -14 22 -22 26 -9 -2 -6 -8 28 -1 -30
right_child=24 2 6 4 25 -7 9 10 -10 -11 11 12 19 17 16 -17 -18 -19 -20 -21 21 -23 -24 -25 -26 -27 -28 -29 29 -31
leaf_value=-0.068121499726266577 0.72021548748016362 0.97450742721557626 0.80790033340454104 0.44310116767883301 -0.046471351385116579 -0.34600843191146852 -1.3453609466552734 -0.35368506908416752 -0.15598401427268982 0.19739291518926622 -0.44257936477661136 0.73094921112060551 -0.54042027791341141 0.81228551864624032 -0.1384499728679657 -0.89155497550964358 0.622864317893982 -0.095969361066818248 -0.69411730766296387 0.11055525541305543 0.95155258178710944 -0.59218957424163821 0.44637713432312015 0.29749964475631713 0.096468359231948853 0.33293246090412143 -0.66382269859313958 -0.094979304386899374 0.73229628403981528 -0.23382407128810884
leaf_weight=396 24 11.999999999999998 24 11.999999999999998 24 36 12 11.999999999999998 24 24 11.999999999999998 11.999999999999998 36 36 48 24 24 11.999999999999998 11.999999999999998 11.999999999999998 11.999999999999998 24 11.999999999999998 24 11.999999999999998 120 12 612 48 24
leaf_count=396 24 12 24 12 24 36 12 12 24 24 12 12 36 36 48 24 24 12 12 12 12 24 12 24 12 120 12 612 48 24
internal_value=5.44996e-10 -0.0109 0.0606572 0.212704 0.165091 -0.148731 -0.0153661 0.0337846 0.325958 -0.175106 -0.0193379 0.111855 -0.155951 0.379662 -0.128665 -0.372652 0.115321 0.585222 -0.113201 -0.377676 -0.299272 -0.0776089 -0.520936 0.0804381 0.5123 0.269698 -1.00459 -0.0514491 0.00547506 0.410256
internal_weight=1728 1692 612 204 192 48 408 312 48 96 264 120 60 60 144 72 72 48 48 48 72 36 36 36 36 144 24 1080 468 72
internal_count=1728 1692 612 204 192 48 408 312 48 96 264 120 60 60 144 72 72 48 48 48 72 36 36 36 36 144 24 1080 468 72
is_linear=0
shrinkage=0.05


Tree=200
num_leaves=31
num_cat=0
split_feature=0 6 6 2 6 2 3 0 0 4 0 4 0 3 4 2 0 0 2 3 3 6 6 0 0 0 6 1 1 0
split_gain=3505.58 2123.89 1431.97 2745.99 2843.27 2650.12 2688.45 7546.01 5909.77 5681.53 9914.99 4188.45 3948.14 3725.76 2873.96 2643.64 2258.32 2703.62 2145.42 3224.03 2945.37 3532.73 2712.68 2468.71 8790.39 7730.19 2156.39 21844.4 14382.9 8065.66
threshold=684755.53550000011 0.15000000000000005 0.25000000000000006 127.01650000000002 0.15000000000000005 127.01650000000002 48.804500000000012 68725.196500000005 16052.3765 38.12850000000001 44158.321000000004 82.975500000000011 4747.4170000000004 78.015500000000017 133.21950000000004 50.303500000000007 121294.55000000002 303117.76850000006 113.36550000000001 89.988000000000014 85.117000000000004 0.15000000000000005 0.15000000000000005 44158.321000000004 47382.240000000013 35745.162000000004 0.15000000000000005 24629.120500000001 19012.117000000002 240407.42100000003
decision_type=2 2 2 2 2 2 2 2 2 2 2 2 2 2 2 2 2 2 2 2 2 2 2 2 2 2 2 2 2 2
left_child=2 -2 3 18 -5 6 7 11 -8 10 13 12 -4 -10 -11 -16 -9 -18 19 20 23 -22 -20 25 -25 -1 28 -28 -21 -29
right_child=1 -3 5 4 -6 -7 8 16 9 14 -12 -13 -14 -15 15 -17 17 -19 22 26 21 -23 -24 24 -26 -27 27 29 -30 -31
leaf_value=-0.044022125573385334 0.50775954127311707 0.10041589587926865 -0.37521247069040936 -0.0033598661422729486 1.0850768089294431 -0.82325162887573244 -1.2556401570638023 0.78987030982971196 0.07910892814397813 -0.19529052724440893 0.84105296134948737 -0.50901993364095688 0.26608706166346868 -0.68387830257415771 -0.088818609714508057 -0.99773910045623782 -0.36696934700012207 0.69440174102783203 0.064213132858276359 -1.5708255767822266 0.031672278046607966 -1.1815757751464842 -0.99893531799316393 -0.73813781738281259 -0.014786376520281747 0.46472464005152392 1.664941453933716 -1.279325294494629 0.29889087279637655 0.16996163129806519
leaf_weight=336 48 96 36 12 12 11.999999999999998 11.999999999999998 36 48 144 36 48 72 24 11.999999999999998 24 12 12 12 11.999999999999998 12 12 12 48 336 96 24 11.999999999999998 72 48
leaf_count=336 48 96 36 12 12 12 12 36 48 144 36 48 72 24 12 24 12 12 12 12 12 12 12 48 336 96 24 12 72 48
internal_value=-1.40043e-09 0.236197 -0.0214725 0.0121434 0.540858 -0.0887043 -0.0716218 0.0628805 -0.168463 -0.123164 0.163538 -0.1204 0.0523206 -0.17522 -0.295186 -0.694766 0.539409 0.163716 -0.000152257 0.0109718 -0.0290185 -0.574952 -0.467361 -0.0129617 -0.105205 0.0690327 0.210923 0.390058 0.0317885 -0.119896
internal_weight=1728 144 1584 1056 24 528 516 216 300 288 108 156 108 72 180 36 60 24 1032 1008 840 24 24 816 384 432 168 84 84 60
internal_count=1728 144 1584 1056 24 528 516 216 300 288 108 156 108 72 180 36 60 24 1032 1008 840 24 24 816 384 432 168 84 84 60
is_linear=0
shrinkage=0.05


Tree=201
num_leaves=31
num_cat=0
split_feature=0 0 6 4 1 4 4 3 1 1 1 6 0 0 0 3 0 6 0 0 6 6 6 4 0 6 0 6 0 4
split_gain=3316.38 1545.93 5371.92 27170.7 36478.8 14852.5 13848.2 13883.5 9792.36 13397.4 9013.1 8199.68 7937.12 7273.37 6835.6 6597.88 4894.04 3238.44 2960.05 2285.18 2077.86 1428.71 1399.2 3352.4 7033.53 35753.6 12470.4 11280.2 7704.11 6962.47
threshold=1182183.7235000001 22666.579000000002 0.15000000000000005 10.340000000000002 2158.8095000000008 82.975500000000011 17.934000000000005 30.154500000000002 2158.8095000000008 7848.9580000000014 5600.7615000000014 0.25000000000000006 4747.4170000000004 7391.9660000000013 4747.4170000000004 33.753000000000007 16052.3765 0.25000000000000006 18495.691000000003 19740.918500000003 0.25000000000000006 0.25000000000000006 0.25000000000000006 25.389500000000002 45843.734500000013 0.15000000000000005 31159.647000000004 0.15000000000000005 31159.647000000004 33.389500000000005
decision_type=2 2 2 2 2 2 2 2 2 2 2 2 2 2 2 2 2 2 2 2 2 2 2 2 2 2 2 2 2 2
left_child=1 2 3 16 12 8 18 -8 14 10 11 13 -5 -10 -4 -13 -1 -16 -6 -9 -11 -7 23 24 25 26 -3 -26 -27 -25
right_child=-2 22 5 4 6 21 7 19 9 20 -12 15 -14 -15 17 -17 -18 -19 -20 -21 -22 -23 -24 29 27 28 -28 -29 -30 -31
leaf_value=-0.61962065696716306 0.47487494150797532 0.31961028575897221 -0.074345719814300534 -0.23159365653991695 2.6459525426228838 -1.8043970108032223 2.0925470352172852 0.41042665243148807 -0.031909024715423583 1.2714936256408691 -1.354258410135905 1.1691250801086426 -2.0501466751098629 -1.1556251366933188 1.6998117446899412 -0.14167505800724031 -2.0476202011108398 0.53819627761840816 1.5353874206542968 -0.43462939262390138 0.34102361202239989 -1.0328414916992186 -0.057729851555179901 0.6724452455838521 0.10287414491176605 0.19754350185394287 -1.6544690132141113 -1.4301115036010743 1.7491662502288818 0.050509757736904762
leaf_weight=12 36 11.999999999999998 24 12 12 12 11.999999999999998 24 24 12 24 11.999999999999998 12 36 12 48 12 12 12 11.999999999999998 12 12 444 48 24 11.999999999999998 24 24 24 720
leaf_count=12 36 12 24 12 12 12 12 24 24 12 24 12 12 36 12 48 12 12 12 12 12 12 444 48 24 12 24 24 24 720
internal_value=-5.907e-10 -0.0101037 -0.102035 0.171113 0.547296 -0.23861 1.11002 0.619693 -0.107497 -0.287448 -0.469732 -0.292827 -1.14087 -0.706139 0.522329 0.120485 -1.33362 1.119 2.09067 0.128741 0.806259 -1.41862 0.0147427 0.0509789 -0.194793 0.117758 -0.996443 -0.663619 1.23196 0.0893807
internal_weight=1728 1692 360 120 96 240 72 48 216 168 144 120 24 60 48 60 24 24 24 36 24 24 1332 888 120 72 36 48 36 768
internal_count=1728 1692 360 120 96 240 72 48 216 168 144 120 24 60 48 60 24 24 24 36 24 24 1332 888 120 72 36 48 36 768
is_linear=0
shrinkage=0.05


Tree=202
num_leaves=31
num_cat=0
split_feature=0 6 0 6 4 1 4 4 3 1 1 1 6 0 0 0 3 0 6 0 0 6 6 6 6 4 4 6 0 0
split_gain=3005.68 1980.83 1273.19 4848.16 24521.5 32922.1 13404.4 12498 12529.9 8837.61 12091.1 8134.32 7400.21 7163.25 6564.22 6169.13 5954.58 4416.87 2922.69 2671.45 2062.38 1875.27 1323.56 1289.42 1219.12 2915.51 6397.09 8552.7 7974.69 6347.76
threshold=1048200.1775000001 0.15000000000000005 22666.579000000002 0.15000000000000005 10.340000000000002 2158.8095000000008 82.975500000000011 17.934000000000005 30.154500000000002 2158.8095000000008 7848.9580000000014 5600.7615000000014 0.25000000000000006 4747.4170000000004 7391.9660000000013 4747.4170000000004 33.753000000000007 16052.3765 0.25000000000000006 18495.691000000003 19740.918500000003 0.25000000000000006 0.25000000000000006 0.25000000000000006 0.25000000000000006 25.389500000000002 33.389500000000005 0.15000000000000005 41777.992500000008 45843.734500000013
decision_type=2 2 2 2 2 2 2 2 2 2 2 2 2 2 2 2 2 2 2 2 2 2 2 2 2 2 2 2 2 2
left_child=2 -2 3 4 17 13 9 19 -9 15 11 12 14 -6 -11 22 -14 -1 -17 -7 -10 -12 -5 -8 25 29 27 28 -27 -4
right_child=1 -3 24 6 5 7 23 8 20 10 21 -13 16 -15 -16 18 -18 -19 -20 -21 -22 -23 -24 -25 -26 26 -28 -29 -30 -31
leaf_value=-0.58863964080810538 0.68713974952697754 0.13080826699733736 0.11187014381090801 0.30068140029907225 -0.22001397609710691 2.5136548360188797 -1.7141771316528318 1.9879196166992188 0.38990530967712406 -0.030313575267791749 1.2079189300537108 -1.286545483271281 1.1106688499450683 -1.9476392745971678 -1.097843869527181 1.6148212432861326 -0.13459130227565766 -1.9452392578124997 0.511286449432373 1.4586179733276365 -0.41289792060852054 0.32397241592407222 -0.44193825721740715 -0.98119945526123031 -0.059224932640790942 -0.94002542495727526 0.042031556556279631 1.3062455574671428 0.88282613754272443 -0.63043771386146552
leaf_weight=12 24 48 72 12 12 12 12 11.999999999999998 24 24 12 24 11.999999999999998 12 36 12 48 12 12 12 11.999999999999998 12 12 12 432 12 696 24 12 48
leaf_count=12 24 48 72 12 12 12 12 12 24 24 12 24 12 12 36 12 48 12 12 12 12 12 12 12 432 12 696 24 12 48
internal_value=-2.82846e-09 0.316252 -0.0137501 -0.0969336 0.162557 0.519931 -0.226679 1.05452 0.588708 -0.102122 -0.273075 -0.446246 -0.278186 -1.08383 -0.670832 0.496213 0.114461 -1.26694 1.06305 1.98614 0.122304 0.765946 -0.0706284 -1.34769 0.00935643 0.0436471 0.0805342 0.638823 -0.0285996 -0.185053
internal_weight=1728 72 1656 360 120 96 240 72 48 216 168 144 120 24 60 48 60 24 24 24 36 24 24 24 1296 864 744 48 24 120
internal_count=1728 72 1656 360 120 96 240 72 48 216 168 144 120 24 60 48 60 24 24 24 36 24 24 24 1296 864 744 48 24 120
is_linear=0
shrinkage=0.05


Tree=203
num_leaves=31
num_cat=0
split_feature=0 0 6 0 2 0 1 0 6 0 4 6 6 3 3 2 3 0 2 0 0 6 3 3 4 6 2 1 0 0
split_gain=2786.89 1530.5 2221.1 2742.24 2240.12 2079.96 1216.02 2406.33 1768.8 1394.27 1137.1 5419.46 5293.41 4250.28 3465.3 2133.35 2104.86 2064.4 1638.7 2011.52 1481.51 1034.1 1023.68 966.917 955.268 5136.29 13726.5 25765.9 22490.9 18094.5
threshold=1182183.7235000001 100590.71350000003 0.15000000000000005 121294.55000000002 68.52800000000002 145818.27200000003 19012.117000000002 164842.97150000001 0.25000000000000006 153655.73400000003 71.970000000000013 0.25000000000000006 0.25000000000000006 43.144500000000008 43.144500000000008 113.36550000000001 95.222000000000023 1048200.1775000001 113.36550000000001 573241.87500000012 573241.87500000012 0.25000000000000006 81.107000000000014 68.52800000000002 33.389500000000005 0.15000000000000005 36.14800000000001 6575.9135000000015 12036.576500000001 41777.992500000008
decision_type=2 2 2 2 2 2 2 2 2 2 2 2 2 2 2 2 2 2 2 2 2 2 2 2 2 2 2 2 2 2
left_child=1 24 3 -3 5 -5 9 8 -8 -4 12 14 18 -13 -12 20 -15 22 19 -9 -14 -2 -16 -6 25 26 -1 28 -28 -29
right_child=21 2 6 4 23 -7 7 10 -10 -11 11 13 15 16 17 -17 -18 -19 -20 -21 -22 -23 -24 -25 -26 -27 27 29 -30 -31
leaf_value=-1.8502573013305665 0.62480788230896001 0.92189426422119147 -0.059045676390329996 0.41705837249755862 -0.048321191221475601 -0.34305166403452558 0.94469795227050768 -0.50621255636215212 0.086211985349655143 -0.49910038709640503 -0.42433815002441411 0.6655293941497803 0.19225499033927917 -0.73318657875061044 1.0261959075927736 0.57403213977813727 -0.15970152989029884 -0.10525759458541871 -0.77531406879425058 0.2866299867630005 -0.488164234161377 0.056339985132217413 0.50988000631332397 0.29933473050594328 -0.086180863329787666 0.12584166882129819 -0.089192382494608563 -1.119528660774231 1.8868296782175702 0.50490441918373108
leaf_weight=11.999999999999998 24 11.999999999999998 72 11.999999999999998 24 36 12 24 12 24 11.999999999999998 11.999999999999998 24 24 11.999999999999998 24 48 11.999999999999998 24 11.999999999999998 11.999999999999998 11.999999999999998 48 120 612 312 36 60 24 24
leaf_count=12 24 12 72 12 24 36 12 24 12 24 12 12 24 24 12 24 48 12 24 12 12 12 48 120 612 312 36 60 24 24
internal_value=2.02476e-09 -0.0092621 0.0539097 0.188618 0.142788 -0.153024 -0.0134443 0.0344372 0.515455 -0.169059 -0.00564762 0.0783193 -0.123201 -0.205664 0.362303 0.208882 -0.350863 0.49341 -0.455285 -0.241932 -0.0345514 0.435319 0.613143 0.241392 -0.0450594 0.00871471 -0.225539 -0.090146 0.701216 -0.655405
internal_weight=1728 1692 612 204 192 48 408 312 24 96 288 168 120 84 84 60 72 72 60 36 36 36 60 144 1080 468 156 144 60 84
internal_count=1728 1692 612 204 192 48 408 312 24 96 288 168 120 84 84 60 72 72 60 36 36 36 60 144 1080 468 156 144 60 84
is_linear=0
shrinkage=0.05


Tree=204
num_leaves=31
num_cat=0
split_feature=0 0 6 4 1 4 0 0 1 1 1 6 0 0 0 3 0 6 1 0 6 1 6 0 4 4 6 3 0 2
split_gain=2559.11 1024.04 4416.33 21112.5 27501.4 11929.5 10672.3 12129.5 7909.97 10845.4 7406.36 6678.69 5947.88 5789.76 5567.64 5446.49 3673.91 2637.73 2057.67 1831.73 1692.43 1342.98 3959.09 19532.7 12774.2 10369.9 12664.7 7963.65 6676.81 5208.57
threshold=619852.88050000009 22666.579000000002 0.15000000000000005 10.340000000000002 2158.8095000000008 82.975500000000011 19740.918500000003 12036.576500000001 2158.8095000000008 7848.9580000000014 5600.7615000000014 0.25000000000000006 18495.691000000003 4747.4170000000004 4747.4170000000004 33.753000000000007 16052.3765 0.25000000000000006 4540.7175000000016 3923.9490000000001 0.25000000000000006 10129.240500000002 0.15000000000000005 44158.321000000004 28.488500000000005 49.236500000000007 0.25000000000000006 67.669000000000025 31159.647000000004 31.205000000000002
decision_type=2 2 2 2 2 2 2 2 2 2 2 2 2 2 2 2 2 2 2 2 2 2 2 2 2 2 2 2 2 2
left_child=1 2 3 16 13 8 7 -6 14 10 11 12 19 -5 -4 -13 -1 -16 -9 -10 -11 22 23 24 28 26 27 -24 -3 -26
right_child=-2 21 5 4 6 -7 -8 18 9 20 -12 15 -14 -15 17 -17 -18 -19 -20 -21 -22 -23 25 -25 29 -27 -28 -29 -30 -31
leaf_value=-0.55474805831909169 0.17843980113665264 0.35401268005371095 -0.073389101028442386 -0.20455367565155025 0.37479438781738283 -1.2759948253631592 -0.38794398307800293 1.2913455963134766 0.27151787281036377 1.1412308692932127 -1.2285103003184001 1.0594444274902344 -1.2490488529205324 -1.7577444076538082 1.5277880668640136 -0.13150353729724884 -1.7920007705688474 0.47943005561828606 2.0932317415873212 -0.48506457805633546 0.30148172378540039 -0.028434943624668654 1.7304914951324464 -2.0535255432128907 1.5391243934631349 -0.24768358270327251 -0.0023306500911712646 0.55466100242402827 -1.0904606342315675 0.33628383477528895
leaf_weight=12 180 11.999999999999998 24 12 24 24 11.999999999999998 11.999999999999998 11.999999999999998 12 24 11.999999999999998 24 12 12 48 12 12 24 24 12 900 24 11.999999999999998 11.999999999999998 72 60 36 24 36
leaf_count=12 180 12 24 12 24 24 12 12 12 12 24 12 24 12 12 48 12 12 24 24 12 900 24 12 12 72 60 36 24 36
internal_value=-1.57376e-09 -0.0207488 -0.0946243 0.153041 0.484644 -0.218457 0.973242 1.24548 -0.100953 -0.262685 -0.426692 -0.266328 -0.639342 -0.981149 0.46511 0.106686 -1.17337 1.00361 1.82594 -0.23287 0.721356 0.0016377 0.0956147 -0.166557 0.10301 0.226701 0.511331 1.02499 -0.60897 0.636994
internal_weight=1728 1548 360 120 96 240 72 60 216 168 144 120 60 24 48 60 24 24 36 36 24 1188 288 96 84 192 120 60 36 48
internal_count=1728 1548 360 120 96 240 72 60 216 168 144 120 60 24 48 60 24 24 36 36 24 1188 288 96 84 192 120 60 36 48
is_linear=0
shrinkage=0.05


Tree=205
num_leaves=31
num_cat=0
split_feature=0 0 6 0 2 0 1 0 6 0 4 6 6 3 3 1 0 2 2 0 0 2 6 3 0 4 6 4 2 2
split_gain=2407.82 1326.51 2004.55 2492.2 2021.71 1895.13 1061.62 2202.07 1596.34 1258.33 1001.04 4891.06 4777.3 3877.08 3090.44 1939.35 1897.16 1891.06 1509.27 1815.39 1337.06 943.452 933.274 856.322 926.253 777.001 4236.91 11640.9 13673.1 15898.5
threshold=1182183.7235000001 100590.71350000003 0.15000000000000005 121294.55000000002 68.52800000000002 145818.27200000003 19012.117000000002 164842.97150000001 0.25000000000000006 153655.73400000003 71.970000000000013 0.25000000000000006 0.25000000000000006 43.144500000000008 43.144500000000008 55820.384000000005 1048200.1775000001 113.36550000000001 113.36550000000001 573241.87500000012 573241.87500000012 127.01650000000002 0.25000000000000006 68.52800000000002 153655.73400000003 33.389500000000005 0.15000000000000005 6.4535000000000009 78.163500000000013 36.14800000000001
decision_type=2 2 2 2 2 2 2 2 2 2 2 2 2 2 2 2 2 2 2 2 2 2 2 2 2 2 2 2 2 2
left_child=1 25 3 -3 5 -5 9 8 -8 -4 12 14 18 -13 -12 -15 21 20 19 -9 -14 -16 -2 -6 -25 26 27 -1 29 -29
right_child=22 2 6 4 23 -7 7 10 -10 -11 11 13 17 15 16 -17 -18 -19 -20 -21 -22 -23 -24 24 -26 -27 -28 28 -30 -31
leaf_value=-1.7024007797241212 0.58464550971984863 0.8772212982177735 -0.05467164913813273 0.39762718677520753 -0.044483384862542157 -0.32792524496714276 0.89888477325439442 -0.47948019504547124 0.083323132991790769 -0.47272361516952516 -0.40169949531555177 0.63367466926574711 0.18406398296356202 -0.52056201696395876 0.48063587546348574 0.029913489520549775 -0.10891669988632202 0.54158040285110476 -0.7402984857559205 0.27372024059295658 -0.46233429908752444 0.97630786895751953 0.044600996375083926 -0.13405355215072631 0.32899108264181348 -0.079022090068829612 0.11294136689259456 -1.6698572158813478 -1.6974298477172853 0.23891372760136922
leaf_weight=11.999999999999998 24 11.999999999999998 72 11.999999999999998 24 36 12 24 12 24 11.999999999999998 11.999999999999998 24 48 48 24 11.999999999999998 24 24 11.999999999999998 11.999999999999998 11.999999999999998 11.999999999999998 11.999999999999998 108 612 312 11.999999999999998 11.999999999999998 120
leaf_count=12 24 12 72 12 24 36 12 24 12 24 12 12 24 48 48 24 12 24 24 12 12 12 12 12 108 612 312 12 12 120
internal_value=-3.78565e-09 -0.00860917 0.0502021 0.178175 0.134484 -0.146537 -0.0137842 0.0309544 0.491104 -0.159185 -0.00739141 0.0713921 -0.117688 -0.198392 0.341176 -0.33707 0.464989 0.197791 -0.433167 -0.228413 -0.0314021 0.57977 0.404631 0.228158 0.282687 -0.0419356 0.00656218 -0.206196 -0.0815125 0.0653891
internal_weight=1728 1692 612 204 192 48 408 312 24 96 288 168 120 84 84 72 72 60 60 36 36 60 36 144 120 1080 468 156 144 132
internal_count=1728 1692 612 204 192 48 408 312 24 96 288 168 120 84 84 72 72 60 60 36 36 60 36 144 120 1080 468 156 144 132
is_linear=0
shrinkage=0.05


Tree=206
num_leaves=31
num_cat=0
split_feature=0 0 6 0 2 0 4 0 6 0 6 0 0 0 4 6 1 1 6 2 2 0 4 0 4 6 4 4 3 0
split_gain=2173.05 1197.17 1809.1 2249.21 1824.59 1710.36 998.605 1367.33 3134.16 1249.53 1624.63 5808.54 5422.62 1143.85 933.925 2321.56 3225.77 2858.41 2257.08 2500.8 2363.65 2187.46 1772.51 1067.82 980.559 862.881 828.244 789.278 772.83 835.943
threshold=1182183.7235000001 100590.71350000003 0.15000000000000005 121294.55000000002 68.52800000000002 145818.27200000003 122.55800000000001 145818.27200000003 0.25000000000000006 619852.88050000009 0.25000000000000006 153655.73400000003 208019.18150000004 153655.73400000003 71.970000000000013 0.25000000000000006 31361.745000000006 31361.745000000006 0.25000000000000006 113.36550000000001 113.36550000000001 1048200.1775000001 64.634000000000015 1048200.1775000001 43.561500000000002 0.15000000000000005 64.634000000000015 43.561500000000002 68.52800000000002 153655.73400000003
decision_type=2 2 2 2 2 2 2 2 2 2 2 2 2 2 2 2 2 2 2 2 2 2 2 2 2 2 2 2 2 2
left_child=1 -1 3 -3 5 -5 7 8 -4 10 12 -12 13 -8 18 17 -17 -16 20 26 22 -19 24 -18 -9 -2 27 -20 -6 -30
right_child=25 2 6 4 28 -7 9 14 -10 -11 11 -13 -14 -15 15 16 23 21 19 -21 -22 -23 -24 -25 -26 -27 -28 -29 29 -31
leaf_value=-0.039838793233588889 0.73058490753173833 0.83336029052734384 0.67979948520660405 0.37774581909179689 -0.04225921761244536 -0.31152897477149966 -1.2748730659484862 -0.28918216228485111 -0.12825426757335665 0.15832664519548417 0.8774367332458497 -0.46984558105468754 0.3720664739608765 -0.58450636863708494 -0.38161451816558839 0.60199093818664551 -0.45070433616638184 0.67603484789530444 0.1005799412727356 0.51450139284133911 -0.70328354835510254 -0.10347086191177368 -0.62183017730712897 0.093920189142227176 0.26437413692474365 0.21130626499652863 0.24914162158966066 -0.3960582733154297 -0.12735087871551515 0.31254153384102717
leaf_weight=1080 11.999999999999998 11.999999999999998 24 11.999999999999998 24 36 12 11.999999999999998 24 24 11.999999999999998 24 11.999999999999998 12 11.999999999999998 11.999999999999998 36 36 11.999999999999998 24 24 11.999999999999998 11.999999999999998 11.999999999999998 24 24 11.999999999999998 24 11.999999999999998 108
leaf_count=1080 12 12 24 12 24 36 12 12 24 24 12 24 12 12 12 12 36 36 12 24 24 12 12 12 24 24 12 24 12 108
internal_value=-1.35387e-10 -0.00817871 0.047692 0.169266 0.12776 -0.13921 -0.013095 0.0302956 0.275773 -0.154114 -0.258261 -0.0207515 -0.495771 -0.92969 -0.0143366 0.0886817 -0.13124 0.308604 -0.100185 0.097768 -0.298139 0.481158 -0.095566 -0.314548 0.0798554 0.384399 -0.110599 -0.230512 0.21675 0.268552
internal_weight=1728 1692 612 204 192 48 408 312 48 96 72 36 36 24 264 120 60 60 144 72 72 48 48 48 36 36 48 36 144 120
internal_count=1728 1692 612 204 192 48 408 312 48 96 72 36 36 24 264 120 60 60 144 72 72 48 48 48 36 36 48 36 144 120
is_linear=0
shrinkage=0.05


Tree=207
num_leaves=31
num_cat=0
split_feature=0 6 0 6 4 1 4 0 0 1 1 1 6 0 0 3 4 6 1 6 6 6 2 6 6 0 6 4 2 2
split_gain=1969.72 1436.32 1023.73 4328.01 18369.5 25857.4 10622.8 9513.7 10904.8 7082.23 9730.61 6740.51 6027.52 5454.72 5024.79 4978.21 4957.42 2380.55 1896 1527.42 1194.51 1163.7 1082.73 11742.2 5424.54 4531.33 2250.76 14319.9 15384.9 9557.4
threshold=1048200.1775000001 0.15000000000000005 22666.579000000002 0.15000000000000005 14.624000000000001 2158.8095000000008 82.975500000000011 19740.918500000003 12036.576500000001 2158.8095000000008 7848.9580000000014 5600.7615000000014 0.25000000000000006 7391.9660000000013 4747.4170000000004 33.753000000000007 6.4535000000000009 0.25000000000000006 4540.7175000000016 0.25000000000000006 0.25000000000000006 0.25000000000000006 17.543500000000005 0.15000000000000005 0.25000000000000006 74959.462500000009 0.15000000000000005 137.47000000000003 68.52800000000002 67.669000000000025
decision_type=2 2 2 2 2 2 2 2 2 2 2 2 2 2 2 2 2 2 2 2 2 2 2 2 2 2 2 2 2 2
left_child=2 -2 3 4 16 -6 9 8 -7 14 11 12 13 -11 20 -14 -1 -16 -10 -12 -5 -8 23 25 -25 -4 27 28 29 -24
right_child=1 -3 22 6 5 7 21 -9 18 10 19 -13 15 -15 17 -17 -18 -19 -20 -21 -22 -23 26 24 -26 -27 -28 -29 -30 -31
leaf_value=-1.6152887344360352 0.5718381404876709 0.098102191835641867 0.037135434150695798 0.27936956882476804 -1.5843724250793458 0.35404930114746097 -1.5544163703918457 -0.36260375976562503 1.2168246269226075 -0.023306787014007568 1.0805142402648924 -1.1707399050394693 1.0124152183532715 -0.99644641876220708 1.447743511199951 -0.12618394196033478 -0.37062205076217652 0.45180339813232417 1.9865646998087567 0.28275251388549799 -0.42611913681030267 -0.85808763504028307 -0.47108944329348479 -1.1618812084197998 -0.098813927173614508 1.4112009048461913 0.068616155301238976 0.63817114035288502 0.081103202029514848 -1.9449062347412109
leaf_weight=11.999999999999998 24 48 12 12 11.999999999999998 24 12 11.999999999999998 11.999999999999998 24 12 24 11.999999999999998 36 12 48 24 12 24 12 12 12 132 24 24 12 816 60 204 11.999999999999998
leaf_count=12 24 48 12 12 12 24 12 12 12 24 12 24 12 36 12 48 24 12 24 12 12 12 132 24 24 12 816 60 204 12
internal_value=1.45918e-09 0.256014 -0.011131 -0.0857216 0.159454 0.564439 -0.20831 0.922575 1.17961 -0.0974272 -0.250463 -0.405813 -0.252827 -0.607191 0.438199 0.101536 -0.785511 0.949773 1.72998 0.681633 -0.0733748 -1.20625 0.00958856 -0.178842 -0.630348 0.724168 0.0206727 -0.0752141 -0.198212 -0.593908
internal_weight=1728 72 1656 360 120 84 240 72 60 216 168 144 120 60 48 60 36 24 36 24 24 24 1296 72 48 24 1224 408 348 144
internal_count=1728 72 1656 360 120 84 240 72 60 216 168 144 120 60 48 60 36 24 36 24 24 24 1296 72 48 24 1224 408 348 144
is_linear=0
shrinkage=0.05


Tree=208
num_leaves=31
num_cat=0
split_feature=0 0 6 4 1 4 0 0 1 1 1 6 0 0 3 0 0 6 1 0 6 3 6 6 6 4 4 4 0 6
split_gain=1826.1 999.99 3906.03 16651.1 21347.5 9587.09 8586.11 9841.6 6391.71 8781.87 6083.31 5439.83 4996.1 4534.88 4492.83 4177.99 2477.86 2148.45 1711.14 1521.87 1378.49 1109.49 11773.9 3099.83 1126.43 19826.5 13246.3 11979.6 10791.9 9296.3
threshold=1182183.7235000001 22666.579000000002 0.15000000000000005 10.340000000000002 2158.8095000000008 82.975500000000011 19740.918500000003 12036.576500000001 2158.8095000000008 7848.9580000000014 5600.7615000000014 0.25000000000000006 18495.691000000003 4747.4170000000004 33.753000000000007 4747.4170000000004 16052.3765 0.25000000000000006 4540.7175000000016 3923.9490000000001 0.25000000000000006 18.680500000000006 0.15000000000000005 0.25000000000000006 0.15000000000000005 42.097000000000008 33.389500000000005 42.097000000000008 41777.992500000008 0.25000000000000006
decision_type=2 2 2 2 2 2 2 2 2 2 2 2 2 2 2 2 2 2 2 2 2 2 2 2 2 2 2 2 2 2
left_child=1 2 3 16 15 8 7 -6 13 10 11 12 19 -4 -13 -5 -1 -15 -9 -10 -11 22 -3 -24 25 26 28 29 -23 -26
right_child=-2 21 5 4 6 -7 -8 18 9 20 -12 14 -14 17 -16 -17 -18 -19 -20 -21 -22 24 23 -25 27 -27 -28 -29 -30 -31
leaf_value=-0.51843328475952144 0.35237846970558168 1.0174612045288087 -0.069706034660339353 -0.18574862480163573 0.33634685277938847 -1.1459393978118897 -0.34447355270385743 1.1559833526611329 0.25545217990875246 1.0264884948730468 -1.1122028986612955 0.96179447174072275 -1.1356301307678223 1.375356388092041 -0.11987475231289864 -1.5051538467407226 -1.5345243453979491 0.42921323776245113 1.8872364679972333 -0.43417354822158816 0.26861488819122309 -0.82734563350677492 -1.4689407348632812 -0.33245632648468015 0.7035455169501128 0.14973315695001754 -1.6684767723083498 -0.054438725169058205 0.31787065366903944 0.0475086960527632
leaf_weight=12 36 11.999999999999998 24 12 24 24 11.999999999999998 11.999999999999998 11.999999999999998 12 24 11.999999999999998 24 12 48 12 12 12 24 24 12 48 12 12 108 324 24 648 36 108
leaf_count=12 36 12 24 12 24 24 12 12 12 12 24 12 24 12 48 12 12 12 24 24 12 48 12 12 108 324 24 648 36 108
internal_value=2.78534e-09 -0.00749741 -0.0814356 0.151482 0.445972 -0.197894 0.876446 1.12063 -0.0925558 -0.23794 -0.385522 -0.240186 -0.576831 0.416289 0.0964591 -0.845451 -1.02648 0.902285 1.64349 -0.204298 0.647552 0.0124859 -0.261312 -0.900699 0.0200914 -0.0458314 -0.632525 0.0530527 -0.336539 0.375527
internal_weight=1728 1692 360 120 96 240 72 60 216 168 144 120 60 48 60 24 24 24 36 36 24 1332 36 24 1296 432 108 864 84 216
internal_count=1728 1692 360 120 96 240 72 60 216 168 144 120 60 48 60 24 24 24 36 36 24 1332 36 24 1296 432 108 864 84 216
is_linear=0
shrinkage=0.05


Tree=209
num_leaves=31
num_cat=0
split_feature=0 6 2 3 0 4 0 4 4 1 4 0 2 0 0 2 6 0 4 0 0 2 3 1 0 6 1 6 0 0
split_gain=1713.77 837.389 1897.1 2151.91 6252.43 3852.74 4195.63 6627.66 4310.92 3006.69 2458.75 2892.48 2445.79 2289.29 1948.95 1833.18 1962.05 1774.26 1594.31 1380.42 1735.86 1375.1 2248.78 2496.97 7152.9 11200.8 4606.54 29397.3 7777.52 6776.27
threshold=619852.88050000009 0.25000000000000006 127.01650000000002 48.804500000000012 68725.196500000005 101.94350000000001 37405.976000000002 38.12850000000001 14.624000000000001 13436.337500000001 82.975500000000011 3923.9490000000001 53.76550000000001 121294.55000000002 303117.76850000006 127.01650000000002 0.15000000000000005 44158.321000000004 64.634000000000015 164842.97150000001 45843.734500000013 113.36550000000001 89.988000000000014 10484.007500000002 47382.240000000013 0.15000000000000005 9241.5975000000017 0.15000000000000005 41777.992500000008 41777.992500000008
decision_type=2 2 2 2 2 2 2 2 2 2 2 2 2 2 2 2 2 2 2 2 2 2 2 2 2 2 2 2 2 2
left_child=1 15 3 4 10 6 8 17 12 -7 11 -3 -5 -6 -15 21 -17 -8 -9 20 -19 22 23 26 25 -25 -1 28 -28 -29
right_child=-2 2 -4 5 13 9 7 18 -10 -11 -12 -13 -14 14 -16 16 -18 19 -20 -21 -22 -23 -24 24 -26 -27 27 29 -30 -31
leaf_value=-0.026225029428799947 0.14602366189161939 -0.45348334312438965 -0.69030585289001467 -0.54566774368286131 0.75104349454243979 -1.1829119682312013 0.070929485559463504 -0.23976145386695863 -0.73661703533596468 -0.3159211277961731 -0.39948000162839892 0.1689194338662284 0.32858095169067386 -0.32996168136596676 0.57118253707885736 -0.011185819655656813 0.89298191070556632 0.56666560173034664 0.23080375194549563 0.33509759902954106 1.417121410369873 -0.37519612312316897 0.19042106568813325 0.072595043480396276 -0.035557498763769103 -1.454987382888794 -1.150405478477478 1.8300507545471192 0.12251093387603761 0.64189161459604904
leaf_weight=384 180 24 11.999999999999998 11.999999999999998 36 11.999999999999998 11.999999999999998 72 36 60 48 84 24 12 12 12 12 12 24 11.999999999999998 12 24 144 24 312 24 24 24 24 24
leaf_count=384 180 24 12 12 36 12 12 72 36 60 48 84 24 12 12 12 12 12 24 12 12 24 144 24 312 24 24 24 24 24
internal_value=-1.55048e-09 -0.0169795 -0.0689867 -0.0541934 0.0651056 -0.143668 -0.0380836 0.117738 -0.349726 -0.46042 -0.101727 0.0306077 0.0371647 0.49887 0.12061 0.00902409 0.440898 0.597454 -0.12212 0.772962 0.991894 -0.00125862 0.0078618 -0.0234341 -0.122976 -0.691196 0.0512224 0.361012 -0.513947 1.23597
internal_weight=1728 1548 516 504 216 288 216 144 72 72 156 108 36 60 24 1032 24 48 96 36 24 1008 984 840 360 48 480 96 48 48
internal_count=1728 1548 516 504 216 288 216 144 72 72 156 108 36 60 24 1032 24 48 96 36 24 1008 984 840 360 48 480 96 48 48
is_linear=0
shrinkage=0.05


Tree=210
num_leaves=31
num_cat=0
split_feature=0 3 6 6 2 4 6 0 2 6 6 0 0 0 6 4 2 4 6 0 0 3 6 4 3 4 6 4 4 0
split_gain=1576.95 868.142 10685.6 2744.87 1009.92 1969.42 4383.74 7862.05 3160.44 8630.83 7048.45 14468.3 5813 2535.9 2093.2 2168.57 2455.36 2062.6 12283.6 11363.8 7787.45 1256.18 1950.64 1208.01 1461.04 1106.55 3130.15 11584 7050.36 4129.09
threshold=1182183.7235000001 12.640500000000001 0.15000000000000005 0.25000000000000006 71.424500000000009 28.488500000000005 0.25000000000000006 45843.734500000013 78.163500000000013 0.15000000000000005 0.15000000000000005 164842.97150000001 164842.97150000001 164842.97150000001 0.25000000000000006 95.752500000000012 127.01650000000002 42.097000000000008 0.15000000000000005 87041.996000000028 87041.996000000028 43.144500000000008 0.15000000000000005 42.097000000000008 107.29100000000001 128.66850000000002 0.15000000000000005 137.47000000000003 137.47000000000003 55159.639500000012
decision_type=2 2 2 2 2 2 2 2 2 2 2 2 2 2 2 2 2 2 2 2 2 2 2 2 2 2 2 2 2 2
left_child=1 2 -1 -4 25 6 8 -8 9 -6 12 -12 -10 -9 17 16 23 18 19 -7 -20 22 -19 -16 -25 -3 28 -28 -27 -30
right_child=-2 4 3 -5 5 14 7 13 10 -11 11 -13 -14 -15 15 -17 -18 21 20 -21 -22 -23 -24 24 -26 26 27 -29 29 -31
leaf_value=0.96836605072021487 0.32745837128410737 -0.058122988801071612 -1.3937158584594727 -0.32427947521209716 0.11376832723617553 0.76059741973876949 -0.73514332771301272 1.346265411376953 -1.5157340049743651 -1.7825910568237302 1.7018522262573239 -0.75344281196594232 0.040570145845413207 0.31834270954132077 -0.22294759452342988 -0.4905453205108643 -0.65579051971435554 0.20352336168289187 0.37165704965591428 -1.4153899192810058 2.1729814529418943 0.16756276765631306 -0.43395946025848392 0.28627135455608371 -0.16419781744480133 -0.41353023052215576 0.59340296685695648 -0.32565606641117484 1.4300272941589356 0.39306878050168359
leaf_weight=11.999999999999998 36 828 12 12 12 12 11.999999999999998 12 12 12 12 12 12 12 24 24 11.999999999999998 24 12 12 12 216 24 72 24 24 48 120 11.999999999999998 48
leaf_count=12 36 828 12 12 12 12 12 12 12 12 12 12 12 12 24 24 12 24 12 12 12 216 24 72 24 24 48 120 12 48
internal_value=1.02241e-09 -0.0069672 -0.249876 -0.858998 -0.00168656 0.0517802 -0.140679 0.309822 -0.36593 -0.834411 -0.131689 0.474205 -0.737582 0.832304 0.0961938 -0.0533495 0.0261406 0.170966 0.472462 -0.327396 1.27232 0.116148 -0.115218 0.0943337 0.173654 -0.0302021 0.0615378 -0.0630678 0.310749 0.60046
internal_weight=1728 1692 36 24 1656 576 108 36 72 24 48 24 24 24 468 156 132 312 48 24 24 264 48 120 96 1080 252 168 84 60
internal_count=1728 1692 36 24 1656 576 108 36 72 24 48 24 24 24 468 156 132 312 48 24 24 264 48 120 96 1080 252 168 84 60
is_linear=0
shrinkage=0.05


Tree=211
num_leaves=31
num_cat=0
split_feature=0 0 6 4 1 4 0 0 1 1 1 6 0 3 0 0 0 6 1 0 6 6 6 1 6 0 1 2 2 6
split_gain=1423.2 785.123 3493 15027.6 19266.1 8502.9 7748.97 8882.05 5822.35 7759.23 5234.42 4855.36 4508.98 3993.61 3955.96 3770.64 2236.27 1981.3 1544.3 1373.49 1306.15 1110.33 1010.42 970.007 2742.98 14648.8 10021.1 8261.05 6273.93 10661.2
threshold=1182183.7235000001 22666.579000000002 0.15000000000000005 10.340000000000002 2158.8095000000008 82.975500000000011 19740.918500000003 12036.576500000001 2158.8095000000008 7848.9580000000014 5600.7615000000014 0.25000000000000006 18495.691000000003 33.753000000000007 4747.4170000000004 4747.4170000000004 16052.3765 0.25000000000000006 4540.7175000000016 3923.9490000000001 0.25000000000000006 0.25000000000000006 0.25000000000000006 10129.240500000002 0.15000000000000005 44158.321000000004 7047.768500000001 53.76550000000001 74.129500000000021 0.25000000000000006
decision_type=2 2 2 2 2 2 2 2 2 2 2 2 2 2 2 2 2 2 2 2 2 2 2 2 2 2 2 2 2 2
left_child=1 2 3 16 15 8 7 -6 14 10 11 12 19 -13 22 -5 -1 -16 -9 -10 -11 -7 -4 24 25 26 -3 -26 29 -29
right_child=-2 23 5 4 6 21 -8 18 9 20 -12 13 -14 -15 17 -17 -18 -19 -20 -21 -22 -23 -24 -25 27 -27 -28 28 -30 -31
leaf_value=-0.48829421997070305 0.31108545213937761 -1.2301651954650881 0.2731037855148315 -0.17224379777908325 0.3237469077110291 -1.4151811599731445 -0.3230324745178223 1.102401638031006 0.24689698219299316 0.97938146591186515 -1.0346155325571695 0.90816497802734375 -1.0746312141418457 -0.11164079904556275 1.3108059883117675 -1.4256787300109863 -1.4535807609558105 0.40221276283264151 1.7970921198527021 -0.40824748277664186 0.24166123867034908 -0.73500614166259759 -0.37574753761291502 -0.01132261687425818 -0.22197286287943521 -1.7600196838378908 0.33050145705540979 1.3591006914774577 0.012696564694245658 0.14224863847096761
leaf_weight=12 36 11.999999999999998 12 12 24 12 11.999999999999998 11.999999999999998 11.999999999999998 12 24 11.999999999999998 24 48 12 12 12 12 24 24 12 12 12 1044 72 11.999999999999998 72 36 48 36
leaf_count=12 36 12 12 12 24 12 12 12 12 12 24 12 24 48 12 12 12 12 24 24 12 12 12 1044 72 12 72 36 48 36
internal_value=2.75947e-10 -0.00661884 -0.0721337 0.148125 0.427891 -0.182263 0.836841 1.06882 -0.0830596 -0.221818 -0.360541 -0.225726 -0.543772 0.0923204 0.402594 -0.798961 -0.970937 0.856509 1.56553 -0.189866 0.610521 -1.07509 -0.0513219 0.0110879 0.0923259 -0.125897 0.107549 0.201437 0.455483 0.750675
internal_weight=1728 1692 360 120 96 240 72 60 216 168 144 120 60 60 48 24 24 24 36 36 24 24 24 1332 288 96 84 192 120 72
internal_count=1728 1692 360 120 96 240 72 60 216 168 144 120 60 60 48 24 24 24 36 36 24 24 24 1332 288 96 84 192 120 72
is_linear=0
shrinkage=0.05


Tree=212
num_leaves=31
num_cat=0
split_feature=0 6 3 6 6 0 6 4 1 4 1 3 1 1 1 6 0 3 0 0 4 0 6 3 6 4 4 4 0 0
split_gain=1320.98 1243.54 763.198 9643.78 2477.24 769.559 3152.43 13562.4 17387.7 7673.87 7029.15 5309.79 5254.67 7002.7 4724.06 4381.97 4115.4 3604.24 3570.25 3403 3211.73 2018.23 1788.12 1208.12 1195.43 15089 11002.6 9354.16 8440.22 7845.04
threshold=1048200.1775000001 0.15000000000000005 12.640500000000001 0.15000000000000005 0.25000000000000006 22666.579000000002 0.15000000000000005 10.340000000000002 2158.8095000000008 82.975500000000011 5600.7615000000014 30.154500000000002 2158.8095000000008 7848.9580000000014 5600.7615000000014 0.25000000000000006 7391.9660000000013 33.753000000000007 4747.4170000000004 4747.4170000000004 17.934000000000005 16052.3765 0.25000000000000006 33.753000000000007 0.15000000000000005 42.097000000000008 33.389500000000005 42.097000000000008 41777.992500000008 31159.647000000004
decision_type=2 2 2 2 2 2 2 2 2 2 2 2 2 2 2 2 2 2 2 2 2 2 2 2 2 2 2 2 2 2
left_child=2 -2 3 -1 -5 6 7 21 19 12 11 -10 18 14 15 16 -14 -17 -8 -9 -13 -4 -20 -22 25 26 28 -26 29 -7
right_child=1 -3 5 4 -6 24 9 8 10 -11 -12 20 13 -15 -16 17 -18 -19 22 -21 23 -23 -24 -25 27 -27 -28 -29 -30 -31
leaf_value=0.92051391601562504 0.50352264642715461 0.06272481381893158 -0.46387948989868155 -1.3234639167785645 -0.30749936103820796 0.37897238731384281 -0.048755776882171635 -0.16363160610198973 1.5147868156433106 -1.0213389873504639 1.8996880849202473 1.047281551361084 -0.0094222426414489746 0.57999528646469123 -0.9828848044077555 0.86275672912597656 -0.85469098091125495 -0.10605875849723817 1.2452656745910644 -1.3543948173522948 -0.30688085556030276 -1.3809017181396483 0.38210210800170896 0.30755954384803774 0.33239727296211102 0.12181300883873916 -1.5080364704132081 -0.049364955751941754 0.28459874590237938 -1.0972311178843179
leaf_weight=11.999999999999998 24 48 12 12 12 11.999999999999998 24 12 11.999999999999998 24 11.999999999999998 11.999999999999998 24 24 24 11.999999999999998 36 48 12 12 11.999999999999998 12 12 24 216 312 24 624 36 36
leaf_count=12 24 48 12 12 12 12 24 12 12 24 12 12 24 24 24 12 36 48 12 12 12 12 12 24 216 312 24 624 36 36
internal_value=-3.48039e-09 0.209657 -0.00911554 -0.236816 -0.815482 -0.00405552 -0.068527 0.140719 0.406496 -0.17315 0.794999 0.574061 -0.0789066 -0.210727 -0.342514 -0.21444 -0.516583 0.0877043 0.382464 -0.759013 0.33888 -0.922391 0.813684 0.102746 0.0143649 -0.0545103 -0.563889 0.0488025 -0.294132 -0.72818
internal_weight=1728 72 1656 36 24 1620 360 120 96 240 72 60 216 168 144 120 60 60 48 24 48 24 24 36 1260 420 108 840 84 48
internal_count=1728 72 1656 36 24 1620 360 120 96 240 72 60 216 168 144 120 60 60 48 24 48 24 24 36 1260 420 108 840 84 48
is_linear=0
shrinkage=0.05


Tree=213
num_leaves=31
num_cat=0
split_feature=0 6 2 6 2 3 4 0 0 4 4 2 3 3 0 2 3 1 0 6 1 6 0 0 0 6 2 0 0 4
split_gain=1229.14 712.75 1569.58 1806.21 1527.97 2092.19 5012.97 4457.26 2506.29 6761.89 3329.29 2066.73 1861.64 3123.99 1418.2 1229.38 1944.47 2266.11 6156.6 9417.54 3716.69 24086.4 5675.08 5315.13 3585.39 1738.25 6838.94 6351.21 6180.75 4405.99
threshold=619852.88050000009 0.25000000000000006 127.01650000000002 0.15000000000000005 127.01650000000002 50.303500000000007 133.21950000000004 68725.196500000005 37405.976000000002 38.12850000000001 14.624000000000001 53.76550000000001 30.154500000000002 30.583500000000004 44158.321000000004 113.36550000000001 89.988000000000014 10484.007500000002 47382.240000000013 0.15000000000000005 9241.5975000000017 0.15000000000000005 41777.992500000008 41777.992500000008 63082.982000000011 0.15000000000000005 40.431500000000007 55159.639500000012 68725.196500000005 140.45600000000005
decision_type=2 2 2 2 2 2 2 2 2 2 2 2 2 2 2 2 2 2 2 2 2 2 2 2 2 2 2 2 2 2
left_child=1 2 15 -4 5 7 8 12 10 14 11 -7 -3 -14 -10 16 17 20 19 -19 -1 22 -22 -23 -24 26 28 -27 -20 -29
right_child=-2 4 3 -5 -6 6 -8 -9 9 -11 -12 -13 13 -15 -16 -17 -18 18 25 -21 21 23 24 -25 -26 27 -28 29 -30 -31
leaf_value=-0.018826224779089296 0.12366536339124044 -0.27375508199135462 -0.024529187381267546 0.84298906326293932 -0.6199666500091553 -0.52099943161010742 -0.83216536045074463 0.38841088364521664 0.061275696754455572 -0.16098640073429457 -0.66523336834377711 0.28265049457550051 0.8196188926696778 -0.05176075249910355 0.68892545700073249 -0.35347328260540967 0.1784783293803533 0.057979993522167206 0.40600490570068359 -1.3427298069000244 -1.0066566467285156 1.647140693664551 0.69181251525878906 0.59484848181406658 -0.5304450035095214 -1.2572907447814943 0.26523671587308251 0.099650061130523687 -0.98377320766448983 -0.53906928896903994
leaf_weight=384 180 72 12 12 11.999999999999998 11.999999999999998 24 72 11.999999999999998 132 36 24 11.999999999999998 72 36 24 144 24 11.999999999999998 24 24 24 12 24 12 11.999999999999998 120 108 24 36
leaf_count=384 180 72 12 12 12 12 24 72 12 132 36 24 12 72 36 24 144 24 12 24 24 24 12 24 12 12 120 108 24 36
internal_value=-1.37974e-10 -0.0143797 0.00961075 0.40923 -0.0623606 -0.0490842 -0.141675 0.0629994 -0.0759141 0.0238134 -0.325233 0.0147672 -0.0871905 0.0727221 0.532013 9.60086e-05 0.00871965 -0.0203818 -0.115211 -0.642375 0.0507398 0.329004 -0.462986 1.12099 0.0806838 -0.0341086 0.0839097 -0.152127 -0.520514 -0.0600298
internal_weight=1728 1548 1032 24 516 504 276 228 252 180 72 36 156 84 48 1008 984 840 360 48 480 96 48 48 24 312 156 156 36 144
internal_count=1728 1548 1032 24 516 504 276 228 252 180 72 36 156 84 48 1008 984 840 360 48 480 96 48 48 24 312 156 156 36 144
is_linear=0
shrinkage=0.05


Tree=214
num_leaves=31
num_cat=0
split_feature=0 6 6 2 2 3 3 3 0 3 3 0 1 4 0 2 2 6 1 0 4 4 4 6 0 2 4 0 1 4
split_gain=1143.65 728.694 635.206 1428.57 1904.64 2461.33 7374.02 2240.67 4022.68 3905.78 2124.16 2004.91 1778.47 1723.7 2300.07 1486.56 1364.96 1630.11 1166.13 3324.47 1127.04 1976.08 1639.45 3714.44 6690.95 7709.94 7103.53 5551.5 8494.46 4804.33
threshold=1182183.7235000001 0.25000000000000006 0.25000000000000006 127.01650000000002 113.36550000000001 78.015500000000017 76.597500000000011 50.303500000000007 68725.196500000005 52.614000000000004 83.933000000000007 16052.3765 9241.5975000000017 82.975500000000011 3923.9490000000001 53.76550000000001 127.01650000000002 0.15000000000000005 15904.846000000003 93897.382000000027 95.752500000000012 87.761500000000012 101.94350000000001 0.15000000000000005 55159.639500000012 17.543500000000005 115.82000000000001 208019.18150000004 15904.846000000003 137.47000000000003
decision_type=2 2 2 2 2 2 2 2 2 2 2 2 2 2 2 2 2 2 2 2 2 2 2 2 2 2 2 2 2 2
left_child=2 -2 16 4 5 6 7 8 13 -9 -7 -11 15 14 -4 -13 20 -18 19 -10 21 -1 -22 24 -24 -26 -27 28 29 -25
right_child=1 -3 3 -5 -6 10 -8 9 18 11 -12 12 -14 -15 -16 -17 17 -19 -20 -21 22 -23 23 27 25 26 -28 -29 -30 -31
leaf_value=-0.0061222593160881397 0.43793070316314697 -0.039266282320022584 -0.40371005535125737 -0.58896832466125493 0.31409939924875896 -0.56480031013488774 1.2284521102905275 -1.0628409385681152 0.64281682968139653 -0.72131880124409997 -0.12689142405986786 -0.30256645679473881 -0.25103310048580169 -0.33213546946644784 0.15130853142057146 0.34003195762634281 -0.023302727937698362 0.80083961486816391 0.65356209278106692 -0.18940794765949251 0.29364722967147827 -0.33781319558620454 1.3368515014648439 0.55925506353378296 1.3120908737182617 -1.1712277412414551 0.1110892086117356 0.3850486993789673 -0.95901482899983737 -0.30716113150119784
leaf_weight=696 24 11.999999999999998 24 11.999999999999998 36 36 11.999999999999998 11.999999999999998 24 11.999999999999998 120 11.999999999999998 48 48 84 36 12 12 24 24 72 48 11.999999999999998 24 11.999999999999998 11.999999999999998 108 36 36 48
leaf_count=696 24 12 24 12 36 36 12 12 24 12 120 12 48 48 84 36 12 12 24 24 72 48 12 24 12 12 108 36 36 48
internal_value=4.00124e-10 0.278865 -0.0059333 -0.0492586 -0.0375258 -0.0620578 0.00982764 -0.0321939 0.0598495 -0.207076 -0.227947 -0.111991 -0.0358254 -0.0828309 0.0279711 0.179382 0.0157294 0.388768 0.36899 0.226704 0.00761983 -0.0275217 0.0802456 0.0268952 0.20646 0.103697 -0.0171425 -0.152669 -0.331909 -0.0183557
internal_weight=1728 36 1692 564 552 516 360 348 228 120 156 108 96 156 108 48 1128 24 72 48 1104 744 360 288 144 132 120 144 108 72
internal_count=1728 36 1692 564 552 516 360 348 228 120 156 108 96 156 108 48 1128 24 72 48 1104 744 360 288 144 132 120 144 108 72
is_linear=0
shrinkage=0.05


Tree=215
num_leaves=31
num_cat=0
split_feature=0 6 4 6 6 0 0 0 6 0 0 4 3 3 2 0 4 2 2 0 1 1 6 4 6 0 0 6 0 0
split_gain=1032.15 657.647 609.744 7611.06 2405.68 1821.45 1065.78 910.234 887.282 7398.61 21790.9 9490.93 7278.49 6541.78 10496.9 7436.79 6307.61 6607.36 8259.95 5715.96 8984.95 7133.33 16212.1 11389.3 6427.85 6139.63 5038.52 17186.3 9262.52 5114.2
threshold=1182183.7235000001 0.25000000000000006 8.3360000000000021 0.15000000000000005 0.25000000000000006 16052.3765 16052.3765 16052.3765 0.15000000000000005 19740.918500000003 12036.576500000001 49.236500000000007 30.154500000000002 72.187000000000026 78.163500000000013 137286.37700000001 149.54050000000004 11.119000000000002 40.431500000000007 31159.647000000004 2158.8095000000008 10484.007500000002 0.25000000000000006 149.54050000000004 0.25000000000000006 38531.177500000013 68725.196500000005 0.25000000000000006 74959.462500000009 80810.85000000002
decision_type=2 2 2 2 2 2 2 2 2 2 2 2 2 2 2 2 2 2 2 2 2 2 2 2 2 2 2 2 2 2
left_child=2 -2 3 5 6 -1 -5 -6 9 10 -4 12 -11 -14 -15 -16 17 -13 -19 20 -10 22 23 25 -22 -21 27 -23 -28 -30
right_child=1 -3 8 4 7 -7 -8 -9 19 11 -12 16 13 14 15 -17 -18 18 -20 21 24 26 -24 -25 -26 -27 28 -29 29 -31
leaf_value=-0.43943810462951655 0.41603416204452515 -0.037302967905998234 -0.2131930708885193 0.2362706661224365 -0.44640002250671379 -1.3106091499328612 0.9026600837707518 0.1694442868232727 0.37118852138519287 0.8615324974060059 1.4141369607713488 1.2464863777160646 -0.82591215133666995 0.36245522350072862 -1.3055754661560059 -0.060854530334472662 1.270008945465088 -0.32311756797134877 0.25827620746124363 1.4625767389933269 -0.68293917179107666 -1.0466253638267518 -0.15576190277934077 -0.677752161026001 -0.10433405290047329 0.59878543814023333 0.97551655769348145 0.29137393534183503 -0.74192695617675786 0.00513208962622143
leaf_weight=12 24 11.999999999999998 48 12 12 12 12 12 48 11.999999999999998 36 11.999999999999998 60 48 24 24 11.999999999999998 96 168 36 96 48 96 11.999999999999998 96 48 24 48 24 504
leaf_count=12 24 12 48 12 12 12 12 12 48 12 36 12 60 48 24 24 12 96 168 36 96 48 96 12 96 48 24 48 24 504
internal_value=1.16588e-09 0.264922 -0.00563663 -0.148012 0.215494 -0.875024 0.569465 -0.138478 0.000691163 0.0530221 0.484234 -0.0264117 -0.325076 -0.416354 -0.16038 -0.683215 0.147809 0.0990179 0.0468603 -0.0254743 -0.240672 0.0360107 0.303689 0.76314 -0.393637 0.968982 -0.0433015 -0.377626 0.0148419 -0.0288251
internal_weight=1728 36 1692 72 48 24 24 24 1620 540 84 456 168 156 96 48 288 276 264 1080 240 840 192 96 192 84 648 96 552 528
internal_count=1728 36 1692 72 48 24 24 24 1620 540 84 456 168 156 96 48 288 276 264 1080 240 840 192 96 192 84 648 96 552 528
is_linear=0
shrinkage=0.05


Tree=216
num_leaves=31
num_cat=0
split_feature=0 3 6 6 0 6 4 1 4 1 1 1 3 6 0 3 0 0 3 4 0 6 6 6 0 6 4 4 4 6
split_gain=931.512 604.001 7585.53 1698.35 636.692 2616.63 11108.4 14945.2 6485.06 5802.3 4377.09 5456.93 4220.93 3942.1 5103.85 3870.97 3071.21 3071.17 2416.86 1900.08 1643.86 1638.37 1164.45 1002.44 986.728 862.753 12305.6 9526.16 7455.04 6779.32
threshold=1182183.7235000001 12.640500000000001 0.15000000000000005 0.25000000000000006 22666.579000000002 0.15000000000000005 10.340000000000002 2158.8095000000008 82.975500000000011 5600.7615000000014 2158.8095000000008 7848.9580000000014 30.154500000000002 0.25000000000000006 12036.576500000001 33.753000000000007 4747.4170000000004 4747.4170000000004 36.979000000000006 15.803000000000003 16052.3765 0.25000000000000006 0.25000000000000006 0.25000000000000006 3923.9490000000001 0.15000000000000005 42.097000000000008 33.389500000000005 49.236500000000007 0.25000000000000006
decision_type=2 2 2 2 2 2 2 2 2 2 2 2 2 2 2 2 2 2 2 2 2 2 2 2 2 2 2 2 2 2
left_child=1 2 -1 -4 5 6 20 16 10 12 17 13 -9 14 24 -15 -8 -7 -14 -17 -3 -19 -13 -10 -12 26 27 -6 29 -27
right_child=-2 4 3 -5 25 8 7 9 23 -11 11 22 18 15 -16 19 -18 21 -20 -21 -22 -23 -24 -25 -26 28 -28 -29 -30 -31
leaf_value=0.81845579147338876 0.25167568524678552 -0.41746621131896966 -1.1417887687683104 -0.30057077407836913 -0.25350842177867888 -0.047317087650299072 -0.14354294538497922 1.369588088989258 -1.2579607963562012 1.7352443059285481 0.22445714473724365 0.85752706527709943 -0.033632892370224002 0.77628922462463379 -0.9876825650533041 -0.55205806891123455 -1.2747679710388182 1.1656903266906737 0.67595367431640629 0.022289401292800905 -1.2450787544250488 0.33946020603179927 0.16097207069396971 -0.61167764663696289 -0.33083789348602299 0.4945312119192547 0.11176661723925743 -1.3830326557159425 -0.059617434317866959 0.009357847770055135
leaf_weight=11.999999999999998 36 12 12 12 84 24 12 11.999999999999998 12 11.999999999999998 11.999999999999998 12 24 11.999999999999998 36 24 12 12 24 36 12 12 12 12 24 144 324 24 576 144
leaf_count=12 36 12 12 12 84 24 12 12 12 12 12 12 24 12 36 24 12 12 24 36 12 12 12 12 24 144 324 24 576 144
internal_value=-2.39384e-09 -0.0053548 -0.207968 -0.72118 -0.000950171 -0.0597743 0.130862 0.371395 -0.155092 0.731579 -0.0684561 -0.188766 0.530846 -0.305102 -0.566711 -0.0434931 -0.709155 0.352629 0.32116 -0.20745 -0.831272 0.752575 0.50925 -0.934819 -0.14574 0.0153899 -0.0423035 -0.504514 0.0442366 0.251945
internal_weight=1728 1692 36 24 1656 360 120 96 240 72 216 168 60 144 72 72 24 48 48 60 24 24 24 24 36 1296 432 108 864 288
internal_count=1728 1692 36 24 1656 360 120 96 240 72 216 168 60 144 72 72 24 48 48 60 24 24 24 24 36 1296 432 108 864 288
is_linear=0
shrinkage=0.05


Tree=217
num_leaves=31
num_cat=0
split_feature=0 6 2 3 0 4 0 4 4 1 0 2 3 3 0 4 2 6 2 3 1 0 6 1 6 0 2 0 6 0
split_gain=856.092 542.789 1242.98 1637.58 4306.17 2605.63 2849.64 4367.92 2602 2261.06 1833.74 1608.02 1546.95 2498.73 1523.43 1360.16 1221.3 1552.02 1141.3 1735 1875.71 4992.89 8009.69 2893.19 18847.9 4590.44 4366.95 4333.17 1526.05 1452.17
threshold=619852.88050000009 0.25000000000000006 127.01650000000002 48.804500000000012 68725.196500000005 101.94350000000001 37405.976000000002 38.12850000000001 14.624000000000001 13436.337500000001 121294.55000000002 53.76550000000001 30.154500000000002 30.583500000000004 303117.76850000006 64.634000000000015 127.01650000000002 0.15000000000000005 113.36550000000001 89.988000000000014 10484.007500000002 47382.240000000013 0.15000000000000005 9241.5975000000017 0.15000000000000005 37306.64650000001 74.89200000000001 41777.992500000008 0.15000000000000005 45843.734500000013
decision_type=2 2 2 2 2 2 2 2 2 2 2 2 2 2 2 2 2 2 2 2 2 2 2 2 2 2 2 2 2 2
left_child=1 16 3 4 12 6 8 -8 11 -7 -6 -5 -3 -14 -12 -9 18 -18 19 20 23 22 -22 -1 25 -25 -27 -26 -20 -24
right_child=-2 2 -4 5 10 9 7 15 -10 -11 14 -13 13 -15 -16 -17 17 -19 28 -21 21 -23 29 24 27 26 -28 -29 -30 -31
leaf_value=-0.015309874465068183 0.10320662518342337 -0.24634723315636317 -0.55679559707641602 -0.46196060180664067 0.64784266153971359 -1.0069746017456056 0.48473782390356068 -0.20808296104272209 -0.59053250418768988 -0.25513274908065797 -0.31474895477294917 0.24691606760025026 0.73747472763061528 -0.041839926441510522 0.48196983337402338 0.2265563488006592 -0.040639731287956234 0.76352186203002925 0.058575755357742301 0.16920502483844757 0.06623948216438294 -0.031876926391552658 -0.83660497665405265 -1.2559265136718751 1.4672344207763672 -0.51611065864562988 0.65208067893981936 0.5171058336893718 -0.7388278007507324 -1.6144680023193356
leaf_weight=384 180 72 11.999999999999998 11.999999999999998 36 11.999999999999998 48 72 36 60 12 24 11.999999999999998 72 12 24 12 12 12 144 24 312 12 11.999999999999998 24 24 11.999999999999998 24 12 12
leaf_count=384 180 72 12 12 36 12 48 72 36 60 12 24 12 72 12 24 12 12 12 144 24 312 12 12 24 24 12 24 12 12
internal_value=-2.00062e-10 -0.0120008 -0.0538719 -0.0418976 0.0621723 -0.11995 -0.03312 0.0952972 -0.289954 -0.38044 0.42215 0.0106238 -0.0762806 0.0694907 0.0836104 -0.0994231 0.00893481 0.361441 0.000541804 0.00885078 -0.0186385 -0.104913 -0.579649 0.0460674 0.291577 -0.409017 -0.126714 0.99217 -0.340126 -1.22554
internal_weight=1728 1548 516 504 216 288 216 144 72 72 60 36 156 84 24 96 1032 24 1008 984 840 360 48 480 96 48 36 48 24 24
internal_count=1728 1548 516 504 216 288 216 144 72 72 60 36 156 84 24 96 1032 24 1008 984 840 360 48 480 96 48 36 48 24 24
is_linear=0
shrinkage=0.05


Tree=218
num_leaves=31
num_cat=0
split_feature=0 6 3 6 6 0 6 4 1 4 4 1 1 3 6 0 3 0 0 4 4 0 6 6 6 0 0 3 0 6
split_gain=804.792 593.526 516.836 6795.84 1574.18 553.751 2354.78 10025.4 13488 5767.92 5236.58 4018.38 4845.53 3809.39 3549.23 4606.22 3169.11 2771.77 2734.56 2201.92 1629.68 1483.59 1473.64 1092.98 939.063 917.094 890.522 819.337 1171.77 8250.03
threshold=1182183.7235000001 0.25000000000000006 12.640500000000001 0.15000000000000005 0.25000000000000006 22666.579000000002 0.15000000000000005 10.340000000000002 2158.8095000000008 82.975500000000011 15.803000000000003 2158.8095000000008 7848.9580000000014 30.154500000000002 0.25000000000000006 12036.576500000001 33.753000000000007 4747.4170000000004 4747.4170000000004 17.934000000000005 15.803000000000003 16052.3765 0.25000000000000006 0.25000000000000006 0.25000000000000006 19740.918500000003 3923.9490000000001 27.516500000000004 68725.196500000005 0.15000000000000005
decision_type=2 2 2 2 2 2 2 2 2 2 2 2 2 2 2 2 2 2 2 2 2 2 2 2 2 2 2 2 2 2
left_child=2 -2 3 -1 -5 6 7 21 17 11 -10 18 14 -12 15 26 -16 -9 -8 -15 -18 -4 -20 -14 -11 -21 -13 28 -7 -30
right_child=1 -3 5 4 -6 27 9 8 10 24 13 12 23 19 16 -17 20 -19 22 25 -22 -23 -24 -25 -26 -27 -28 -29 29 -31
leaf_value=0.77912688255310059 0.3774883270263672 -0.053181934356689456 -0.39582738876342771 -1.0831054687499999 -0.27322487831115722 0.029733729362487794 -0.038409793376922609 -0.13560030460357664 1.6492474873860676 -1.1942973136901853 1.3018741607666016 0.2139997720718384 0.81541624069213858 0.89242582321166997 0.70060100555419924 -0.93753294944763188 -0.50864587227503466 -1.2102641105651855 1.1081713676452636 0.28879612684249878 0.023266928394635521 -1.1820592880249021 0.3245791912078857 0.14057766199111937 -0.56877641677856439 -0.24654664993286135 -0.31353050470352173 0.0023490177661882909 -0.69133434295654306 0.91432247161865243
leaf_weight=11.999999999999998 24 11.999999999999998 12 12 12 72 24 12 11.999999999999998 12 11.999999999999998 11.999999999999998 12 11.999999999999998 11.999999999999998 36 24 12 12 24 36 12 12 12 12 11.999999999999998 24 1188 11.999999999999998 24
leaf_count=12 24 12 12 12 12 72 24 12 12 12 12 12 12 12 12 36 24 12 12 24 36 12 12 12 12 12 24 1188 12 24
internal_value=5.44996e-10 0.233932 -0.00497727 -0.192401 -0.678165 -0.000902835 -0.0557619 0.125084 0.353591 -0.146185 0.695766 -0.0644792 -0.179754 0.505069 -0.289379 -0.53761 -0.0411483 -0.672932 0.338983 0.305868 -0.189498 -0.788943 0.716375 0.477997 -0.881537 0.110349 -0.137687 0.0143358 0.14619 0.379104
internal_weight=1728 36 1692 36 24 1656 360 120 96 240 72 216 168 60 144 72 72 24 48 48 60 24 24 24 24 36 36 1296 108 36
internal_count=1728 36 1692 36 24 1656 360 120 96 240 72 216 168 60 144 72 72 24 48 48 60 24 24 24 24 36 36 1296 108 36
is_linear=0
shrinkage=0.05


Tree=219
num_leaves=31
num_cat=0
split_feature=0 6 6 2 2 3 4 1 0 4 4 2 0 2 2 2 0 2 2 6 3 1 0 6 1 6 0 2 0 6
split_gain=744.028 999.23 486.255 1149.02 1931.89 1649.32 3632.42 3158.19 1528.68 5425.91 2260.16 1436.38 1218.51 1221.26 2161.45 1323.11 1470.16 1074.73 1511.74 2978.8 2163.07 1729.28 4507.27 7228.74 2575.51 17010.2 4142.87 3941.17 3910.69 1647.71
threshold=1048200.1775000001 0.15000000000000005 0.25000000000000006 127.01650000000002 117.89800000000001 50.303500000000007 133.21950000000004 15904.846000000003 37405.976000000002 38.12850000000001 14.624000000000001 53.76550000000001 3923.9490000000001 31.426500000000004 27.516500000000004 37.846500000000013 47382.240000000013 127.01650000000002 113.36550000000001 0.15000000000000005 89.988000000000014 10484.007500000002 47382.240000000013 0.15000000000000005 9241.5975000000017 0.15000000000000005 37306.64650000001 74.89200000000001 41777.992500000008 0.15000000000000005
decision_type=2 2 2 2 2 2 2 2 2 2 2 2 2 2 2 2 2 2 2 2 2 2 2 2 2 2 2 2 2 2
left_child=2 -2 17 4 5 7 8 12 10 -10 11 -7 -4 14 -14 -15 -17 18 20 -20 21 24 23 -23 -1 26 -26 -28 -27 -22
right_child=1 -3 3 -5 -6 6 -8 -9 9 -11 -12 -13 13 15 -16 16 -18 -19 19 -21 29 22 -24 -25 25 28 27 -29 -30 -31
leaf_value=-0.012667848666508994 0.42076795101165776 0.025635500252246857 -0.34577883481979371 -0.5290732860565186 0.59291782379150393 -0.43898005485534669 -0.71570656299591073 0.59524548053741455 0.46038348376750948 -0.14752553563851575 -0.55260675218370225 0.23099709749221803 0.14794370532035828 0.46724648475646974 -0.39996263186136882 0.2274445801973343 -0.19524366855621339 0.3432515561580658 0.12455463707447052 -0.6632163047790528 0.022656968981027606 0.062810057401657113 -0.030332032686624773 -1.1643770933151245 -1.1932476043701172 1.3937552452087403 -0.49042258262634281 0.61935915946960451 0.4911330858866374 0.31560468673706055
leaf_weight=384 24 48 24 11.999999999999998 11.999999999999998 11.999999999999998 24 24 48 156 36 24 36 24 36 48 36 24 24 24 96 24 312 24 11.999999999999998 24 24 11.999999999999998 24 96
leaf_count=384 24 48 24 12 12 12 24 24 48 156 36 24 36 24 36 48 36 24 24 24 96 24 312 24 12 24 24 12 24 96
internal_value=-2.6215e-10 0.157346 -0.00684114 -0.0451577 -0.0344041 -0.0486614 -0.125701 0.0527061 -0.0743958 -0.00448812 -0.272468 0.00767138 -0.011122 0.0334989 -0.126009 0.139838 0.0462925 0.0123172 0.00496305 -0.269331 0.0177209 -0.0168871 -0.0997256 -0.550784 0.0452418 0.27688 -0.388683 -0.120495 0.942444 0.169131
internal_weight=1728 72 1656 552 540 528 300 228 276 204 72 36 204 180 72 108 84 1104 1080 48 1032 840 360 48 480 96 48 36 48 192
internal_count=1728 72 1656 552 540 528 300 228 276 204 72 36 204 180 72 108 84 1104 1080 48 1032 840 360 48 480 96 48 36 48 192
is_linear=0
shrinkage=0.05


Tree=220
num_leaves=31
num_cat=0
split_feature=0 6 3 6 6 3 0 6 6 6 0 3 6 0 2 0 6 4 0 6 4 4 4 0 4 0 3 2 1 4
split_gain=675.81 510.103 445.221 6096.77 1451.31 489.65 1413.95 7402.2 1787.8 1247.24 961.043 721.802 1953.82 13199.7 6759.53 4470.06 5589.59 3353.28 986.968 943.434 1614.28 3679.53 1315.11 1896.18 3136.54 2015.92 1594.12 1479.76 1353.66 1309.62
threshold=1182183.7235000001 0.25000000000000006 12.640500000000001 0.15000000000000005 0.25000000000000006 27.516500000000004 68725.196500000005 0.15000000000000005 0.25000000000000006 0.15000000000000005 27705.340000000004 31.992000000000001 0.15000000000000005 63082.982000000011 47.44700000000001 63082.982000000011 0.25000000000000006 82.975500000000011 80810.85000000002 0.25000000000000006 140.45600000000005 133.21950000000004 95.752500000000012 41777.992500000008 28.488500000000005 164842.97150000001 57.764500000000005 127.01650000000002 10484.007500000002 8.3360000000000021
decision_type=2 2 2 2 2 2 2 2 2 2 2 2 2 2 2 2 2 2 2 2 2 2 2 2 2 2 2 2 2 2
left_child=2 -2 3 -1 -5 6 9 -8 -9 10 -4 12 13 14 -7 16 -14 -18 -15 -13 21 22 23 26 25 -25 -21 -26 29 -28
right_child=1 -3 5 4 -6 11 7 8 -10 -11 -12 19 15 18 -16 -17 17 -19 -20 20 -22 -23 -24 24 27 -27 28 -29 -30 -31
leaf_value=0.74168715476989755 0.34745383262634277 -0.051804614067077641 -0.12818689346313478 -1.0274335861206054 -0.24980144500732418 1.2198077201843263 -0.65525102615356445 1.2972084999084472 0.43412356376647943 -0.1232849583029747 0.41983313560485841 0.033284536232282454 -0.90934454600016279 -0.45782837867736809 -0.23358592987060547 0.15412142276763918 0.65419874191284189 -0.36947059631347656 -1.0991058349609373 0.047731445729732515 0.34284927323460579 -0.67992126941680908 -0.23562698066234589 1.1046194076538085 0.077302419597452335 0.18812259435653686 0.121998929977417 -0.50261964797973635 0.21876924037933351 -0.4501932922999064
leaf_weight=11.999999999999998 24 11.999999999999998 11.999999999999998 12 12 24 11.999999999999998 12 12 72 24 888 36 12 11.999999999999998 48 11.999999999999998 24 12 72 24 24 72 12 132 12 11.999999999999998 11.999999999999998 11.999999999999998 60
leaf_count=12 24 12 12 12 12 24 12 12 12 72 24 888 36 12 12 48 12 24 12 72 24 24 72 12 132 12 12 12 12 60
internal_value=-7.14014e-10 0.214368 -0.00456102 -0.178516 -0.638618 -0.000779386 0.0873209 0.358694 0.865666 -0.00313671 0.23716 -0.00916989 -0.103146 0.129819 0.735343 -0.219629 -0.468796 -0.0282475 -0.778467 0.00352963 -0.0559802 -0.0787704 -0.042337 0.000616272 0.117175 0.646371 -0.124908 0.0289756 -0.272885 -0.354828
internal_weight=1728 36 1692 36 24 1656 144 36 24 108 36 1512 180 60 36 120 72 36 24 1332 444 420 396 324 168 24 156 144 84 72
internal_count=1728 36 1692 36 24 1656 144 36 24 108 36 1512 180 60 36 120 72 36 24 1332 444 420 396 324 168 24 156 144 84 72
is_linear=0
shrinkage=0.05


Tree=221
num_leaves=31
num_cat=0
split_feature=0 4 6 4 0 0 4 4 6 6 4 0 4 0 6 0 3 6 0 2 0 6 0 3 0 6 2 3 6 2
split_gain=637.17 426.652 2737.4 5677.23 4131.98 3552.75 2149.35 3036.91 1613.49 1447.49 3931.13 2831.41 2014.2 1351.51 1292.64 1120.86 1041.63 1676.66 8791.24 3685.01 3307.45 3938.52 4726.42 2772.07 2609.41 1599.95 7825.64 5547.26 5468.07 13117.5
threshold=619852.88050000009 133.21950000000004 0.15000000000000005 137.47000000000003 55159.639500000012 208019.18150000004 137.47000000000003 146.61700000000002 0.25000000000000006 0.25000000000000006 140.45600000000005 100590.71350000003 143.54950000000002 208019.18150000004 0.25000000000000006 90630.424000000014 31.992000000000001 0.15000000000000005 63082.982000000011 47.44700000000001 63082.982000000011 0.25000000000000006 19563.351500000001 30.154500000000002 27705.340000000004 0.15000000000000005 7.3575000000000008 105.34800000000001 0.25000000000000006 90.431000000000012
decision_type=2 2 2 2 2 2 2 2 2 2 2 2 2 2 2 2 2 2 2 2 2 2 2 2 2 2 2 2 2 2
left_child=1 16 4 5 -3 8 13 -8 -4 11 -11 15 -12 -6 -7 -5 17 18 19 -1 21 22 -19 -23 -21 26 -18 28 29 -27
right_child=-2 2 3 9 6 14 7 -9 -10 10 12 -13 -14 -15 -16 -17 25 20 -20 24 -22 23 -24 -25 -26 27 -28 -29 -30 -31
leaf_value=1.1764234542846681 0.089037896593411769 1.1412111282348634 1.2323481559753418 -0.49471325874328614 -0.62248849868774414 0.32900650501251216 0.56185212135314944 -0.35661710898081461 0.41241741180419916 -0.88696193695068359 0.6858323574066163 -1.1117859840393067 -0.062164913614590971 0.12793073654174802 -0.40488839149475092 -0.011481219530105592 1.1671989440917969 0.25642387866973876 -0.73954374790191657 -0.17184208035469056 0.1464153528213501 -0.2281537652015686 -0.85300749540328979 0.62148880958557129 0.56546797752380373 0.12917717731360234 -0.13225011403361958 -0.30903154760599139 -0.050616569360097258 1.1466035842895508
leaf_weight=11.999999999999998 180 11.999999999999998 12 24 12 12 36 11.999999999999998 12 11.999999999999998 11.999999999999998 11.999999999999998 36 12 12 24 11.999999999999998 11.999999999999998 24 24 48 48 48 11.999999999999998 24 264 336 96 300 36
leaf_count=12 180 12 12 24 12 12 36 12 12 12 12 12 36 12 12 24 12 12 24 24 48 48 48 12 24 264 336 96 300 36
internal_value=6.2778e-10 -0.0103532 0.0491751 -0.0673511 0.282228 0.392221 0.139064 0.332235 0.822383 -0.25118 -0.0775249 -0.424835 0.124834 -0.247279 -0.0379409 -0.253097 -0.0219282 -0.113166 0.0692268 0.392735 -0.204362 -0.344673 -0.631121 -0.0582253 0.196813 9.46872e-05 -0.0874415 0.0438628 0.100326 0.251268
internal_weight=1728 1548 252 168 84 48 72 48 24 120 60 60 48 24 24 48 1296 252 84 60 168 120 60 60 48 1044 348 696 600 300
internal_count=1728 1548 252 168 84 48 72 48 24 120 60 60 48 24 24 48 1296 252 84 60 168 120 60 60 48 1044 348 696 600 300
is_linear=0
shrinkage=0.05


Tree=222
num_leaves=31
num_cat=0
split_feature=0 6 4 6 6 0 0 6 2 0 1 0 4 2 2 2 0 1 0 6 6 4 4 1 6 0 0 3 1 0
split_gain=583.543 471.416 448.351 5492.39 1716.66 1338.94 783.446 555.929 5580.87 6396.26 11243 10497.8 6606.25 9536.23 5817.87 4328.63 4557 6427.85 4939.5 8547.38 4514.26 3838.7 5054.08 3967.11 6037.42 3667.76 4677.85 3329.69 2873.38 3904.09
threshold=1182183.7235000001 0.15000000000000005 8.3360000000000021 0.15000000000000005 0.25000000000000006 16052.3765 16052.3765 0.15000000000000005 7.3575000000000008 31159.647000000004 2158.8095000000008 35745.162000000004 137.47000000000003 68.52800000000002 67.669000000000025 7.3575000000000008 31159.647000000004 2158.8095000000008 35745.162000000004 0.25000000000000006 0.25000000000000006 137.47000000000003 135.84850000000003 9804.0705000000016 0.25000000000000006 19740.918500000003 12036.576500000001 27.516500000000004 12794.753500000003 153655.73400000003
decision_type=2 2 2 2 2 2 2 2 2 2 2 2 2 2 2 2 2 2 2 2 2 2 2 2 2 2 2 2 2 2
left_child=2 -2 3 5 6 -1 -5 8 -4 10 -10 -11 13 14 -13 -9 17 -17 19 -18 -19 22 23 24 -20 26 -12 -25 -15 -30
right_child=1 -3 7 4 -6 -7 -8 15 9 11 25 12 -14 28 -16 16 18 20 21 -21 -22 -23 -24 27 -26 -27 -28 -29 29 -31
leaf_value=-0.37045435905456542 0.45507726669311527 0.071257466077804574 1.1088389396667482 0.1958100914955139 -0.11654489636421204 -1.1173746109008789 0.76715569496154778 -0.68351086378097536 -0.62867734432220468 -1.090492057800293 0.27993799448013307 -0.32402275890111926 0.46932857195536298 0.63483443260192873 -1.4786924362182619 0.32156599760055543 1.2111815929412844 -0.56777874231338499 0.84879248142242436 -0.12324907779693604 -0.082889318342010188 -0.23862093359231951 0.78126360177993781 -0.57965763807296755 -0.066920407613118502 0.18226625124613446 1.1811184671190051 0.022511576003197468 -0.41157413323720293 0.17584275440736252
leaf_weight=12 11.999999999999998 24 11.999999999999998 12 24 12 12 24 24 24 24 120 60 24 11.999999999999998 48 24 96 36 24 96 120 24 24 36 36 36 528 36 132
leaf_count=12 12 24 12 12 24 12 12 24 24 24 24 120 60 24 12 48 24 96 36 24 96 120 24 24 36 36 36 528 36 132
internal_value=4.55313e-10 0.199197 -0.00423824 -0.126325 0.182469 -0.743914 0.481483 0.00118786 0.0426104 0.018378 0.339268 -0.0760013 -0.0125956 -0.101841 -0.428993 -0.0195234 -0.00443281 -0.195954 0.051897 0.543966 -0.325334 0.0211426 0.069247 0.0418617 0.390936 0.581254 0.820646 -0.00366969 0.123076 0.0499677
internal_weight=1728 36 1692 72 48 24 24 1620 540 528 120 408 384 324 132 1080 1056 240 816 48 192 768 648 624 72 96 60 552 192 168
internal_count=1728 36 1692 72 48 24 24 1620 540 528 120 408 384 324 132 1080 1056 240 816 48 192 768 648 624 72 96 60 552 192 168
is_linear=0
shrinkage=0.05


Tree=223
num_leaves=31
num_cat=0
split_feature=0 6 0 4 6 6 0 0 0 6 0 1 0 4 1 2 0 4 2 2 0 1 4 1 6 4 6 0 0 3
split_gain=531.435 384.978 549.139 369.169 4956.88 1549.28 1208.39 707.06 530.046 393.462 5333.77 10146.8 9753.6 5606.33 6744.64 4718.58 4049.66 4040.64 6498.36 3868.62 4124.89 5801.13 4512.2 5482.36 6850.07 4924.94 4074.12 3310.15 4221.76 3156.99
threshold=619852.88050000009 0.15000000000000005 1048200.1775000001 8.3360000000000021 0.15000000000000005 0.25000000000000006 16052.3765 16052.3765 16052.3765 0.15000000000000005 31159.647000000004 2158.8095000000008 35745.162000000004 137.47000000000003 16961.718500000003 106.31000000000002 137286.37700000001 33.389500000000005 67.669000000000025 7.3575000000000008 31159.647000000004 2158.8095000000008 137.47000000000003 9804.0705000000016 0.25000000000000006 135.84850000000003 0.25000000000000006 19740.918500000003 12036.576500000001 27.516500000000004
decision_type=2 2 2 2 2 2 2 2 2 2 2 2 2 2 2 2 2 2 2 2 2 2 2 2 2 2 2 2 2 2
left_child=3 2 -2 4 6 7 -1 -6 -7 10 11 -5 -12 14 15 17 -16 -14 -19 -11 21 -21 23 24 -22 29 -23 28 -13 -25
right_child=1 -3 -4 9 5 8 -8 -9 -10 19 12 27 13 -15 16 -17 -18 18 -20 20 22 26 -24 25 -26 -27 -28 -29 -30 -31
leaf_value=-0.3519316434860229 0.06121978064378103 0.02960987985134125 0.36998620033264162 -0.59724347293376923 0.18601958751678466 -0.3456923723220825 -1.061505889892578 0.72879791259765625 0.12425705194473265 -0.64933530092239389 -1.0359674453735352 0.26594110131263732 0.071368531386057532 0.44586215178171795 1.0533969879150391 0.64458765983581545 0.090044511556625365 -0.33298337544713702 -1.2658905982971191 0.30548768043518071 0.87783825397491455 -0.53938979804515841 -0.22668988838791848 -0.55067473649978638 0.033119785785675052 0.74220043420791626 -0.078744846458236373 0.17315293947855634 1.1220625347561306 0.037680236446230038
leaf_weight=12 36 120 24 24 12 12 12 12 12 24 24 24 36 60 11.999999999999998 11.999999999999998 120 84 24 48 48 96 120 24 48 24 96 36 36 456
leaf_count=12 36 120 24 24 12 12 12 12 12 24 24 24 36 60 12 12 120 84 24 48 48 96 120 24 48 24 96 36 36 456
internal_value=-7.83001e-10 0.0813154 0.184726 -0.00945528 -0.120009 0.173346 -0.706719 0.457409 -0.110718 -0.0040624 0.0324461 0.322304 -0.0610566 0.00617867 -0.0854221 -0.307998 0.177622 -0.38738 -0.540296 -0.0223166 -0.00664116 -0.186156 0.0531972 0.109175 0.455479 0.0432119 -0.309067 0.552191 0.779614 0.00826249
internal_weight=1728 180 60 1548 72 48 24 24 24 1476 492 120 372 348 288 156 132 144 108 984 960 240 720 600 96 504 192 96 60 480
internal_count=1728 180 60 1548 72 48 24 24 24 1476 492 120 372 348 288 156 132 144 108 984 960 240 720 600 96 504 192 96 60 480
is_linear=0
shrinkage=0.05


Tree=224
num_leaves=31
num_cat=0
split_feature=0 6 0 6 4 1 4 1 1 6 0 0 0 0 0 0 6 1 0 6 1 6 0 1 2 2 6 2 2 1
split_gain=487.585 417.468 371.497 1585.52 7130.3 9456.89 4445.63 4100.62 4377.77 3205.52 4602.66 2719.01 2551.03 2412.19 2267.25 1831.4 1386.75 1254.06 1090.57 791.607 682.122 1567.65 8611.52 6015.91 4341.49 3651.36 5803.64 3461.39 2085.24 1866.51
threshold=1182183.7235000001 0.25000000000000006 22666.579000000002 0.15000000000000005 10.340000000000002 2158.8095000000008 15.803000000000003 2158.8095000000008 7848.9580000000014 0.25000000000000006 12036.576500000001 19740.918500000003 4747.4170000000004 19740.918500000003 4747.4170000000004 18495.691000000003 0.25000000000000006 4540.7175000000016 16052.3765 0.25000000000000006 10129.240500000002 0.15000000000000005 44158.321000000004 7047.768500000001 53.76550000000001 74.129500000000021 0.25000000000000006 31.205000000000002 74.129500000000021 9241.5975000000017
decision_type=2 2 2 2 2 2 2 2 2 2 2 2 2 2 2 2 2 2 2 2 2 2 2 2 2 2 2 2 2 2
left_child=2 -2 3 4 18 12 -7 14 9 10 -9 17 -6 15 -5 -8 -16 -11 -1 -10 21 22 23 -4 -23 26 -26 -25 -29 -28
right_child=1 -3 20 7 5 6 13 8 19 11 -12 -13 -14 -15 16 -17 -18 -19 -20 -21 -22 24 -24 27 25 -27 29 28 -30 -31
leaf_value=-0.33433504104614253 0.30248098969459536 -0.058709645271301271 -0.94602422714233403 -0.053423321247100836 -0.051889407634735096 1.4572078069051109 0.25264404416084291 -0.10775062640508015 0.69235801696777344 -0.066890194267034533 -0.85564875602722168 0.59849605560302732 -1.0828731536865233 -0.23108549118041993 1.0139204025268553 0.87033519744873056 0.25377945899963378 -0.50954915682474777 -1.0084305763244628 0.11804419755935668 -0.01048709044225828 -0.14802991350491843 -1.3414632797241213 1.03839111328125 1.0171857833862306 0.0052906692028045661 0.37395352125167847 -0.13252219359079997 0.46915906667709351 -0.38977620601654056
leaf_weight=12 24 11.999999999999998 11.999999999999998 24 12 11.999999999999998 24 36 12 48 48 11.999999999999998 12 11.999999999999998 12 24 12 24 12 12 1044 72 11.999999999999998 11.999999999999998 36 48 24 36 24 11.999999999999998
leaf_count=12 24 12 12 24 12 12 24 36 12 48 48 12 12 12 12 24 12 24 12 12 1044 72 12 12 36 48 24 36 24 12
internal_value=8.50263e-10 0.182084 -0.00387413 -0.0489401 0.0994553 0.292165 0.57868 -0.123138 -0.226475 -0.316715 -0.535121 -0.098309 -0.567381 0.402975 0.290213 0.56149 0.63385 -0.214443 -0.671383 0.405201 0.00830585 0.0764303 -0.0885431 0.0904455 0.158917 0.343085 0.568281 0.26319 0.10815 0.119377
internal_weight=1728 36 1692 360 120 96 72 240 192 168 84 84 24 60 48 48 24 72 24 24 1332 288 96 84 192 120 72 72 60 36
internal_count=1728 36 1692 360 120 96 72 240 192 168 84 84 24 60 48 48 24 72 24 24 1332 288 96 84 192 120 72 72 60 36
is_linear=0
shrinkage=0.05


Tree=225
num_leaves=31
num_cat=0
split_feature=0 6 0 3 6 6 0 3 6 6 0 0 0 0 0 0 0 0 4 6 4 0 0 4 4 6 6 4 0 4
split_gain=462.377 338.979 469.512 304.973 5727.49 3256.27 2210.79 506.739 2336.32 5195.06 11722.9 4679.7 2891.79 1683.59 1143.54 793.913 643.262 401.464 362.295 1863.46 4103.41 3193.96 2658 1568.16 2740.81 1456.17 1306.36 3560.55 2566.13 1806.11
threshold=619852.88050000009 0.15000000000000005 1048200.1775000001 108.92850000000001 0.15000000000000005 0.25000000000000006 164842.97150000001 89.988000000000014 0.15000000000000005 0.25000000000000006 137286.37700000001 137286.37700000001 507657.76500000007 573241.87500000012 507657.76500000007 137286.37700000001 573241.87500000012 164842.97150000001 133.21950000000004 0.15000000000000005 137.47000000000003 55159.639500000012 208019.18150000004 137.47000000000003 146.61700000000002 0.25000000000000006 0.25000000000000006 140.45600000000005 100590.71350000003 143.54950000000002
decision_type=2 2 2 2 2 2 2 2 2 2 2 2 2 2 2 2 2 2 2 2 2 2 2 2 2 2 2 2 2 2
left_child=3 2 -2 7 6 -6 -5 18 11 10 -10 -9 -12 -14 -13 -11 -17 -7 -1 21 22 -20 25 -23 -25 -21 28 -28 -22 -29
right_child=1 -3 -4 4 5 17 -8 8 9 15 12 14 13 -15 -16 16 -18 -19 19 20 26 23 -24 24 -26 -27 27 29 -30 -31
leaf_value=-0.027824396488767018 0.058683149019877118 0.027330012321472169 0.34418703317642213 1.0012515068054197 -0.83645877838134775 -0.21731169223785396 0.041480058431625361 -1.063204574584961 1.9288400650024415 -0.49067173004150394 0.56969585418701174 -0.20331836342811585 -0.62526173591613765 0.21229248046874996 0.28477765917778014 0.069701496760050455 -0.35300881862640382 0.19168280363082885 0.98647155761718752 1.0950819015502928 -0.21493318974971773 -0.22461261153221132 -0.038529145717620852 0.48852432568867998 -0.38402144114176434 0.31614768505096436 -0.81882400512695319 0.67533063888549805 -1.0324068069458008 -0.032974387208620712
leaf_weight=1044 36 120 24 12 24 12 12 11.999999999999998 11.999999999999998 11.999999999999998 24 24 12 12 24 36 11.999999999999998 12 11.999999999999998 12 48 24 24 36 11.999999999999998 12 11.999999999999998 11.999999999999998 11.999999999999998 36
leaf_count=1044 36 120 24 12 24 12 12 12 12 12 24 24 12 12 24 36 12 12 12 12 48 24 24 36 12 12 12 12 12 36
internal_value=-1.31765e-09 0.0758482 0.172885 -0.00881956 -0.109302 -0.424637 0.521366 -0.00391796 0.0746934 0.202069 0.531053 -0.180057 0.181606 -0.206485 0.0407296 -0.126915 -0.0359761 -0.0128144 -0.0148362 0.0389721 -0.0571703 0.231257 0.333543 0.105388 0.270388 0.705615 -0.213456 -0.0484833 -0.378428 0.144102
internal_weight=1728 180 60 1548 72 48 24 1476 180 120 60 60 48 24 48 60 48 24 1296 252 168 84 48 72 48 24 120 60 60 48
internal_count=1728 180 60 1548 72 48 24 1476 180 120 60 60 48 24 48 60 48 24 1296 252 168 84 48 72 48 24 120 60 60 48
is_linear=0
shrinkage=0.05


Tree=226
num_leaves=31
num_cat=0
split_feature=1 1 6 0 0 0 6 0 0 0 6 6 6 1 6 0 0 6 0 0 4 4 2 0 2 2 3 4 1 4
split_gain=422.938 884.127 3508.69 7034.88 5021.67 1430.4 1082 3181.91 2779.11 1066.59 4740.21 1314.2 850.99 2529.61 10285.1 4573.15 4549.95 2652.2 8415.42 4149.35 2540.44 2399.77 1954.04 1690.19 1558.73 2159.05 2394.38 2581.93 1387.69 1459.25
threshold=14745.336000000001 12485.131000000003 0.25000000000000006 90630.424000000014 90630.424000000014 93897.382000000027 0.15000000000000005 80810.85000000002 80810.85000000002 68725.196500000005 0.15000000000000005 0.25000000000000006 0.25000000000000006 15904.846000000003 0.15000000000000005 121294.55000000002 121294.55000000002 0.15000000000000005 137286.37700000001 137286.37700000001 43.561500000000002 140.45600000000005 68.52800000000002 145818.27200000003 127.01650000000002 68.52800000000002 107.29100000000001 133.21950000000004 25946.188500000004 60.407000000000004
decision_type=2 2 2 2 2 2 2 2 2 2 2 2 2 2 2 2 2 2 2 2 2 2 2 2 2 2 2 2 2 2
left_child=1 9 4 -4 6 -5 8 -8 -3 -1 -11 -12 13 14 15 -2 -16 19 -19 -15 -20 28 -21 -22 25 -25 27 -27 -14 -30
right_child=12 2 3 5 -6 -7 7 -9 -10 10 11 -13 21 17 16 -17 -18 18 20 22 23 -23 -24 24 -26 26 -28 -29 29 -31
leaf_value=-0.013372723966980901 -1.0100442886352539 0.10368008613586424 0.81874239444732666 -0.77788276672363277 0.051495914657910674 -0.0058718521147966378 -1.4848603248596191 -0.33342814445495605 -0.97240753173828109 -0.54675879478454592 1.0403277397155761 0.30034029483795166 -0.24538470676967075 0.77317111492156987 1.8323980331420895 0.37034666538238525 0.4555132389068603 -0.97717008590698251 -0.46529972553253174 -0.25619169076283776 0.65645356178283698 0.6415640830993653 0.15247958073249232 0.30347721576690678 0.41131229996681218 -0.50798953771591193 0.17180035114288331 0.31199738979339603 0.28602011601130167 -0.081560756762822484
leaf_weight=828 12 12 24 12 48 12 12 12 12 11.999999999999998 12 12 84 24 12 12 12 24 24 36 11.999999999999998 11.999999999999998 156 36 24 48 36 11.999999999999998 36 108
leaf_count=828 12 12 24 12 48 12 12 12 12 12 12 12 84 24 12 12 12 24 24 36 12 12 156 36 24 48 36 12 36 108
internal_value=-2.03425e-09 -0.0209061 -0.135609 0.213433 -0.310129 -0.391877 -0.671754 -0.909144 -0.434364 -0.00178901 0.264636 0.670334 0.0292685 0.0677056 0.412053 -0.319849 1.14396 0.0294448 -0.0944439 0.153333 0.0158969 -0.0476058 0.0758537 0.0846393 0.0406536 -0.0267389 -0.15057 -0.343992 -0.0838779 0.0103345
internal_weight=1728 1008 144 48 96 24 48 24 24 864 36 24 720 480 48 24 24 432 216 216 192 240 192 168 156 132 96 60 228 144
internal_count=1728 1008 144 48 96 24 48 24 24 864 36 24 720 480 48 24 24 432 216 216 192 240 192 168 156 132 96 60 228 144
is_linear=0
shrinkage=0.05


Tree=227
num_leaves=31
num_cat=0
split_feature=0 6 0 4 6 6 0 0 0 3 6 6 3 6 6 0 6 2 6 0 0 0 1 0 6 1 6 0 0 0
split_gain=384.608 301.579 402.72 290.167 4040.33 1329.98 984.241 542.947 458.756 284.335 4125.95 1201.36 303.621 4711.87 2666.87 1861.72 381.633 1632.22 5141.06 8894.08 4116.14 3174.81 1542.94 3834.21 6538.47 1871.05 12909.9 3233.6 2803.71 1940.36
threshold=619852.88050000009 0.15000000000000005 1048200.1775000001 8.3360000000000021 0.15000000000000005 0.25000000000000006 16052.3765 16052.3765 16052.3765 12.640500000000001 0.15000000000000005 0.25000000000000006 108.92850000000001 0.15000000000000005 0.25000000000000006 164842.97150000001 0.25000000000000006 90.431000000000012 0.15000000000000005 137286.37700000001 137286.37700000001 507657.76500000007 10484.007500000002 55159.639500000012 0.15000000000000005 9241.5975000000017 0.15000000000000005 41777.992500000008 41777.992500000008 63082.982000000011
decision_type=2 2 2 2 2 2 2 2 2 2 2 2 2 2 2 2 2 2 2 2 2 2 2 2 2 2 2 2 2 2
left_child=3 2 -2 4 6 7 -1 -6 -7 10 -5 -12 16 15 -15 -14 17 22 20 -20 -19 -21 25 24 -24 -11 27 -27 -28 -29
right_child=1 -3 -4 9 5 8 -8 -9 -10 12 11 -13 13 14 -16 -17 -18 18 19 21 -22 -23 23 -25 -26 26 28 29 -30 -31
leaf_value=-0.31555843353271484 0.054936197400093083 0.023412616252899171 0.31935371160507203 0.61494250297546393 0.18416599035263059 -0.32300338745117185 -0.95594921112060538 0.6598000049591064 0.11420184373855589 0.0061982290730589916 -0.87431077957153303 -0.16680285930633543 0.91253042221069325 -0.75857410430908212 -0.01318960189819336 0.031782075762748711 -0.031873332898606332 -0.95954208374023442 1.740778160095215 0.62552130222320557 0.075788889825344097 -0.18775566816329958 0.089206019043922433 -0.014334753384956947 -1.0779195308685303 -0.73371865749359133 1.2184494495391847 0.53663125038146964 0.45418164630730945 -0.36252522468566895
leaf_weight=12 36 120 24 11.999999999999998 12 12 12 12 12 336 12 12 12 24 24 12 456 11.999999999999998 11.999999999999998 24 48 24 24 312 24 24 24 12 24 12
leaf_count=12 36 120 24 12 12 12 12 12 12 336 12 12 12 24 24 12 456 12 12 24 48 24 24 312 24 24 24 12 24 12
internal_value=-7.43333e-10 0.0691761 0.160703 -0.00804374 -0.106057 0.158791 -0.635754 0.421983 -0.104401 -0.00326259 -0.142057 -0.520557 0.000207267 -0.0998692 -0.385882 0.472156 0.00547445 0.0241483 0.195992 0.523262 -0.131277 0.218883 -0.00188863 -0.0783377 -0.494357 0.0618189 0.256491 -0.323333 0.836316 0.087053
internal_weight=1728 180 60 1548 72 48 24 24 24 1476 36 24 1440 72 48 24 1368 912 120 60 60 48 792 360 48 432 96 48 48 24
internal_count=1728 180 60 1548 72 48 24 24 24 1476 36 24 1440 72 48 24 1368 912 120 60 60 48 792 360 48 432 96 48 48 24
is_linear=0
shrinkage=0.05


Tree=228
num_leaves=31
num_cat=0
split_feature=0 6 2 4 6 6 0 0 0 6 0 1 0 0 1 2 2 0 0 0 1 1 6 4 0 6 0 1 2 6
split_gain=347.108 272.175 373.004 261.876 3646.4 1200.31 888.278 490.009 414.027 287.239 4507.93 8303.32 7985.69 4341.83 6263.28 3382.76 3170.45 2947.88 2759.29 2743.3 4733.21 4111.86 9386.7 6701.31 3436.06 3397.55 2632.82 3504.91 2567.41 3057.06
threshold=619852.88050000009 0.15000000000000005 117.89800000000001 8.3360000000000021 0.15000000000000005 0.25000000000000006 16052.3765 16052.3765 16052.3765 0.15000000000000005 31159.647000000004 2158.8095000000008 35745.162000000004 37306.64650000001 9804.0705000000016 11.119000000000002 40.431500000000007 63082.982000000011 44158.321000000004 31159.647000000004 2158.8095000000008 10484.007500000002 0.25000000000000006 149.54050000000004 38531.177500000013 0.25000000000000006 19740.918500000003 4540.7175000000016 17.543500000000005 0.25000000000000006
decision_type=2 2 2 2 2 2 2 2 2 2 2 2 2 2 2 2 2 2 2 2 2 2 2 2 2 2 2 2 2 2
left_child=3 2 -2 4 6 7 -1 -6 -7 10 11 -5 -12 -14 18 -16 17 -17 -15 20 -11 22 23 24 -21 -22 27 -13 29 -23
right_child=1 -3 -4 9 5 8 -8 -9 -10 19 12 26 13 14 15 16 -18 -19 -20 21 25 28 -24 -25 -26 -27 -28 -29 -30 -31
leaf_value=-0.29978051185607907 -1.7006695270538329e-05 0.022241987586021424 0.25445808172225953 -0.53726226687431333 0.17495769262313843 -0.30685322284698485 -0.90815181732177719 0.62680997848510733 0.10849175453186033 0.27840436697006227 -0.9400084495544434 0.39332797129948938 0.93750667572021484 -0.34405061006546023 0.86690387725830087 0.17521844506263734 0.10588427439883903 -0.50346103906631468 -1.2726401329040529 1.1047823905944825 -0.48704014718532562 -0.78904616832733154 -0.12157687023282052 -0.5276269435882569 0.45858060667912171 -0.066379005337754884 0.16448605060577393 1.1733869234720866 -0.007326177578596842 0.0090062558650970456
leaf_weight=12 24 120 36 24 12 12 12 12 12 48 24 36 11.999999999999998 24 11.999999999999998 24 216 48 11.999999999999998 36 96 24 96 11.999999999999998 48 96 36 24 504 24
leaf_count=12 24 120 36 24 12 12 12 12 12 48 24 36 12 24 12 24 216 48 12 36 96 24 96 12 48 96 36 24 504 24
internal_value=-5.86388e-11 0.0657173 0.152668 -0.00764155 -0.100754 0.150852 -0.603966 0.400884 -0.0991807 -0.00309946 0.028094 0.294569 -0.0578657 0.00297169 -0.0304046 0.0443765 0.0101046 -0.277235 -0.65358 -0.0186962 -0.165687 0.0287201 0.228027 0.57763 0.735524 -0.27671 0.502527 0.705352 -0.0406039 -0.39002
internal_weight=1728 180 60 1548 72 48 24 24 24 1476 492 120 372 348 336 300 288 72 36 984 240 744 192 96 84 192 96 60 552 48
internal_count=1728 180 60 1548 72 48 24 24 24 1476 492 120 372 348 336 300 288 72 36 984 240 744 192 96 84 192 96 60 552 48
is_linear=0
shrinkage=0.05


Tree=229
num_leaves=31
num_cat=0
split_feature=0 6 4 1 4 4 1 1 1 0 0 0 6 0 0 3 6 0 6 6 6 1 6 0 1 2 2 6 2 1
split_gain=333.022 1379.06 5376.77 7655.32 3748.33 3511.61 2414.09 2654.67 2493.86 2302.3 2056.18 2046.2 1936.07 2039.36 1544.81 1502.27 1244.96 801.67 672.744 581.904 533.916 518.988 1274.34 7019.15 4882.31 3469.1 2978.03 4383.43 2443.04 1684.52
threshold=22666.579000000002 0.15000000000000005 10.340000000000002 2158.8095000000008 15.803000000000003 82.975500000000011 2158.8095000000008 7848.9580000000014 5600.7615000000014 4747.4170000000004 19740.918500000003 4747.4170000000004 0.25000000000000006 7391.9660000000013 18495.691000000003 33.753000000000007 0.25000000000000006 16052.3765 0.25000000000000006 0.25000000000000006 0.25000000000000006 10129.240500000002 0.15000000000000005 44158.321000000004 7047.768500000001 53.76550000000001 74.129500000000021 0.25000000000000006 31.205000000000002 9241.5975000000017
decision_type=2 2 2 2 2 2 2 2 2 2 2 2 2 2 2 2 2 2 2 2 2 2 2 2 2 2 2 2 2 2
left_child=1 2 17 9 -5 6 11 8 12 -4 14 18 13 -8 -6 -14 -13 -1 -3 -9 -7 22 23 24 -2 -24 27 -27 -26 -29
right_child=21 5 3 4 10 20 7 19 -10 -11 -12 16 15 -15 -16 -17 -18 -19 -20 -21 -22 -23 25 -25 28 26 -28 29 -30 -31
leaf_value=-0.28479149341583249 -0.84997262954711916 0.20275087356567378 -0.020681878924369811 1.3274279912312827 0.22209538221359254 -0.92158861160278305 0.030510395765304565 0.59546947479248036 -0.68399938742319755 -1.0001164436340331 -0.22600555419921875 0.95105409622192372 0.575543737411499 -0.56451482772827155 0.78940052986145026 -0.049928153678774838 0.23082380294799801 -0.86274414062499982 -0.3266921758651733 0.1030671715736389 -0.44992656707763667 -0.0046432818624156493 -0.12911103169123334 -1.2090081214904786 0.89063129425048837 0.90340315500895185 0.0048332711060841884 0.36498820781707764 0.10912002563476562 -0.36055502891540531
leaf_weight=12 11.999999999999998 12 12 11.999999999999998 24 12 24 12 24 12 11.999999999999998 12 11.999999999999998 36 24 48 12 12 12 12 12 1080 72 11.999999999999998 11.999999999999998 36 48 24 60 11.999999999999998
leaf_count=12 12 12 12 12 24 12 24 12 24 12 12 12 12 36 24 48 12 12 12 12 12 1080 72 12 12 36 48 24 60 12
internal_value=5.21713e-10 -0.0427884 0.095608 0.262952 0.520736 -0.111987 -0.0482343 -0.137582 -0.218724 -0.510399 0.359397 0.264484 -0.125669 -0.326505 0.505748 0.0751662 0.590939 -0.573768 -0.0619707 0.349268 -0.685758 0.0112601 0.0708979 -0.0778437 0.0837513 0.145269 0.309896 0.513272 0.239372 0.12314
internal_weight=1728 360 120 96 72 240 216 168 144 24 60 48 120 60 48 60 24 24 24 24 24 1368 288 96 84 192 120 72 72 36
internal_count=1728 360 120 96 72 240 216 168 144 24 60 48 120 60 48 60 24 24 24 24 24 1368 288 96 84 192 120 72 72 36
is_linear=0
shrinkage=0.05


Tree=230
num_leaves=31
num_cat=0
split_feature=0 6 3 6 6 3 0 6 6 6 3 6 0 2 0 6 2 2 0 6 4 4 0 4 3 0 2 1 4 0
split_gain=319.704 295.406 260.672 3684.69 1084.23 311.297 702.479 4099.61 1183.1 787.923 557.092 756.366 7049.75 3657 2875.34 1158.08 5005.42 3279.24 803.665 485.233 1191.19 2682.93 1486.81 2645.03 1883.25 1705.66 1288.2 1094.16 1074.7 907.929
threshold=1182183.7235000001 0.25000000000000006 12.640500000000001 0.15000000000000005 0.25000000000000006 27.516500000000004 68725.196500000005 0.15000000000000005 0.25000000000000006 0.15000000000000005 31.992000000000001 0.15000000000000005 63082.982000000011 47.44700000000001 19740.918500000003 0.25000000000000006 30.574000000000002 31.426500000000004 80810.85000000002 0.25000000000000006 140.45600000000005 95.752500000000012 37405.976000000002 28.488500000000005 57.764500000000005 164842.97150000001 127.01650000000002 14745.336000000001 8.3360000000000021 100590.71350000003
decision_type=2 2 2 2 2 2 2 2 2 2 2 2 2 2 2 2 2 2 2 2 2 2 2 2 2 2 2 2 2 2
left_child=2 -2 3 -1 -5 6 9 -8 -9 -4 11 12 13 -7 -13 16 -16 -17 -14 -12 21 22 24 25 -21 -24 -25 -23 -26 -22
right_child=1 -3 5 4 -6 10 7 8 -10 -11 19 14 18 -15 15 17 -18 -19 -20 20 29 27 23 26 28 -27 -28 -29 -30 -31
leaf_value=0.57913331985473637 0.24871970415115358 -0.055113190412521364 0.19723504533370337 -0.82999677658081039 -0.15786423683166503 0.85431842803955083 -0.49329886436462406 0.98962659835815414 0.28751542568206784 -0.089252791802088421 0.025562466788399331 -0.65146970748901367 -0.31899375915527339 -0.21470527648925783 0.67110671997070315 -0.27920371294021606 -0.50804257392883301 0.54734053611755373 -0.89766511917114244 0.053981193900108339 -0.003386120125651359 -0.7367964744567872 1.0120802879333495 0.067822998762130743 0.097913807630538946 0.16905560493469238 -0.46978163719177246 -0.22639128821236745 -0.43111228545506797 0.61167802810668936
leaf_weight=11.999999999999998 24 11.999999999999998 36 12 12 24 11.999999999999998 12 12 72 888 24 12 11.999999999999998 11.999999999999998 24 36 24 12 72 12 11.999999999999998 12 156 11.999999999999998 12 11.999999999999998 84 48 12
leaf_count=12 24 12 36 12 12 24 12 12 12 72 888 24 12 12 12 24 36 24 12 72 12 12 12 156 12 12 12 84 48 12
internal_value=1.88852e-10 0.147442 -0.00313707 -0.136243 -0.493931 -0.000243467 0.0700026 0.261281 0.638571 0.00624315 -0.00693357 -0.0894943 0.0554545 0.497977 -0.161969 -0.0395934 -0.213255 0.134068 -0.608329 0.00422328 -0.0384551 -0.0580323 0.0107557 0.0995658 -0.118423 0.590568 0.0294227 -0.290192 -0.325307 0.304146
internal_weight=1728 36 1692 36 24 1656 144 36 24 108 1512 180 60 36 120 96 48 48 24 1332 444 420 324 192 132 24 168 96 60 24
internal_count=1728 36 1692 36 24 1656 144 36 24 108 1512 180 60 36 120 96 48 48 24 1332 444 420 324 192 132 24 168 96 60 24
is_linear=0
shrinkage=0.05


Tree=231
num_leaves=31
num_cat=0
split_feature=0 3 6 6 0 3 6 6 0 0 0 0 0 0 0 2 0 4 6 4 6 0 4 4 6 4 0 4 0 0
split_gain=304.627 241.102 3889.04 2291.08 1530.86 366.912 1739.86 3912.03 8547.59 3485.3 2221.49 1392.4 912.409 708.35 602.827 293.526 282.389 246.85 1396.04 3079.34 2099.96 2047.22 1277.82 2227.59 1101.07 2654.43 2118.14 1293.88 994.472 960.322
threshold=619852.88050000009 108.92850000000001 0.15000000000000005 0.25000000000000006 164842.97150000001 89.988000000000014 0.15000000000000005 0.25000000000000006 137286.37700000001 137286.37700000001 507657.76500000007 573241.87500000012 507657.76500000007 137286.37700000001 573241.87500000012 99.851500000000016 164842.97150000001 133.21950000000004 0.15000000000000005 137.47000000000003 0.25000000000000006 55159.639500000012 146.61700000000002 137.47000000000003 0.25000000000000006 140.45600000000005 100590.71350000003 143.54950000000002 208019.18150000004 208019.18150000004
decision_type=2 2 2 2 2 2 2 2 2 2 2 2 2 2 2 2 2 2 2 2 2 2 2 2 2 2 2 2 2 2
left_child=1 5 4 -4 -3 17 9 8 -8 -7 -10 -12 -11 -9 15 -15 -5 -1 21 20 28 -19 23 -23 26 -26 -21 -27 -20 -22
right_child=-2 2 3 16 -6 6 7 13 10 12 11 -13 -14 14 -16 -17 -18 18 19 24 29 22 -24 -25 25 27 -28 -29 -30 -31
leaf_value=-0.022811999551637877 0.061564672390619912 0.82251272201538073 -0.70178203582763676 -0.18241597414016722 0.023852798342704772 -0.91790513992309575 1.6530595779418946 -0.4550679206848145 0.50125348567962646 -0.18320253491401672 -0.55989103317260736 0.20179598331451412 0.25278518795967103 -0.12518007755279542 -0.33247935771942139 0.17768415808677673 0.16060283184051513 0.80338382720947266 0.94014530181884748 -0.18919431865215303 0.27313964366912841 -0.18094326853752138 -0.37301858266194665 0.44093633492787676 -0.69995665550231934 0.58109412193298338 -0.93189086914062502 -0.018413893009225527 0.29643461704254148 -0.35942182540893552
leaf_weight=1044 180 12 24 12 12 11.999999999999998 11.999999999999998 11.999999999999998 24 24 12 12 24 11.999999999999998 11.999999999999998 24 12 11.999999999999998 12 48 12 24 11.999999999999998 36 11.999999999999998 11.999999999999998 11.999999999999998 36 12 12
leaf_count=1044 180 12 24 12 12 12 12 12 24 24 12 12 24 12 12 24 12 12 12 48 12 24 12 36 12 12 12 36 12 12
internal_value=1.04256e-09 -0.00715868 -0.0965019 -0.356344 0.423183 -0.00280047 0.0640915 0.174011 0.459494 -0.155748 0.161103 -0.179048 0.0347913 -0.111472 -0.0255728 0.0767294 -0.0109066 -0.012091 0.0323244 -0.050891 0.287574 0.198755 0.097984 0.192184 -0.186277 -0.0348208 -0.337734 0.131463 0.61829 -0.0431411
internal_weight=1728 1548 72 48 24 1476 180 120 60 60 48 24 48 60 48 36 24 1296 252 168 48 84 72 60 120 60 60 48 24 24
internal_count=1728 1548 72 48 24 1476 180 120 60 60 48 24 48 60 48 36 24 1296 252 168 48 84 72 60 120 60 60 48 24 24
is_linear=0
shrinkage=0.05


Tree=232
num_leaves=31
num_cat=0
split_feature=1 1 6 0 0 0 6 0 0 0 6 6 6 1 6 0 0 6 0 0 4 4 2 0 2 2 3 4 1 4
split_gain=281.578 656.611 2952.24 5555.05 4081 1053.89 934.259 2734.23 2122.79 805.941 3433.86 963.646 624.362 2091.47 7674.92 3568.39 3099.87 1949.06 6322 2998.18 1905.29 1782.78 1575.89 1269.83 1263.4 1854.44 2088.29 2194.93 1143.18 1214.48
threshold=14745.336000000001 12485.131000000003 0.25000000000000006 90630.424000000014 90630.424000000014 93897.382000000027 0.15000000000000005 80810.85000000002 80810.85000000002 68725.196500000005 0.15000000000000005 0.25000000000000006 0.25000000000000006 15904.846000000003 0.15000000000000005 121294.55000000002 121294.55000000002 0.15000000000000005 137286.37700000001 137286.37700000001 43.561500000000002 140.45600000000005 68.52800000000002 145818.27200000003 127.01650000000002 68.52800000000002 107.29100000000001 133.21950000000004 25946.188500000004 60.407000000000004
decision_type=2 2 2 2 2 2 2 2 2 2 2 2 2 2 2 2 2 2 2 2 2 2 2 2 2 2 2 2 2 2
left_child=1 9 4 -4 6 -5 8 -8 -3 -1 -11 -12 13 14 15 -2 -16 19 -19 -15 -20 28 -21 -22 25 -25 27 -27 -14 -30
right_child=12 2 3 5 -6 -7 7 -9 -10 10 11 -13 21 17 16 -17 -18 18 20 22 23 -23 -24 24 -26 26 -28 -29 29 -31
leaf_value=-0.010652816936301726 -0.87200994491577133 0.088836205005645749 0.74215247631073 -0.66495881080627439 0.050008826454480494 -0.0022961193695664405 -1.3562603950500487 -0.28889877796173091 -0.85164127349853502 -0.45958676338195803 0.89313802719116198 0.25948266983032225 -0.21981807265962874 0.65510578155517585 1.5704066276550293 0.34734649658203121 0.43391523361206047 -0.84928364753723151 -0.40527682304382329 -0.23583177427450816 0.56661248207092285 0.55203943252563481 0.13117141574621202 0.27821841239929201 0.36655673384666443 -0.47442727684974673 0.15847849051157636 0.28161287307739258 0.26378467082977297 -0.071553352806303247
leaf_weight=828 12 12 24 12 48 12 12 12 12 11.999999999999998 12 12 84 24 12 12 12 24 24 36 11.999999999999998 11.999999999999998 156 36 24 48 36 11.999999999999998 36 108
leaf_count=828 12 12 24 12 48 12 12 12 12 12 12 12 84 24 12 12 12 24 24 36 12 12 156 36 24 48 36 12 36 108
internal_value=-3.20358e-10 -0.0170582 -0.115907 0.204263 -0.275991 -0.333627 -0.601991 -0.82258 -0.381403 -0.000583478 0.231011 0.57631 0.0238815 0.0568051 0.369915 -0.262332 1.00216 0.0220151 -0.0841889 0.128219 0.0114479 -0.0419657 0.0623583 0.07098 0.0328545 -0.0278187 -0.142583 -0.323219 -0.0732291 0.0122812
internal_weight=1728 1008 144 48 96 24 48 24 24 864 36 24 720 480 48 24 24 432 216 216 192 240 192 168 156 132 96 60 228 144
internal_count=1728 1008 144 48 96 24 48 24 24 864 36 24 720 480 48 24 24 432 216 216 192 240 192 168 156 132 96 60 228 144
is_linear=0
shrinkage=0.05


Tree=233
num_leaves=31
num_cat=0
split_feature=0 6 4 1 1 1 1 6 0 0 0 0 0 0 6 1 0 6 6 1 6 0 1 4 6 3 0 0 0 1
split_gain=269.024 1140.89 4794.7 6900.29 3426.3 3034.29 2974.45 2462.26 3536.51 2039.67 1978.06 1808.48 1738.18 1289.05 1128.24 883.543 723.508 607.151 533.323 490.267 1349.37 6200.9 4277.61 3057.75 3928.43 2690.4 2058.78 2211.68 886.286 906.241
threshold=22666.579000000002 0.15000000000000005 10.340000000000002 2158.8095000000008 5600.7615000000014 2158.8095000000008 7848.9580000000014 0.25000000000000006 12036.576500000001 4747.4170000000004 19740.918500000003 4747.4170000000004 19740.918500000003 18495.691000000003 0.25000000000000006 4540.7175000000016 16052.3765 0.25000000000000006 0.25000000000000006 10129.240500000002 0.15000000000000005 44158.321000000004 7047.768500000001 49.236500000000007 0.25000000000000006 72.187000000000026 37306.64650000001 41777.992500000008 44158.321000000004 7458.433500000001
decision_type=2 2 2 2 2 2 2 2 2 2 2 2 2 2 2 2 2 2 2 2 2 2 2 2 2 2 2 2 2 2
left_child=1 2 16 9 12 11 7 8 -7 -4 15 17 13 -5 -13 -9 -1 -3 -8 20 21 22 -2 24 25 -22 -24 -28 29 -26
right_child=19 5 3 4 -6 6 18 10 -10 -11 -12 14 -14 -15 -16 -17 -18 -19 -20 -21 23 -23 26 -25 28 -27 27 -29 -30 -31
leaf_value=-0.27015681266784664 -0.8070789337158204 0.19874922037124632 -0.027836295962333675 0.21138573288917542 1.2614516576131187 -0.081473886966705322 0.56609115600585935 -0.048457567393779759 -0.73705356121063237 -0.94971551895141593 0.52107276916503908 0.9038965225219725 -0.20229678153991701 0.72960672378540048 0.21825678348541255 -0.4200132886568706 -0.81921186447143546 -0.30422167778015136 0.094691359996795649 -0.0053365778971325474 0.85862809816996255 -1.1481626510620118 0.4799442370732625 -0.11298629840215046 0.29330575466156006 0.1751926640669505 -0.33190896511077883 0.49944458007812503 0.39742810726165773 -0.20842475096384683
leaf_weight=12 11.999999999999998 12 12 24 11.999999999999998 36 12 48 48 12 11.999999999999998 12 11.999999999999998 24 12 24 12 12 12 1080 36 11.999999999999998 36 72 11.999999999999998 24 24 11.999999999999998 11.999999999999998 36
leaf_count=12 12 12 12 24 12 36 12 48 48 12 12 12 12 24 12 24 12 12 12 1080 36 12 36 72 12 24 24 12 12 36
internal_value=-7.96367e-10 -0.0384579 0.0874219 0.245448 0.49019 -0.101398 -0.19029 -0.264673 -0.456091 -0.488776 -0.0732549 0.25417 0.335938 0.470496 0.561077 -0.172309 -0.544684 -0.0527362 0.330391 0.0101205 0.0680846 -0.0849728 0.0669115 0.144613 0.299173 0.585254 0.212577 -0.0547911 0.0130919 -0.0829921
internal_weight=1728 360 120 96 72 240 192 168 84 24 84 48 60 48 24 72 24 24 24 1368 288 96 84 192 120 60 72 36 60 48
internal_count=1728 360 120 96 72 240 192 168 84 24 84 48 60 48 24 72 24 24 24 1368 288 96 84 192 120 60 72 36 60 48
is_linear=0
shrinkage=0.05


Tree=234
num_leaves=31
num_cat=0
split_feature=0 0 0 6 6 0 6 4 3 4 6 6 3 3 3 3 0 1 0 0 2 1 1 6 6 0 0 4 4 6
split_gain=261.452 557.077 876.367 730.236 731.545 576.802 325.495 791.454 437.025 374.434 1738.69 1697.89 1603.07 1425.54 1265.41 1219.71 1070.61 678.247 397.273 312.789 269.466 264.906 791.683 1270.69 1370.8 1883.03 1761.68 531.329 672.262 3099.06
threshold=208019.18150000004 145818.27200000003 121294.55000000002 0.25000000000000006 0.15000000000000005 137286.37700000001 0.15000000000000005 87.761500000000012 83.933000000000007 71.970000000000013 0.25000000000000006 0.25000000000000006 43.144500000000008 107.29100000000001 107.29100000000001 43.144500000000008 1048200.1775000001 55820.384000000005 684755.53550000011 137286.37700000001 110.56550000000001 10129.240500000002 9241.5975000000017 0.25000000000000006 0.15000000000000005 41777.992500000008 41777.992500000008 135.84850000000003 137.47000000000003 0.15000000000000005
decision_type=2 2 2 2 2 2 2 2 2 2 2 2 2 2 2 2 2 2 2 2 2 2 2 2 2 2 2 2 2 2
left_child=1 2 21 4 5 -4 7 8 -2 11 15 13 -12 -8 18 -11 20 -14 -13 -5 -17 22 -1 24 26 -26 -24 -23 29 -29
right_child=6 -3 3 19 -6 -7 9 -9 -10 10 12 14 17 -15 -16 16 -18 -19 -20 -21 -22 27 23 -25 25 -27 -28 28 -30 -31
leaf_value=-0.011089909107734761 -0.085223025083541876 -0.119951850341426 0.33024599552154538 -0.23796932697296139 0.47551751136779785 -0.15999300479888914 -0.44522264798482258 -0.043631772398948672 0.24069325327873231 -0.27775876522064208 0.43342742919921878 0.16341707110404968 -0.30742107331752777 0.18404908180236818 -0.31201088428497314 0.28751370906829837 -0.021102428436279297 -0.020321988066037498 0.51576333045959477 0.12304121255874632 0.50380570888519294 -0.08303560962279638 -0.3822845697402954 -0.13229065686464311 1.0233801841735839 0.13760631879170734 0.47447237968444816 -0.43634061813354497 -0.021842521356625691 0.54776164293289187
leaf_weight=576 11.999999999999998 108 12 12 24 12 36 60 72 11.999999999999998 11.999999999999998 24 48 11.999999999999998 11.999999999999998 36 24 36 11.999999999999998 12 24 288 12 24 12 12 12 11.999999999999998 144 24
leaf_count=576 12 108 12 12 24 12 36 60 72 12 12 24 48 12 12 36 24 36 12 12 24 288 12 24 12 12 12 12 144 24
internal_value=-1.09775e-09 -0.0112288 -0.0013449 0.167727 0.280322 0.0851265 0.0336864 0.0950648 0.194134 0.00299724 0.0433104 -0.077629 -0.107153 -0.287905 0.132647 0.193774 0.261135 -0.184379 0.280866 -0.0574641 0.374031 -0.0122527 0.00844958 0.164765 0.313294 0.580493 0.0460939 -0.0409175 0.0264715 0.219728
internal_weight=1728 1296 1188 72 48 24 432 144 84 288 192 96 96 48 48 96 84 84 36 24 60 1116 648 72 48 24 24 468 180 36
internal_count=1728 1296 1188 72 48 24 432 144 84 288 192 96 96 48 48 96 84 84 36 24 60 1116 648 72 48 24 24 468 180 36
is_linear=0
shrinkage=0.05


Tree=235
num_leaves=31
num_cat=0
split_feature=1 1 6 0 0 0 6 0 0 0 6 6 6 4 1 0 1 6 0 0 6 1 6 4 0 0 0 4 6 6
split_gain=249.375 558.556 2664.39 5043.5 3646.8 951.138 843.168 2467.64 1915.82 660.125 2796.9 869.69 528.647 3018.82 2717.43 2507.1 2161.8 7668.89 2944.24 1784.07 888.661 737.591 1142.07 2321.99 1731.79 950.777 638.172 537.835 2402.71 1569.17
threshold=14745.336000000001 12485.131000000003 0.25000000000000006 90630.424000000014 90630.424000000014 93897.382000000027 0.15000000000000005 80810.85000000002 80810.85000000002 68725.196500000005 0.15000000000000005 0.25000000000000006 0.15000000000000005 52.267500000000005 19012.117000000002 208019.18150000004 15904.846000000003 0.25000000000000006 121294.55000000002 100590.71350000003 0.25000000000000006 19012.117000000002 0.25000000000000006 122.55800000000001 145818.27200000003 164842.97150000001 507657.76500000007 71.970000000000013 0.25000000000000006 0.25000000000000006
decision_type=2 2 2 2 2 2 2 2 2 2 2 2 2 2 2 2 2 2 2 2 2 2 2 2 2 2 2 2 2 2
left_child=1 9 4 -4 6 -5 8 -8 -3 -1 -11 -12 13 14 -2 -15 17 18 -14 20 -18 22 23 -21 -24 -23 -17 28 -27 -29
right_child=12 2 3 5 -6 -7 7 -9 -10 10 11 -13 16 15 -16 26 19 -19 -20 21 -22 25 24 -25 -26 27 -28 29 -30 -31
leaf_value=-0.0099713082762732039 -0.63619644641876227 0.088813000917434687 0.70946347713470459 -0.63035192489624015 0.048867346843083699 -0.00082235839217901217 -1.2840287208557128 -0.27003524303436277 -0.80464057922363263 -0.41452355384826661 0.82135982513427719 0.21938726902008054 1.4963048934936523 0.49489303231239323 0.050663101176420845 -0.072515487670898438 -0.76638827323913572 -0.3214879393577576 0.38871045112609859 0.20497853755950929 -0.1578856587409973 0.31583099961280825 0.52579641342163086 -0.64685668945312502 -0.20985590815544131 -0.31752489566802983 0.15602629397596635 0.18408493995666506 0.12994102239608765 -0.10179520137608052
leaf_weight=828 24 12 24 12 48 12 12 12 12 11.999999999999998 12 12 12 48 36 48 12 24 12 11.999999999999998 12 24 11.999999999999998 24 24 60 84 96 60 96
leaf_count=828 24 12 24 12 48 12 12 12 12 12 12 12 12 48 36 48 12 24 12 12 12 24 12 24 24 60 84 96 60 96
internal_value=1.83117e-09 -0.0160532 -0.107222 0.196938 -0.259303 -0.315587 -0.567473 -0.777032 -0.357914 -0.000858288 0.208741 0.520374 0.0224744 0.0830645 -0.224081 0.185446 -0.0078206 0.31051 0.942508 -0.0431907 -0.462137 -0.0185468 -0.163775 -0.362912 0.0353615 0.0125736 0.0729202 -0.0107539 -0.0937919 0.0411449
internal_weight=1728 1008 144 48 96 24 48 24 24 864 36 24 720 240 60 180 480 48 24 432 24 408 72 36 36 336 132 312 120 192
internal_count=1728 1008 144 48 96 24 48 24 24 864 36 24 720 240 60 180 480 48 24 432 24 408 72 36 36 336 132 312 120 192
is_linear=0
shrinkage=0.05


Tree=236
num_leaves=31
num_cat=0
split_feature=0 6 4 1 1 1 1 6 0 0 0 0 0 0 6 1 0 6 6 0 1 6 0 1 4 6 3 0 0 0
split_gain=229 1029.66 4327.22 6227.52 3092.24 2738.44 2684.44 2222.19 3191.7 1840.8 1785.2 1632.15 1568.71 1163.37 1018.24 797.398 652.966 547.954 481.324 437.677 428.626 1193.08 5588.4 3852.95 2693.72 3361.88 2327.99 1872.02 1830.02 789.288
threshold=22666.579000000002 0.15000000000000005 10.340000000000002 2158.8095000000008 5600.7615000000014 2158.8095000000008 7848.9580000000014 0.25000000000000006 12036.576500000001 4747.4170000000004 19740.918500000003 4747.4170000000004 19740.918500000003 18495.691000000003 0.25000000000000006 4540.7175000000016 16052.3765 0.25000000000000006 0.25000000000000006 3923.9490000000001 10129.240500000002 0.15000000000000005 44158.321000000004 7047.768500000001 49.236500000000007 0.25000000000000006 72.187000000000026 37306.64650000001 41777.992500000008 44158.321000000004
decision_type=2 2 2 2 2 2 2 2 2 2 2 2 2 2 2 2 2 2 2 2 2 2 2 2 2 2 2 2 2 2
left_child=1 2 16 9 12 11 7 8 19 -4 15 17 13 -5 -13 -9 -1 -3 -8 -7 21 22 23 -2 25 26 -23 -25 -29 -27
right_child=20 5 3 4 -6 6 18 10 -10 -11 -12 14 -14 -15 -16 -17 -18 -19 -20 -21 -22 24 -24 27 -26 29 -28 28 -30 -31
leaf_value=-0.25559589862823484 -0.76567187309265139 0.18986481428146362 -0.025391420722007747 0.20186949968338014 1.1994322141011557 0.17020616531372071 0.53883962631225579 -0.04498163014650345 -0.69914783239364631 -0.90117673873901349 0.49607219696044924 0.85975475311279281 -0.1911288857460022 0.69417943954467776 0.20839700698852537 -0.3979595571756363 -0.77719821929931632 -0.28795754909515375 0.091009855270385742 -0.19962377548217775 -0.0051153985205692823 0.79950858751932785 -1.0897014617919922 0.45700008869171144 -0.10628392299016316 -0.074759438633918762 0.16376868287722271 -0.30498058795928956 0.45124731063842777 0.37860977649688721
leaf_weight=12 11.999999999999998 12 12 24 11.999999999999998 11.999999999999998 12 48 48 12 11.999999999999998 12 11.999999999999998 24 12 24 12 12 12 24 1080 36 11.999999999999998 36 72 48 24 24 11.999999999999998 11.999999999999998
leaf_count=12 12 12 12 24 12 12 12 48 48 12 12 12 12 24 12 24 12 12 12 24 1080 36 12 36 72 48 24 24 12 12
internal_value=6.5613e-10 -0.035482 0.0841039 0.234229 0.466734 -0.0952749 -0.179722 -0.250386 -0.432233 -0.463284 -0.0685391 0.242515 0.320194 0.448024 0.534076 -0.162641 -0.516397 -0.0490464 0.314925 -0.0763471 0.00933736 0.0635352 -0.0803859 0.0638021 0.135496 0.280564 0.545213 0.202048 -0.0529046 0.0159144
internal_weight=1728 360 120 96 72 240 192 168 84 24 84 48 60 48 24 72 24 24 24 36 1368 288 96 84 192 120 60 72 36 60
internal_count=1728 360 120 96 72 240 192 168 84 24 84 48 60 48 24 72 24 24 24 36 1368 288 96 84 192 120 60 72 36 60
is_linear=0
shrinkage=0.05


Tree=237
num_leaves=31
num_cat=0
split_feature=1 1 6 0 0 0 6 0 0 0 6 6 6 4 1 0 1 6 0 0 6 1 6 4 0 0 0 4 6 6
split_gain=230.486 499.005 2404.62 4551.76 3291.24 858.402 760.959 2227.04 1729.03 598.828 2524.21 784.896 477.104 2724.49 2452.48 2262.66 1951.02 6921.17 2657.17 1610.12 802.017 665.676 1030.72 2095.6 1562.94 858.076 575.95 485.396 2168.44 1416.17
threshold=14745.336000000001 12485.131000000003 0.25000000000000006 90630.424000000014 90630.424000000014 93897.382000000027 0.15000000000000005 80810.85000000002 80810.85000000002 68725.196500000005 0.15000000000000005 0.25000000000000006 0.15000000000000005 52.267500000000005 19012.117000000002 208019.18150000004 15904.846000000003 0.25000000000000006 121294.55000000002 100590.71350000003 0.25000000000000006 19012.117000000002 0.25000000000000006 122.55800000000001 145818.27200000003 164842.97150000001 507657.76500000007 71.970000000000013 0.25000000000000006 0.25000000000000006
decision_type=2 2 2 2 2 2 2 2 2 2 2 2 2 2 2 2 2 2 2 2 2 2 2 2 2 2 2 2 2 2
left_child=1 9 4 -4 6 -5 8 -8 -3 -1 -11 -12 13 14 -2 -15 17 18 -14 20 -18 22 23 -21 -24 -23 -17 28 -27 -29
right_child=12 2 3 5 -6 -7 7 -9 -10 10 11 -13 16 15 -16 26 19 -19 -20 21 -22 25 24 -25 -26 27 -28 29 -30 -31
leaf_value=-0.0097507566789498089 -0.60413084030151376 0.08462812304496764 0.67424609661102297 -0.59857854843139646 0.046679743131001789 -0.00052547049708664409 -1.2195714950561523 -0.25627770423889157 -0.76415281295776361 -0.39354162216186528 0.7805476188659668 0.20867369174957273 1.4217453956604003 0.47040416002273561 0.04838571945826213 -0.068633942306041723 -0.72781310081481931 -0.30515775680541996 0.36953067779541016 0.19498537778854372 -0.1497356057167053 0.30029521584510804 0.49976234436035161 -0.6142580509185791 -0.19910733699798586 -0.30139287710189822 0.1484807470015117 0.17513646185398102 0.12369974255561829 -0.09644967429339886
leaf_weight=828 24 12 24 12 48 12 12 12 12 11.999999999999998 12 12 12 48 36 48 12 24 12 11.999999999999998 12 24 11.999999999999998 24 24 60 84 96 60 96
leaf_count=828 24 12 24 12 48 12 12 12 12 12 12 12 12 48 36 48 12 24 12 12 12 24 12 24 24 60 84 96 60 96
internal_value=1.19401e-09 -0.0154332 -0.101606 0.187347 -0.246082 -0.299552 -0.538843 -0.737925 -0.339762 -0.00107115 0.19856 0.494611 0.0216065 0.0791671 -0.212621 0.17643 -0.0071738 0.29524 0.895638 -0.0407754 -0.438774 -0.0173636 -0.155331 -0.34451 0.0338492 0.0122007 0.06953 -0.00996044 -0.0888466 0.0393434
internal_weight=1728 1008 144 48 96 24 48 24 24 864 36 24 720 240 60 180 480 48 24 432 24 408 72 36 36 336 132 312 120 192
internal_count=1728 1008 144 48 96 24 48 24 24 864 36 24 720 240 60 180 480 48 24 432 24 408 72 36 36 336 132 312 120 192
is_linear=0
shrinkage=0.05


Tree=238
num_leaves=31
num_cat=0
split_feature=3 6 6 2 4 6 2 2 6 6 0 0 0 6 3 4 6 0 0 4 0 0 3 6 4 6 0 3 0 0
split_gain=219.237 3325.43 978.517 245.973 826.736 1412.59 3557.14 1416.32 3684.23 2881.06 5856.84 2154.27 1023.7 498.18 1087.42 855.557 3917.12 3614.06 3403.73 767.423 1120.96 726.035 607.155 649.824 530.412 607.93 2026.93 1286.55 486.556 432.956
threshold=12.640500000000001 0.15000000000000005 0.25000000000000006 71.424500000000009 28.488500000000005 0.25000000000000006 78.163500000000013 78.163500000000013 0.15000000000000005 0.15000000000000005 164842.97150000001 164842.97150000001 164842.97150000001 0.25000000000000006 43.144500000000008 42.097000000000008 0.15000000000000005 87041.996000000028 87041.996000000028 71.970000000000013 684755.53550000011 1048200.1775000001 43.144500000000008 0.15000000000000005 71.970000000000013 0.15000000000000005 256199.82050000003 107.29100000000001 256199.82050000003 303117.76850000006
decision_type=2 2 2 2 2 2 2 2 2 2 2 2 2 2 2 2 2 2 2 2 2 2 2 2 2 2 2 2 2 2
left_child=1 -1 -3 -2 5 7 -7 8 -5 11 -11 -9 -8 15 -15 16 18 -18 -6 20 -16 -21 23 29 25 28 -27 -28 -24 -17
right_child=3 2 -4 4 13 6 12 9 -10 10 -12 -13 -14 14 19 22 17 -19 -20 21 -22 -23 24 -25 -26 26 27 -29 -30 -31
leaf_value=0.5575103759765625 -0.011753038688459332 -0.78116316795349117 -0.142637300491333 0.080396717786788932 0.42917246818542476 0.86099815368652344 -0.51988134384155271 -0.92975559234619132 -1.1585929870605467 1.0997769355773925 -0.46238489151000972 0.01766933798789978 0.13322160243988035 0.29611679911613464 -0.044423431158065796 0.29140532016754145 0.12352367242177327 1.3506581306457519 -0.76171865463256827 -0.34599682490030925 0.47754888534545903 0.0090351909399032596 -0.15669002532958987 -0.28890131711959838 0.16420034736394884 0.48422226905822757 -0.39175985654195156 0.20604827404022219 0.19926973879337312 -0.13332769870758054
leaf_weight=11.999999999999998 1080 12 12 12 12 11.999999999999998 12 12 12 12 12 12 12 24 72 12 12 12 12 36 11.999999999999998 24 11.999999999999998 24 120 11.999999999999998 36 11.999999999999998 48 12
leaf_count=12 1080 12 12 12 12 12 12 12 12 12 12 12 12 24 72 12 12 12 12 36 12 24 12 24 120 12 36 12 48 12
internal_value=9.92333e-10 -0.122097 -0.4619 0.0025978 0.0279228 -0.0976169 0.158113 -0.225482 -0.539098 -0.0686736 0.318696 -0.456043 -0.19333 0.0548242 -0.015477 0.0899748 0.285409 0.737091 -0.166273 -0.0674093 0.030144 -0.203984 0.0574024 -0.104931 0.0898692 0.015538 -0.0970018 -0.242308 0.128078 0.0790388
internal_weight=1728 36 24 1692 612 108 36 72 24 48 24 24 24 504 168 336 48 24 24 144 84 60 288 48 240 120 60 48 60 24
internal_count=1728 36 24 1692 612 108 36 72 24 48 24 24 24 504 168 336 48 24 24 144 84 60 288 48 240 120 60 48 60 24
is_linear=0
shrinkage=0.05


Tree=239
num_leaves=31
num_cat=0
split_feature=4 6 6 0 0 0 6 0 0 1 0 1 2 2 0 1 0 3 0 4 1 6 6 0 4 0 2 0 1 2
split_gain=207.833 2377.63 911.308 589.301 329.937 294.339 237.409 2593.5 6153.47 5468.6 2423.21 4533.4 2125.82 2053.25 1917.86 1883.81 3515.32 1806.34 1966.81 3707.32 3074.8 2333.72 2208.87 6569.29 11505 2947.24 2204.9 1970.84 1842.03 1793.13
threshold=8.3360000000000021 0.15000000000000005 0.25000000000000006 16052.3765 16052.3765 16052.3765 0.15000000000000005 31159.647000000004 35745.162000000004 2158.8095000000008 37306.64650000001 9804.0705000000016 11.119000000000002 34.065500000000007 63082.982000000011 13436.337500000001 100590.71350000003 12.640500000000001 31159.647000000004 42.097000000000008 2158.8095000000008 0.25000000000000006 0.25000000000000006 41777.992500000008 28.488500000000005 87041.996000000028 78.163500000000013 45843.734500000013 7458.433500000001 17.543500000000005
decision_type=2 2 2 2 2 2 2 2 2 2 2 2 2 2 2 2 2 2 2 2 2 2 2 2 2 2 2 2 2 2
left_child=1 3 5 -1 -4 -3 7 9 -9 -2 -10 -12 -13 14 -14 -15 -17 -8 20 22 -19 28 23 -20 -25 -26 27 -24 -22 -21
right_child=6 2 4 -5 -6 -7 17 8 10 -11 11 12 13 15 -16 16 -18 18 19 29 21 -23 26 24 25 -27 -28 -29 -30 -31
leaf_value=-0.24174091815948484 -0.43904465362429623 0.16277104616165161 -0.2832397699356079 -0.7372631072998046 0.087534552812576286 0.51297283172607411 -0.4388052225112915 -0.80479049682617188 0.71902832984924325 0.40479023034373923 -0.53715129693349206 0.70562896728515634 0.15591758191585542 0.37548758089542389 -0.3914999455213547 -0.54153790076573693 0.098196105264565528 0.23146421313285828 0.93236602147420256 -0.31541302800178528 -0.47305388365473067 -0.041634744902451837 0.10154146403074266 -0.76996448040008547 0.32343132893244425 1.2831252098083497 -0.25014083782831825 0.81794824600219729 0.18919955492019655 0.0021775889728451146
leaf_weight=12 24 12 12 12 12 12 24 24 11.999999999999998 96 36 11.999999999999998 24 48 48 24 204 48 36 48 84 96 48 24 24 11.999999999999998 36 11.999999999999998 11.999999999999998 600
leaf_count=12 24 12 12 12 12 12 24 24 12 96 36 12 24 48 48 24 204 48 36 48 84 96 48 24 24 12 36 12 12 600
internal_value=-6.26406e-11 -0.0831609 0.12001 -0.489502 -0.0978526 0.337872 0.00361569 0.0303891 -0.0267315 0.236023 0.0190367 -0.00217519 0.0513224 0.0287601 -0.209027 0.0907917 0.0308557 -0.00977101 -0.00023692 0.0358297 -0.12647 -0.215953 0.228803 0.398395 0.0780118 0.643329 0.0592114 0.244823 -0.390272 -0.0213476
internal_weight=1728 72 48 24 24 24 1656 552 432 120 408 396 360 348 72 276 228 1104 1080 840 240 192 192 96 60 36 96 60 96 648
internal_count=1728 72 48 24 24 24 1656 552 432 120 408 396 360 348 72 276 228 1104 1080 840 240 192 192 96 60 36 96 60 96 648
is_linear=0
shrinkage=0.05


Tree=240
num_leaves=31
num_cat=0
split_feature=4 6 6 0 0 0 6 0 0 4 3 3 2 0 0 4 1 0 0 3 0 4 1 6 6 0 4 0 2 0
split_gain=187.569 2145.81 822.456 531.844 297.768 265.641 214.262 2364.6 7039.56 3565.81 2607.75 2775.45 4259.66 2402.84 2344.26 1768.75 1982.32 2330.58 1939.37 1630.23 1775.04 3345.86 2775.01 2106.19 1993.5 5928.78 10383.3 2659.88 1989.92 1782.57
threshold=8.3360000000000021 0.15000000000000005 0.25000000000000006 16052.3765 16052.3765 16052.3765 0.15000000000000005 19740.918500000003 7391.9660000000013 49.236500000000007 30.154500000000002 72.187000000000026 78.163500000000013 4747.4170000000004 137286.37700000001 149.54050000000004 13134.513000000001 63082.982000000011 93897.382000000027 12.640500000000001 31159.647000000004 42.097000000000008 2158.8095000000008 0.25000000000000006 0.25000000000000006 41777.992500000008 28.488500000000005 87041.996000000028 78.163500000000013 44158.321000000004
decision_type=2 2 2 2 2 2 2 2 2 2 2 2 2 2 2 2 2 2 2 2 2 2 2 2 2 2 2 2 2 2
left_child=1 3 5 -1 -4 -3 7 8 13 10 -9 -12 -13 -2 -14 16 17 -11 -18 -8 22 24 -21 -24 25 -22 -27 -28 29 -26
right_child=6 2 4 -5 -6 -7 19 9 -10 15 11 12 14 -15 -16 -17 18 -19 -20 20 21 -23 23 -25 28 26 27 -29 -30 -31
leaf_value=-0.22965388298034664 0.033448140788823369 0.15463249683380126 -0.26907777786254877 -0.70039997100830076 0.083157825469970692 0.48732419013977046 -0.41686497926712041 0.51086049079895024 0.66953529914220178 0.087182837724685672 -0.52080720424652094 0.24575091004371644 -0.76979210376739504 -0.83309040069580087 -0.070944627374410638 0.68307690620422368 0.56989896297454834 -0.44501071770985923 0.091408525614274871 0.21989099681377411 0.88574773470560708 -0.020280257050843728 -0.37075859308242798 -0.039553008632113536 0.01006005605061849 -0.73146624565124518 0.30725974837938946 1.218968963623047 -0.23763379653294883 0.56636408567428587
leaf_weight=12 24 12 12 12 12 12 24 11.999999999999998 48 48 60 48 24 11.999999999999998 24 11.999999999999998 24 36 180 48 36 648 96 96 36 24 24 11.999999999999998 36 24
leaf_count=12 24 12 12 12 12 12 24 12 48 48 60 48 24 12 24 12 24 36 180 48 36 648 96 96 36 24 24 12 36 24
internal_value=-1.59765e-10 -0.0790029 0.114009 -0.465027 -0.09296 0.320978 0.00343491 0.0288696 0.273135 -0.0149729 -0.199403 -0.254039 -0.0873087 -0.255398 -0.420368 0.0883081 0.063526 -0.1409 0.147702 -0.00928246 -0.000225073 0.0340382 -0.120146 -0.205156 0.217363 0.378475 0.0741112 0.611163 0.0562509 0.232582
internal_weight=1728 72 48 24 24 24 1656 552 84 468 168 156 96 36 48 300 288 84 204 1104 1080 840 240 192 192 96 60 36 96 60
internal_count=1728 72 48 24 24 24 1656 552 84 468 168 156 96 36 48 300 288 84 204 1104 1080 840 240 192 192 96 60 36 96 60
is_linear=0
shrinkage=0.05


Tree=241
num_leaves=31
num_cat=0
split_feature=0 6 0 3 2 0 3 4 0 6 0 6 0 6 0 4 6 0 2 4 6 1 1 0 0 0 4 0 1 0
split_gain=190.838 403.155 795.82 1025.89 479.457 433.121 392.939 370.014 567.618 1009.04 512.327 2679 929.964 676.589 363.606 320.776 849.396 894.805 840.6 887.188 625.377 1259.88 991.826 1225.75 495.303 510.894 480.853 423.475 287.692 623.687
threshold=100590.71350000003 0.15000000000000005 137286.37700000001 68.52800000000002 68.52800000000002 153655.73400000003 105.84350000000002 122.55800000000001 145818.27200000003 0.25000000000000006 208019.18150000004 0.25000000000000006 153655.73400000003 0.25000000000000006 153655.73400000003 71.970000000000013 0.25000000000000006 684755.53550000011 113.36550000000001 64.634000000000015 0.25000000000000006 31361.745000000006 31361.745000000006 1048200.1775000001 573241.87500000012 164842.97150000001 43.561500000000002 1048200.1775000001 12485.131000000003 68725.196500000005
decision_type=2 2 2 2 2 2 2 2 2 2 2 2 2 2 2 2 2 2 2 2 2 2 2 2 2 2 2 2 2 2
left_child=28 2 -2 -4 -5 -6 -7 8 9 -3 11 14 -13 -12 -9 16 18 24 19 26 22 -22 -17 -24 25 -18 -10 -23 29 -1
right_child=1 7 3 4 5 6 -8 10 15 -11 13 12 -14 -15 -16 20 17 -19 -20 -21 21 27 23 -25 -26 -27 -28 -29 -30 -31
leaf_value=-0.0088257116450059826 0.34867923259735112 0.40673160552978516 -0.19729738434155783 -0.10675696134567261 -0.15021809339523318 0.25531037092208864 0.074354908652603621 -0.77666888236999509 -0.19595221281051636 -0.051762557029724127 0.21022101044654848 0.47626700401306143 -0.14621604681015013 -0.16522010117769242 -0.38743588924407957 -0.26622593402862549 -0.22910232543945314 0.45457658767700199 -0.42404485940933229 -0.43395237922668461 0.40802335739135742 -0.26165710488955179 0.41624911626180011 -0.045057493448257449 -0.3057103157043457 0.14761391679445904 0.19168995022773744 0.0094885662198066715 -0.064483006198511092 0.20376480420430504
leaf_weight=828 24 24 36 24 11.999999999999998 60 60 12 11.999999999999998 24 24 12 12 24 12 11.999999999999998 11.999999999999998 11.999999999999998 24 11.999999999999998 11.999999999999998 36 36 24 11.999999999999998 36 24 24 216 36
leaf_count=828 24 24 36 24 12 60 60 12 12 24 24 12 12 24 12 12 12 12 24 12 12 36 36 24 12 36 24 24 216 36
internal_value=-8.18357e-10 0.0214514 0.0772256 0.0432939 0.098815 0.136192 0.164833 -0.00643575 0.0182987 0.177485 -0.0930065 -0.208513 0.165025 0.0225005 -0.582052 -0.00823221 -0.0610007 0.0604343 -0.182436 -0.0616312 0.0445363 -0.0596618 0.148734 0.231726 -0.0183942 0.0534349 0.0624759 -0.153199 -0.0128708 3.22265e-05
internal_weight=1728 648 216 192 156 132 120 432 336 48 96 48 24 48 24 288 144 72 72 48 144 72 72 60 60 48 36 60 1080 864
internal_count=1728 648 216 192 156 132 120 432 336 48 96 48 24 48 24 288 144 72 72 48 144 72 72 60 60 48 36 60 1080 864
is_linear=0
shrinkage=0.05


Tree=242
num_leaves=31
num_cat=0
split_feature=0 6 6 3 6 6 3 3 6 0 2 0 4 0 6 2 2 6 0 0 6 6 6 6 6 6 4 4 4 0
split_gain=179.096 562.823 332.918 162.774 2485.63 883.111 283.563 394.104 497.526 4240.35 2303.94 1988.34 839.861 438.516 368.33 3536.86 2236.93 344.804 263.747 259.521 2062.49 708.368 637.803 775.912 253.346 251.24 685.892 1484.09 894.634 693.965
threshold=3923.9490000000001 0.25000000000000006 0.15000000000000005 18.680500000000006 0.15000000000000005 0.25000000000000006 27.516500000000004 31.992000000000001 0.15000000000000005 63082.982000000011 47.44700000000001 19740.918500000003 149.54050000000004 80810.85000000002 0.25000000000000006 31.426500000000004 31.426500000000004 0.25000000000000006 80810.85000000002 68725.196500000005 0.15000000000000005 0.25000000000000006 0.15000000000000005 0.25000000000000006 0.25000000000000006 0.25000000000000006 95.752500000000012 140.45600000000005 87.761500000000012 41777.992500000008
decision_type=2 2 2 2 2 2 2 2 2 2 2 2 2 2 2 2 2 2 2 2 2 2 2 2 2 2 2 2 2 2
left_child=1 2 -1 4 -2 -6 19 8 9 10 -8 17 14 -11 15 -13 -16 -10 -17 22 -21 -22 -5 -24 -14 -9 28 -28 29 -27
right_child=3 -3 -4 6 5 -7 7 25 11 13 -12 12 24 -15 16 18 -18 -19 -20 20 21 -23 23 -25 -26 26 27 -29 -30 -31
leaf_value=-0.11002772524952889 0.48575873374938966 -0.27489677667617801 0.15333122611045838 0.23961448669433594 -0.69888019561767578 -0.092280644178390492 0.67426135540008547 0.024841269546163246 -0.72469220161437986 -0.25285587310791013 -0.17425510883331299 0.64681921005249032 -0.44495739936828604 -0.68030786514282227 -0.38527190685272217 -0.57025060653686521 0.45081539154052735 -0.3456559658050537 -0.23874688148498532 -0.34163959026336671 0.73282480239868164 0.18954454660415648 -0.27709752321243286 0.12495753467082978 -0.12005581855773924 -0.092694859884002001 -0.211256567761302 0.22833569981157781 0.31034506559371949 0.0605048126408032
leaf_weight=24 11.999999999999998 24 24 24 12 12 24 888 12 12 11.999999999999998 11.999999999999998 12 12 11.999999999999998 12 24 12 12 11.999999999999998 12 12 24 24 12 132 96 24 24 168
leaf_count=24 12 24 24 24 12 12 24 888 12 12 12 12 12 12 12 12 24 12 12 12 12 12 24 24 12 132 96 24 24 168
internal_value=1.90145e-10 -0.0771978 0.0216518 0.00335642 -0.101801 -0.39558 0.00569325 0.00010246 -0.0693385 0.0482208 0.391423 -0.128118 -0.0263541 -0.466582 0.0590301 -0.0540594 0.17212 -0.535174 -0.404499 0.0839643 0.193577 0.461185 0.0291582 -0.07607 -0.282507 0.00948637 -0.0212234 -0.123338 0.0165968 -0.00690304
internal_weight=1728 72 48 1656 36 24 1620 1512 180 60 36 120 96 24 72 36 36 24 24 108 36 24 72 48 24 1332 444 120 324 300
internal_count=1728 72 48 1656 36 24 1620 1512 180 60 36 120 96 24 72 36 36 24 24 108 36 24 72 48 24 1332 444 120 324 300
is_linear=0
shrinkage=0.05


Tree=243
num_leaves=31
num_cat=0
split_feature=0 6 0 6 6 2 6 6 0 2 2 2 6 2 0 6 3 6 0 6 2 2 2 0 2 6 0 1 0 0
split_gain=164.16 182.59 152.018 507.947 300.459 142.873 2093.24 1653.97 1158.9 1079.34 255.031 211.452 553.01 1176.42 657.889 639.302 338.681 1740.69 4463.46 1764.64 4763.15 2058.28 1227.7 854.089 749.791 577.424 2812.09 6306.68 5728.47 2022.85
threshold=1182183.7235000001 0.15000000000000005 3923.9490000000001 0.25000000000000006 0.15000000000000005 17.543500000000005 0.15000000000000005 0.25000000000000006 37405.976000000002 7.3575000000000008 11.119000000000002 27.516500000000004 0.15000000000000005 25.045500000000004 68725.196500000005 0.25000000000000006 31.992000000000001 0.15000000000000005 63082.982000000011 0.25000000000000006 29.406000000000002 31.426500000000004 47.44700000000001 27705.340000000004 74.129500000000021 0.15000000000000005 7391.9660000000013 6575.9135000000015 90630.424000000014 7391.9660000000013
decision_type=2 2 2 2 2 2 2 2 2 2 2 2 2 2 2 2 2 2 2 2 2 2 2 2 2 2 2 2 2 2
left_child=2 -2 3 4 -1 6 9 8 -8 -4 -9 12 14 -14 -7 -15 17 18 22 20 -19 -21 -13 -24 -23 26 -18 -28 -29 -27
right_child=1 -3 5 -5 -6 11 7 10 -10 -11 -12 16 13 15 -16 -17 25 19 -20 21 -22 24 23 -25 -26 29 27 28 -30 -31
leaf_value=-0.10452633742243052 0.26490025520324706 0.026029093563556673 0.64383468627929696 -0.26115193367004397 0.14566466212272644 0.21457056999206545 -0.048746439814567569 -0.064756152033805844 -0.65054111480712895 0.063065940141677865 0.21755068302154543 0.64054827690124516 0.0093888655304908766 0.69618353843688963 -0.23884995579719545 0.18006731271743773 -0.79223670959472658 0.61447825431823733 -0.44325276613235476 -0.26947816610336306 -0.4614909291267395 0.42827460765838626 -0.1655423641204834 0.35108387470245361 0.033044937252998355 0.48801713585853579 0.61437159644232864 -0.35895255386829378 0.071912532306655688 0.021636283361623366
leaf_weight=24 11.999999999999998 24 11.999999999999998 24 24 11.999999999999998 11.999999999999998 24 24 24 11.999999999999998 24 48 12 24 12 11.999999999999998 11.999999999999998 24 36 72 24 11.999999999999998 24 24 24 36 120 216 744
leaf_count=24 12 24 12 24 24 12 12 24 24 24 12 24 48 12 24 12 12 12 24 36 72 24 12 24 24 24 36 120 216 744
internal_value=7.83001e-10 0.105653 -0.00224793 -0.0733379 0.0205692 0.000911621 -0.0546471 -0.210298 -0.449943 0.256656 0.0293461 0.0048801 0.0722974 0.152301 -0.0877098 0.438125 -0.000305849 -0.0528117 0.133031 -0.145733 -0.307781 0.0163149 0.363544 0.178875 0.23066 0.0111798 -0.0388819 -0.0145802 -0.0819679 0.0362107
internal_weight=1728 36 1692 72 48 1620 108 72 36 36 36 1512 108 72 36 24 1404 252 84 168 84 84 60 36 48 1152 384 372 336 768
internal_count=1728 36 1692 72 48 1620 108 72 36 36 36 1512 108 72 36 24 1404 252 84 168 84 84 60 36 48 1152 384 372 336 768
is_linear=0
shrinkage=0.05


Tree=244
num_leaves=31
num_cat=0
split_feature=0 6 4 1 4 1 1 6 0 0 0 0 0 6 0 1 0 6 6 1 6 0 1 2 2 6 1 0 0 0
split_gain=149.293 686.569 2959.57 4089.96 2614.46 1860.47 1927.21 1622.27 2402.88 1389.99 1324.69 1314.38 979.783 901.59 851.241 716.134 467.243 407.74 343.069 338.128 973.776 4342.8 2709.99 1988.67 1616.07 2463.33 1159.09 1076.23 1260.46 525.99
threshold=22666.579000000002 0.15000000000000005 10.340000000000002 2158.8095000000008 15.803000000000003 2158.8095000000008 7848.9580000000014 0.25000000000000006 12036.576500000001 4747.4170000000004 4747.4170000000004 19740.918500000003 19740.918500000003 0.25000000000000006 18495.691000000003 4540.7175000000016 16052.3765 0.25000000000000006 0.25000000000000006 10129.240500000002 0.15000000000000005 44158.321000000004 7047.768500000001 53.76550000000001 74.129500000000021 0.25000000000000006 9241.5975000000017 37306.64650000001 41777.992500000008 55159.639500000012
decision_type=2 2 2 2 2 2 2 2 2 2 2 2 2 2 2 2 2 2 2 2 2 2 2 2 2 2 2 2 2 2
left_child=1 2 16 9 -5 10 7 8 -7 -4 17 15 14 -12 -6 -9 -1 -3 -8 20 21 22 -2 -22 25 -25 -27 -24 -29 -21
right_child=19 5 3 4 12 6 18 11 -10 -11 13 -13 -14 -15 -16 -17 -18 -19 -20 29 23 -23 27 24 -26 26 -28 28 -30 -31
leaf_value=-0.20700218677520749 -0.64288640022277832 0.14437049627304074 0.0084021545946598043 1.0553000768025718 0.13730039894580842 -0.053535748521486917 0.46107540130615227 -0.020822346489876509 -0.59392120838165285 -0.75262484550476072 0.77007279396057127 0.43288993835449219 -0.15726524591445923 0.15715976953506469 0.55842010974884038 -0.35533088843027749 -0.64823307991027823 -0.2678085088729858 0.082994145154953 -0.094259197513262435 -0.0870543658733368 -0.96409635543823247 0.36201364994049073 0.68761045138041188 0.020606071998675667 0.30330711603164673 -0.29853680133819582 -0.23381134867668152 0.39379878044128419 0.00838897974891031
leaf_weight=12 11.999999999999998 12 12 11.999999999999998 24 36 12 48 48 12 12 11.999999999999998 11.999999999999998 12 24 24 12 12 12 144 72 11.999999999999998 36 36 48 24 11.999999999999998 24 11.999999999999998 936
leaf_count=12 12 12 12 12 24 36 12 48 48 12 12 12 12 12 24 24 12 12 12 144 72 12 36 36 48 24 12 24 12 936
internal_value=-7.66616e-10 -0.028649 0.0690018 0.193157 0.381579 -0.0774745 -0.14708 -0.206954 -0.362327 -0.372111 0.200949 -0.0515802 0.246835 0.463616 0.34786 -0.132325 -0.427618 -0.061719 0.272035 0.00753922 0.0556767 -0.0743457 0.0527615 0.120688 0.245333 0.395151 0.102692 0.168703 -0.024608 -0.00529744
internal_weight=1728 360 120 96 72 240 192 168 84 24 48 84 60 24 48 72 24 24 24 1368 288 96 84 192 120 72 36 72 36 1080
internal_count=1728 360 120 96 72 240 192 168 84 24 48 84 60 24 48 72 24 24 24 1368 288 96 84 192 120 72 36 72 36 1080
is_linear=0
shrinkage=0.05


Tree=245
num_leaves=31
num_cat=0
split_feature=0 6 0 6 6 3 6 6 3 3 6 0 2 0 4 0 6 6 2 2 0 6 6 6 6 6 0 6 2 3
split_gain=146.919 164.788 124.138 438.538 254.905 123.13 2094.37 730.079 227.376 283.541 337.612 3344.94 1728.31 1528.26 650.481 395.761 275.086 240.674 2767.06 1794.16 216.071 1699.84 576.97 473.856 655.661 214.643 194.684 187.969 668.343 857.637
threshold=1182183.7235000001 0.15000000000000005 3923.9490000000001 0.25000000000000006 0.15000000000000005 18.680500000000006 0.15000000000000005 0.25000000000000006 27.516500000000004 31.992000000000001 0.15000000000000005 63082.982000000011 47.44700000000001 19740.918500000003 149.54050000000004 80810.85000000002 0.25000000000000006 0.25000000000000006 31.426500000000004 31.426500000000004 68725.196500000005 0.15000000000000005 0.25000000000000006 0.15000000000000005 0.25000000000000006 0.25000000000000006 80810.85000000002 0.25000000000000006 127.01650000000002 48.804500000000012
decision_type=2 2 2 2 2 2 2 2 2 2 2 2 2 2 2 2 2 2 2 2 2 2 2 2 2 2 2 2 2 2
left_child=2 -2 3 4 -1 6 -4 -8 20 10 11 12 -10 16 17 -13 -12 18 -15 -19 23 -22 -23 -7 -25 -16 -20 -11 29 -29
right_child=1 -3 5 -5 -6 8 7 -9 9 27 13 15 -14 14 25 -17 -18 19 26 -21 21 22 -24 24 -26 -27 -28 28 -30 -31
leaf_value=-0.094335015863180161 0.25123579502105714 0.024308188259601595 0.44862957000732423 -0.24087857007980348 0.13611055612564088 0.20423233509063721 -0.63614869117736816 -0.084605896472930903 0.5855100154876709 0.019314149891336761 -0.63568701744079581 -0.21846988201141354 -0.14940197467803956 0.58333487510681159 -0.39528224468231199 -0.62454924583435056 -0.29713270664215086 -0.35295386314392091 -0.48896746635437005 0.39582892656326296 -0.31303458213806157 0.66095490455627437 0.17064450979232787 -0.25266495943069461 0.11692394018173219 -0.096226394176483154 -0.20415444374084468 0.13233069596546038 -0.3890070915222168 -0.046292235187831376
leaf_weight=24 11.999999999999998 24 11.999999999999998 24 24 24 12 12 24 864 12 12 11.999999999999998 11.999999999999998 12 12 12 11.999999999999998 12 24 11.999999999999998 12 12 24 24 12 12 84 11.999999999999998 336
leaf_count=24 12 24 12 24 24 24 12 12 24 864 12 12 12 12 12 12 12 12 12 24 12 12 12 24 24 12 12 84 12 336
internal_value=4.57038e-10 0.0999507 -0.00212661 -0.0663677 0.0208878 0.000728548 -0.0907083 -0.360377 0.00280666 -0.00231763 -0.0611208 0.0357198 0.340539 -0.109541 -0.020324 -0.42151 -0.46641 0.0548195 -0.0365957 0.146235 0.0728386 0.172855 0.4158 0.0228304 -0.0678705 -0.245754 -0.346561 0.00584948 -0.0210799 -0.0105676
internal_weight=1728 36 1692 72 48 1620 36 24 1584 1476 180 60 36 120 96 24 24 72 36 36 108 36 24 72 48 24 24 1296 432 420
internal_count=1728 36 1692 72 48 1620 36 24 1584 1476 180 60 36 120 96 24 24 72 36 36 108 36 24 72 48 24 24 1296 432 420
is_linear=0
shrinkage=0.05


Tree=246
num_leaves=31
num_cat=0
split_feature=3 3 6 6 0 0 6 0 0 6 0 0 6 4 3 3 2 2 0 3 1 1 2 3 6 2 0 0 6 0
split_gain=134.798 249.44 1814.57 3403.86 2757.37 1392.37 1223.01 1197.5 973.694 686.862 472.92 443.998 301.377 1800.63 1069.75 607.32 647.263 505.006 259.325 233.682 215.35 155.556 389.125 322.936 393.817 1309.09 746.824 951.163 691.368 2449.17
threshold=89.988000000000014 105.34800000000001 0.15000000000000005 0.25000000000000006 137286.37700000001 137286.37700000001 0.15000000000000005 164842.97150000001 164842.97150000001 0.25000000000000006 1182183.7235000001 137286.37700000001 0.25000000000000006 95.752500000000012 107.29100000000001 107.29100000000001 113.36550000000001 113.36550000000001 1182183.7235000001 111.79500000000002 55820.384000000005 10279.872000000001 74.89200000000001 48.804500000000012 0.25000000000000006 106.31000000000002 121294.55000000002 80810.85000000002 0.15000000000000005 100590.71350000003
decision_type=2 2 2 2 2 2 2 2 2 2 2 2 2 2 2 2 2 2 2 2 2 2 2 2 2 2 2 2 2 2
left_child=21 2 5 4 -4 -2 7 -3 9 -8 -7 -5 13 15 -14 -10 -17 20 -6 -9 -16 22 -1 24 26 -26 27 -23 29 -29
right_child=1 6 3 11 18 10 8 19 12 -11 -12 -13 14 -15 17 16 -18 -19 -20 -21 -22 23 -24 -25 25 -27 -28 28 -30 -31
leaf_value=-0.00056616034772661 -0.63952164649963383 0.61025776863098147 1.1575356483459474 -0.3576947927474976 0.37724918127059937 -0.14575749635696411 -0.64092612266540527 0.14851433634757996 -0.44118309020996094 -0.10595655441284178 0.23867402076721192 -0.0065073092778523758 0.31611669063568115 0.26608133316040039 -0.28377040624618532 0.18335746526718141 -0.26638643741607665 0.098800632357597354 0.092575323581695568 -0.020005242154002192 -0.024354040622711182 0.009357645114262899 0.16832386487060125 -0.060619149807794592 0.20143505632877351 -0.22496617138385774 0.098111684123675033 -0.59332180023193348 -0.46774557828903202 0.41686964035034174
leaf_weight=648 11.999999999999998 11.999999999999998 11.999999999999998 11.999999999999998 24 24 12 48 24 12 11.999999999999998 36 24 24 24 11.999999999999998 24 24 11.999999999999998 36 11.999999999999998 72 36 324 72 24 72 12 24 12
leaf_count=648 12 12 12 12 24 24 12 48 24 12 12 36 24 24 24 12 24 24 12 36 12 72 36 324 72 24 72 12 24 12
internal_value=8.35603e-10 0.024188 0.0779192 0.203424 0.501152 -0.173091 -0.0026776 0.143037 -0.0755351 -0.373441 -0.0176137 -0.0943042 -0.0329771 -0.0999456 0.0339914 -0.246356 -0.116472 -0.0788587 0.282358 0.0762917 -0.197298 -0.00806266 0.00832279 -0.0263758 0.0121479 0.0948347 -0.0291955 -0.10558 -0.277986 -0.0882261
internal_weight=1728 432 144 96 48 48 288 96 192 24 36 48 168 84 84 60 36 60 36 84 36 1296 684 612 288 96 192 120 48 24
internal_count=1728 432 144 96 48 48 288 96 192 24 36 48 168 84 84 60 36 60 36 84 36 1296 684 612 288 96 192 120 48 24
is_linear=0
shrinkage=0.05


Tree=247
num_leaves=31
num_cat=0
split_feature=0 6 4 1 1 1 1 6 0 0 0 0 6 0 0 1 0 6 6 1 6 0 1 2 2 6 1 0 0 0
split_gain=129.241 588.644 2629.37 3695.89 2316.16 1650.08 1725.31 1385.84 2031.54 1274.26 1165.02 1093.76 829.555 828.006 714.843 604.161 433.198 333.41 303.99 290.365 957.612 3866.23 2397.36 1738.2 1482.07 2196.98 1046.08 920.652 1105.57 428.583
threshold=22666.579000000002 0.15000000000000005 10.340000000000002 5600.7615000000014 2158.8095000000008 2158.8095000000008 7848.9580000000014 0.25000000000000006 12036.576500000001 4747.4170000000004 4747.4170000000004 19740.918500000003 0.25000000000000006 19740.918500000003 18495.691000000003 4540.7175000000016 16052.3765 0.25000000000000006 0.25000000000000006 10129.240500000002 0.15000000000000005 44158.321000000004 7047.768500000001 53.76550000000001 74.129500000000021 0.25000000000000006 9241.5975000000017 37306.64650000001 41777.992500000008 55159.639500000012
decision_type=2 2 2 2 2 2 2 2 2 2 2 2 2 2 2 2 2 2 2 2 2 2 2 2 2 2 2 2 2 2
left_child=1 2 16 4 9 10 7 8 -7 -4 17 15 -12 14 -6 -9 -1 -3 -8 20 21 22 -2 -22 25 -25 -27 -24 -29 -21
right_child=19 5 3 -5 13 6 18 11 -10 -11 12 -13 -14 -15 -16 -17 -18 -19 -20 29 23 -23 27 24 -26 26 -28 28 -30 -31
leaf_value=-0.1919070243835449 -0.61167945861816408 0.1303747534751892 0.012727105617523191 1.0015977223714194 0.1294979840517044 -0.053742968042691554 0.43708424568176263 -0.021704341843724252 -0.55062152147293097 -0.71593103408813474 0.7306317806243896 0.39148230552673341 0.14271354675292966 -0.14190356731414797 0.51540679931640632 -0.32895042101542155 -0.61675882339477539 -0.24234585762023922 0.081187355518341053 -0.085183989008267735 -0.078127802411715186 -0.91682901382446291 0.33045699993769329 0.65229255358378102 0.017415814598401389 0.29048467874526979 -0.28126702308654788 -0.22305817604064943 0.36472694873809819 0.0074734559489621063
leaf_weight=12 11.999999999999998 12 12 11.999999999999998 24 36 12 48 48 12 12 11.999999999999998 12 11.999999999999998 24 24 12 12 12 144 72 11.999999999999998 36 36 48 24 11.999999999999998 24 11.999999999999998 936
leaf_count=12 12 12 12 12 24 36 12 48 48 12 12 12 12 12 24 24 12 12 12 144 72 12 36 36 48 24 12 24 12 936
internal_value=9.38221e-10 -0.0266557 0.0637634 0.180787 0.0635289 -0.0718653 -0.137417 -0.194068 -0.337674 -0.351602 0.190344 -0.0504623 0.436673 0.229581 0.322452 -0.12412 -0.404333 -0.0559856 0.259136 0.00701466 0.0516229 -0.0773159 0.0426146 0.116092 0.232624 0.376097 0.0999008 0.151664 -0.0271298 -0.00488087
internal_weight=1728 360 120 96 84 240 192 168 84 24 48 84 24 60 48 72 24 24 24 1368 288 96 84 192 120 72 36 72 36 1080
internal_count=1728 360 120 96 84 240 192 168 84 24 48 84 24 60 48 72 24 24 24 1368 288 96 84 192 120 72 36 72 36 1080
is_linear=0
shrinkage=0.05


Tree=248
num_leaves=31
num_cat=0
split_feature=3 3 6 6 0 0 6 0 0 6 0 0 6 4 3 3 2 2 0 3 1 1 6 1 6 2 2 2 4 3
split_gain=117.73 225.12 1637.65 3071.98 2488.53 1256.61 1103.77 1080.75 878.759 619.893 426.811 400.708 271.993 1625.07 965.452 548.106 584.155 455.767 234.041 210.898 194.353 131 331.83 1130.76 1837.04 1116.97 1067.72 835.465 1012.28 521.545
threshold=89.988000000000014 105.34800000000001 0.15000000000000005 0.25000000000000006 137286.37700000001 137286.37700000001 0.15000000000000005 164842.97150000001 164842.97150000001 0.25000000000000006 1182183.7235000001 137286.37700000001 0.25000000000000006 95.752500000000012 107.29100000000001 107.29100000000001 113.36550000000001 113.36550000000001 1182183.7235000001 111.79500000000002 55820.384000000005 10279.872000000001 0.25000000000000006 9241.5975000000017 0.15000000000000005 74.89200000000001 74.89200000000001 43.663000000000004 33.389500000000005 78.015500000000017
decision_type=2 2 2 2 2 2 2 2 2 2 2 2 2 2 2 2 2 2 2 2 2 2 2 2 2 2 2 2 2 2
left_child=21 2 5 4 -4 -2 7 -3 9 -8 -7 -5 13 15 -14 -10 -17 20 -6 -9 -16 22 23 29 26 -26 -25 -24 -29 -1
right_child=1 6 3 11 18 10 8 19 12 -11 -12 -13 14 -15 17 16 -18 -19 -20 -21 -22 -23 27 24 25 -27 -28 28 -30 -31
leaf_value=-0.017011975703967942 -0.60791926383972172 0.57937121391296387 1.0992851257324219 -0.34018371105194095 0.35801305770874026 -0.13884329795837402 -0.60925350189208982 0.14071494638919832 -0.41949759721755986 -0.10103240013122557 0.22636663913726807 -0.0065556168556213379 0.29993718266487124 0.25240359306335453 -0.26995556354522704 0.17381591796875001 -0.25344080328941349 0.093486925959587103 0.087572884559631359 -0.019378651554385822 -0.023510010540485383 -0.024340606157004445 -0.14263871957858404 -0.2311442255973816 0.6634557008743287 0.072647348046302795 0.34649059772491458 -0.046018460676783612 0.27088006734848025 0.22371499538421633
leaf_weight=360 11.999999999999998 11.999999999999998 11.999999999999998 11.999999999999998 24 24 12 48 24 12 11.999999999999998 36 24 24 24 11.999999999999998 24 24 11.999999999999998 36 11.999999999999998 612 108 24 24 11.999999999999998 11.999999999999998 84 36 24
leaf_count=360 12 12 12 12 24 24 12 48 24 12 12 36 24 24 24 12 24 24 12 36 12 612 108 24 24 12 12 84 36 24
internal_value=5.00155e-10 0.0226049 0.0736495 0.192879 0.475721 -0.16481 -0.00291739 0.135512 -0.072132 -0.355143 -0.0171067 -0.0899626 -0.0317019 -0.095322 0.0319182 -0.234412 -0.111022 -0.0752895 0.267866 0.0721034 -0.187807 -0.00753497 0.00750165 0.0321271 0.21396 0.46652 -0.0385993 -0.0417493 0.0490511 -0.00196654
internal_weight=1728 432 144 96 48 48 288 96 192 24 36 48 168 84 84 60 36 60 36 84 36 1296 684 456 72 36 36 228 120 384
internal_count=1728 432 144 96 48 48 288 96 192 24 36 48 168 84 84 60 36 60 36 84 36 1296 684 456 72 36 36 228 120 384
is_linear=0
shrinkage=0.05


Tree=249
num_leaves=31
num_cat=0
split_feature=3 3 6 6 0 0 6 0 0 6 0 0 6 4 3 3 2 2 0 3 2 0 3 6 6 2 0 6 6 6
split_gain=106.252 203.171 1477.98 2772.46 2245.89 1134.09 996.152 975.374 793.08 559.453 385.197 361.639 245.473 1466.63 871.32 494.666 527.2 411.33 211.222 193.316 175.404 123.711 120.715 735.642 1026.36 141.764 267.047 1512.9 542.41 231.019
threshold=89.988000000000014 105.34800000000001 0.15000000000000005 0.25000000000000006 137286.37700000001 137286.37700000001 0.15000000000000005 164842.97150000001 164842.97150000001 0.25000000000000006 1182183.7235000001 137286.37700000001 0.25000000000000006 95.752500000000012 107.29100000000001 107.29100000000001 113.36550000000001 113.36550000000001 1182183.7235000001 105.84350000000002 107.75750000000001 684755.53550000011 85.117000000000004 0.25000000000000006 0.15000000000000005 27.516500000000004 68725.196500000005 0.15000000000000005 0.25000000000000006 0.15000000000000005
decision_type=2 2 2 2 2 2 2 2 2 2 2 2 2 2 2 2 2 2 2 2 2 2 2 2 2 2 2 2 2 2
left_child=22 2 5 4 -4 -2 7 -3 9 -8 -7 -5 13 15 21 -10 -17 20 -6 -9 -16 -14 25 24 -24 26 29 -28 -29 -1
right_child=1 6 3 11 18 10 8 19 12 -11 -12 -13 14 -15 17 16 -18 -19 -20 -21 -22 -23 23 -25 -26 -27 27 28 -30 -31
leaf_value=0.12126197665929794 -0.57752327919006352 0.55040264129638672 1.0443208694458008 -0.32317452430725102 0.34011241197586062 -0.13190113306045534 -0.5787908554077148 0.25429573059082033 -0.3985227227210999 -0.095980781316757191 0.21504831314086914 -0.0062278379996617639 0.17142115831375121 0.23978341221809388 -0.02233451008796692 0.16512513160705566 -0.24076876044273376 0.088812583684921273 0.08319424390792847 0.037531983107328415 -0.25645778179168705 0.39845948219299315 0.069715493917465204 0.22220790386199951 -0.5842327117919921 -0.00971399674179136 -0.29700736999511718 0.62828264236450193 0.15288388729095459 -0.06872958987951279
leaf_weight=24 11.999999999999998 11.999999999999998 11.999999999999998 11.999999999999998 24 24 12 11.999999999999998 24 12 11.999999999999998 36 12 24 11.999999999999998 11.999999999999998 24 24 11.999999999999998 72 24 12 12 11.999999999999998 12 1152 11.999999999999998 12 12 48
leaf_count=24 12 12 12 12 24 24 12 12 24 12 12 36 12 24 12 12 24 24 12 72 24 12 12 12 12 1152 12 12 12 48
internal_value=-1.55005e-09 0.0214747 0.0699671 0.183235 0.451935 -0.156569 -0.00277153 0.128736 -0.0685254 -0.337386 -0.0162513 -0.0854645 -0.0301168 -0.0905559 0.0303222 -0.222692 -0.105471 -0.071525 0.254473 0.0684982 -0.178417 0.28494 -0.00715822 -0.0974364 -0.257259 -0.00457885 0.0501961 0.161386 0.390583 -0.00539907
internal_weight=1728 432 144 96 48 48 288 96 192 24 36 48 168 84 84 60 36 60 36 84 36 24 1296 36 24 1260 108 36 24 72
internal_count=1728 432 144 96 48 48 288 96 192 24 36 48 168 84 84 60 36 60 36 84 36 24 1296 36 24 1260 108 36 24 72
is_linear=0
shrinkage=0.05


Tree=250
num_leaves=31
num_cat=0
split_feature=0 6 6 2 6 6 0 2 2 2 6 2 6 0 3 6 0 6 2 2 2 0 2 6 4 1 0 3 2 0
split_gain=98.8116 367.083 216.807 101.644 1405.28 1256.62 848.195 701.867 218.368 121.349 360.218 897.137 489.525 485.893 251.66 1237.32 3257.57 1278.11 3414.4 1429.14 819.337 617.141 495.47 345.345 2156.57 3023.56 5237.92 2906.06 2626.16 2364.3
threshold=3923.9490000000001 0.25000000000000006 0.15000000000000005 17.543500000000005 0.15000000000000005 0.25000000000000006 37405.976000000002 7.3575000000000008 11.119000000000002 27.516500000000004 0.15000000000000005 25.045500000000004 0.25000000000000006 68725.196500000005 31.992000000000001 0.15000000000000005 63082.982000000011 0.25000000000000006 29.406000000000002 31.426500000000004 47.44700000000001 27705.340000000004 74.129500000000021 0.15000000000000005 60.407000000000004 6575.9135000000015 7391.9660000000013 72.187000000000026 78.163500000000013 137286.37700000001
decision_type=2 2 2 2 2 2 2 2 2 2 2 2 2 2 2 2 2 2 2 2 2 2 2 2 2 2 2 2 2 2
left_child=1 2 -1 4 7 6 -6 -2 -7 10 13 -12 -13 -5 15 16 20 18 -17 -19 -11 -22 -21 24 25 26 -16 -27 -29 -30
right_child=3 -3 -4 9 5 8 -8 -9 -10 14 11 12 -14 -15 23 17 -18 19 -20 22 21 -23 -24 -25 -26 27 -28 28 29 -31
leaf_value=-0.083774158358573922 0.52288250923156743 -0.21700294017791749 0.12875384092330933 0.18752334117889405 -0.037595501542091375 -0.050130094215273861 -0.55243618488311774 0.054552064836025239 0.21109750270843508 0.5364525318145752 -0.00334891676902771 0.59686851501464833 0.14523968696594236 -0.20214526653289797 -0.67879815101623542 0.52113566398620603 -0.37908775806427003 -0.22202642162640893 -0.38984641035397849 0.3553640723228455 -0.13347209692001344 0.30568217635154726 0.034080797433853151 0.030620348639786243 0.10936423836364634 -0.4668060064315796 0.52742651965883047 0.21894516944885256 -0.66164941787719733 -0.020971311380465828
leaf_weight=24 11.999999999999998 24 24 11.999999999999998 11.999999999999998 24 24 24 11.999999999999998 24 48 12 12 24 11.999999999999998 11.999999999999998 24 36 72 24 11.999999999999998 24 24 792 168 72 36 48 24 36
leaf_count=24 12 24 24 12 12 24 24 24 12 24 48 12 12 24 12 12 24 36 72 24 12 24 24 792 168 72 36 48 24 36
internal_value=9.74439e-11 -0.0573411 0.0224898 0.00249309 -0.0444049 -0.171938 -0.380823 0.210662 0.0369458 0.00576504 0.0568828 0.121452 0.371054 -0.0722557 0.00193121 -0.0434529 0.113232 -0.121795 -0.259706 0.0161158 0.310159 0.159297 0.194722 0.0115581 -0.0265663 -0.126726 0.22587 -0.220751 -0.0567147 -0.277243
internal_weight=1728 72 48 1656 108 72 36 36 36 1548 108 72 24 36 1440 252 84 168 84 84 60 36 48 1188 396 228 48 180 108 60
internal_count=1728 72 48 1656 108 72 36 36 36 1548 108 72 24 36 1440 252 84 168 84 84 60 36 48 1188 396 228 48 180 108 60
is_linear=0
shrinkage=0.05


Tree=251
num_leaves=31
num_cat=0
split_feature=6 2 4 4 4 4 4 1 1 0 2 2 2 3 2 1 0 6 6 1 4 1 2 2 0 4 0 2 0 0
split_gain=101.647 519.315 416.628 625.947 585.652 1086.95 644.095 585.745 1116.65 522.893 838.038 2297.5 1063 750.33 1225.1 398.101 2235.39 3352.38 1268.21 5978.36 4522.1 4706.13 2970.72 3794.64 1791.99 1637.65 3142.75 1631.94 1678.92 1410.98
threshold=0.25000000000000006 127.01650000000002 13.022000000000002 56.118500000000004 140.45600000000005 137.47000000000003 143.54950000000002 10484.007500000002 14745.336000000001 684755.53550000011 78.163500000000013 76.349000000000018 99.851500000000016 57.764500000000005 67.669000000000025 10484.007500000002 47382.240000000013 0.15000000000000005 0.15000000000000005 8058.1010000000015 14.624000000000001 2158.8095000000008 63.551500000000011 57.764500000000005 38531.177500000013 25.389500000000002 44158.321000000004 53.76550000000001 7391.9660000000013 38531.177500000013
decision_type=2 2 2 2 2 2 2 2 2 2 2 2 2 2 2 2 2 2 2 2 2 2 2 2 2 2 2 2 2 2
left_child=1 15 -2 9 5 7 -6 -5 -9 10 11 13 -12 -4 -15 18 17 -17 22 20 -20 -22 23 27 -21 -24 -27 28 -1 -30
right_child=2 -3 3 4 6 -7 -8 8 -10 -11 12 -13 -14 14 -16 16 -18 -19 19 24 21 -23 25 -25 -26 26 -28 -29 29 -31
leaf_value=-0.19097059033811092 -0.15818568915128708 0.16957391500473024 0.14590300992131233 -0.24657942056655885 0.42264537811279301 -0.54972753524780271 -0.0003382828086614609 0.22421013911565146 -0.084723629974401915 0.37700548171997073 -0.37978086471557621 0.76233911514282227 0.049809525410334274 -0.28030936982896598 0.13218631744384765 0.065269833803176885 0.0025602606228656241 -0.77044081687927246 0.3017476224899292 0.85103969573974614 0.69390544891357431 -0.35633176900446417 -0.65140678882598879 0.9264828046162924 0.32189042766888942 0.088026376565297451 -0.84631090164184575 -0.55641889572143555 0.28186837037404383 -0.16081584692001344
leaf_weight=48 48 48 84 36 11.999999999999998 11.999999999999998 36 36 156 11.999999999999998 24 11.999999999999998 36 36 36 24 576 24 60 24 11.999999999999998 96 24 11.999999999999998 48 36 11.999999999999998 11.999999999999998 72 24
leaf_count=48 48 48 84 36 12 12 36 36 156 12 24 12 36 36 36 24 576 24 60 24 12 96 24 12 48 36 12 12 72 24
internal_value=9.48569e-12 0.00857491 -0.0171498 -0.00432838 -0.0540255 -0.0859121 0.105408 -0.0615008 -0.0267985 0.0553082 0.0383767 0.0956636 -0.122027 0.0443809 -0.0740615 0.00157495 -0.0247586 -0.352585 0.0358086 0.117082 -0.0462865 -0.239639 -0.0454643 0.0696971 0.498274 -0.314174 -0.145558 0.00379056 0.0504747 0.171197
internal_weight=1728 1152 576 528 288 240 48 228 192 240 228 168 60 156 72 1104 624 48 480 240 168 108 240 168 72 72 48 156 144 96
internal_count=1728 1152 576 528 288 240 48 228 192 240 228 168 60 156 72 1104 624 48 480 240 168 108 240 168 72 72 48 156 144 96
is_linear=0
shrinkage=0.05


Tree=252
num_leaves=31
num_cat=0
split_feature=0 6 4 1 1 1 1 1 0 0 6 0 2 0 6 0 0 1 6 0 1 2 2 6 1 2 3 0 6 2
split_gain=97.6054 433.508 1942.97 2884.48 1698.64 1315.3 1450.54 1147.04 1053.29 968.967 914.544 1223.99 812.674 671.469 661.099 574.701 313.526 255.552 751.57 2985.43 1804.8 1356.62 1202.46 1747.45 846.329 691.369 619.102 370.012 334.845 1008.4
threshold=22666.579000000002 0.15000000000000005 10.340000000000002 5600.7615000000014 2158.8095000000008 2158.8095000000008 7848.9580000000014 5600.7615000000014 4747.4170000000004 4747.4170000000004 0.25000000000000006 7391.9660000000013 43.663000000000004 19740.918500000003 0.25000000000000006 18495.691000000003 16052.3765 10129.240500000002 0.15000000000000005 44158.321000000004 7047.768500000001 53.76550000000001 74.129500000000021 0.25000000000000006 9241.5975000000017 31.205000000000002 72.187000000000026 37306.64650000001 0.25000000000000006 31.205000000000002
decision_type=2 2 2 2 2 2 2 2 2 2 2 2 2 2 2 2 2 2 2 2 2 2 2 2 2 2 2 2 2 2
left_child=1 2 16 4 8 9 7 10 -4 -3 11 -7 -12 15 -11 -6 -1 18 19 20 -2 28 23 -23 -25 -22 27 -27 29 -20
right_child=17 5 3 -5 13 6 -8 -9 -10 14 12 -13 -14 -15 -16 -17 -18 -19 21 -21 25 22 -24 24 -26 26 -28 -29 -30 -31
leaf_value=-0.1672381281852722 -0.52859792709350584 -0.052507638931274414 0.027164286375045772 0.88015864690144863 0.10426307916641236 0.046445580571889883 0.24312040507793428 -0.49245413939158128 -0.63530974388122552 0.659210205078125 -0.11186995245516301 -0.39087397456169132 0.24447312951087952 -0.1408919095993042 0.13436933755874633 0.45028237104415897 -0.52867398262023924 -0.0050636782069449077 -0.33293824195861821 -0.80399541854858403 0.48017339706420903 0.58356409072875981 0.014160470291972161 0.26234136819839476 -0.25193262100219727 0.15998679399490356 0.26113791465759278 -0.1800556242465973 -0.17435046434402468 0.22842302918434143
leaf_weight=12 11.999999999999998 24 12 11.999999999999998 24 24 24 24 12 12 48 48 24 11.999999999999998 12 24 12 1080 11.999999999999998 11.999999999999998 11.999999999999998 36 48 24 11.999999999999998 11.999999999999998 24 24 36 24
leaf_count=12 12 24 12 12 24 24 24 24 12 12 48 48 24 12 12 24 12 1080 12 12 12 36 48 24 12 12 24 24 36 24
internal_value=-2.37918e-09 -0.0231647 0.05443 0.155027 0.0514362 -0.0619621 -0.120488 -0.172432 -0.304073 0.172141 -0.119095 -0.245101 0.00691107 0.19364 0.39679 0.277273 -0.347956 0.00609597 0.0479447 -0.0662836 0.0391038 0.105059 0.208008 0.33724 0.0909167 0.133721 0.0644303 -0.0667082 -0.0665239 0.0413026
internal_weight=1728 360 120 96 84 240 192 168 24 48 144 72 72 60 24 48 24 1368 288 96 84 192 120 72 36 72 60 36 72 36
internal_count=1728 360 120 96 84 240 192 168 24 48 144 72 72 60 24 48 24 1368 288 96 84 192 120 72 36 72 60 36 72 36
is_linear=0
shrinkage=0.05


Tree=253
num_leaves=31
num_cat=0
split_feature=3 3 6 6 0 0 6 0 0 6 0 0 6 4 3 3 2 2 0 3 1 1 0 6 0 6 4 2 1 2
split_gain=97.3634 209.671 1280.14 2419.92 2038.92 897.26 830.481 795.737 626.873 460.254 307.927 291.734 221.946 1323.63 739.718 446.436 475.798 361.454 205.27 182.281 158.302 122.794 268.377 863.335 1891.74 1725.47 1669.58 1662.87 1628.83 856.505
threshold=89.988000000000014 105.34800000000001 0.15000000000000005 0.25000000000000006 137286.37700000001 137286.37700000001 0.15000000000000005 164842.97150000001 164842.97150000001 0.25000000000000006 1182183.7235000001 137286.37700000001 0.25000000000000006 95.752500000000012 107.29100000000001 107.29100000000001 113.36550000000001 113.36550000000001 1182183.7235000001 111.79500000000002 55820.384000000005 10279.872000000001 22666.579000000002 0.15000000000000005 44158.321000000004 0.25000000000000006 149.54050000000004 74.129500000000021 7047.768500000001 53.76550000000001
decision_type=2 2 2 2 2 2 2 2 2 2 2 2 2 2 2 2 2 2 2 2 2 2 2 2 2 2 2 2 2 2
left_child=21 2 5 4 -4 -2 7 -3 9 -8 -7 -5 13 15 -14 -10 -17 20 -6 -9 -16 22 -1 24 28 26 27 -25 -24 -27
right_child=1 6 3 11 18 10 8 19 12 -11 -12 -13 14 -15 17 16 -18 -19 -20 -21 -22 -23 23 25 -26 29 -28 -29 -30 -31
leaf_value=-0.022006474754048721 -0.51543951034545898 0.49686355590820314 0.99069900512695319 -0.28930459022521976 0.32255017757415771 -0.11960299015045167 -0.52210431098937982 0.12537920624017715 -0.38000243902206421 -0.084185874462127677 0.19060217142105104 -0.0046341598033905031 0.26210842728614808 0.22638838887214663 -0.24067654609680178 0.15546302795410158 -0.23013615608215332 0.083966971933841714 0.06927800178527832 -0.023457100490729015 -0.018259437382221223 -0.023123091581015807 -0.50216803550720213 0.42939983606338505 -0.46619805097579958 -0.20031231492757798 -0.31629133224487305 -0.051177673538525904 0.12703476150830587 0.083055545687675481
leaf_weight=360 11.999999999999998 11.999999999999998 11.999999999999998 11.999999999999998 24 24 12 48 24 12 11.999999999999998 36 24 24 24 11.999999999999998 24 24 11.999999999999998 36 11.999999999999998 612 11.999999999999998 72 24 48 11.999999999999998 24 72 60
leaf_count=360 12 12 12 12 24 24 12 48 24 12 12 36 24 24 24 12 24 24 12 36 12 612 12 72 24 48 12 24 72 60
internal_value=5.25162e-10 0.0205569 0.0698189 0.175234 0.426269 -0.141011 -0.00407418 0.116001 -0.0641118 -0.303145 -0.0162013 -0.0758018 -0.0299642 -0.0874339 0.0275055 -0.212963 -0.101603 -0.0663357 0.238126 0.0615922 -0.166538 -0.00685228 0.00770581 0.0407195 -0.0747062 0.0984323 0.23975 0.309255 0.0371486 -0.0428857
internal_weight=1728 432 144 96 48 48 288 96 192 24 36 48 168 84 84 60 36 60 36 84 36 1296 684 324 108 216 108 96 84 108
internal_count=1728 432 144 96 48 48 288 96 192 24 36 48 168 84 84 60 36 60 36 84 36 1296 684 324 108 216 108 96 84 108
is_linear=0
shrinkage=0.05


Tree=254
num_leaves=31
num_cat=0
split_feature=3 3 6 6 0 0 6 0 0 6 0 0 6 4 3 3 2 2 0 3 1 1 0 6 0 6 4 2 1 0
split_gain=87.8705 189.228 1155.32 2183.98 1840.12 809.777 749.51 718.152 565.753 415.379 277.904 263.29 200.306 1194.58 667.596 402.908 429.407 326.213 185.256 164.625 142.868 110.822 242.21 779.16 1707.29 1557.24 1506.8 1500.74 1470.02 850.217
threshold=89.988000000000014 105.34800000000001 0.15000000000000005 0.25000000000000006 137286.37700000001 137286.37700000001 0.15000000000000005 164842.97150000001 164842.97150000001 0.25000000000000006 1182183.7235000001 137286.37700000001 0.25000000000000006 95.752500000000012 107.29100000000001 107.29100000000001 113.36550000000001 113.36550000000001 1182183.7235000001 105.84350000000002 55820.384000000005 10279.872000000001 22666.579000000002 0.15000000000000005 44158.321000000004 0.25000000000000006 149.54050000000004 74.129500000000021 7047.768500000001 63082.982000000011
decision_type=2 2 2 2 2 2 2 2 2 2 2 2 2 2 2 2 2 2 2 2 2 2 2 2 2 2 2 2 2 2
left_child=21 2 5 4 -4 -2 7 -3 9 -8 -7 -5 13 15 -14 -10 -17 20 -6 -9 -16 22 -1 24 28 26 27 -25 -24 -26
right_child=1 6 3 11 18 10 8 19 12 -11 -12 -13 14 -15 17 16 -18 -19 -20 -21 -22 -23 23 25 29 -27 -28 -29 -30 -31
leaf_value=-0.020906154455410109 -0.48966751098632816 0.47202038764953613 0.94116411209106454 -0.27483937740325931 0.30642266273498536 -0.11362284421920776 -0.49599909782409662 0.22996895313262941 -0.36100230216979984 -0.079976582527160639 0.18107205629348755 -0.0044024527072906499 0.24900300502777101 0.2150689721107483 -0.22864272594451907 0.14768987894058228 -0.21862935423851015 0.079768623411655429 0.065814101696014413 0.029936549191673597 -0.017346465587615968 -0.021966940804926401 -0.47705965042114262 0.40792984167734786 -0.7404857158660888 -0.040741435686747235 -0.30047676563262943 -0.048618788272142416 0.12068301637967427 -0.14529058933258054
leaf_weight=360 11.999999999999998 11.999999999999998 11.999999999999998 11.999999999999998 24 24 12 11.999999999999998 24 12 11.999999999999998 36 24 24 24 11.999999999999998 24 24 11.999999999999998 72 11.999999999999998 612 11.999999999999998 72 12 108 11.999999999999998 24 72 12
leaf_count=360 12 12 12 12 24 24 12 12 24 12 12 36 24 24 24 12 24 24 12 72 12 612 12 72 12 108 12 24 72 12
internal_value=-1.52375e-09 0.019529 0.066328 0.166472 0.404956 -0.13396 -0.00387047 0.110201 -0.0609062 -0.287988 -0.0153912 -0.0720117 -0.028466 -0.0830622 0.0261302 -0.202315 -0.0965229 -0.0630189 0.22622 0.0585126 -0.158211 -0.00650967 0.00732051 0.0386835 -0.0709709 0.0935107 0.227763 0.293793 0.0352912 -0.442888
internal_weight=1728 432 144 96 48 48 288 96 192 24 36 48 168 84 84 60 36 60 36 84 36 1296 684 324 108 216 108 96 84 24
internal_count=1728 432 144 96 48 48 288 96 192 24 36 48 168 84 84 60 36 60 36 84 36 1296 684 324 108 216 108 96 84 24
is_linear=0
shrinkage=0.05


Tree=255
num_leaves=31
num_cat=0
split_feature=1 1 6 0 0 0 6 0 0 0 0 6 6 0 6 6 6 4 0 1 1 6 0 0 6 0 0 0 3 2
split_gain=81.5997 291.381 1244.5 2968.83 1852.85 645.723 499.385 1633.87 885.077 386.544 316.694 700.378 604.455 299.63 1226.15 464.914 213.701 1120.92 1492.01 1099.62 838.291 3356.56 775.204 750.111 2755.08 552.957 512.114 312.647 256.652 253.322
threshold=14745.336000000001 12485.131000000003 0.25000000000000006 90630.424000000014 90630.424000000014 93897.382000000027 0.15000000000000005 80810.85000000002 80810.85000000002 80810.85000000002 93897.382000000027 0.15000000000000005 0.15000000000000005 68725.196500000005 0.15000000000000005 0.25000000000000006 0.15000000000000005 52.267500000000005 208019.18150000004 19012.117000000002 15904.846000000003 0.25000000000000006 121294.55000000002 137286.37700000001 0.25000000000000006 100590.71350000003 145818.27200000003 208019.18150000004 81.107000000000014 99.851500000000016
decision_type=2 2 2 2 2 2 2 2 2 2 2 2 2 2 2 2 2 2 2 2 2 2 2 2 2 2 2 2 2 2
left_child=1 13 4 9 6 -5 8 -8 -3 -4 11 -6 -12 -1 -15 -16 17 19 -19 -2 21 22 -18 24 -22 -26 -25 -28 -20 -21
right_child=16 2 3 5 10 -7 7 -9 -10 -11 12 -13 -14 14 15 -17 20 18 28 29 23 -23 -24 26 25 -27 27 -29 -30 -31
leaf_value=-0.0043477479944338546 -0.39793691635131839 0.066281747817993161 0.7267298698425293 -0.51973347663879388 0.4392282009124755 -0.0010321006178855895 -0.97245264053344715 -0.1473583936691284 -0.54099259376525877 0.32540724277496336 -0.33866383234659825 -0.10097930431365965 0.1631891131401062 -0.26967005729675292 0.56940474510192862 0.12927488088607786 0.8941059112548827 0.35248439311981206 -0.12093859910964966 0.2265631914138794 -0.59358930587768555 -0.22629206180572511 0.32577345371246336 0.21849467158317568 -0.075977754592895505 0.40402078628540034 -0.11323717435201008 0.0032521258418758713 0.059825177325142753 -0.054796096310019499
leaf_weight=828 24 12 12 12 12 12 12 12 12 12 12 12 12 11.999999999999998 12 12 12 48 24 11.999999999999998 24 24 12 24 12 12 72 288 108 24
leaf_count=828 24 12 12 12 12 12 12 12 12 12 12 12 12 12 12 12 12 48 24 12 24 24 12 24 12 12 72 288 108 24
internal_value=-6.63136e-10 -0.00918287 -0.0750313 0.132843 -0.178968 -0.260383 -0.39863 -0.559906 -0.237355 0.526069 0.0406935 0.169124 -0.0877374 0.00179187 0.143003 0.34934 0.012856 0.0513792 0.113766 -0.135781 -0.00640558 0.191824 0.60994 -0.0284311 -0.214784 0.164022 -0.00513696 -0.0200457 0.026959 0.0389903
internal_weight=1728 1008 144 48 96 24 48 24 24 24 48 24 24 864 36 24 720 240 180 60 480 48 24 432 48 24 384 360 132 36
internal_count=1728 1008 144 48 96 24 48 24 24 24 48 24 24 864 36 24 720 240 180 60 480 48 24 432 48 24 384 360 132 36
is_linear=0
shrinkage=0.05


Tree=256
num_leaves=31
num_cat=0
split_feature=3 6 6 2 4 6 2 2 6 6 0 0 0 6 3 3 4 0 3 6 2 0 2 0 0 3 6 4 0 0
split_gain=80.8136 1750.91 629.448 93.5059 308.609 753.328 2283.4 1109.25 2337.05 2149.94 3489.1 1227.16 725.83 210.957 711.967 550.615 503.745 530.529 495.908 1032.07 1430.39 1252.52 823.9 671.141 418.503 387.15 1088.68 362.896 239.913 230.023
threshold=12.640500000000001 0.15000000000000005 0.25000000000000006 71.424500000000009 28.488500000000005 0.25000000000000006 78.163500000000013 78.163500000000013 0.15000000000000005 0.15000000000000005 164842.97150000001 164842.97150000001 164842.97150000001 0.25000000000000006 43.144500000000008 43.144500000000008 71.970000000000013 684755.53550000011 105.34800000000001 0.15000000000000005 81.107000000000014 137286.37700000001 90.431000000000012 137286.37700000001 1048200.1775000001 107.29100000000001 0.15000000000000005 84.478000000000009 1182183.7235000001 573241.87500000012
decision_type=2 2 2 2 2 2 2 2 2 2 2 2 2 2 2 2 2 2 2 2 2 2 2 2 2 2 2 2 2 2
left_child=1 -1 -3 -2 5 7 -7 8 -5 11 -11 -9 -8 15 -15 -6 17 29 19 22 -21 -22 -17 -24 -18 26 -20 -23 -25 -16
right_child=3 2 -4 4 13 6 12 9 -10 10 -12 -13 -14 14 16 18 24 -19 25 20 21 27 23 28 -26 -27 -28 -29 -30 -31
leaf_value=0.41900510787963868 -0.0072709452033180889 -0.57675786018371578 -0.06463480591773986 0.062967658042907701 -0.10028202235698701 0.69039335250854494 -0.42930078506469721 -0.70627384185791009 -0.9238300323486327 0.923381996154785 -0.28235049247741695 0.0087911970913410169 0.12063475847244261 0.24000806212425232 0.013563982844352724 0.19497070113817852 -0.27261251608530679 0.33269021511077884 0.1331294983625412 -0.064221622546513882 0.84940061569213876 0.41576075553894043 -0.4452872753143311 -0.10478472411632539 -0.0030632257461547852 0.078328891595204675 -0.34311480522155763 0.14079997539520264 0.16902719736099245 -0.22623946666717532
leaf_weight=11.999999999999998 1080 12 12 12 48 11.999999999999998 12 12 12 12 12 12 12 24 60 36 36 11.999999999999998 24 24 11.999999999999998 24 11.999999999999998 24 24 72 24 24 11.999999999999998 11.999999999999998
leaf_count=12 1080 12 12 12 48 12 12 12 12 12 12 12 12 24 60 36 36 12 24 24 12 24 12 24 24 72 24 24 12 12
internal_value=1.89498e-10 -0.0741292 -0.320696 0.00157722 0.0171916 -0.0595096 0.127242 -0.152886 -0.430431 -0.0141128 0.320516 -0.348741 -0.154333 0.0336276 -0.0121198 0.0565013 -0.0541411 0.0248958 0.0826318 0.138083 0.262011 0.392504 0.0141547 -0.121457 -0.164793 0.00500027 -0.104993 0.27828 -0.0135141 -0.0264033
internal_weight=1728 36 24 1692 612 108 36 72 24 48 24 24 24 504 168 336 144 84 288 168 84 60 84 48 60 120 48 48 36 72
internal_count=1728 36 24 1692 612 108 36 72 24 48 24 24 24 504 168 336 144 84 288 168 84 60 84 48 60 120 48 48 36 72
is_linear=0
shrinkage=0.05


Tree=257
num_leaves=31
num_cat=0
split_feature=3 6 6 2 4 6 2 2 6 6 0 0 0 6 3 3 4 0 3 6 2 0 2 0 0 3 6 4 0 0
split_gain=72.9342 1580.19 568.077 84.389 278.52 679.879 2060.77 1001.1 2109.19 1940.32 3148.91 1107.51 655.061 190.388 642.55 496.93 454.63 478.803 447.557 931.446 1290.93 1130.4 743.57 605.705 377.699 349.403 982.535 327.514 216.522 207.596
threshold=12.640500000000001 0.15000000000000005 0.25000000000000006 71.424500000000009 28.488500000000005 0.25000000000000006 78.163500000000013 78.163500000000013 0.15000000000000005 0.15000000000000005 164842.97150000001 164842.97150000001 164842.97150000001 0.25000000000000006 43.144500000000008 43.144500000000008 71.970000000000013 684755.53550000011 105.34800000000001 0.15000000000000005 81.107000000000014 137286.37700000001 90.431000000000012 137286.37700000001 1048200.1775000001 107.29100000000001 0.15000000000000005 84.478000000000009 1182183.7235000001 573241.87500000012
decision_type=2 2 2 2 2 2 2 2 2 2 2 2 2 2 2 2 2 2 2 2 2 2 2 2 2 2 2 2 2 2
left_child=1 -1 -3 -2 5 7 -7 8 -5 11 -11 -9 -8 15 -15 -6 17 29 19 22 -21 -22 -17 -24 -18 26 -20 -23 -25 -16
right_child=3 2 -4 4 13 6 12 9 -10 10 -12 -13 -14 14 16 18 24 -19 25 20 21 27 23 28 -26 -27 -28 -29 -30 -31
leaf_value=0.39805483818054199 -0.0069073967385554205 -0.54791994094848628 -0.061403065919876092 0.059819275140762324 -0.095267921686172485 0.65587368011474612 -0.40783572196960444 -0.67096014022827144 -0.87763853073120102 0.87721290588378897 -0.26823298931121825 0.0083516374230384813 0.11460301876068113 0.22800766229629518 0.012885780930519104 0.18522216081619264 -0.25898189147313438 0.31605570316314702 0.12647302001714708 -0.061010541518529263 0.8069305419921875 0.39497271776199344 -0.42302293777465821 -0.099545487761497506 -0.0029100641608238221 0.074412446469068527 -0.32595906257629398 0.1337599903345108 0.16057584285736085 -0.21492750644683839
leaf_weight=11.999999999999998 1080 12 12 12 48 11.999999999999998 12 12 12 12 12 12 12 24 60 36 36 11.999999999999998 24 24 11.999999999999998 24 11.999999999999998 24 24 72 24 24 11.999999999999998 11.999999999999998
leaf_count=12 1080 12 12 12 48 12 12 12 12 12 12 12 12 24 60 36 36 12 24 24 12 24 12 24 24 72 24 24 12 12
internal_value=5.36481e-10 -0.0704227 -0.304662 0.00149836 0.016332 -0.0565341 0.12088 -0.145241 -0.40891 -0.0134071 0.30449 -0.331304 -0.146616 0.0319462 -0.0115138 0.0536762 -0.0514341 0.023651 0.0785002 0.131179 0.248911 0.372879 0.0134469 -0.115385 -0.156553 0.00475026 -0.099743 0.264366 -0.0128384 -0.0250831
internal_weight=1728 36 24 1692 612 108 36 72 24 48 24 24 24 504 168 336 144 84 288 168 84 60 84 48 60 120 48 48 36 72
internal_count=1728 36 24 1692 612 108 36 72 24 48 24 24 24 504 168 336 144 84 288 168 84 60 84 48 60 120 48 48 36 72
is_linear=0
shrinkage=0.05


Tree=258
num_leaves=31
num_cat=0
split_feature=0 6 6 0 3 6 6 3 3 6 0 2 0 0 4 6 0 6 6 6 6 6 2 2 6 0 6 4 4 4
split_gain=69.3104 294.621 145.184 81.8581 70.0608 1426.12 512.689 120.138 153.941 199.425 2029.8 1147.61 1008.87 339.545 318.1 200.444 145.217 1106.6 419.585 332.496 420.235 140.98 1549.19 1185.31 135.351 134.144 122.023 437.733 1139.29 369.524
threshold=3923.9490000000001 0.25000000000000006 0.15000000000000005 3304.2185000000004 18.680500000000006 0.15000000000000005 0.25000000000000006 27.516500000000004 31.992000000000001 0.15000000000000005 63082.982000000011 47.44700000000001 19740.918500000003 80810.85000000002 149.54050000000004 0.25000000000000006 68725.196500000005 0.15000000000000005 0.25000000000000006 0.15000000000000005 0.25000000000000006 0.25000000000000006 31.426500000000004 31.426500000000004 0.25000000000000006 80810.85000000002 0.25000000000000006 140.45600000000005 133.21950000000004 140.45600000000005
decision_type=2 2 2 2 2 2 2 2 2 2 2 2 2 2 2 2 2 2 2 2 2 2 2 2 2 2 2 2 2 2
left_child=1 2 3 -1 5 -2 -7 16 9 10 11 -9 15 -12 21 -11 19 -18 -19 -6 -21 22 -14 -23 -16 -24 29 28 -28 -10
right_child=4 -3 -4 -5 7 6 -8 8 26 12 13 -13 14 -15 24 -17 17 18 -20 20 -22 23 25 -25 -26 -27 27 -29 -30 -31
leaf_value=0.028878009319305415 0.37815210819244388 -0.19106214046478273 0.11045225858688355 -0.15580428838729857 0.16552480459213259 -0.52052392959594718 -0.058332914113998408 0.46808128356933598 0.024258048594707537 -0.5150824069976806 -0.13709975481033324 -0.13077538013458254 0.4382973670959473 -0.5132340431213378 -0.28452661037445065 -0.22608690261840816 -0.25547764301300052 0.54164342880249017 0.12352005243301389 -0.21034933328628541 0.085537406802177432 -0.29137141704559327 -0.37569885253906249 0.31724029779434204 -0.047047990560531612 -0.1392815589904785 -0.0071495245276677489 0.19212854113429786 -0.36192984580993653 -0.11838070849577587
leaf_weight=12 11.999999999999998 24 24 12 24 12 12 24 840 12 12 11.999999999999998 11.999999999999998 12 12 12 11.999999999999998 12 12 24 24 11.999999999999998 12 24 12 12 396 24 24 48
leaf_count=12 12 24 24 12 24 12 12 24 840 12 12 12 12 12 12 12 12 12 12 24 24 12 12 24 12 12 396 24 24 48
internal_value=5.3896e-10 -0.0480243 0.0234946 -0.0634631 0.00208802 -0.0669016 -0.289428 0.00362112 -1.79424e-05 -0.0434176 0.0310107 0.268462 -0.0806318 -0.325167 -0.00814356 -0.370585 0.054568 0.136562 0.332582 0.013571 -0.062406 0.0444044 -0.025561 0.11437 -0.165787 -0.25749 0.00584688 -0.0155551 -0.0274227 0.0165478
internal_weight=1728 72 48 24 1656 36 24 1620 1512 180 60 36 120 24 96 24 108 36 24 72 48 72 36 36 24 24 1332 444 420 888
internal_count=1728 72 48 24 1656 36 24 1620 1512 180 60 36 120 24 96 24 108 36 24 72 48 72 36 36 24 24 1332 444 420 888
is_linear=0
shrinkage=0.05


Tree=259
num_leaves=31
num_cat=0
split_feature=0 6 6 0 4 6 2 2 6 6 6 4 4 4 1 4 0 4 1 6 1 6 0 0 6 4 0 4 2 0
split_gain=62.5527 265.896 131.028 73.877 65.3554 1902.75 1390.46 980.988 503.364 368.194 212.001 3363.45 2061.96 2003.25 1439.32 1334.32 1581.32 1495.87 803.992 1553.22 1324.63 4237.67 1397.31 825.334 5113.7 1105.07 991.573 799.761 847.354 672.98
threshold=3923.9490000000001 0.25000000000000006 0.15000000000000005 3304.2185000000004 14.624000000000001 0.15000000000000005 53.76550000000001 53.76550000000001 0.25000000000000006 0.25000000000000006 0.15000000000000005 16.995000000000005 37.504500000000007 15.803000000000003 2158.8095000000008 33.389500000000005 41777.992500000008 19.046500000000005 8058.1010000000015 0.25000000000000006 10484.007500000002 0.25000000000000006 38531.177500000013 68725.196500000005 0.25000000000000006 37.504500000000007 74959.462500000009 137.47000000000003 7.3575000000000008 19740.918500000003
decision_type=2 2 2 2 2 2 2 2 2 2 2 2 2 2 2 2 2 2 2 2 2 2 2 2 2 2 2 2 2 2
left_child=1 2 3 -1 5 6 -2 9 -9 -7 11 -6 15 -12 -15 16 17 -13 19 -16 21 22 -20 24 -22 -26 -25 28 -14 -30
right_child=4 -3 -4 -5 10 7 -8 8 -10 -11 13 12 27 14 18 -17 -18 -19 20 -21 23 -23 -24 26 25 -27 -28 -29 29 -31
leaf_value=0.027434107661247251 0.18224326372146607 -0.1815090298652649 0.10492964386940003 -0.14801408052444456 0.60350991884867355 0.12282394170761107 -0.47693724632263185 0.48040860891342163 0.156575945019722 -0.26885747909545893 -0.46518721977869676 0.15547670125961305 0.43029117584228516 0.37959448695182801 -0.26394328474998474 -0.70374803543090825 0.11039727404713631 -0.48913158575693771 0.72856328487396249 0.040118108237428327 -0.52194171547889712 -0.12541957845290502 0.26130603452523554 0.31595266461372379 0.62343750000000009 0.069394876559575408 -0.012345539276366649 0.21588169972101851 0.25719727873802184 -0.017957709431648258
leaf_weight=12 11.999999999999998 24 24 12 24 12 24 24 24 12 24 11.999999999999998 11.999999999999998 24 84 11.999999999999998 36 36 24 84 48 72 48 24 11.999999999999998 36 552 60 24 300
leaf_count=12 12 24 24 12 24 12 24 24 24 12 24 12 12 24 84 12 36 36 24 84 48 72 48 24 12 36 552 60 24 300
internal_value=-8.75271e-11 -0.0456231 0.0223198 -0.06029 0.00198361 0.0395894 -0.25721 0.187989 0.318492 -0.0730168 -0.000640043 0.0255278 -0.00266641 -0.013724 -0.00297486 -0.210559 -0.140104 -0.32798 -0.0123058 -0.111913 0.00820146 0.145819 0.417058 -0.0212881 -0.157018 0.207906 0.00133355 0.0477319 0.0177051 0.00242414
internal_weight=1728 72 48 24 1656 108 36 72 48 24 1548 516 492 1032 1008 96 84 48 984 168 816 144 72 672 96 48 576 396 336 324
internal_count=1728 72 48 24 1656 108 36 72 48 24 1548 516 492 1032 1008 96 84 48 984 168 816 144 72 672 96 48 576 396 336 324
is_linear=0
shrinkage=0.05


Tree=260
num_leaves=31
num_cat=0
split_feature=0 6 4 1 1 1 1 1 0 0 6 0 2 6 0 0 0 6 6 6 1 6 0 1 2 2 6 1 2 3
split_gain=59.1989 324.945 1535.51 2457.15 1363.74 1063.42 1137.13 952.878 873.504 781.481 724.11 985.135 666.095 592.889 517.605 450.693 270.823 214.003 210.126 192.149 186.143 540.314 2055.79 1188.62 1030.22 852.532 1155.56 741.927 527.626 467.394
threshold=22666.579000000002 0.15000000000000005 10.340000000000002 5600.7615000000014 2158.8095000000008 2158.8095000000008 7848.9580000000014 5600.7615000000014 4747.4170000000004 4747.4170000000004 0.25000000000000006 7391.9660000000013 43.663000000000004 0.25000000000000006 19740.918500000003 18495.691000000003 16052.3765 0.25000000000000006 0.25000000000000006 0.25000000000000006 10129.240500000002 0.15000000000000005 44158.321000000004 7047.768500000001 53.76550000000001 74.129500000000021 0.25000000000000006 9241.5975000000017 31.205000000000002 72.187000000000026
decision_type=2 2 2 2 2 2 2 2 2 2 2 2 2 2 2 2 2 2 2 2 2 2 2 2 2 2 2 2 2 2
left_child=1 2 16 4 8 9 7 10 -4 19 11 -7 -12 -11 15 -6 -1 -9 -8 -3 21 22 23 -2 -23 26 -26 -28 -25 -30
right_child=20 5 3 -5 14 6 18 17 -10 13 12 -13 -14 -15 -16 -17 -18 -19 -20 -21 -22 24 -24 28 25 -27 27 -29 29 -31
leaf_value=-0.14061337709426877 -0.42964639663696291 0.098595464229583735 0.026062402129173275 0.80783427556355802 0.090592107176780706 0.047802823409438137 0.36563050746917725 -0.59123272895812984 -0.57722864151000974 0.60912899971008294 -0.097046986874192956 -0.34453285932540895 0.22556324601173403 0.11210056543350218 -0.12333872318267823 0.39701402187347412 -0.47653436660766596 -0.29262300332387287 0.069737476110458371 -0.18435662984848022 -0.0047768577133063921 -0.060633098085721343 -0.66856060028076181 0.41050701141357426 0.48772819042205812 0.015381378432114921 0.24761345386505129 -0.23389692306518556 -0.066626036167144784 0.21823324561119081
leaf_weight=12 11.999999999999998 12 12 11.999999999999998 24 24 12 12 12 12 48 48 24 12 11.999999999999998 24 12 12 12 12 1080 72 11.999999999999998 11.999999999999998 36 48 24 11.999999999999998 36 24
leaf_count=12 12 12 12 12 24 24 12 12 12 12 48 48 24 12 12 24 12 12 12 12 1080 72 12 12 36 48 24 12 36 24
internal_value=-5.80352e-10 -0.0180404 0.0491394 0.138568 0.0429582 -0.0516303 -0.104255 -0.150246 -0.275583 0.158867 -0.101632 -0.213754 0.0104898 0.360615 0.170375 0.243803 -0.308574 -0.441928 0.217684 -0.0428806 0.00474748 0.0404637 -0.056389 0.0310641 0.0888901 0.178604 0.287419 0.08711 0.107849 0.0473177
internal_weight=1728 360 120 96 84 240 192 168 24 48 144 72 72 24 60 48 24 24 24 24 1368 288 96 84 192 120 72 36 72 60
internal_count=1728 360 120 96 84 240 192 168 24 48 144 72 72 24 60 48 24 24 24 24 1368 288 96 84 192 120 72 36 72 60
is_linear=0
shrinkage=0.05


Tree=261
num_leaves=31
num_cat=0
split_feature=1 1 6 0 0 0 6 0 0 0 6 6 0 0 6 6 6 4 0 1 0 0 6 6 4 0 6 0 6 0
split_gain=56.1617 250.772 830.025 2253.76 1392.96 519.081 304.812 1100.55 691.493 269.354 604.294 571.948 212.65 206.315 939.909 378.676 177.582 916.539 1343.83 865.626 625.626 643.329 2477.99 330.18 293.483 452.845 2042.92 567.221 360.332 281.98
threshold=14745.336000000001 12485.131000000003 0.25000000000000006 90630.424000000014 90630.424000000014 93897.382000000027 0.15000000000000005 80810.85000000002 80810.85000000002 93897.382000000027 0.15000000000000005 0.15000000000000005 80810.85000000002 68725.196500000005 0.15000000000000005 0.25000000000000006 0.15000000000000005 52.267500000000005 208019.18150000004 19012.117000000002 87041.996000000028 100590.71350000003 0.25000000000000006 0.25000000000000006 122.55800000000001 208019.18150000004 0.25000000000000006 153655.73400000003 0.25000000000000006 145818.27200000003
decision_type=2 2 2 2 2 2 2 2 2 2 2 2 2 2 2 2 2 2 2 2 2 2 2 2 2 2 2 2 2 2
left_child=1 13 4 12 6 -5 8 -8 -3 10 -6 -11 -4 -1 -15 -16 17 19 -19 -2 23 22 -22 -18 29 26 -26 -28 -27 -23
right_child=16 2 3 5 9 -7 7 -9 -10 11 -12 -13 -14 14 15 -17 20 18 -20 -21 21 24 -24 -25 25 28 27 -29 -30 -31
leaf_value=-0.0025315697921287038 -0.35605405569076543 0.050334388017654413 0.59250445365905757 -0.47408523559570304 0.40620756149291987 -0.009021885693073271 -0.80863351821899399 -0.13146135807037351 -0.48643560409545894 -0.32565793196360265 -0.095578205585479734 0.16251373291015625 0.29483990669250487 -0.24156703948974612 0.49900245666503901 0.10178526639938353 -0.44116754531860347 0.32874979376792912 0.019812240383841776 0.031608637298146884 0.76622724533081055 0.12643120735883714 -0.24989168643951412 -0.070256352424621568 -0.51968319416046149 0.16069343090057375 0.37577836513519286 -0.11037182807922362 -0.11329421326518059 -0.0044664726903041211
leaf_weight=828 24 12 12 12 12 12 12 12 12 12 12 12 12 11.999999999999998 12 12 12 48 132 36 12 48 12 12 24 24 12 12 24 288
leaf_count=828 24 12 12 12 12 12 12 12 12 12 12 12 12 12 12 12 12 48 132 36 12 48 12 12 24 24 12 12 24 288
internal_value=1.47891e-10 -0.00761823 -0.0687061 0.101059 -0.153589 -0.241554 -0.344049 -0.470047 -0.218051 0.0368713 0.155315 -0.0815721 0.443672 0.00256309 0.11974 0.300394 0.0106655 0.0457826 0.102196 -0.123456 -0.00689301 0.00620273 0.258168 -0.255712 -0.00779533 -0.0848952 -0.19349 0.132703 0.0236996 0.0142332
internal_weight=1728 1008 144 48 96 24 48 24 24 48 24 24 24 864 36 24 720 240 180 60 480 456 24 24 432 96 48 24 48 336
internal_count=1728 1008 144 48 96 24 48 24 24 48 24 24 24 864 36 24 720 240 180 60 480 456 24 24 432 96 48 24 48 336
is_linear=0
shrinkage=0.05


Tree=262
num_leaves=31
num_cat=0
split_feature=6 2 2 2 3 3 4 0 2 4 0 0 0 0 0 3 3 3 2 3 2 6 3 3 6 2 6 6 0 0
split_gain=58.2671 362.969 287.393 373.32 435.951 1497.19 777.05 586.567 332.434 389.846 331.085 638.052 481.201 468.471 382.313 276.97 562.697 325.983 490.499 411.514 271.218 635.762 364.302 1201.46 1598.13 566.921 2140.6 2058.49 2120.73 1319.56
threshold=0.25000000000000006 127.01650000000002 127.01650000000002 113.36550000000001 78.015500000000017 76.597500000000011 42.097000000000008 303117.76850000006 107.75750000000001 101.94350000000001 121294.55000000002 100590.71350000003 90630.424000000014 93897.382000000027 80810.85000000002 65.925000000000011 57.764500000000005 30.154500000000002 43.663000000000004 27.516500000000004 113.36550000000001 0.15000000000000005 78.015500000000017 76.597500000000011 0.15000000000000005 17.543500000000005 0.15000000000000005 0.15000000000000005 137286.37700000001 33295.90400000001
decision_type=2 2 2 2 2 2 2 2 2 2 2 2 2 2 2 2 2 2 2 2 2 2 2 2 2 2 2 2 2 2
left_child=1 20 3 4 5 7 -6 10 9 -8 11 12 14 -14 15 16 17 19 -19 -2 22 -22 23 -1 -25 26 -24 -27 29 -29
right_child=2 -3 -4 -5 6 -7 8 -9 -10 -11 -12 -13 13 -15 -16 -17 -18 18 -20 -21 21 -23 25 24 -26 27 -28 28 -30 -31
leaf_value=-0.00037572205323597486 0.0039863097667694096 0.14109149500727655 -0.18236411064863206 0.15005336403846742 -0.29003450870513919 0.56287922859191897 0.11719332635402679 0.33833084106445316 -0.19161723256111146 -0.08432328123599292 -0.1607078830401103 0.35698943138122563 -0.45038099288940425 -0.0085707917809486386 0.28009791374206544 0.11963457862536114 -0.21061767207251655 -0.01867677327245474 0.21477533976236979 -0.2409879803657532 0.055391978410383069 -0.24176173607508342 0.22815048694610596 0.047817668318748473 -0.76820187568664544 -0.058564825762401934 -0.43965139389038088 0.11984097957611084 0.097944527864456177 0.76199622154235847
leaf_weight=696 60 48 24 36 36 11.999999999999998 48 11.999999999999998 24 48 36 11.999999999999998 12 12 11.999999999999998 36 36 60 36 24 36 36 24 12 12 132 24 11.999999999999998 96 24
leaf_count=696 60 48 24 36 36 12 48 12 24 48 36 12 12 12 12 36 36 60 36 24 36 36 24 12 12 132 24 12 96 24
internal_value=-8.98554e-10 0.00649224 -0.0129845 -0.00562016 -0.0164811 0.0137723 -0.0862968 -0.00516237 -0.0251754 0.016435 -0.01743 -0.000236639 -0.0151211 -0.229476 0.00436574 -0.00876436 -0.0301642 0.00592652 0.0688678 -0.0660063 0.000640102 -0.0931849 0.00718603 -0.0123696 -0.360192 0.0523144 -0.10575 0.0810535 0.220672 0.547944
internal_weight=1728 1152 576 552 516 360 156 348 120 96 336 300 288 24 264 252 216 180 96 84 1104 72 1032 720 24 312 48 264 132 36
internal_count=1728 1152 576 552 516 360 156 348 120 96 336 300 288 24 264 252 216 180 96 84 1104 72 1032 720 24 312 48 264 132 36
is_linear=0
shrinkage=0.05


Tree=263
num_leaves=31
num_cat=0
split_feature=0 6 4 1 1 1 1 6 0 0 0 0 6 0 0 1 0 6 1 6 0 1 2 2 6 1 0 0 0 6
split_gain=52.8405 293.732 1385.79 2217.58 1230.77 962.145 1007.15 840.425 1298.14 788.337 707.373 556.944 533.011 467.139 406.751 326.161 244.418 197.822 174 488.347 1857.68 1074.77 892.813 772.472 1054.34 615.426 491.311 564.858 213.255 524.298
threshold=22666.579000000002 0.15000000000000005 10.340000000000002 5600.7615000000014 2158.8095000000008 2158.8095000000008 7848.9580000000014 0.25000000000000006 12036.576500000001 4747.4170000000004 4747.4170000000004 19740.918500000003 0.25000000000000006 19740.918500000003 18495.691000000003 4540.7175000000016 16052.3765 0.25000000000000006 10129.240500000002 0.15000000000000005 44158.321000000004 7047.768500000001 53.76550000000001 74.129500000000021 0.25000000000000006 9241.5975000000017 37306.64650000001 41777.992500000008 55159.639500000012 0.25000000000000006
decision_type=2 2 2 2 2 2 2 2 2 2 2 2 2 2 2 2 2 2 2 2 2 2 2 2 2 2 2 2 2 2
left_child=1 2 16 4 9 10 7 8 -7 -4 -3 15 -12 14 -6 -9 -1 -8 19 20 21 -2 -21 24 -24 -26 -23 -28 29 -20
right_child=18 5 3 -5 13 6 17 11 -10 -11 12 -13 -14 -15 -16 -17 -18 -19 28 22 -22 26 23 -25 25 -27 27 -29 -30 -31
leaf_value=-0.13343733549118039 -0.40801873207092287 -0.040700241923332214 0.024904647469520567 0.76758793195088704 0.086207865178585058 -0.027184695253769559 0.34749433994293211 -0.0077979880617931492 -0.42437472939491272 -0.54822182655334462 0.57881789207458489 0.28487653732299806 0.10755594968795774 -0.11702642440795899 0.37730869054794314 -0.23354725042978922 -0.45256228446960445 0.060395449399948113 -0.12883106097579003 -0.054139532148838043 -0.63498721122741708 0.23369867801666261 0.46348713239034017 0.013203020145495735 0.22699912786483767 -0.21154460906982422 -0.16757143139839173 0.25256907939910889 0.003991508050861522 0.073556661605834961
leaf_weight=12 11.999999999999998 24 12 11.999999999999998 24 36 12 48 48 12 12 11.999999999999998 12 11.999999999999998 24 24 12 12 96 72 11.999999999999998 36 36 48 24 11.999999999999998 24 11.999999999999998 936 48
leaf_count=12 12 24 12 12 24 36 12 48 48 12 12 12 12 12 24 24 12 12 96 72 12 36 36 48 24 12 24 12 936 48
internal_value=5.10718e-10 -0.0170441 0.0468278 0.131785 0.0409556 -0.04898 -0.0990358 -0.142319 -0.25415 -0.261659 0.151243 -0.0304871 0.343187 0.162001 0.231758 -0.0830477 -0.293 0.203945 0.00448528 0.0390169 -0.0530605 0.0300719 0.0850556 0.168573 0.272153 0.0808179 0.103087 -0.0275246 -0.00472316 -0.0613685
internal_weight=1728 360 120 96 84 240 192 168 84 24 48 84 24 60 48 72 24 24 1368 288 96 84 192 120 72 36 72 36 1080 144
internal_count=1728 360 120 96 84 240 192 168 84 24 48 84 24 60 48 72 24 24 1368 288 96 84 192 120 72 36 72 36 1080 144
is_linear=0
shrinkage=0.05


Tree=264
num_leaves=31
num_cat=0
split_feature=6 2 4 4 4 4 4 1 1 0 2 2 2 3 2 2 6 3 3 6 6 2 0 4 0 4 0 0 2 1
split_gain=56.3667 325.444 269.792 321.226 374.382 671.339 398.475 354.553 696.617 325.256 506.299 1091.98 631.062 412.199 757.026 247.173 573.776 332.255 1043.54 1442.31 510.93 3171.6 1946.55 1301.02 1337.54 821.548 773.957 620.591 531.475 449.648
threshold=0.25000000000000006 127.01650000000002 13.022000000000002 56.118500000000004 140.45600000000005 137.47000000000003 143.54950000000002 10484.007500000002 14745.336000000001 684755.53550000011 78.163500000000013 76.349000000000018 99.851500000000016 57.764500000000005 67.669000000000025 113.36550000000001 0.15000000000000005 78.015500000000017 76.597500000000011 0.15000000000000005 0.15000000000000005 17.543500000000005 208019.18150000004 42.097000000000008 33295.90400000001 95.752500000000012 33295.90400000001 137286.37700000001 11.119000000000002 15904.846000000003
decision_type=2 2 2 2 2 2 2 2 2 2 2 2 2 2 2 2 2 2 2 2 2 2 2 2 2 2 2 2 2 2
left_child=1 15 -2 9 5 7 -6 -5 -9 10 11 13 -12 -4 -15 17 -17 18 29 -20 23 -22 26 24 -19 -24 -23 -28 -25 -1
right_child=2 -3 3 4 6 -7 -8 8 -10 -11 12 -13 -14 14 -16 16 -18 20 19 -21 21 22 25 28 -26 -27 27 -29 -30 -31
leaf_value=0.01567071281373501 -0.12626409381628037 0.13383734002709388 0.11133375281601079 -0.18835792541503907 0.33894038200378418 -0.42806153297424321 0.0062432718773682916 0.18089077075322468 -0.063117227789301136 0.29398760795593265 -0.29636056423187257 0.53105745315551756 0.034636972347895305 -0.21382927762137519 0.1104275832573573 0.052422805254658068 -0.22987322807312013 0.1535893201828003 0.051868337392806996 -0.72335023880004878 -0.4145478487014771 0.11655590534210206 -0.11539428234100342 0.38097085952758791 -0.49292491674423222 0.20058185458183289 0.72701742649078371 0.28663723468780516 0.030219507879681057 -0.10087593644857407
leaf_weight=600 48 48 84 36 11.999999999999998 11.999999999999998 36 36 156 11.999999999999998 24 11.999999999999998 36 36 36 36 36 11.999999999999998 12 12 24 11.999999999999998 36 11.999999999999998 24 48 24 11.999999999999998 108 96
leaf_count=600 48 48 84 36 12 12 36 36 156 12 24 12 36 36 36 36 36 12 12 12 24 12 36 12 24 48 24 12 108 96
internal_value=1.65676e-10 0.00638549 -0.012771 -0.00245343 -0.0380549 -0.0635493 0.0894175 -0.0443645 -0.0173657 0.0402683 0.0269147 0.071442 -0.097762 0.036087 -0.0517008 0.000844106 -0.0887252 0.00709313 -0.0115826 -0.335741 0.0501909 0.114175 0.210307 -0.0137934 -0.27742 0.0651635 0.464307 0.580224 0.0652946 -0.000404687
internal_weight=1728 1152 576 528 288 240 48 228 192 240 228 168 60 156 72 1104 72 1032 720 24 312 156 132 156 36 84 48 36 120 696
internal_count=1728 1152 576 528 288 240 48 228 192 240 228 168 60 156 72 1104 72 1032 720 24 312 156 132 156 36 84 48 36 120 696
is_linear=0
shrinkage=0.05


Tree=265
num_leaves=31
num_cat=0
split_feature=6 2 2 2 3 3 4 0 2 4 0 0 0 0 0 0 4 4 1 0 6 0 2 6 3 2 6 1 6 2
split_gain=50.8709 293.714 250.572 315.812 366.765 1201.98 638.324 537.564 289.027 325.477 276.766 519.965 393.07 380.178 322.28 235.606 255.039 338.541 268.067 407.999 228.573 390.561 223.073 517.832 299.86 947.811 2286.13 515.382 461.114 2862.37
threshold=0.25000000000000006 127.01650000000002 127.01650000000002 113.36550000000001 78.015500000000017 76.597500000000011 42.097000000000008 303117.76850000006 107.75750000000001 101.94350000000001 121294.55000000002 100590.71350000003 90630.424000000014 93897.382000000027 80810.85000000002 3923.9490000000001 56.118500000000004 135.84850000000003 9241.5975000000017 19740.918500000003 0.15000000000000005 1182183.7235000001 113.36550000000001 0.15000000000000005 78.015500000000017 76.349000000000018 0.15000000000000005 12794.753500000003 0.15000000000000005 17.543500000000005
decision_type=2 2 2 2 2 2 2 2 2 2 2 2 2 2 2 2 2 2 2 2 2 2 2 2 2 2 2 2 2 2
left_child=1 22 3 4 5 7 -6 10 9 -8 11 12 14 -14 15 -2 18 -18 19 -17 -3 -22 24 -24 25 -1 27 -27 -26 -30
right_child=2 20 -4 -5 6 -7 8 -9 -10 -11 -12 -13 13 -15 -16 16 17 -19 -20 -21 21 -23 23 -25 28 26 -28 -29 29 -31
leaf_value=0.0081190123832152218 -0.15737898349761964 0.018036133050918581 -0.17028961777687074 0.13792599936326344 -0.26393984158833822 0.5045045852661133 0.10697904527187348 0.32437057495117189 -0.17908008694648744 -0.07715082932263613 -0.14720433751742046 0.32199337482452395 -0.40665845870971673 -0.0086539909243583662 0.25684890747070316 0.0038683738352523912 -0.17894001801808676 0.03789996206760407 -0.076419406135876985 0.19206136614084246 0.43795628547668453 0.034553316235542295 0.049801665420333548 -0.21837956110636392 -0.013103722609006441 0.36618459224700928 -0.46484940846761069 -0.035134506225585942 -0.39382045269012456 0.19979126507585698
leaf_weight=648 24 24 24 36 36 11.999999999999998 48 11.999999999999998 24 48 36 11.999999999999998 12 12 11.999999999999998 72 36 36 36 48 12 12 36 36 156 11.999999999999998 36 24 24 132
leaf_count=648 24 24 24 36 36 12 48 12 24 48 36 12 12 12 12 72 36 36 36 48 12 12 36 36 156 12 36 24 24 132
internal_value=5.74316e-10 0.00606622 -0.0121324 -0.00525603 -0.0152455 0.0125037 -0.0792821 -0.00446184 -0.0238847 0.0149141 -0.0162059 -0.000486033 -0.0139227 -0.207656 0.00368947 -0.00836575 0.00731986 -0.07052 0.043246 0.0791456 0.127145 0.236255 0.000801902 -0.0842889 0.00673847 -0.0110034 -0.183105 0.0986385 0.0476813 0.108466
internal_weight=1728 1152 576 552 516 360 156 348 120 96 336 300 288 24 264 252 228 72 156 120 48 24 1104 72 1032 720 72 36 312 156
internal_count=1728 1152 576 552 516 360 156 348 120 96 336 300 288 24 264 252 228 72 156 120 48 24 1104 72 1032 720 72 36 312 156
is_linear=0
shrinkage=0.05


Tree=266
num_leaves=31
num_cat=0
split_feature=0 6 4 1 1 1 1 6 0 0 0 6 0 0 0 1 0 6 6 0 1 6 0 1 2 2 6 1 2 3
split_gain=47.4244 254.417 1250.68 2001.36 1110.77 876.102 921.723 777.904 1171.57 711.475 603.972 490.914 448.22 421.593 367.092 254.098 220.587 169.093 154.413 152.395 142.928 444.762 1672.13 966.099 755.01 706.181 972.971 479.154 456.377 375.444
threshold=22666.579000000002 0.15000000000000005 10.340000000000002 5600.7615000000014 2158.8095000000008 2158.8095000000008 7848.9580000000014 0.25000000000000006 12036.576500000001 4747.4170000000004 4747.4170000000004 0.25000000000000006 19740.918500000003 19740.918500000003 18495.691000000003 4540.7175000000016 16052.3765 0.25000000000000006 0.25000000000000006 7391.9660000000013 10129.240500000002 0.15000000000000005 44158.321000000004 7047.768500000001 53.76550000000001 74.129500000000021 0.25000000000000006 9241.5975000000017 31.205000000000002 72.187000000000026
decision_type=2 2 2 2 2 2 2 2 2 2 2 2 2 2 2 2 2 2 2 2 2 2 2 2 2 2 2 2 2 2
left_child=1 2 16 4 9 10 7 8 19 -4 18 -12 15 14 -6 -9 -1 -8 -3 -7 21 22 23 -2 -23 26 -26 -28 -25 -30
right_child=20 5 3 -5 13 6 17 12 -10 -11 11 -13 -14 -15 -16 -17 -18 -19 -20 -21 -22 24 -24 28 25 -27 27 -29 29 -31
leaf_value=-0.12795495986938474 -0.38880724906921388 0.094656580686569208 0.022469928860664366 0.72801903088887532 0.080707986652851116 0.04572779200971127 0.32893013954162598 -0.0081826264038681994 -0.40434547066688542 -0.52200021743774405 0.54868750572204583 0.09641804695129394 0.25546295642852784 -0.11236459016799927 0.35725376605987552 -0.20743841379880906 -0.43112363815307608 0.063495463132858268 -0.15899436473846434 -0.17250041961669924 -0.0040966518209488304 -0.048520625134309131 -0.60442733764648438 0.37725260257720949 0.43912330468495686 0.0077305834740400321 0.20050206184387209 -0.18645495176315308 -0.062648117542266846 0.19265809655189514
leaf_weight=12 11.999999999999998 12 12 11.999999999999998 24 24 12 48 48 12 12 12 11.999999999999998 11.999999999999998 24 24 12 12 12 11.999999999999998 1080 72 11.999999999999998 11.999999999999998 36 48 24 11.999999999999998 36 24
leaf_count=12 12 12 12 12 24 24 12 48 48 12 12 12 12 12 24 24 12 12 12 12 1080 72 12 12 36 48 24 12 36 24
internal_value=1.37025e-09 -0.016147 0.0432969 0.124006 0.0377184 -0.0458689 -0.0936341 -0.135041 -0.242632 -0.249765 0.145192 0.322553 -0.0274492 0.152712 0.218981 -0.0746012 -0.279539 0.196213 -0.0321689 -0.0270149 0.0042492 0.0355461 -0.0523263 0.0265453 0.0794824 0.156284 0.25532 0.0715164 0.0957707 0.0394744
internal_weight=1728 360 120 96 84 240 192 168 84 24 48 24 84 60 48 72 24 24 24 36 1368 288 96 84 192 120 72 36 72 60
internal_count=1728 360 120 96 84 240 192 168 84 24 48 24 84 60 48 72 24 24 24 36 1368 288 96 84 192 120 72 36 72 60
is_linear=0
shrinkage=0.05


Tree=267
num_leaves=31
num_cat=0
split_feature=3 1 0 6 4 2 6 4 0 2 1 6 4 2 1 1 1 2 0 0 3 6 3 3 2 2 0 6 2 0
split_gain=45.6224 75.4017 148.152 789.816 1069.21 1452.1 791.905 1176.66 1103.83 527.694 334.22 314.031 1167.22 1764.86 1045.14 781.963 796.556 735.456 642.106 545.085 478.944 443.05 371.178 298.294 279.024 221.338 199.08 196.987 179.773 176.068
threshold=89.988000000000014 10279.872000000001 27705.340000000004 0.15000000000000005 149.54050000000004 74.129500000000021 0.25000000000000006 28.488500000000005 38531.177500000013 67.669000000000025 9241.5975000000017 0.15000000000000005 8.3360000000000021 57.764500000000005 2158.8095000000008 2158.8095000000008 7848.9580000000014 57.764500000000005 4747.4170000000004 4747.4170000000004 30.154500000000002 0.25000000000000006 30.154500000000002 36.979000000000006 53.76550000000001 74.89200000000001 16052.3765 0.25000000000000006 74.89200000000001 37306.64650000001
decision_type=2 2 2 2 2 2 2 2 2 2 2 2 2 2 2 2 2 2 2 2 2 2 2 2 2 2 2 2 2 2
left_child=1 2 11 4 5 9 7 -5 -9 29 24 12 26 14 18 19 17 20 -14 -13 -17 -21 -16 -24 -8 -10 -1 -19 -12 -4
right_child=-2 -3 3 6 -6 -7 10 8 25 -11 28 15 13 -15 22 16 -18 27 -20 21 -22 -23 23 -25 -26 -27 -28 -29 -30 -31
leaf_value=-0.12155721187591551 0.014071745327156451 -0.017440587433140264 -0.36936690807342532 0.49729139804840089 0.35838997364044189 0.18253549933433533 -0.068783509731292727 -0.18383278250694277 0.29345487753550209 -0.57420597076416013 -0.20843955278396609 -0.030560445785522462 0.021346431970596311 0.69161809285481768 0.3975705146789551 -0.28892926573753358 0.18640216886997224 -0.52127919197082517 -0.49590020179748528 0.52125315666198724 -0.047672052960842849 0.091597139835357666 -0.043592259287834167 0.18397570451100667 0.15131117701530458 0.045497862994670873 -0.40956749916076651 -0.23478704392909999 0.028581735491752625 -0.14821559588114422
leaf_weight=12 432 612 11.999999999999998 24 11.999999999999998 24 24 24 36 11.999999999999998 24 24 12 11.999999999999998 11.999999999999998 24 24 12 12 12 144 12 24 36 36 11.999999999999998 12 12 11.999999999999998 36
leaf_count=12 432 612 12 24 12 24 24 24 36 12 24 24 12 12 12 24 24 12 12 12 144 12 24 36 36 12 12 12 12 36
internal_value=7.50663e-10 -0.00469058 0.00671732 0.0340038 -0.0830948 -0.146164 0.0925531 0.194097 0.0930328 -0.277644 -0.00899136 -0.0131274 0.0498412 0.119931 0.0484699 -0.0446116 -0.0851769 -0.119124 -0.237277 0.137932 -0.0821374 0.306425 0.143719 0.0929485 0.0632733 0.231466 -0.265562 -0.378033 -0.129432 -0.203503
internal_weight=1728 1296 684 288 96 84 192 96 72 60 96 396 132 108 96 264 216 192 24 48 168 24 72 60 60 48 24 24 36 48
internal_count=1728 1296 684 288 96 84 192 96 72 60 96 396 132 108 96 264 216 192 24 48 168 24 72 60 60 48 24 24 36 48
is_linear=0
shrinkage=0.05


Tree=268
num_leaves=31
num_cat=0
split_feature=1 1 6 0 0 0 0 6 6 0 6 6 6 0 0 6 4 0 1 1 6 0 6 0 0 0 2 0 1 0
split_gain=43.2027 194.856 595.47 1499.46 1072.99 343.111 243.092 545.375 516.183 174.759 831.924 360.049 171.231 693.844 635.344 158.296 759.221 1193.73 706.925 502.942 2049.02 582.393 1891.42 316.564 276.715 271.158 205.417 201.689 199.503 194.994
threshold=14745.336000000001 12485.131000000003 0.25000000000000006 90630.424000000014 90630.424000000014 93897.382000000027 93897.382000000027 0.15000000000000005 0.15000000000000005 68725.196500000005 0.15000000000000005 0.25000000000000006 0.15000000000000005 80810.85000000002 80810.85000000002 0.15000000000000005 52.267500000000005 208019.18150000004 19012.117000000002 15904.846000000003 0.25000000000000006 137286.37700000001 0.25000000000000006 100590.71350000003 121294.55000000002 145818.27200000003 99.851500000000016 100590.71350000003 28539.301500000005 507657.76500000007
decision_type=2 2 2 2 2 2 2 2 2 2 2 2 2 2 2 2 2 2 2 2 2 2 2 2 2 2 2 2 2 2
left_child=1 9 4 -4 12 -5 7 -6 -8 -1 -11 -12 14 -14 -3 16 18 -18 -2 20 24 22 27 -24 -17 -23 -20 -21 -27 -19
right_child=15 2 3 5 6 -7 8 -9 -10 10 11 -13 13 -15 -16 19 17 29 26 21 -22 25 23 -25 -26 28 -28 -29 -30 -31
leaf_value=-0.0023958975212999447 -0.32171871662139895 0.052108508348464956 0.36271976232528691 -0.38524866104125977 0.38560376167297361 -0.0071444295346736898 -0.30966843763987217 -0.091092705726623535 0.1540946364402771 -0.2297821044921875 0.47375893592834467 0.086434435844421384 -0.66286339759826651 -0.12518171072006223 -0.4624072551727294 0.64277729988098142 0.30738110840320587 -0.06418487876653671 0.19751852750778198 -0.35740652084350583 -0.18036054372787477 0.15896931588649751 -0.056212294101715077 0.30697057247161863 0.3032219409942627 -0.067245768308639528 -0.055844603106379509 -0.64729785919189453 0.011712876120582224 0.06214549988508225
leaf_weight=828 24 12 24 12 12 12 12 12 12 11.999999999999998 12 12 12 12 12 12 48 48 11.999999999999998 12 24 24 12 12 12 120 24 12 240 84
leaf_count=828 24 12 24 12 12 12 12 12 12 12 12 12 12 12 12 12 48 48 12 12 24 24 12 12 12 120 24 12 240 84
internal_value=4.41947e-12 -0.00668174 -0.06053 0.0832616 -0.132426 -0.196197 0.0347343 0.147256 -0.0777869 0.00229298 0.110137 0.280097 -0.299586 -0.394023 -0.205149 0.00935443 0.0425098 0.0938536 -0.111522 -0.00722324 0.14632 -0.0242835 -0.188487 0.125379 0.473 -0.00375817 0.0286098 -0.502352 -0.0146067 0.0162072
internal_weight=1728 1008 144 48 96 24 48 24 24 864 36 24 48 24 24 720 240 180 60 480 48 432 48 24 24 384 36 24 360 132
internal_count=1728 1008 144 48 96 24 48 24 24 864 36 24 48 24 24 720 240 180 60 480 48 432 48 24 24 384 36 24 360 132
is_linear=0
shrinkage=0.05


Tree=269
num_leaves=31
num_cat=0
split_feature=6 2 2 2 3 3 3 0 2 0 0 0 0 0 4 6 0 2 6 3 2 6 1 6 4 0 4 0 0 2
split_gain=39.5332 267.094 229.547 282.312 330.05 1003.08 559.929 482.007 265.659 230.952 423.743 319.859 309.657 249.357 222.371 205.022 355.386 202.669 460.504 253.423 788.589 1981.95 464.688 425.968 2653.3 1503.37 1158.23 1102.94 1000.97 438.949
threshold=0.25000000000000006 127.01650000000002 127.01650000000002 113.36550000000001 78.015500000000017 76.597500000000011 83.933000000000007 303117.76850000006 107.75750000000001 121294.55000000002 100590.71350000003 90630.424000000014 93897.382000000027 80810.85000000002 42.097000000000008 0.15000000000000005 1182183.7235000001 113.36550000000001 0.15000000000000005 78.015500000000017 76.349000000000018 0.15000000000000005 12794.753500000003 0.15000000000000005 42.097000000000008 137286.37700000001 42.097000000000008 33295.90400000001 33295.90400000001 11.119000000000002
decision_type=2 2 2 2 2 2 2 2 2 2 2 2 2 2 2 2 2 2 2 2 2 2 2 2 2 2 2 2 2 2
left_child=1 17 3 4 5 7 -6 9 14 10 11 13 -13 -2 -8 -3 -17 19 -19 20 -1 22 -22 26 28 -26 27 -21 -25 -28
right_child=2 15 -4 -5 6 -7 8 -9 -10 -11 -12 12 -14 -15 -16 16 -18 18 -20 23 21 -23 -24 24 25 -27 29 -29 -30 -31
leaf_value=0.0071182125006560935 -0.0063402761941746119 0.017474371194839477 -0.16207173168659211 0.13126127620538075 -0.24725262324015299 0.46222023963928227 -0.18656066656112671 0.30864326953887944 -0.17121047973632814 -0.13351971904436749 0.29162204265594482 -0.36598622798919678 -0.0067872077226638784 0.22694733142852785 0.043538422722901621 0.41654973030090325 0.03174124956130981 0.045672054340442025 -0.20722900231679284 0.12785314321517946 0.34907202720642094 -0.4296376466751099 -0.031999012827873229 0.10566797256469727 -0.36484531164169315 0.077591913193464285 0.34670970439910892 -0.45923157930374148 0.66495649814605717 0.027948557668262059
leaf_weight=648 252 24 24 36 36 11.999999999999998 11.999999999999998 11.999999999999998 24 36 11.999999999999998 12 12 11.999999999999998 84 12 12 36 36 11.999999999999998 11.999999999999998 36 24 11.999999999999998 24 96 11.999999999999998 24 24 108
leaf_count=648 252 24 24 36 36 12 12 12 24 36 12 12 12 12 84 12 12 36 36 12 12 36 24 12 24 96 12 24 24 108
internal_value=6.45243e-10 0.00534766 -0.0106953 -0.00411374 -0.0135585 0.0127651 -0.0743054 -0.0027333 -0.0224213 -0.0138539 0.000506006 -0.0116238 -0.186387 0.00426371 0.014776 0.12081 0.224145 0.000327566 -0.0807785 0.00598613 -0.0103243 -0.167306 0.0950247 0.0436255 0.102048 -0.0108955 -0.0147972 -0.263537 0.478527 0.0598247
internal_weight=1728 1152 576 552 516 360 156 348 120 336 300 288 24 264 96 48 24 1104 72 1032 720 72 36 312 156 120 156 36 36 120
internal_count=1728 1152 576 552 516 360 156 348 120 336 300 288 24 264 96 48 24 1104 72 1032 720 72 36 312 156 120 156 36 36 120
is_linear=0
shrinkage=0.05


Tree=270
num_leaves=31
num_cat=0
split_feature=0 6 0 4 6 6 0 0 1 0 6 4 2 6 4 0 2 1 6 4 2 1 1 1 2 0 6 3 0 3
split_gain=40.248 131.777 76.3397 46.2457 103.187 39.6128 120.876 62.4146 33.0866 133.511 715.686 964.966 1310.52 709.718 1061.94 996.203 476.244 301.633 275.828 1049.56 1596.72 937.998 703.091 716.69 666.152 579.5 503.567 434.488 391.212 337.789
threshold=840329.43250000023 0.25000000000000006 1048200.1775000001 84.478000000000009 0.15000000000000005 0.15000000000000005 1182183.7235000001 1182183.7235000001 10279.872000000001 27705.340000000004 0.15000000000000005 149.54050000000004 74.129500000000021 0.25000000000000006 28.488500000000005 38531.177500000013 67.669000000000025 9241.5975000000017 0.15000000000000005 8.3360000000000021 57.764500000000005 2158.8095000000008 2158.8095000000008 7848.9580000000014 57.764500000000005 4747.4170000000004 0.25000000000000006 30.154500000000002 4747.4170000000004 30.154500000000002
decision_type=2 2 2 2 2 2 2 2 2 2 2 2 2 2 2 2 2 2 2 2 2 2 2 2 2 2 2 2 2 2
left_child=8 3 -3 4 -2 7 -7 -5 9 18 11 12 16 14 -12 -16 -11 -15 19 -1 21 25 26 24 27 -21 28 -24 -20 -23
right_child=1 2 -4 5 -6 6 -8 -9 -10 10 13 -13 -14 17 15 -17 -18 -19 22 20 -22 29 23 -25 -26 -27 -28 -29 -30 -31
leaf_value=-0.25252034068107604 0.11561337709426878 -0.15152298212051393 0.0029313661158084873 -0.029111379384994501 -0.091738343238830566 0.2545755386352539 0.03015418946743011 0.13215268850326536 -0.0080786785059091121 -0.19356436133384705 0.4721907377243042 0.3402343511581421 0.1731726109981537 0.060546447634696965 -0.17487726211547852 0.21965623100598655 -0.54573178291320801 -0.12252402206261953 0.0912156581878662 0.02004299461841583 0.65680106480916345 0.37745587825775151 -0.27438246607780459 0.1771824061870575 -0.35903112093607586 -0.47134132385253902 -0.030812859535217285 -0.04459492666064762 0.49495439529418939 0.086857623755931868
leaf_weight=24 12 11.999999999999998 24 12 12 12 12 12 936 48 24 11.999999999999998 24 60 24 48 11.999999999999998 36 12 12 11.999999999999998 11.999999999999998 24 24 24 12 24 144 12 60
leaf_count=24 12 12 24 12 12 12 12 12 936 48 24 12 24 60 24 48 12 36 12 12 12 12 24 24 24 12 24 144 12 60
internal_value=1.34681e-09 0.029554 -0.0485534 0.0686077 0.0119375 0.0969428 0.142365 0.0515207 -0.00197026 0.00638862 0.0322918 -0.0791762 -0.139092 0.0880258 0.184156 0.0881451 -0.263998 -0.00810498 -0.01245 0.0465642 0.113027 0.0450557 -0.0419571 -0.0804223 -0.112623 -0.225649 0.131136 -0.0774217 0.293085 0.135291
internal_weight=1728 108 36 72 24 48 24 24 1620 684 288 96 84 192 96 72 60 96 396 132 108 96 264 216 192 24 48 168 24 72
internal_count=1728 108 36 72 24 48 24 24 1620 684 288 96 84 192 96 72 60 96 396 132 108 96 264 216 192 24 48 168 24 72
is_linear=0
shrinkage=0.05


Tree=271
num_leaves=31
num_cat=0
split_feature=1 1 6 0 0 0 0 6 6 0 6 6 1 6 6 0 0 0 6 1 0 3 1 6 0 6 1 0 0 0
split_gain=37.2973 171.133 503.484 1221.32 932.442 279.466 219.39 492.201 465.855 158.485 751.855 323.756 142.088 466.547 137.887 577.996 573.796 119.895 112.085 618.478 886.515 549.375 451.998 1366.69 525.164 1609.28 302.218 265.526 234.581 207.439
threshold=14745.336000000001 12485.131000000003 0.25000000000000006 90630.424000000014 90630.424000000014 93897.382000000027 93897.382000000027 0.15000000000000005 0.15000000000000005 68725.196500000005 0.15000000000000005 0.25000000000000006 15858.327500000001 0.25000000000000006 0.15000000000000005 80810.85000000002 80810.85000000002 80810.85000000002 0.15000000000000005 15904.846000000003 137286.37700000001 68.52800000000002 15904.846000000003 0.25000000000000006 137286.37700000001 0.25000000000000006 19012.117000000002 100590.71350000003 145818.27200000003 100590.71350000003
decision_type=2 2 2 2 2 2 2 2 2 2 2 2 2 2 2 2 2 2 2 2 2 2 2 2 2 2 2 2 2 2
left_child=1 9 4 17 14 -5 7 -6 -8 -1 -11 -12 13 -2 15 -3 -16 -4 19 -14 -21 -22 23 -20 25 29 -23 -27 -26 -24
right_child=12 2 3 5 6 -7 8 -9 -10 10 11 -13 18 -15 16 -17 -18 -19 22 20 21 26 24 -25 28 27 -28 -29 -30 -31
leaf_value=-0.0022628499752873387 0.23278781175613406 0.051506966352462762 0.43951315879821773 -0.34728298187255857 0.36637160778045652 -0.0060439135879278181 -0.29413699309031166 -0.086490046977996823 0.146437931060791 -0.21824495792388918 0.45011901855468744 0.082833659648895261 -0.31716246604919435 -0.1490444540977478 -0.60783438682556146 -0.43923888206481926 -0.11887459754943847 0.21600389480590818 0.57779455184936512 0.33813436031341554 -0.16024474501609803 0.29752526283264163 -0.32088999748229979 -0.17682869434356688 0.14839652031660081 -0.055174666643142689 0.036356699715058012 0.27744486331939694 -0.013048858161394795 -0.61488494873046873
leaf_weight=828 24 12 12 12 12 12 12 12 12 11.999999999999998 12 12 11.999999999999998 11.999999999999998 12 12 12 12 12 24 36 11.999999999999998 12 12 24 12 144 12 360 12
leaf_count=828 24 12 12 12 12 12 12 12 12 12 12 12 12 12 12 12 12 12 12 24 36 12 12 12 24 12 144 12 360 12
internal_value=5.62027e-10 -0.0062083 -0.0566724 0.0755475 -0.122782 -0.176663 0.0330456 0.139941 -0.0738495 0.00220238 0.104903 0.266476 0.00869162 0.10551 -0.27861 -0.193866 -0.363354 0.327759 0.0035959 0.0322199 0.05163 0.015817 -0.0107161 0.200483 -0.0224494 -0.178376 0.0564466 0.111135 -0.00295852 -0.467887
internal_weight=1728 1008 144 48 96 24 48 24 24 864 36 24 720 36 48 24 24 24 684 228 216 192 456 24 432 48 156 24 384 24
internal_count=1728 1008 144 48 96 24 48 24 24 864 36 24 720 36 48 24 24 24 684 228 216 192 456 24 432 48 156 24 384 24
is_linear=0
shrinkage=0.05


Tree=272
num_leaves=31
num_cat=0
split_feature=0 6 0 4 6 6 0 0 1 0 6 4 2 6 4 0 2 2 6 4 2 1 1 1 2 0 0 3 6 2
split_gain=35.8828 116.303 68.8966 41.7367 90.8055 37.8265 109.09 56.3292 30.6307 120.494 645.907 870.882 1182.75 640.52 958.397 899.073 429.81 288.21 248.935 947.232 1441.04 846.544 634.54 646.813 601.203 522.999 461.408 392.125 348.774 325.37
threshold=840329.43250000023 0.25000000000000006 1048200.1775000001 84.478000000000009 0.15000000000000005 0.15000000000000005 1182183.7235000001 1182183.7235000001 10279.872000000001 27705.340000000004 0.15000000000000005 149.54050000000004 74.129500000000021 0.25000000000000006 28.488500000000005 38531.177500000013 67.669000000000025 53.76550000000001 0.15000000000000005 8.3360000000000021 57.764500000000005 2158.8095000000008 2158.8095000000008 7848.9580000000014 57.764500000000005 4747.4170000000004 4747.4170000000004 30.154500000000002 0.25000000000000006 47.44700000000001
decision_type=2 2 2 2 2 2 2 2 2 2 2 2 2 2 2 2 2 2 2 2 2 2 2 2 2 2 2 2 2 2
left_child=8 3 -3 4 -2 7 -7 -5 9 18 11 12 16 14 -12 -16 -11 -15 19 -1 21 25 26 24 27 -21 -20 -24 -28 -23
right_child=1 2 -4 5 -6 6 -8 -9 -10 10 13 -13 -14 17 15 -17 -18 -19 22 20 -22 29 23 -25 -26 -27 28 -29 -30 -31
leaf_value=-0.23978118300437928 0.10801488161087035 -0.14329439401626587 0.003437241166830063 -0.029473644495010373 -0.086498987674713132 0.24249920845031736 0.02929892241954803 0.12372721433639525 -0.007737698257526654 -0.18377300500869753 0.44869432449340824 0.32333576679229736 0.16462712287902834 -0.11943072477976482 -0.16602026224136354 0.20878656438241402 -0.51833205223083501 0.059519892930984503 -0.030329006910324099 0.01915398687124252 0.62407415707906089 0.17617365032434465 -0.26055019497871401 0.16843642741441728 -0.34096643129984539 -0.44766111373901363 0.47031979560852044 -0.042252040138312928 0.089107877016067497 -0.1090325951576233
leaf_weight=24 12 11.999999999999998 24 12 12 12 12 12 936 48 24 11.999999999999998 24 36 24 48 11.999999999999998 60 24 12 11.999999999999998 60 24 24 24 12 12 144 12 11.999999999999998
leaf_count=24 12 12 24 12 12 12 12 12 936 48 24 12 24 36 24 48 12 60 24 12 12 60 24 24 24 12 12 144 12 12
internal_value=-4.75039e-10 0.0279053 -0.0454733 0.0645946 0.0107579 0.0915129 0.135899 0.0471268 -0.00186035 0.00618233 0.0307903 -0.0751043 -0.132024 0.0837376 0.175062 0.083851 -0.250685 -0.00758659 -0.0117144 0.0443491 0.107489 0.0429161 -0.0397461 -0.076288 -0.106879 -0.214254 0.124692 -0.0734375 0.279714 0.128639
internal_weight=1728 108 36 72 24 48 24 24 1620 684 288 96 84 192 96 72 60 96 396 132 108 96 264 216 192 24 48 168 24 72
internal_count=1728 108 36 72 24 48 24 24 1620 684 288 96 84 192 96 72 60 96 396 132 108 96 264 216 192 24 48 168 24 72
is_linear=0
shrinkage=0.05


Tree=273
num_leaves=31
num_cat=0
split_feature=1 1 6 0 0 0 0 6 6 0 6 6 1 6 6 0 0 0 1 0 6 4 2 6 4 0 2 1 2 6
split_gain=34.6427 151.419 454.395 1102.24 841.529 252.218 198 444.211 420.434 144.653 678.549 292.19 128.981 421.058 124.443 521.641 517.851 108.206 106.066 108.746 582.931 785.971 1067.43 578.07 864.953 811.413 387.904 274.094 230.728 224.664
threshold=14745.336000000001 12485.131000000003 0.25000000000000006 90630.424000000014 90630.424000000014 93897.382000000027 93897.382000000027 0.15000000000000005 0.15000000000000005 68725.196500000005 0.15000000000000005 0.25000000000000006 15858.327500000001 0.25000000000000006 0.15000000000000005 80810.85000000002 80810.85000000002 80810.85000000002 10279.872000000001 27705.340000000004 0.15000000000000005 149.54050000000004 74.129500000000021 0.25000000000000006 28.488500000000005 38531.177500000013 67.669000000000025 9241.5975000000017 53.76550000000001 0.15000000000000005
decision_type=2 2 2 2 2 2 2 2 2 2 2 2 2 2 2 2 2 2 2 2 2 2 2 2 2 2 2 2 2 2
left_child=1 9 4 17 14 -5 7 -6 -8 18 -11 -12 13 -2 15 -3 -16 -4 19 29 21 22 26 24 -22 -26 -21 28 -25 -1
right_child=12 2 3 5 6 -7 8 -9 -10 10 11 -13 -14 -15 16 -17 -18 -19 -20 20 23 -23 -24 27 25 -27 -28 -29 -30 -31
leaf_value=0.042131664784568729 0.22153529524803162 0.049318504333496091 0.41792435646057124 -0.32953195571899413 0.3484399080276489 -0.0053548328578472137 -0.27904326121012363 -0.081778663396835316 0.13950291872024534 -0.20694582462310793 0.42799997329711909 0.079078865051269528 0.0035215943727005075 -0.14120534658432007 -0.57705578804016111 -0.4168900489807128 -0.11254397630691526 0.20559058189392088 -0.041339993476867676 -0.17458435446023943 0.42625961303710941 0.30716898441314699 0.15639576315879822 -0.061850170791149142 -0.15771924853324892 0.19834723907212418 -0.49241547584533696 -0.11627816756566366 0.13829225103060405 -0.037758837205668291
leaf_weight=132 24 12 12 12 12 12 12 12 12 11.999999999999998 12 12 684 11.999999999999998 12 12 12 12 144 48 24 11.999999999999998 24 24 24 48 11.999999999999998 36 36 264
leaf_count=132 24 12 12 12 12 12 12 12 12 12 12 12 684 12 12 12 12 12 144 48 24 12 24 24 24 48 12 36 36 264
internal_value=4.39872e-10 -0.00598329 -0.0534519 0.072157 -0.116256 -0.167443 0.0317802 0.133331 -0.0697702 0.00192814 0.100044 0.253539 0.0083766 0.100622 -0.264293 -0.183786 -0.3448 0.311757 -0.00233778 0.00587321 0.0292508 -0.071349 -0.125423 0.0795507 0.166309 0.0796584 -0.238151 -0.00720726 0.0582353 -0.0111287
internal_weight=1728 1008 144 48 96 24 48 24 24 864 36 24 720 36 48 24 24 24 828 684 288 96 84 192 96 72 60 96 60 396
internal_count=1728 1008 144 48 96 24 48 24 24 864 36 24 720 36 48 24 24 24 828 684 288 96 84 192 96 72 60 96 60 396
is_linear=0
shrinkage=0.05


Tree=274
num_leaves=31
num_cat=0
split_feature=0 0 0 6 6 0 1 6 2 2 2 2 6 2 2 6 3 0 1 3 0 0 0 3 0 0 0 1 0 3
split_gain=32.4466 105.91 183.543 225.739 250.185 159.649 73.7881 149.603 796.597 513.383 723.666 329.589 1443.25 3411.53 1853.86 1156.82 1036.39 1470.33 955.486 839.013 732.573 421.655 647.07 245.987 161.757 151.093 146.507 154.928 145.564 143.028
threshold=208019.18150000004 145818.27200000003 121294.55000000002 0.25000000000000006 0.15000000000000005 137286.37700000001 10279.872000000001 0.25000000000000006 78.163500000000013 76.349000000000018 50.303500000000007 78.163500000000013 0.15000000000000005 106.31000000000002 106.31000000000002 0.15000000000000005 76.597500000000011 100590.71350000003 15904.846000000003 50.303500000000007 68725.196500000005 68725.196500000005 80810.85000000002 76.597500000000011 93897.382000000027 87041.996000000028 100590.71350000003 13436.337500000001 47382.240000000013 85.117000000000004
decision_type=2 2 2 2 2 2 2 2 2 2 2 2 2 2 2 2 2 2 2 2 2 2 2 2 2 2 2 2 2 2
left_child=1 2 6 4 5 -4 -1 11 9 10 26 15 14 -14 25 18 17 21 19 20 -8 -17 -23 -21 -24 -13 27 -9 -10 -18
right_child=-2 -3 3 -5 -6 -7 7 8 28 -11 -12 12 13 -15 -16 16 29 -19 -20 23 -22 22 24 -25 -26 -27 -28 -29 -30 -31
leaf_value=0.0055795516279575075 0.011867073950755487 -0.051361499809556538 0.15513747930526733 -0.047476993501186372 0.25448175668716433 -0.10277804136276243 0.16518968343734741 0.12694162726402283 -0.32508089542388918 0.39702816009521485 -0.31305534839630128 -0.55200262069702144 0.6190566539764405 -0.41346645355224609 0.33458938598632815 -0.24273948669433595 -0.5482029914855957 -0.58392987251281736 0.3214384436607361 0.33101792335510255 -0.2859117282761468 0.40659995079040528 -0.092303255200386056 0.053762014210224154 0.13252776861190796 -0.30109353065490718 0.26378343105316165 -0.028646109439432622 -0.11180022060871125 -0.33678795099258424
leaf_weight=684 432 108 12 24 24 12 11.999999999999998 48 11.999999999999998 11.999999999999998 11.999999999999998 12 24 11.999999999999998 11.999999999999998 11.999999999999998 11.999999999999998 11.999999999999998 24 11.999999999999998 36 11.999999999999998 24 24 11.999999999999998 12 11.999999999999998 24 24 24
leaf_count=684 432 108 12 24 24 12 12 48 12 12 12 12 24 12 12 12 12 12 24 12 36 12 24 24 12 12 12 24 24 24
internal_value=1.04446e-09 -0.00395569 0.000353929 0.0777282 0.140331 0.0261797 -0.00463796 -0.0208157 0.0207958 0.0886923 0.0501503 -0.0416214 0.0510233 0.274882 -0.172836 -0.072503 -0.188214 -0.0786914 0.0432081 -0.0362862 -0.173136 0.0223563 0.0886303 0.146181 -0.0173596 -0.426548 0.102037 0.075079 -0.182894 -0.40726
internal_weight=1728 1296 1188 72 48 24 1116 432 144 108 96 288 72 36 36 216 108 72 108 84 48 60 48 36 36 24 84 72 36 36
internal_count=1728 1296 1188 72 48 24 1116 432 144 108 96 288 72 36 36 216 108 72 108 84 48 60 48 36 36 24 84 72 36 36
is_linear=0
shrinkage=0.05


Tree=275
num_leaves=31
num_cat=0
split_feature=0 6 0 4 6 6 0 0 3 6 6 3 6 3 0 0 6 6 0 3 6 6 2 2 0 0 6 4 1 0
split_gain=30.5316 104.964 62.1791 37.6674 81.952 34.1384 98.4542 50.8371 23.5711 930.956 281.632 45.606 117.32 187.854 152.449 133.958 1249.01 199.302 195.507 102.788 397.723 757.487 1523.48 412.735 182.536 134.796 56.9069 964.591 697.705 1763.51
threshold=840329.43250000023 0.25000000000000006 1048200.1775000001 84.478000000000009 0.15000000000000005 0.15000000000000005 1182183.7235000001 1182183.7235000001 12.640500000000001 0.15000000000000005 0.25000000000000006 29.406000000000002 0.25000000000000006 27.516500000000004 27705.340000000004 63082.982000000011 0.15000000000000005 0.15000000000000005 27705.340000000004 31.992000000000001 0.25000000000000006 0.15000000000000005 31.426500000000004 31.426500000000004 80810.85000000002 35745.162000000004 0.15000000000000005 91.152500000000018 6575.9135000000015 12036.576500000001
decision_type=2 2 2 2 2 2 2 2 2 2 2 2 2 2 2 2 2 2 2 2 2 2 2 2 2 2 2 2 2 2
left_child=8 3 -3 4 -2 7 -7 -5 9 -1 -11 12 15 14 -14 17 -17 -10 -19 20 21 22 -13 -22 -24 -23 27 28 29 -21
right_child=1 2 -4 5 -6 6 -8 -9 11 10 -12 19 13 -15 -16 16 -18 18 -20 26 23 25 24 -25 -26 -27 -28 -29 -30 -31
leaf_value=0.31785991191864016 0.10184470415115354 -0.13689911365509033 0.0024959452450275424 -0.028769397735595698 -0.082943469285964966 0.22960481643676756 0.027064540982246393 0.11677142381668089 0.091485058764616656 -0.39279315471649168 -0.050233978033065785 0.31951676607131962 -0.14430061578750611 -0.21114230155944824 0.06148313879966736 -0.13892246782779694 0.37118647098541263 0.089893430471420288 -0.15728249847888948 -0.10150765338912607 -0.072965317964553841 -0.32685989141464233 -0.10596653223037718 0.22026931643486025 -0.38174993991851802 -0.15928183794021608 0.0082426441611633417 0.10550997575124106 -0.10507103687054234 0.42341882387797042
leaf_weight=11.999999999999998 12 11.999999999999998 24 12 12 12 12 12 36 12 12 24 11.999999999999998 11.999999999999998 36 24 24 11.999999999999998 24 48 24 24 12 24 12 24 840 120 228 24
leaf_count=12 12 12 24 12 12 12 12 12 36 12 12 24 12 12 36 24 24 12 24 48 24 24 12 24 12 24 840 120 228 24
internal_value=4.87651e-10 0.0257406 -0.0439691 0.0605954 0.00945062 0.0861678 0.128335 0.044001 -0.00171604 -0.0417224 -0.221514 -0.000806804 0.0228879 -0.0341987 0.0100372 0.0514312 0.116132 0.00829727 -0.0748905 -0.00384458 -0.0438632 -0.102621 0.0378293 0.073652 -0.243858 -0.243071 0.000728973 -0.0142984 -0.0622217 0.0734678
internal_weight=1728 108 36 72 24 48 24 24 1620 36 24 1584 180 60 48 120 48 72 36 1404 144 96 48 48 24 48 1260 420 300 72
internal_count=1728 108 36 72 24 48 24 24 1620 36 24 1584 180 60 48 120 48 72 36 1404 144 96 48 48 24 48 1260 420 300 72
is_linear=0
shrinkage=0.05


Tree=276
num_leaves=31
num_cat=0
split_feature=0 6 4 1 0 0 1 1 6 0 0 0 0 6 4 6 0 6 2 0 1 6 6 4 2 0 1 2 3 0
split_gain=30.4511 132.213 818.046 1327.87 685.056 577.787 575.897 602.306 654.171 884.643 411.424 386.289 345.7 314.769 172.389 151.793 137.537 118.798 93.0563 91.7786 86.6712 342.693 685.647 698.821 670.786 647.172 636.548 347.527 344.083 336.105
threshold=22666.579000000002 0.15000000000000005 6.4535000000000009 5600.7615000000014 7391.9660000000013 4747.4170000000004 2158.8095000000008 7848.9580000000014 0.25000000000000006 12036.576500000001 4747.4170000000004 19740.918500000003 19740.918500000003 0.25000000000000006 15.803000000000003 0.25000000000000006 7391.9660000000013 0.25000000000000006 43.663000000000004 18495.691000000003 10279.872000000001 0.15000000000000005 0.25000000000000006 149.54050000000004 74.129500000000021 44158.321000000004 7047.768500000001 53.76550000000001 64.121000000000009 63082.982000000011
decision_type=2 2 2 2 2 2 2 2 2 2 2 2 2 2 2 2 2 2 2 2 2 2 2 2 2 2 2 2 2 2
left_child=1 2 -1 4 5 -4 10 8 9 16 17 19 14 -12 -10 -9 -8 -3 -16 -6 21 25 23 24 28 26 -2 -24 -23 -27
right_child=20 6 3 -5 11 -7 7 15 12 -11 13 -13 -14 -15 18 -17 -18 -19 -20 -21 -22 22 27 -25 -26 29 -28 -29 -30 -31
leaf_value=-0.3617290019989014 -0.31845085620880131 0.085398763418197632 -0.021968073646227521 0.56931393941243491 0.11399984359741211 -0.42258825302124026 0.051241214107722047 0.28695645332336422 -0.15872244040171307 -0.34574957489967351 0.44800062179565425 -0.10066820383071901 0.24056119918823243 0.085849320888519279 -0.034795260615646841 0.035466423630714415 -0.15607559680938721 -0.13708558082580566 0.12598090171813967 0.28335397243499755 -0.003606175657690028 0.38201824029286707 -0.12700385674834253 -0.2082979679107666 -0.032514480889464424 -0.46282010078430169 0.074889356891314193 0.053497180938720704 0.16341057618459065 -0.088595861196517939
leaf_weight=11.999999999999998 11.999999999999998 12 36 11.999999999999998 11.999999999999998 11.999999999999998 24 12 24 48 12 11.999999999999998 11.999999999999998 12 36 12 11.999999999999998 12 11.999999999999998 24 1044 36 48 11.999999999999998 24 12 72 60 36 12
leaf_count=12 12 12 36 12 12 12 24 12 24 48 12 12 12 12 36 12 12 12 12 24 1044 36 48 12 24 12 72 60 36 12
internal_value=4.081e-10 -0.0129387 0.0299132 0.073429 0.0114434 -0.122123 -0.0343647 -0.0730911 -0.106563 -0.205227 0.120541 0.14501 -0.00789837 0.266925 -0.0493083 0.161211 -0.0178644 -0.0258434 0.00539878 0.226903 0.00340493 0.0259963 0.0623572 0.15144 0.196407 -0.0467256 0.0186979 -0.0267255 0.272714 -0.275708
internal_weight=1728 360 120 108 96 48 240 192 168 84 48 48 84 24 72 24 36 24 48 36 1368 324 216 108 96 108 84 108 72 24
internal_count=1728 360 120 108 96 48 240 192 168 84 48 48 84 24 72 24 36 24 48 36 1368 324 216 108 96 108 84 108 72 24
is_linear=0
shrinkage=0.05


Tree=277
num_leaves=31
num_cat=0
split_feature=0 0 0 6 6 0 0 6 4 4 0 6 1 6 2 4 2 2 6 2 2 6 3 0 1 3 0 0 0 3
split_gain=29.7444 93.4043 165.55 204.188 224.957 131.966 72.109 68.8516 533.393 209.323 153.685 150.769 66.6405 126.713 703.718 468.943 645.595 310.308 1352.41 2954.31 1576.68 1049.88 933.848 1325.6 828.01 728.473 626.159 355.07 524.838 213.217
threshold=208019.18150000004 145818.27200000003 121294.55000000002 0.25000000000000006 0.15000000000000005 137286.37700000001 137286.37700000001 0.15000000000000005 122.55800000000001 122.55800000000001 164842.97150000001 0.25000000000000006 10279.872000000001 0.25000000000000006 78.163500000000013 91.152500000000018 50.303500000000007 78.163500000000013 0.15000000000000005 106.31000000000002 106.31000000000002 0.15000000000000005 76.597500000000011 100590.71350000003 15904.846000000003 50.303500000000007 68725.196500000005 68725.196500000005 80810.85000000002 76.597500000000011
decision_type=2 2 2 2 2 2 2 2 2 2 2 2 2 2 2 2 2 2 2 2 2 2 2 2 2 2 2 2 2 2
left_child=1 2 12 4 5 -4 -5 8 10 -9 -3 -11 -1 17 15 -15 -17 21 20 -20 -19 24 23 27 25 26 -14 -23 -29 -27
right_child=-2 7 3 6 -6 -7 -8 9 -10 11 -12 -13 13 14 -16 16 -18 18 19 -21 -22 22 -24 -25 -26 29 -28 28 -30 -31
leaf_value=0.0052289555764250591 0.011362170208142036 -0.25446457862853999 0.142285418510437 -0.13200304508209226 0.24152584075927735 -0.092205286026000977 0.041333109140396118 -0.016252505779266357 0.28033268451690674 -0.32242257595062251 -0.0014119851402938366 -0.07178277373313903 0.15253626108169557 0.37694492340087893 -0.17300630907217662 0.094428099212901934 -0.29763441085815429 -0.39978681802749638 0.58787198066711432 -0.37297317981719974 0.30214724540710453 -0.2225580930709839 -0.38712846438090009 -0.55496520996093757 0.30027133226394653 0.30937182903289795 -0.26451646222008601 0.36789093017578128 -0.013931351900100709 0.051243247091770174
leaf_weight=684 432 12 12 12 24 12 12 48 11.999999999999998 12 12 12 11.999999999999998 11.999999999999998 36 84 11.999999999999998 24 24 11.999999999999998 11.999999999999998 11.999999999999998 36 11.999999999999998 24 11.999999999999998 36 11.999999999999998 36 24
leaf_count=684 432 12 12 12 24 12 12 48 12 12 12 12 12 12 36 84 12 24 24 12 12 12 36 12 24 12 36 12 36 24
internal_value=-4.68679e-10 -0.00378739 0.000259809 0.0737436 0.133283 0.0250401 -0.045335 -0.0483066 0.00815204 -0.0765359 -0.127938 -0.197103 -0.00448108 -0.0198553 0.0184407 0.0822564 0.0454203 -0.0390033 0.0508907 0.26759 -0.165809 -0.068968 -0.179201 -0.0752377 0.0412653 -0.0327364 -0.160253 0.0207078 0.0815242 0.137286
internal_weight=1728 1296 1188 72 48 24 24 108 36 72 24 24 1116 432 144 108 96 288 72 36 36 216 108 72 108 84 48 60 48 36
internal_count=1728 1296 1188 72 48 24 24 108 36 72 24 24 1116 432 144 108 96 288 72 36 36 216 108 72 108 84 48 60 48 36
is_linear=0
shrinkage=0.05


Tree=278
num_leaves=31
num_cat=0
split_feature=0 6 4 1 0 0 1 1 6 0 0 0 0 6 4 6 0 6 0 0 0 1 6 6 4 2 0 1 2 3
split_gain=28.6637 119.322 738.287 1198.4 618.263 521.453 519.747 543.581 590.389 798.39 371.31 348.626 311.994 284.079 155.581 136.993 124.127 107.215 85.725 82.8302 82.2894 75.8319 309.281 618.797 630.686 605.384 584.073 574.485 313.643 310.535
threshold=22666.579000000002 0.15000000000000005 6.4535000000000009 5600.7615000000014 7391.9660000000013 4747.4170000000004 2158.8095000000008 7848.9580000000014 0.25000000000000006 12036.576500000001 4747.4170000000004 19740.918500000003 19740.918500000003 0.25000000000000006 15.803000000000003 0.25000000000000006 7391.9660000000013 0.25000000000000006 19563.351500000001 18495.691000000003 18495.691000000003 10279.872000000001 0.15000000000000005 0.25000000000000006 149.54050000000004 74.129500000000021 44158.321000000004 7047.768500000001 53.76550000000001 64.121000000000009
decision_type=2 2 2 2 2 2 2 2 2 2 2 2 2 2 2 2 2 2 2 2 2 2 2 2 2 2 2 2 2 2
left_child=1 2 -1 4 5 -4 10 8 9 16 17 19 14 -12 -10 -9 -8 -3 -16 -6 -11 22 26 24 25 29 27 -2 -25 -24
right_child=21 6 3 -5 11 -7 7 15 12 20 13 -13 -14 -15 18 -17 -18 -19 -20 -21 -22 -23 23 28 -26 -27 -28 -29 -30 -31
leaf_value=-0.34390401840209961 -0.3027897596359253 0.080867373943328852 -0.021131117641925812 0.54058678944905603 0.10803840160369874 -0.40172028541564941 0.048417706042528152 0.27234716415405269 -0.15104777018229168 -0.44211544990539553 0.42533917427062984 -0.095896238088607796 0.2282716989517212 0.081295406818389884 0.043445643161733945 0.033431655168533324 -0.14853326082229615 -0.13049275875091551 -0.11086735725402833 0.26892483234405518 -0.29092623392740885 -0.0032545739642105341 0.3626558780670166 -0.12091510854661465 -0.1981445074081421 -0.031150203105062248 -0.26218403279781344 0.070883436004320774 0.050560873746871952 0.15497859517733259
leaf_weight=11.999999999999998 11.999999999999998 12 36 11.999999999999998 11.999999999999998 11.999999999999998 24 12 24 11.999999999999998 12 11.999999999999998 11.999999999999998 12 36 12 11.999999999999998 12 11.999999999999998 24 36 1044 36 48 11.999999999999998 24 24 72 60 36
leaf_count=12 12 12 36 12 12 12 24 12 24 12 12 12 12 12 36 12 12 12 12 24 36 1044 36 48 12 24 24 72 60 36
internal_value=2.41454e-11 -0.0125532 0.0281561 0.0694961 0.0106098 -0.116278 -0.0329079 -0.069698 -0.101496 -0.195227 0.114252 0.137498 -0.0077649 0.253317 -0.0471043 0.152889 -0.0172326 -0.0248127 0.00486739 0.215296 -0.328724 0.00330349 0.024435 0.0589779 0.143607 0.186325 -0.0446508 0.0175016 -0.0256507 0.258817
internal_weight=1728 360 120 108 96 48 240 192 168 84 48 48 84 24 72 24 36 24 48 36 48 1368 324 216 108 96 108 84 108 72
internal_count=1728 360 120 108 96 48 240 192 168 84 48 48 84 24 72 24 36 24 48 36 48 1368 324 216 108 96 108 84 108 72
is_linear=0
shrinkage=0.05


Tree=279
num_leaves=31
num_cat=0
split_feature=0 0 0 6 6 0 0 6 4 4 0 6 1 6 2 4 2 2 6 2 2 6 3 0 1 3 0 0 0 3
split_gain=27.6598 83.4347 150.423 184.28 203.024 119.099 65.0784 62.1386 481.387 188.914 138.701 136.069 58.0859 114.358 635.105 423.221 582.649 280.053 1220.55 2666.27 1422.95 947.516 842.798 1196.35 747.279 657.447 565.108 320.45 473.666 192.429
threshold=208019.18150000004 145818.27200000003 121294.55000000002 0.25000000000000006 0.15000000000000005 137286.37700000001 137286.37700000001 0.15000000000000005 122.55800000000001 122.55800000000001 164842.97150000001 0.25000000000000006 10279.872000000001 0.25000000000000006 78.163500000000013 91.152500000000018 50.303500000000007 78.163500000000013 0.15000000000000005 106.31000000000002 106.31000000000002 0.15000000000000005 76.597500000000011 100590.71350000003 15904.846000000003 50.303500000000007 68725.196500000005 68725.196500000005 80810.85000000002 76.597500000000011
decision_type=2 2 2 2 2 2 2 2 2 2 2 2 2 2 2 2 2 2 2 2 2 2 2 2 2 2 2 2 2 2
left_child=1 2 12 4 5 -4 -5 8 10 -9 -3 -11 -1 17 15 -15 -17 21 20 -20 -19 24 23 27 25 26 -14 -23 -29 -27
right_child=-2 7 3 6 -6 -7 -8 9 -10 11 -12 -13 13 14 -16 16 -18 18 19 -21 -22 22 -24 -25 -26 29 -28 28 -30 -31
leaf_value=0.0047191325542435313 0.010956792404047316 -0.24157860279083249 0.13533387184143064 -0.12524017095565795 0.22961227893829347 -0.087432289123535151 0.03942918181419372 -0.015277153253555298 0.2664787769317627 -0.30613870620727535 -0.0011786572635173796 -0.068030905723571775 0.14507217407226564 0.3582603931427002 -0.1641932636499405 0.089869420230388644 -0.28258996009826659 -0.37963476181030276 0.55864114761352546 -0.3541617870330811 0.28720259666442871 -0.21126744747161866 -0.36760931809743247 -0.52705421447753908 0.28542048931121827 0.29406597614288332 -0.25112791193856138 0.34965913295745854 -0.013072055578231812 0.048843814432621008
leaf_weight=684 432 12 12 12 24 12 12 48 11.999999999999998 12 12 12 11.999999999999998 11.999999999999998 36 84 11.999999999999998 24 24 11.999999999999998 11.999999999999998 11.999999999999998 36 11.999999999999998 24 11.999999999999998 36 11.999999999999998 36 24
leaf_count=684 432 12 12 12 24 12 12 48 12 12 12 12 12 12 36 84 12 24 24 12 12 12 36 12 24 12 36 12 36 24
internal_value=4.32893e-10 -0.00365226 0.000172851 0.0702192 0.126782 0.0239508 -0.0429055 -0.0457285 0.00790717 -0.0725464 -0.121379 -0.187085 -0.00434627 -0.0186998 0.0176814 0.0783063 0.043312 -0.0368904 0.0485089 0.254374 -0.157356 -0.0653569 -0.170079 -0.0713131 0.0393648 -0.0309369 -0.152078 0.0198351 0.0776107 0.130585
internal_weight=1728 1296 1188 72 48 24 24 108 36 72 24 24 1116 432 144 108 96 288 72 36 36 216 108 72 108 84 48 60 48 36
internal_count=1728 1296 1188 72 48 24 24 108 36 72 24 24 1116 432 144 108 96 288 72 36 36 216 108 72 108 84 48 60 48 36
is_linear=0
shrinkage=0.05


Tree=280
num_leaves=31
num_cat=0
split_feature=0 6 4 1 0 0 1 6 0 0 0 2 0 6 6 0 0 1 6 6 4 2 0 1 0 2 3 2 3 1
split_gain=26.9028 107.688 666.304 1081.56 557.983 471.587 729.713 855.813 470.612 340.241 314.635 205.965 283.895 256.381 123.637 74.7543 74.2662 66.4212 279.126 558.464 569.194 546.359 527.126 518.472 303.335 283.063 280.258 231.938 234.084 209.592
threshold=22666.579000000002 0.15000000000000005 6.4535000000000009 5600.7615000000014 7391.9660000000013 12036.576500000001 7848.9580000000014 0.25000000000000006 4747.4170000000004 19740.918500000003 19740.918500000003 42.413500000000006 4747.4170000000004 0.25000000000000006 0.25000000000000006 18495.691000000003 18495.691000000003 10279.872000000001 0.15000000000000005 0.25000000000000006 149.54050000000004 74.129500000000021 44158.321000000004 7047.768500000001 63082.982000000011 53.76550000000001 64.121000000000009 31.205000000000002 72.187000000000026 9241.5975000000017
decision_type=2 2 2 2 2 2 2 2 2 2 2 2 2 2 2 2 2 2 2 2 2 2 2 2 2 2 2 2 2 2
left_child=1 2 -1 4 8 11 7 16 -4 -9 15 12 -3 -14 -8 -6 -7 18 22 20 21 26 23 -2 -24 -21 -20 -25 -29 -27
right_child=17 5 3 -5 10 6 14 9 -10 -11 -12 -13 13 -15 -16 -17 -18 -19 19 25 -22 -23 24 27 -26 29 -28 28 -30 -31
leaf_value=-0.32694475650787358 -0.28788623809814456 -0.002781381830573082 -0.020310517648855844 0.51332152684529619 0.10240052938461304 -0.42024564743041992 0.2584938526153564 -0.09080474964446493 -0.38187022209167482 0.21662213802337649 -0.091337382793426514 -0.014895038803418479 0.40383625030517573 0.076994675397872914 0.031524115800857538 0.25524263381958007 -0.27661587397257487 -0.0029372533008998614 0.34428712526957195 -0.11510531045496464 -0.18847323656082154 -0.029828652211775383 -0.42706732749938958 0.26776967048645023 -0.071554267406463617 0.12409888207912445 0.14699370662371319 -0.053667028745015471 0.14792563319206239 -0.066656142473220825
leaf_weight=11.999999999999998 11.999999999999998 24 36 11.999999999999998 11.999999999999998 11.999999999999998 12 36 11.999999999999998 11.999999999999998 11.999999999999998 72 12 12 12 24 36 1044 36 48 11.999999999999998 24 12 11.999999999999998 12 36 36 36 24 24
leaf_count=12 12 24 36 12 12 12 12 36 12 12 12 72 12 12 12 24 36 1044 36 48 12 24 12 12 12 36 36 36 24 24
internal_value=-1.28272e-10 -0.0121615 0.0265123 0.0657854 0.00984333 -0.0314985 -0.101587 -0.163236 -0.1107 -0.013948 0.130387 0.0385898 0.118817 0.240415 0.145009 0.204295 -0.312523 0.0032004 0.0229773 0.0557931 0.13619 0.176773 -0.0426542 0.0163905 -0.249311 -0.0246041 0.24564 0.0671033 0.02697 0.0477969
internal_weight=1728 360 120 108 96 240 120 96 48 48 48 120 48 24 24 36 48 1368 324 216 108 96 108 84 24 108 72 72 60 60
internal_count=1728 360 120 108 96 240 120 96 48 48 48 120 48 24 24 36 48 1368 324 216 108 96 108 84 24 108 72 72 60 60
is_linear=0
shrinkage=0.05


Tree=281
num_leaves=31
num_cat=0
split_feature=1 6 4 0 0 1 6 0 6 0 4 0 0 1 0 0 4 6 3 3 6 1 4 4 3 1 6 0 0 0
split_gain=26.482 104.764 369.071 679.145 447.022 271.275 1093.45 329.742 1042.53 217.973 172.027 161.386 150.69 137.532 129.47 128.442 114.224 382.935 546.448 439.252 229.071 567.771 518.06 452.456 269.876 103.165 297.094 750.486 567.285 156.699
threshold=14745.336000000001 0.15000000000000005 52.267500000000005 208019.18150000004 164842.97150000001 15904.846000000003 0.25000000000000006 137286.37700000001 0.25000000000000006 100590.71350000003 87.761500000000012 145818.27200000003 100590.71350000003 28539.301500000005 507657.76500000007 121294.55000000002 71.970000000000013 0.25000000000000006 107.29100000000001 107.29100000000001 0.25000000000000006 31361.745000000006 80.169000000000011 95.752500000000012 95.222000000000023 12485.131000000003 0.25000000000000006 90630.424000000014 90630.424000000014 93897.382000000027
decision_type=2 2 2 2 2 2 2 2 2 2 2 2 2 2 2 2 2 2 2 2 2 2 2 2 2 2 2 2 2 2
left_child=25 2 4 -4 -2 6 15 8 12 -10 14 -9 -7 -13 -5 -3 17 18 -15 -19 22 -22 -18 -24 -23 -1 28 -28 -27 -29
right_child=1 5 3 10 -6 7 -8 11 9 -11 -12 13 -14 16 -16 -17 20 19 -20 -21 21 24 23 -25 -26 26 27 29 -30 -31
leaf_value=0.0012989658086250226 -0.18453032573064168 0.46091489791870111 0.23115210533142092 -0.086290258169174197 0.094051685603335503 -0.249980616569519 -0.13203999996185303 0.12229263335466385 -0.059909933805465693 0.24145715236663814 -0.050999649763107308 -0.055322433710098262 -0.50055465698242185 -0.29551014900207523 0.093619450926780701 0.22957637310028073 0.39535787105560305 0.19635341167449952 0.11772725582122803 -0.17414127588272096 0.29284675121307374 -0.29509305953979492 -0.084830984473228455 0.16585027178128561 -0.035345293357968335 -0.21674060225486758 0.25485988855361941 -0.26831359863281246 0.026348326106866202 -0.012791894376277922
leaf_weight=864 36 12 48 11.999999999999998 24 12 24 24 12 12 60 120 12 24 60 12 11.999999999999998 24 11.999999999999998 11.999999999999998 11.999999999999998 11.999999999999998 36 36 60 48 24 12 48 12
leaf_count=864 36 12 48 12 24 12 24 24 12 12 60 120 12 24 60 12 12 24 12 12 12 12 36 36 60 48 24 12 48 12
internal_value=-7.66832e-10 0.00732382 0.0342965 0.0700945 -0.0730975 -0.00616251 0.106603 -0.018692 -0.142247 0.0907736 0.0115281 -0.00324761 -0.375268 -0.011617 0.0636345 0.345246 0.0102358 -0.0424546 -0.157764 0.0728552 0.0328174 -0.0255675 0.0912022 0.0405096 -0.0786366 -0.0052313 -0.0444129 0.0571536 -0.0951961 -0.140553
internal_weight=1728 720 240 180 60 480 48 432 48 24 132 384 24 360 72 24 240 72 36 36 168 84 84 72 72 1008 144 48 96 24
internal_count=1728 720 240 180 60 480 48 432 48 24 132 384 24 360 72 24 240 72 36 36 168 84 84 72 72 1008 144 48 96 24
is_linear=0
shrinkage=0.05


Tree=282
num_leaves=31
num_cat=0
split_feature=0 6 0 4 6 6 0 0 0 6 4 1 0 0 1 6 0 0 0 2 0 6 6 1 6 6 4 2 0 1
split_gain=25.841 89.3336 56.1167 32.7693 66.6343 30.076 77.6557 41.207 18.6615 97.1885 601.339 976.107 503.579 425.607 658.566 772.371 424.727 307.067 283.958 185.884 256.215 231.384 111.582 73.1297 251.911 504.014 513.698 493.089 475.731 467.921
threshold=840329.43250000023 0.25000000000000006 1048200.1775000001 84.478000000000009 0.15000000000000005 0.15000000000000005 1182183.7235000001 1182183.7235000001 22666.579000000002 0.15000000000000005 6.4535000000000009 5600.7615000000014 7391.9660000000013 12036.576500000001 7848.9580000000014 0.25000000000000006 4747.4170000000004 19740.918500000003 19740.918500000003 42.413500000000006 4747.4170000000004 0.25000000000000006 0.25000000000000006 10279.872000000001 0.15000000000000005 0.25000000000000006 149.54050000000004 74.129500000000021 44158.321000000004 7047.768500000001
decision_type=2 2 2 2 2 2 2 2 2 2 2 2 2 2 2 2 2 2 2 2 2 2 2 2 2 2 2 2 2 2
left_child=8 3 -3 4 -2 7 -7 -5 9 10 -1 12 16 19 15 -15 -12 -17 -14 20 -11 -22 -16 24 28 26 27 -26 29 -10
right_child=1 2 -4 5 -6 6 -8 -9 23 13 11 -13 18 14 22 17 -18 -19 -20 -21 21 -23 -24 -25 25 -27 -28 -29 -30 -31
leaf_value=-0.31066248416900638 0.091445440053939814 -0.12891293764114381 0.0035123646259307864 -0.025406992435455317 -0.075180792808532709 0.20920600891113278 0.029326817393302913 0.10562583208084105 -0.27355687618255614 -0.0027072611264884472 -0.019359940787156426 0.48759048779805503 0.19401554862658185 -0.29696210622787478 0.24550421237945552 -0.08632946030961143 -0.36284165382385258 0.20572609901428224 -0.086835461854934695 -0.014215235908826195 0.38357949256896973 0.073079997301101679 0.029882961511611933 -0.0057973075919768684 0.23329344987869263 -0.023438839117685954 -0.17911452054977417 -0.02840216625481844 -0.23691019415855408 0.063683194915453586
leaf_weight=11.999999999999998 12 11.999999999999998 24 12 12 12 12 12 11.999999999999998 24 36 11.999999999999998 36 48 12 36 11.999999999999998 11.999999999999998 11.999999999999998 72 12 12 12 936 72 108 11.999999999999998 24 24 72
leaf_count=12 12 12 24 12 12 12 12 12 12 24 36 12 36 48 12 36 12 12 12 72 12 12 12 936 72 108 12 24 24 72
internal_value=2.94973e-10 0.0236809 -0.0406294 0.0558361 0.00813232 0.0796879 0.119266 0.0401094 -0.00157873 -0.0116184 0.0251218 0.0624311 0.00928621 -0.0299885 -0.0965724 -0.155139 -0.10523 -0.0133156 0.123803 0.0365954 0.112811 0.22833 0.137694 0.00128975 0.0217635 0.0529385 0.129316 0.16787 -0.0405865 0.015506
internal_weight=1728 108 36 72 24 48 24 24 1620 360 120 108 96 240 120 96 48 48 48 120 48 24 24 1260 324 216 108 96 108 84
internal_count=1728 108 36 72 24 48 24 24 1620 360 120 108 96 240 120 96 48 48 48 120 48 24 24 1260 324 216 108 96 108 84
is_linear=0
shrinkage=0.05


Tree=283
num_leaves=31
num_cat=0
split_feature=1 6 4 0 0 1 6 0 6 0 4 0 0 1 0 0 4 6 3 3 6 1 4 4 3 0 1 6 0 0
split_gain=24.3749 92.7018 330.008 617.988 403.437 245.262 986.836 297.056 940.886 196.721 149.787 145.942 135.997 123.364 115.919 114.011 102.303 345.598 493.17 396.425 199.212 509.888 471.736 394.219 245.63 96.7094 91.4185 268.127 677.313 511.975
threshold=14745.336000000001 0.15000000000000005 52.267500000000005 208019.18150000004 164842.97150000001 15904.846000000003 0.25000000000000006 137286.37700000001 0.25000000000000006 100590.71350000003 87.761500000000012 145818.27200000003 100590.71350000003 28539.301500000005 121294.55000000002 507657.76500000007 71.970000000000013 0.25000000000000006 107.29100000000001 107.29100000000001 0.25000000000000006 31361.745000000006 80.169000000000011 95.752500000000012 95.222000000000023 1048200.1775000001 12485.131000000003 0.25000000000000006 90630.424000000014 90630.424000000014
decision_type=2 2 2 2 2 2 2 2 2 2 2 2 2 2 2 2 2 2 2 2 2 2 2 2 2 2 2 2 2 2
left_child=26 2 4 -4 -2 6 14 8 12 -10 15 -9 -7 -13 -3 -5 17 18 -15 -19 22 -22 -18 25 -23 -24 -1 29 -29 -28
right_child=1 5 3 10 -6 7 -8 11 9 -11 -12 13 -14 16 -16 -17 20 19 -20 -21 21 24 23 -25 -26 -27 27 28 -30 -31
leaf_value=0.0011283906521620576 -0.17501394351323446 0.43815898895263666 0.21988435983657839 -0.081685882806777965 0.089638964831829079 -0.23719172477722164 -0.12514812946319581 0.11646787226200105 -0.056624573469161978 0.22967414855957027 -0.047963703572750094 -0.052266443967819209 -0.47523703575134268 -0.28044476509094241 0.2183874130249023 0.087141687572002413 0.37587983608245851 0.1868255913257599 0.11213074922561646 -0.16514434814453127 0.2784942865371704 -0.28004853725433348 -0.19562445878982546 0.1542642374833425 -0.032243200419470673 -0.021780639886856079 -0.20561370402574541 0.24240676164627076 -0.13323524631559849 0.02532078226407369
leaf_weight=864 36 12 48 11.999999999999998 24 12 24 24 12 12 60 120 12 24 12 60 11.999999999999998 24 11.999999999999998 11.999999999999998 11.999999999999998 11.999999999999998 11.999999999999998 36 60 24 48 24 24 48
leaf_count=864 36 12 48 12 24 12 24 24 12 12 60 120 12 24 12 60 12 24 12 12 12 12 12 36 60 24 48 24 24 48
internal_value=-5.59764e-10 0.00702641 0.0323989 0.0662494 -0.0691528 -0.00565983 0.101563 -0.0175734 -0.134845 0.0865248 0.0103822 -0.0029145 -0.356214 -0.0108733 0.328273 0.0590038 0.00982323 -0.040042 -0.149586 0.0695023 0.031194 -0.0232529 0.085641 0.0372678 -0.0735441 -0.0797286 -0.00501886 -0.0419024 0.0545858 -0.0901465
internal_weight=1728 720 240 180 60 480 48 432 48 24 132 384 24 360 24 72 240 72 36 36 168 84 84 72 72 36 1008 144 48 96
internal_count=1728 720 240 180 60 480 48 432 48 24 132 384 24 360 24 72 240 72 36 36 168 84 84 72 72 36 1008 144 48 96
is_linear=0
shrinkage=0.05


Tree=284
num_leaves=31
num_cat=0
split_feature=0 0 0 6 6 0 6 4 4 6 0 1 6 2 0 2 2 6 2 2 6 3 0 1 3 0 0 0 0 3
split_gain=22.7088 66.7635 112.963 145.954 156.381 70.2595 42.409 373.227 170.495 122.802 97.173 42.2523 82.8215 530.712 332.005 412.549 207.274 986.563 2283.51 1247.79 745.925 737.198 898.313 555.441 600.281 493.189 297.867 414.097 157.855 154.71
threshold=208019.18150000004 145818.27200000003 121294.55000000002 0.25000000000000006 0.15000000000000005 137286.37700000001 0.15000000000000005 122.55800000000001 122.55800000000001 0.25000000000000006 164842.97150000001 10279.872000000001 0.25000000000000006 78.163500000000013 55159.639500000012 50.303500000000007 78.163500000000013 0.15000000000000005 106.31000000000002 106.31000000000002 0.15000000000000005 76.597500000000011 100590.71350000003 15904.846000000003 50.303500000000007 68725.196500000005 68725.196500000005 80810.85000000002 87041.996000000028 76.597500000000011
decision_type=2 2 2 2 2 2 2 2 2 2 2 2 2 2 2 2 2 2 2 2 2 2 2 2 2 2 2 2 2 2
left_child=1 2 11 4 5 -4 7 10 -8 -10 -3 -1 16 14 -14 -16 20 19 -19 28 23 22 26 24 25 -13 -22 -28 -18 -26
right_child=-2 6 3 -5 -6 -7 8 -9 9 -11 -12 12 13 -15 15 -17 17 18 -20 -21 21 -23 -24 -25 29 -27 27 -29 -30 -31
leaf_value=0.0039279455787431423 0.0099278571756763606 -0.21108574867248531 0.10645208358764646 -0.039862801134586338 0.20140029191970826 -0.064646732807159421 -0.0086971253156661998 0.23103973865509034 -0.28501560688018795 -0.05881319046020507 -0.0098675288259983049 0.1381339192390442 0.23434203267097475 -0.15134131014347077 0.068711593871315327 -0.24794628620147707 -0.47951946258544914 0.50860826969146733 -0.33613834381103519 0.27315783500671387 -0.2003887176513672 -0.33367380301157634 -0.45147519111633305 0.24903438091278077 0.27721593379974369 -0.23199715349409314 0.33249151706695557 -0.0066647887229919437 -0.2230572462081909 0.05733652561903
leaf_weight=684 432 12 12 24 24 12 48 11.999999999999998 12 12 12 11.999999999999998 24 36 72 11.999999999999998 12 24 11.999999999999998 11.999999999999998 11.999999999999998 36 11.999999999999998 24 11.999999999999998 36 11.999999999999998 36 12 24
leaf_count=684 432 12 12 24 24 12 48 12 12 12 12 12 24 36 72 12 12 24 12 12 12 36 12 24 12 36 12 36 12 24
internal_value=1.64275e-10 -0.00330929 0.000112404 0.0608134 0.111151 0.0209027 -0.0409479 0.00336215 -0.0631029 -0.171914 -0.110477 -0.00380379 -0.0160457 0.0149153 0.0703341 0.0234748 -0.0315262 0.0419432 0.227026 -0.14314 -0.056016 -0.148932 -0.0565611 0.0369 -0.0237098 -0.139464 0.0224217 0.0781243 -0.351288 0.13063
internal_weight=1728 1296 1188 72 48 24 108 36 72 24 24 1116 432 144 108 84 288 72 36 36 216 108 72 108 84 48 60 48 24 36
internal_count=1728 1296 1188 72 48 24 108 36 72 24 24 1116 432 144 108 84 288 72 36 36 216 108 72 108 84 48 60 48 24 36
is_linear=0
shrinkage=0.05


Tree=285
num_leaves=31
num_cat=0
split_feature=0 6 4 1 1 0 1 6 0 0 3 2 0 6 3 0 6 0 1 1 6 6 4 6 2 0 2 6 0 0
split_gain=23.1863 87.7127 548.479 816.916 470.631 384.111 594.356 697.065 310.198 277.128 202.805 167.76 231.234 208.824 138.572 106.252 100.703 67.0253 65.3367 55.7057 758.05 77.827 61.9553 65.1339 462.721 477.761 117.166 378.986 1428.03 357.641
threshold=22666.579000000002 0.15000000000000005 10.340000000000002 5600.7615000000014 2158.8095000000008 12036.576500000001 7848.9580000000014 0.25000000000000006 4747.4170000000004 19740.918500000003 30.154500000000002 42.413500000000006 4747.4170000000004 0.25000000000000006 36.979000000000006 16052.3765 0.25000000000000006 18495.691000000003 4540.7175000000016 7047.768500000001 0.15000000000000005 0.25000000000000006 25.389500000000002 0.15000000000000005 78.163500000000013 164842.97150000001 78.163500000000013 0.25000000000000006 164842.97150000001 164842.97150000001
decision_type=2 2 2 2 2 2 2 2 2 2 2 2 2 2 2 2 2 2 2 2 2 2 2 2 2 2 2 2 2 2
left_child=1 2 15 4 8 11 7 17 -4 18 -6 12 -3 -14 -12 -1 -8 -7 -9 20 -2 -22 23 24 -21 -26 -25 28 -28 -29
right_child=19 5 3 -5 10 6 16 9 -10 -11 14 -13 13 -15 -16 -17 -18 -19 -20 22 21 -23 -24 26 25 -27 27 29 -30 -31
leaf_value=-0.084974110126495361 -0.26013185977935793 -0.0028247149661183358 0.014559787511825559 0.46295812924702961 0.28063411712646485 -0.38470301628112796 0.23297619819641111 0.012994574010372163 -0.34495239257812499 0.19518697261810303 -0.034133230894804002 -0.013757293423016868 0.36414768695831295 0.069173181056976313 0.13577587306499481 -0.29538216590881344 0.028135997056961057 -0.24825474421183269 -0.12989599506060284 0.078025072813034058 0.31662099361419677 0.13654341697692871 0.0050667114339467863 -0.061120106279850012 -0.45554351806640619 -0.0093741521239280694 0.57553505897521962 -0.28415355682373045 -0.19583498239517211 0.10187354087829588
leaf_weight=12 11.999999999999998 24 12 11.999999999999998 11.999999999999998 11.999999999999998 12 11.999999999999998 12 11.999999999999998 24 72 12 12 24 12 12 36 24 24 12 12 1188 48 12 12 12 12 12 12
leaf_count=12 12 24 12 12 12 12 12 12 12 12 24 72 12 12 24 12 12 36 24 24 12 12 1188 48 12 12 12 12 12 12
internal_value=-5.2969e-10 -0.0112903 0.0236129 0.0770606 0.0219324 -0.0287419 -0.0919965 -0.147635 -0.165196 -0.0129026 0.0967839 0.0345128 0.106918 0.21666 0.0508213 -0.190178 0.130556 -0.282367 -0.0822658 0.00297113 0.0643442 0.226582 0.0013124 -0.0296607 -0.0772169 -0.232459 -0.00588255 0.049355 0.18985 -0.09114
internal_weight=1728 360 120 96 84 240 120 96 24 48 60 120 48 24 48 24 24 48 36 1368 36 24 1332 144 48 24 96 48 24 24
internal_count=1728 360 120 96 84 240 120 96 24 48 60 120 48 24 48 24 24 48 36 1368 36 24 1332 144 48 24 96 48 24 24
is_linear=0
shrinkage=0.05


Tree=286
num_leaves=31
num_cat=0
split_feature=0 6 4 1 1 0 1 6 0 0 3 2 0 6 3 0 6 0 1 1 6 6 4 6 2 2 3 1 3 0
split_gain=20.9256 79.1607 495.002 737.266 424.744 346.66 536.406 629.101 279.953 250.108 183.032 151.403 208.689 188.464 125.061 95.8922 90.8843 60.4903 58.9664 50.2744 684.14 70.2389 55.9146 62.2662 167.415 188.879 234.916 456.341 216.467 318.194
threshold=22666.579000000002 0.15000000000000005 10.340000000000002 5600.7615000000014 2158.8095000000008 12036.576500000001 7848.9580000000014 0.25000000000000006 4747.4170000000004 19740.918500000003 30.154500000000002 42.413500000000006 4747.4170000000004 0.25000000000000006 36.979000000000006 16052.3765 0.25000000000000006 18495.691000000003 4540.7175000000016 7047.768500000001 0.15000000000000005 0.25000000000000006 25.389500000000002 0.25000000000000006 127.01650000000002 117.89800000000001 48.804500000000012 15904.846000000003 67.669000000000025 74959.462500000009
decision_type=2 2 2 2 2 2 2 2 2 2 2 2 2 2 2 2 2 2 2 2 2 2 2 2 2 2 2 2 2 2
left_child=1 2 15 4 8 11 7 17 -4 18 -6 12 -3 -14 -12 -1 -8 -7 -9 20 -2 -22 -21 -24 25 26 27 -25 -28 -30
right_child=19 5 3 -5 10 6 16 9 -10 -11 14 -13 13 -15 -16 -17 -18 -19 -20 22 21 -23 23 24 -26 -27 28 -29 29 -31
leaf_value=-0.080725407600402824 -0.24712524414062501 -0.0026834789663553239 0.013831797242164609 0.43981021444002794 0.26660242080688479 -0.36546785831451417 0.22132737636566158 0.0123448446393013 -0.32770476341247556 0.18542762994766238 -0.032426570355892186 -0.013069427013397217 0.34594030380249019 0.065714520215988156 0.12898707985877991 -0.28061306476593012 0.026729196310043331 -0.23584200541178385 -0.1234011898438136 -0.028177622333168985 0.30078995227813721 0.12971624135971069 0.012907557550704841 -0.0046002265065908437 -0.13936779834330082 0.13254971355199816 -0.1237992323935032 0.23916068077087405 0.11860250333944958 -0.049097215392711488
leaf_weight=12 11.999999999999998 24 12 11.999999999999998 11.999999999999998 11.999999999999998 12 11.999999999999998 12 11.999999999999998 24 72 12 12 24 12 12 36 24 144 12 12 792 96 24 24 60 24 36 132
leaf_count=12 12 24 12 12 12 12 12 12 12 12 24 72 12 12 24 12 12 36 24 144 12 12 792 96 24 24 60 24 36 132
internal_value=-3.38682e-10 -0.0107258 0.0224322 0.0732076 0.0208358 -0.0273048 -0.0873967 -0.140253 -0.156936 -0.0122575 0.0919447 0.0327871 0.101572 0.205827 0.0482803 -0.180669 0.124028 -0.268248 -0.0781525 0.00282258 0.061127 0.215253 0.00124678 0.00481338 -0.011375 -0.00311739 -0.0124737 0.044152 -0.0422767 -0.0131616
internal_weight=1728 360 120 96 84 240 120 96 24 48 60 120 48 24 48 24 24 48 36 1368 36 24 1332 1188 396 372 348 120 228 168
internal_count=1728 360 120 96 84 240 120 96 24 48 60 120 48 24 48 24 24 48 36 1368 36 24 1332 1188 396 372 348 120 228 168
is_linear=0
shrinkage=0.05


Tree=287
num_leaves=31
num_cat=0
split_feature=0 6 4 6 4 6 6 2 2 4 0 0 0 0 0 0 0 2 0 3 6 1 1 3 1 4 2 0 1 1
split_gain=22.4355 22.2049 16.4752 269.515 380.917 445.227 271.916 481.442 322.001 201.627 237.202 519.904 197.625 130.105 121.555 95.6589 95.0194 50.7145 46.0338 42.2536 129.125 413.592 510.994 938.948 529.314 465.479 415.309 932.655 401.328 330.927
threshold=1182183.7235000001 0.15000000000000005 133.21950000000004 0.15000000000000005 137.47000000000003 0.25000000000000006 0.25000000000000006 49.048000000000009 50.303500000000007 137.47000000000003 93897.382000000027 100590.71350000003 100590.71350000003 100590.71350000003 208019.18150000004 208019.18150000004 93897.382000000027 30.574000000000002 208019.18150000004 31.992000000000001 0.15000000000000005 2158.8095000000008 6575.9135000000015 68.52800000000002 5600.7615000000014 56.118500000000004 78.163500000000013 137286.37700000001 31361.745000000006 2158.8095000000008
decision_type=2 2 2 2 2 2 2 2 2 2 2 2 2 2 2 2 2 2 2 2 2 2 2 2 2 2 2 2 2 2
left_child=2 -2 19 9 5 18 7 12 13 15 17 -12 -6 -8 -7 -4 -9 -11 -5 -1 21 -21 24 25 -23 -24 28 -28 -25 -22
right_child=1 -3 3 4 6 14 8 16 -10 10 11 -13 -14 -15 -16 -17 -18 -19 -20 20 29 22 23 26 -26 -27 27 -29 -30 -31
leaf_value=-0.021491378403845289 0.094592350721359256 0.011291510239243508 -0.13821507692337034 0.31496822834014893 -0.18128916025161745 0.053688299655914297 0.012437178815404576 -0.0745056927204132 -0.22961235046386719 0.13032851219177247 -0.2213913361231486 0.24404015541076657 -0.42980012893676761 0.20254349708557129 -0.17136262655258178 0.061429309844970692 0.12447025775909422 0.25621849298477173 0.17647366523742675 -0.31131951808929448 0.1955360472202301 0.046548587456345561 -0.25126822710037233 0.14298790224960872 0.41781972249348959 -0.042369501292705537 -0.3220802664756775 0.031344556914908547 -0.088850888609886172 0.0069922845529314763
leaf_weight=252 11.999999999999998 24 12 12 24 12 36 12 11.999999999999998 11.999999999999998 12 12 11.999999999999998 11.999999999999998 12 12 12 24 12 11.999999999999998 24 48 60 84 11.999999999999998 48 24 84 24 768
leaf_count=252 12 24 12 12 24 12 36 12 12 12 12 12 12 12 12 12 12 24 12 12 24 48 60 84 12 48 24 84 24 768
internal_value=-2.51371e-10 0.0390585 -0.000831031 0.0109631 -0.0256003 0.0934419 -0.0732171 -0.148483 0.00204854 0.0840898 0.133083 0.0113244 -0.264126 0.0599638 -0.0588372 -0.0383929 0.0249823 0.214255 0.245721 -0.002895 0.00104968 -0.0222624 -0.0132294 -0.0380502 0.120803 -0.158424 0.0221369 -0.0471943 0.0914682 0.0127057
internal_weight=1728 36 1692 252 168 48 120 60 60 84 60 24 36 48 24 24 24 36 24 1440 1188 396 384 324 60 108 216 108 108 792
internal_count=1728 36 1692 252 168 48 120 60 60 84 60 24 36 48 24 24 24 36 24 1440 1188 396 384 324 60 108 216 108 108 792
is_linear=0
shrinkage=0.05


Tree=288
num_leaves=31
num_cat=0
split_feature=0 6 4 2 1 0 1 0 6 0 3 2 0 6 3 6 0 1 6 4 2 6 4 0 2 1 4 2 2 0
split_gain=21.1055 109.333 439.495 577.064 369.64 295.107 435.566 271.634 306.498 230.593 163.608 123.933 170.841 170.088 111.652 82.0231 73.502 61.1579 311.294 452.712 663.561 329.542 488.817 451.027 246.037 216.637 147.024 122.116 114.785 71.0785
threshold=27705.340000000004 0.15000000000000005 8.3360000000000021 57.764500000000005 2158.8095000000008 12036.576500000001 7848.9580000000014 19740.918500000003 0.25000000000000006 4747.4170000000004 30.154500000000002 42.413500000000006 4747.4170000000004 0.25000000000000006 36.979000000000006 0.25000000000000006 16052.3765 10279.872000000001 0.15000000000000005 149.54050000000004 74.129500000000021 0.25000000000000006 28.488500000000005 38531.177500000013 67.669000000000025 9241.5975000000017 49.236500000000007 74.89200000000001 74.89200000000001 55159.639500000012
decision_type=2 2 2 2 2 2 2 2 2 2 2 2 2 2 2 2 2 2 2 2 2 2 2 2 2 2 2 2 2 2
left_child=1 2 16 4 9 11 7 8 -7 -4 -6 12 -3 -14 -12 -8 -1 18 19 20 24 22 -20 -24 -2 26 -23 -27 -25 -19
right_child=17 5 3 -5 10 6 15 -9 -10 -11 14 -13 13 -15 -16 -17 -18 29 21 -21 -22 25 23 28 -26 27 -28 -29 -30 -31
leaf_value=-0.079016566276550293 -0.12939656674861907 -0.0028989192564040423 0.014214776456356047 0.39692872563997905 0.25434687137603762 -0.28044265111287436 0.20991139411926266 -0.023725546896457672 -0.07411977392103937 -0.29575355052947994 -0.03143167346715927 -0.012290840347607931 0.31886649131774902 0.052651989459991444 0.10779487689336141 0.02504312396049499 -0.25401899814605711 -0.035230103259285293 0.32109338045120239 0.23716962337493896 0.13105608820915224 0.14870339632034302 -0.11644437909126282 0.19366393884023031 -0.38252151012420654 -0.16741976737976075 -0.011062073955933255 0.027929204702377322 0.015100663403669994 0.0026043097890085646
leaf_weight=12 48 24 12 11.999999999999998 11.999999999999998 36 12 48 36 12 24 72 12 12 36 12 12 144 24 11.999999999999998 24 24 24 36 11.999999999999998 24 36 11.999999999999998 11.999999999999998 900
leaf_count=12 48 24 12 12 12 36 12 48 36 12 24 72 12 12 36 12 12 144 24 12 24 24 24 36 12 24 36 12 12 900
internal_value=-4.24054e-10 -0.0101344 0.0270202 0.0700287 0.0291662 -0.0287118 -0.0769696 -0.115859 -0.177281 -0.140769 0.0858114 0.0291976 0.0914302 0.185759 0.0521043 0.117477 -0.166518 0.00301294 0.0234114 -0.0501032 -0.0911422 0.0601688 0.125674 0.060534 -0.180022 -0.00533622 0.0528441 -0.102303 0.149023 -0.00261423
internal_weight=1728 396 132 108 96 264 144 120 72 24 72 120 48 24 60 24 24 1332 288 96 84 192 96 72 60 96 60 36 48 1044
internal_count=1728 396 132 108 96 264 144 120 72 24 72 120 48 24 60 24 24 1332 288 96 84 192 96 72 60 96 60 36 48 1044
is_linear=0
shrinkage=0.05


Tree=289
num_leaves=31
num_cat=0
split_feature=0 6 0 6 4 2 1 0 1 0 6 0 3 2 0 6 3 6 0 1 6 3 1 6 4 0 1 0 3 4
split_gain=20.1062 20.0399 16.1642 98.6733 396.644 520.8 333.6 266.334 393.099 245.15 276.614 208.11 147.656 111.849 154.184 153.505 100.766 74.0258 66.3356 61.1938 280.943 410.544 520.517 297.411 441.157 407.052 195.515 168.108 139.958 132.689
threshold=1182183.7235000001 0.15000000000000005 27705.340000000004 0.15000000000000005 8.3360000000000021 57.764500000000005 2158.8095000000008 12036.576500000001 7848.9580000000014 19740.918500000003 0.25000000000000006 4747.4170000000004 30.154500000000002 42.413500000000006 4747.4170000000004 0.25000000000000006 36.979000000000006 0.25000000000000006 16052.3765 10279.872000000001 0.15000000000000005 52.614000000000004 9804.0705000000016 0.25000000000000006 28.488500000000005 38531.177500000013 9241.5975000000017 44158.321000000004 30.583500000000004 49.236500000000007
decision_type=2 2 2 2 2 2 2 2 2 2 2 2 2 2 2 2 2 2 2 2 2 2 2 2 2 2 2 2 2 2
left_child=2 -2 3 4 18 6 11 13 9 10 -9 -6 -8 14 -5 -16 -14 -10 -1 20 21 28 27 24 -22 -26 29 -23 -4 -25
right_child=1 -3 19 7 5 -7 12 8 17 -11 -12 -13 16 -15 15 -17 -18 -19 -20 -21 23 22 -24 26 25 -27 -28 -29 -30 -31
leaf_value=-0.07506573796272277 0.089732515811920169 0.010596719570457935 0.016177649796009063 -0.0027539733797311786 0.013504038751125333 0.37708230813344323 0.24162952899932863 -0.26642051537831629 0.19941582679748535 -0.02253927141427994 -0.070413785841729901 -0.28096587657928462 -0.029860089719295504 -0.011676299571990968 0.30292315483093257 0.050019389390945426 0.1024051308631897 0.023790967464447019 -0.24131803512573238 -0.0038927622109888095 0.30503870248794557 -0.14730127255121869 0.16684813499450685 0.14126822948455811 -0.11062215864658356 0.14157196183999379 -0.097188270092010504 -0.36339542865753177 0.22531116008758545 -0.010508969922860463
leaf_weight=12 11.999999999999998 24 24 24 12 11.999999999999998 11.999999999999998 36 12 48 36 12 24 72 12 12 36 12 12 1008 24 36 11.999999999999998 24 24 48 36 11.999999999999998 11.999999999999998 36
leaf_count=12 12 24 24 24 12 12 12 36 12 48 36 12 24 72 12 12 36 12 12 1008 24 36 12 24 24 48 36 12 12 36
internal_value=-2.84571e-11 0.0369753 -0.000786709 -0.00962773 0.0256692 0.0665272 0.0277079 -0.0272762 -0.0731211 -0.110066 -0.168417 -0.133731 0.0815208 0.0277377 0.0868586 0.176471 0.049499 0.111603 -0.158192 0.00191471 0.0222409 -0.0475981 -0.12769 0.0571604 0.11939 0.0575073 -0.00506941 -0.201325 0.0858888 0.0502019
internal_weight=1728 36 1692 396 132 108 96 264 144 120 72 24 72 120 48 24 60 24 24 1296 288 96 60 192 96 72 96 48 36 60
internal_count=1728 36 1692 396 132 108 96 264 144 120 72 24 72 120 48 24 60 24 24 1296 288 96 60 192 96 72 96 48 36 60
is_linear=0
shrinkage=0.05


Tree=290
num_leaves=31
num_cat=0
split_feature=2 4 6 0 0 6 6 0 0 6 4 3 4 6 0 6 0 0 2 4 6 3 3 6 3 4 4 0 0 0
split_gain=19.2423 83.2003 170.821 610.198 244.136 1600.81 1277.82 154.712 108.244 95.3625 303.509 291.622 241.955 212.515 137.888 176.44 469.857 101.41 94.9426 87.0039 453.398 428.125 306.932 232.707 514.337 437.274 378.281 195.804 86.7844 83.726
threshold=71.424500000000009 28.488500000000005 0.15000000000000005 45843.734500000013 45843.734500000013 0.25000000000000006 0.25000000000000006 164842.97150000001 164842.97150000001 0.15000000000000005 38.12850000000001 23.917000000000005 42.097000000000008 0.25000000000000006 208019.18150000004 0.25000000000000006 87041.996000000028 137286.37700000001 74.129500000000021 71.970000000000013 0.25000000000000006 107.29100000000001 107.29100000000001 0.25000000000000006 43.144500000000008 80.169000000000011 95.752500000000012 1048200.1775000001 1048200.1775000001 507657.76500000007
decision_type=2 2 2 2 2 2 2 2 2 2 2 2 2 2 2 2 2 2 2 2 2 2 2 2 2 2 2 2 2 2
left_child=-1 2 3 -2 5 -4 7 -6 -8 10 -3 13 -12 -11 15 16 -13 -18 -14 20 21 -16 -22 25 -25 -21 28 -26 -27 -20
right_child=1 9 4 -5 6 -7 8 -9 -10 11 12 14 18 -15 19 -17 17 -19 29 23 22 -23 -24 24 27 26 -28 -29 -30 -31
leaf_value=-0.0040869757188139134 -0.41329727172851566 0.21006883382797242 0.54977374076843255 0.023379670083522798 -0.43881549835205069 -0.26693046092987055 0.3102751016616821 -0.18491953611373901 0.097903555631637565 -0.31719942092895503 -0.19663466215133668 -0.02601126226751755 0.1717014789581299 -0.019629447162151335 -0.24000917673110964 -0.0051465742290019989 0.38963675498962402 0.18407860994338987 -0.018814420700073244 0.35540554523468021 0.13652423620224 0.10484391450881958 -0.15546718835830689 0.25157661437988282 -0.18075930277506513 -0.18752353191375734 0.17853329777717591 0.0036147208884358406 -0.022841623425483706 0.061158906420071928
leaf_weight=1080 11.999999999999998 24 12 24 12 12 12 12 12 12 11.999999999999998 24 11.999999999999998 12 36 48 12 12 60 11.999999999999998 36 11.999999999999998 11.999999999999998 11.999999999999998 36 11.999999999999998 24 24 24 72
leaf_count=1080 12 24 12 24 12 12 12 12 12 12 12 24 12 12 36 48 12 12 60 12 36 12 12 12 36 12 24 24 24 72
internal_value=4.56283e-10 0.00681163 -0.0332501 -0.122179 0.0112145 0.141422 -0.0538891 -0.311868 0.204089 0.014824 0.0445391 -3.35637e-05 0.0190729 -0.168414 0.0119936 0.0626383 0.130423 0.286858 0.0370486 -0.00826423 -0.0451348 -0.153796 0.0635264 0.0163161 -0.0472453 0.0798776 0.024772 -0.10701 -0.0777356 0.0248074
internal_weight=1728 648 108 36 72 24 48 24 24 540 180 360 156 24 336 96 48 24 144 240 96 48 48 144 72 72 60 60 36 132
internal_count=1728 648 108 36 72 24 48 24 24 540 180 360 156 24 336 96 48 24 144 240 96 48 48 144 72 72 60 60 36 132
is_linear=0
shrinkage=0.05


Tree=291
num_leaves=31
num_cat=0
split_feature=0 6 3 6 3 0 6 6 0 3 0 0 3 6 6 2 2 0 0 0 3 0 6 6 1 1 6 6 0 0
split_gain=17.431 16.4235 16.2492 68.0757 112.849 107.676 648.563 519.221 308.252 114.054 85.8555 46.727 41.3548 222.44 300.762 810.852 197.1 124.612 52.0611 34.218 30.7685 35.6811 205.333 30.2953 403.956 288.419 138.538 57.7549 82.0379 46.8178
threshold=1182183.7235000001 0.15000000000000005 29.406000000000002 0.25000000000000006 27.516500000000004 63082.982000000011 0.15000000000000005 0.15000000000000005 47382.240000000013 12.640500000000001 27705.340000000004 27705.340000000004 31.992000000000001 0.25000000000000006 0.15000000000000005 31.426500000000004 31.426500000000004 80810.85000000002 80810.85000000002 55159.639500000012 42.413500000000006 121294.55000000002 0.25000000000000006 0.15000000000000005 2158.8095000000008 2158.8095000000008 0.25000000000000006 0.25000000000000006 18495.691000000003 18495.691000000003
decision_type=2 2 2 2 2 2 2 2 2 2 2 2 2 2 2 2 2 2 2 2 2 2 2 2 2 2 2 2 2 2
left_child=2 -2 3 5 10 7 -7 9 11 -1 -5 -9 13 14 15 -4 -15 -17 -16 -10 21 23 -23 24 -14 26 -25 28 -27 -26
right_child=1 -3 12 4 -6 6 -8 8 19 -11 -12 -13 20 16 18 17 -18 -19 -20 -21 -22 22 -24 25 29 27 -28 -29 -30 -31
leaf_value=0.25112850666046144 0.082187944650650033 0.01054755561053753 0.22200117111206055 -0.11924771070480347 -0.16759120225906374 -0.090721601247787484 0.27686138153076173 0.081544411182403562 -0.30133945941925044 0.073134770989418035 0.030278883129358294 -0.057988995313644404 -0.26671323776245121 -0.041496638953685765 -0.19056768814722699 -0.075075012445449826 0.16114245057106019 -0.30293827056884765 -0.070312011241912845 -0.18193476200103759 -0.0025008459945886651 0.1495182454586029 -0.10379304885864259 0.28798136711120603 0.018749541044235228 -0.0068377226591110219 0.047722771763801575 0.010411442629992962 -0.19172273874282836 0.15841856002807617
leaf_weight=11.999999999999998 11.999999999999998 24 24 11.999999999999998 11.999999999999998 24 24 12 12 36 48 12 11.999999999999998 24 36 12 24 12 11.999999999999998 12 1188 24 11.999999999999998 12 12 12 12 24 12 12
leaf_count=12 12 24 24 12 12 24 24 12 12 36 48 12 12 24 36 12 24 12 12 12 1188 24 12 12 12 12 12 24 12 12
internal_value=-1.98149e-10 0.0344277 -0.000732504 0.0120761 -0.0276206 0.0319245 0.0930699 0.00135175 -0.11493 0.117633 0.000373564 0.0117777 -0.00260694 -0.0280612 -0.0720033 0.0164973 0.0598229 -0.189007 -0.160504 -0.241637 0.000144875 0.0219721 0.0650811 0.00760238 -0.0298484 0.0263278 0.167852 -0.0444344 -0.0992802 0.0885841
internal_weight=1728 36 1692 216 72 144 48 96 48 48 60 24 1476 144 96 48 48 24 48 24 1332 144 36 108 36 72 24 48 24 24
internal_count=1728 36 1692 216 72 144 48 96 48 48 60 24 1476 144 96 48 48 24 48 24 1332 144 36 108 36 72 24 48 24 24
is_linear=0
shrinkage=0.05


Tree=292
num_leaves=31
num_cat=0
split_feature=2 4 6 0 0 6 6 0 0 6 4 3 4 6 0 6 0 0 2 4 6 3 3 6 3 4 4 0 0 0
split_gain=17.2856 74.5365 154.166 550.703 220.333 1444.73 1153.23 139.627 97.6902 78.8345 256.907 243.139 217.052 169.956 125.211 161.977 420.097 91.5225 86.583 78.2288 409.192 386.383 277.006 210.018 464.544 394.968 342.009 176.056 77.9967 75.6634
threshold=71.424500000000009 28.488500000000005 0.15000000000000005 45843.734500000013 45843.734500000013 0.25000000000000006 0.25000000000000006 164842.97150000001 164842.97150000001 0.15000000000000005 38.12850000000001 23.917000000000005 42.097000000000008 0.25000000000000006 208019.18150000004 0.25000000000000006 87041.996000000028 137286.37700000001 74.129500000000021 71.970000000000013 0.25000000000000006 107.29100000000001 107.29100000000001 0.25000000000000006 43.144500000000008 80.169000000000011 95.752500000000012 1048200.1775000001 1048200.1775000001 507657.76500000007
decision_type=2 2 2 2 2 2 2 2 2 2 2 2 2 2 2 2 2 2 2 2 2 2 2 2 2 2 2 2 2 2
left_child=-1 2 3 -2 5 -4 7 -6 -8 10 -3 13 -12 -11 15 16 -13 -18 -14 20 21 -16 -22 25 -25 -21 28 -26 -27 -20
right_child=1 9 4 -5 6 -7 8 -9 -10 11 12 14 18 -15 19 -17 17 -19 29 23 22 -23 -24 24 27 26 -28 -29 -30 -31
leaf_value=-0.0038736053908036815 -0.39250738620758058 0.19334970116615297 0.52241005897521964 0.022335729375481606 -0.41674966812133785 -0.25345890522003173 0.29488637447357174 -0.17554851770401 0.093133419752120972 -0.28627247810363765 -0.186677885055542 -0.023198454025744775 0.16324144601821899 -0.020161919295787811 -0.22788366874059043 -0.0051739498972892765 0.37027995586395263 0.17499972581863402 -0.018505012989044192 0.337760329246521 0.12982306877772015 0.099726766347885132 -0.14756878614425659 0.23912281990051271 -0.17159628868103027 -0.17802231311798097 0.16973168253898621 0.0032328173518180849 -0.021900710463523865 0.05752026401460171
leaf_weight=1080 11.999999999999998 24 12 24 12 12 12 12 12 12 11.999999999999998 24 11.999999999999998 12 36 48 12 12 60 11.999999999999998 36 11.999999999999998 11.999999999999998 11.999999999999998 36 11.999999999999998 24 24 24 72
leaf_count=1080 12 24 12 24 12 12 12 12 12 12 12 24 12 12 36 48 12 12 60 12 36 12 12 12 36 12 24 24 24 72
internal_value=9.56681e-10 0.00645601 -0.0314626 -0.115945 0.0107788 0.134476 -0.0510696 -0.296149 0.19401 0.0140397 0.0410573 0.000530944 0.0176277 -0.153217 0.011513 0.0597734 0.124721 0.27264 0.0346532 -0.00779121 -0.042753 -0.145981 0.0604751 0.0155166 -0.0448667 0.0759 0.0235279 -0.101665 -0.0739412 0.0229633
internal_weight=1728 648 108 36 72 24 48 24 24 540 180 360 156 24 336 96 48 24 144 240 96 48 48 144 72 72 60 60 36 132
internal_count=1728 648 108 36 72 24 48 24 24 540 180 360 156 24 336 96 48 24 144 240 96 48 48 144 72 72 60 60 36 132
is_linear=0
shrinkage=0.05


Tree=293
num_leaves=31
num_cat=0
split_feature=2 4 6 0 0 6 6 0 0 6 4 3 4 6 0 6 0 0 2 0 0 4 6 3 3 6 3 4 4 0
split_gain=15.6002 67.2692 139.135 497.01 198.85 1303.87 1040.79 126.014 88.1654 71.1481 231.858 219.433 195.889 153.385 113.003 146.184 379.138 82.599 82.1968 163.744 95.902 70.6015 369.296 348.711 249.998 189.541 419.251 356.459 308.663 158.89
threshold=71.424500000000009 28.488500000000005 0.15000000000000005 45843.734500000013 45843.734500000013 0.25000000000000006 0.25000000000000006 164842.97150000001 164842.97150000001 0.15000000000000005 38.12850000000001 23.917000000000005 42.097000000000008 0.25000000000000006 208019.18150000004 0.25000000000000006 87041.996000000028 137286.37700000001 84.771000000000015 507657.76500000007 573241.87500000012 71.970000000000013 0.25000000000000006 107.29100000000001 107.29100000000001 0.25000000000000006 43.144500000000008 80.169000000000011 95.752500000000012 1048200.1775000001
decision_type=2 2 2 2 2 2 2 2 2 2 2 2 2 2 2 2 2 2 2 2 2 2 2 2 2 2 2 2 2 2
left_child=-1 2 3 -2 5 -4 7 -6 -8 10 -3 13 -12 -11 15 16 -13 -18 -14 -20 -21 22 23 -16 -24 27 -27 -23 -29 -28
right_child=1 9 4 -5 6 -7 8 -9 -10 11 12 14 18 -15 21 -17 17 -19 19 20 -22 25 24 -25 -26 26 29 28 -30 -31
leaf_value=-0.0036799263381571685 -0.37288200855255127 0.18368220925331116 0.49628958702087395 0.021218942105770112 -0.39591221809387206 -0.24078595638275144 0.28014206886291498 -0.16677109003067014 0.088476747274398804 -0.27195885181426999 -0.17734398841857912 -0.022038530426410338 0.098350481192270911 -0.019153822958469388 -0.21648949384689331 -0.0049152523279190063 0.35176594257354732 0.16624974012374877 -0.075956958532333377 0.1836777925491333 0.028837544023990632 0.32087230682373047 0.12333191533883413 0.094740426540374761 -0.14019035100936891 0.22716667652130129 -0.16301647822062176 -0.070244186123212191 0.16124508976936341 0.0030711762607097629
leaf_weight=1080 11.999999999999998 24 12 24 12 12 12 12 12 12 11.999999999999998 24 36 12 36 48 12 12 36 11.999999999999998 60 11.999999999999998 36 11.999999999999998 11.999999999999998 11.999999999999998 36 36 24 24
leaf_count=1080 12 24 12 24 12 12 12 12 12 12 12 24 36 12 36 48 12 12 36 12 60 12 36 12 12 12 36 36 24 24
internal_value=-3.14214e-10 0.00613321 -0.0298894 -0.110148 0.0102399 0.127752 -0.0485161 -0.281342 0.184309 0.0133377 0.0390044 0.000504393 0.0167463 -0.145556 0.0109373 0.0567847 0.118485 0.259008 0.0329205 0.0111105 0.0546443 -0.00740166 -0.0406153 -0.138682 0.0574513 0.0147408 -0.0426234 0.072105 0.0223515 -0.0965814
internal_weight=1728 648 108 36 72 24 48 24 24 540 180 360 156 24 336 96 48 24 144 108 72 240 96 48 48 144 72 72 60 60
internal_count=1728 648 108 36 72 24 48 24 24 540 180 360 156 24 336 96 48 24 144 108 72 240 96 48 48 144 72 72 60 60
is_linear=0
shrinkage=0.05


Tree=294
num_leaves=31
num_cat=0
split_feature=0 3 6 3 0 6 6 0 3 0 0 3 6 6 2 2 0 0 3 0 6 6 1 1 6 6 0 0 0 0
split_gain=15.7232 16.6464 61.8716 102.284 95.5623 585.328 414.059 249.346 82.4334 77.953 40.9808 35.8134 200.752 271.438 731.794 177.883 112.462 46.9852 29.254 32.2022 185.313 27.3415 364.57 260.299 125.031 52.1238 74.0392 42.2531 24.7624 22.9016
threshold=1182183.7235000001 29.406000000000002 0.25000000000000006 27.516500000000004 63082.982000000011 0.15000000000000005 0.15000000000000005 47382.240000000013 12.640500000000001 27705.340000000004 27705.340000000004 31.992000000000001 0.25000000000000006 0.15000000000000005 31.426500000000004 31.426500000000004 80810.85000000002 80810.85000000002 42.413500000000006 121294.55000000002 0.25000000000000006 0.15000000000000005 2158.8095000000008 2158.8095000000008 0.25000000000000006 0.25000000000000006 18495.691000000003 18495.691000000003 27705.340000000004 19740.918500000003
decision_type=2 2 2 2 2 2 2 2 2 2 2 2 2 2 2 2 2 2 2 2 2 2 2 2 2 2 2 2 2 2
left_child=1 2 4 9 6 -6 8 10 -1 -4 -8 12 13 14 -3 -14 -16 29 19 21 -21 22 -13 24 -23 26 -25 -24 -10 -15
right_child=-2 11 3 -5 5 -7 7 -9 28 -11 -12 18 15 17 16 -17 -18 -19 -20 20 -22 23 27 25 -26 -27 -28 -29 -30 -31
leaf_value=0.21972048282623291 0.03269768630464872 0.21127879619598389 -0.11290764808654785 -0.1588339686393738 -0.085807850956916815 0.26339600086212162 0.077844864130020133 -0.21541063189506532 0.0097541227936744704 0.029571338742971423 -0.052827697992324819 -0.25299990177154541 -0.039044129475951199 -0.23706002235412599 -0.070943588018417353 0.15346300601959229 -0.28741366863250728 -0.066418731212615975 -0.0026118670185708037 0.14242000877857208 -0.098225724697113048 0.27395997047424314 0.018189740180969236 -0.0061181597411632538 0.045714309811592101 0.010268547479063273 -0.18175892829895018 0.15087530612945554 0.097721526026725777 -0.1524624228477478
leaf_weight=11.999999999999998 36 24 11.999999999999998 11.999999999999998 24 24 12 24 11.999999999999998 48 12 11.999999999999998 24 11.999999999999998 12 24 12 11.999999999999998 1188 24 11.999999999999998 12 12 12 12 24 12 12 24 24
leaf_count=12 36 24 12 12 24 24 12 24 12 48 12 12 24 12 12 24 12 12 1188 24 12 12 12 12 12 24 12 12 24 24
internal_value=2.52233e-10 -0.000695695 0.0122685 -0.025576 0.0311908 0.0887941 0.0023892 -0.101451 0.106229 0.00107554 0.0125086 -0.0025929 -0.0262805 -0.0680254 0.0160501 0.0572094 -0.179179 -0.152101 -3.20821e-05 0.0212511 0.0622048 0.00759994 -0.0279783 0.025389 0.159837 -0.041835 -0.0939385 0.0845325 0.0683991 -0.180662
internal_weight=1728 1692 216 72 144 48 96 48 48 60 24 1476 144 96 48 48 24 48 1332 144 36 108 36 72 24 48 24 24 36 36
internal_count=1728 1692 216 72 144 48 96 48 48 60 24 1476 144 96 48 48 24 48 1332 144 36 108 36 72 24 48 24 24 36 36
is_linear=0
shrinkage=0.05


Tree=295
num_leaves=31
num_cat=0
split_feature=0 3 6 3 0 6 6 0 2 0 0 3 6 6 2 2 0 0 3 0 6 6 1 1 6 6 0 0 0 2
split_gain=14.1902 15.0234 55.8391 92.3115 86.245 528.258 373.688 225.035 74.3961 70.3526 36.9851 32.3216 181.179 244.972 660.444 160.54 101.497 42.4041 26.4017 29.0625 167.245 24.6757 329.024 234.919 112.84 47.0417 66.8204 38.1334 22.3481 21.1772
threshold=1182183.7235000001 29.406000000000002 0.25000000000000006 27.516500000000004 63082.982000000011 0.15000000000000005 0.15000000000000005 47382.240000000013 106.31000000000002 27705.340000000004 27705.340000000004 31.992000000000001 0.25000000000000006 0.15000000000000005 31.426500000000004 31.426500000000004 80810.85000000002 80810.85000000002 42.413500000000006 121294.55000000002 0.25000000000000006 0.15000000000000005 2158.8095000000008 2158.8095000000008 0.25000000000000006 0.25000000000000006 18495.691000000003 18495.691000000003 27705.340000000004 71.424500000000009
decision_type=2 2 2 2 2 2 2 2 2 2 2 2 2 2 2 2 2 2 2 2 2 2 2 2 2 2 2 2 2 2
left_child=1 2 4 9 6 -6 8 10 28 -4 -8 12 13 14 -3 -14 -16 -15 19 21 -21 22 -13 24 -23 26 -25 -24 -1 -20
right_child=-2 11 3 -5 5 -7 7 -9 -10 -11 -12 18 15 17 16 -17 -18 -19 29 20 -22 23 27 25 -26 -27 -28 -29 -30 -31
leaf_value=0.0092664167284965526 0.0310628021756808 0.20071485042572024 -0.10726226568222047 -0.15089226961135865 -0.081517453491687777 0.25022618770599364 0.07395262122154235 -0.2046401083469391 0.20873444080352785 0.028092771396040918 -0.050186312198638908 -0.24034988880157471 -0.037091925740242004 -0.17162854274113973 -0.067396408319473258 0.14578985571861267 -0.2730429887771606 -0.063097798824310311 -0.0085753123597874324 0.13529900908470155 -0.093314433097839364 0.26026196479797359 0.017280253767967223 -0.0058122515678405758 0.043428593873977656 0.0097551195416599526 -0.1726709723472595 0.14333155155181884 0.092835447192192083 0.0048315732974421096
leaf_weight=11.999999999999998 36 24 11.999999999999998 11.999999999999998 24 24 12 24 11.999999999999998 48 12 11.999999999999998 24 36 12 24 12 11.999999999999998 648 24 11.999999999999998 12 12 12 12 24 12 12 24 540
leaf_count=12 36 24 12 12 24 24 12 24 12 48 12 12 24 36 12 24 12 12 648 24 12 12 12 12 12 24 12 12 24 540
internal_value=8.70959e-11 -0.000660911 0.0116551 -0.0242972 0.0296313 0.0843544 0.00226973 -0.0963785 0.100918 0.00102176 0.0118832 -0.00246325 -0.0249664 -0.0646241 0.0152476 0.054349 -0.17022 -0.144496 -3.04774e-05 0.0201886 0.0590945 0.00721994 -0.0265794 0.0241196 0.151845 -0.0397432 -0.0892416 0.0803059 0.0649791 -0.00248127
internal_weight=1728 1692 216 72 144 48 96 48 48 60 24 1476 144 96 48 48 24 48 1332 144 36 108 36 72 24 48 24 24 36 1188
internal_count=1728 1692 216 72 144 48 96 48 48 60 24 1476 144 96 48 48 24 48 1332 144 36 108 36 72 24 48 24 24 36 1188
is_linear=0
shrinkage=0.05


Tree=296
num_leaves=31
num_cat=0
split_feature=6 4 2 3 3 2 2 2 3 4 4 2 0 2 6 0 2 6 0 3 2 6 2 6 6 0 0 0 0 0
split_gain=13.5493 143.368 153.713 150.77 323.047 232.046 144.885 378.635 228.302 210.531 159.837 152.923 146.156 128.219 133.583 183.292 127.749 217.539 120.339 107.887 296.077 710.635 180.404 704.485 563.906 770.647 513.986 293.793 257.433 185.838
threshold=0.25000000000000006 13.022000000000002 127.01650000000002 48.804500000000012 43.026000000000003 113.36550000000001 78.163500000000013 76.349000000000018 67.669000000000025 14.624000000000001 101.94350000000001 99.851500000000016 573241.87500000012 127.01650000000002 0.15000000000000005 1182183.7235000001 113.36550000000001 0.15000000000000005 1182183.7235000001 78.015500000000017 76.349000000000018 0.15000000000000005 17.543500000000005 0.15000000000000005 0.15000000000000005 256199.82050000003 573241.87500000012 208019.18150000004 33295.90400000001 87041.996000000028
decision_type=2 2 2 2 2 2 2 2 2 2 2 2 2 2 2 2 2 2 2 2 2 2 2 2 2 2 2 2 2 2
left_child=13 -2 3 4 -3 6 7 8 9 -5 -10 -8 -13 16 -15 -16 19 -18 -4 20 -1 -22 23 -21 27 -26 -27 28 -24 -30
right_child=1 2 18 5 -6 -7 11 -9 10 -11 -12 12 -14 14 15 -17 17 -19 -20 22 21 -23 24 -25 25 26 -28 -29 29 -31
leaf_value=0.0041906810135661082 -0.088994988799095162 0.010851855905583272 -0.23432998657226559 0.10964865684509278 0.17701698939005536 0.10508806904157003 -0.16254840691884359 0.26602396965026859 0.093143536895513537 -0.11656078631058336 -0.035890269186347724 0.06102469861507416 -0.1134721726179123 -0.00028164386749267577 0.30471770763397216 0.028363698720932001 0.022170113027095796 -0.15165089567502341 -0.010407345741987227 0.13108936101198196 0.054395814736684173 -0.25976864099502567 0.073720467090606687 -0.25201332569122314 0.22827690839767456 -0.19358423352241516 0.10513580640157064 0.028227846963065014 -0.35434889793395996 -0.11336291134357453
leaf_weight=648 48 156 12 11.999999999999998 36 36 36 11.999999999999998 48 72 48 24 24 24 12 12 36 36 12 24 36 36 11.999999999999998 24 72 24 36 84 11.999999999999998 24
leaf_count=648 48 156 12 12 36 36 36 12 48 72 48 24 24 24 12 12 36 36 12 24 36 36 12 24 72 24 36 84 12 24
internal_value=2.79828e-10 -0.0062614 0.00125984 0.00714691 0.0420078 -0.014306 -0.0298791 -0.00591744 -0.0240469 -0.0842452 0.0286266 -0.0846486 -0.0262237 0.0031307 0.0831295 0.166541 -0.00034751 -0.0647404 -0.122369 0.00414502 -0.00649703 -0.102686 0.0287036 -0.060462 0.0449155 0.117991 -0.0143522 -0.0281599 -0.126839 -0.193692
internal_weight=1728 576 528 504 192 312 276 192 180 84 96 84 48 1152 48 24 1104 72 24 1032 720 72 312 48 264 132 60 132 48 36
internal_count=1728 576 528 504 192 312 276 192 180 84 96 84 48 1152 48 24 1104 72 24 1032 720 72 312 48 264 132 60 132 48 36
is_linear=0
shrinkage=0.05


Tree=297
num_leaves=31
num_cat=0
split_feature=0 6 4 2 1 0 1 0 0 2 6 0 2 6 2 0 6 6 3 0 0 1 6 3 1 6 4 0 1 0
split_gain=13.9041 80.0872 350.352 477.329 232.533 192.744 342.933 202.82 134.96 103.386 98.0618 212.54 197.57 80.3819 73.4598 103.13 102.168 63.129 62.0435 59.8679 46.6654 45.6318 304.946 347.388 391.147 255.853 399.559 288.762 154.986 151.718
threshold=27705.340000000004 0.15000000000000005 8.3360000000000021 57.764500000000005 2158.8095000000008 12036.576500000001 7848.9580000000014 18495.691000000003 4747.4170000000004 47.44700000000001 0.25000000000000006 22666.579000000002 37.846500000000013 0.25000000000000006 42.413500000000006 4747.4170000000004 0.25000000000000006 0.25000000000000006 33.753000000000007 16052.3765 19740.918500000003 10279.872000000001 0.15000000000000005 52.614000000000004 9804.0705000000016 0.25000000000000006 28.488500000000005 38531.177500000013 9241.5975000000017 44158.321000000004
decision_type=2 2 2 2 2 2 2 2 2 2 2 2 2 2 2 2 2 2 2 2 2 2 2 2 2 2 2 2 2 2
left_child=1 2 19 4 8 14 7 13 -4 18 11 -9 -12 -7 15 -3 -17 -8 -6 -1 -14 22 23 -2 29 26 -24 -28 -27 -25
right_child=21 5 3 -5 9 6 17 10 -10 -11 12 -13 20 -15 -16 16 -18 -19 -20 -21 -22 -23 25 24 -26 28 27 -29 -30 -31
leaf_value=-0.070255559682846067 0.070095011591911324 -0.0027019871515221896 0.0085935622453689568 0.3592850764592489 0.1982208013534546 -0.31914403438568112 0.19050192832946777 -0.17640993595123292 -0.22854194641113279 -0.064236122369766238 -0.11603711545467377 0.066569006443023687 0.017122343182563778 -0.13613459716240564 -0.009266885121663411 0.24703934192657467 0.040714570879936213 0.028317594528198237 0.071109962835907939 -0.22819523811340328 0.15656372308731079 -0.0024152002814743258 0.290843665599823 -0.13887932101885478 0.1289552092552185 0.047937978096306323 -0.086336822807788857 0.12607561885379256 -0.083289378881454476 -0.34416878223419189
leaf_weight=12 36 24 12 11.999999999999998 11.999999999999998 12 12 36 12 11.999999999999998 24 11.999999999999998 12 12 72 12 12 12 48 12 12 1044 24 36 11.999999999999998 60 24 48 36 11.999999999999998
leaf_count=12 36 24 12 12 12 12 12 36 12 12 24 12 12 12 72 12 12 12 48 12 12 1044 24 36 12 60 24 48 36 12
internal_value=-2.29543e-10 -0.00822573 0.0235737 0.0619735 0.0248095 -0.0241254 -0.0631257 -0.0976328 -0.109974 0.0697374 -0.0651311 -0.115665 -0.014597 -0.227639 0.0226749 0.0705875 0.143877 0.10941 0.0965321 -0.149225 0.086843 0.00244549 0.0200655 -0.0526958 -0.12637 0.0564461 0.114165 0.0552715 -0.00127228 -0.190202
internal_weight=1728 396 132 108 96 264 144 120 24 72 96 48 48 24 120 48 24 24 60 24 24 1332 288 96 60 192 96 72 96 48
internal_count=1728 396 132 108 96 264 144 120 24 72 96 48 48 24 120 48 24 24 60 24 24 1332 288 96 60 192 96 72 96 48
is_linear=0
shrinkage=0.05


Tree=298
num_leaves=31
num_cat=0
split_feature=0 3 6 3 0 6 6 0 0 3 0 3 6 6 2 2 0 0 3 0 6 6 6 1 1 6 6 0 0 2
split_gain=12.6562 14.1046 48.9745 79.3415 70.2569 472.528 315.639 194.634 67.5854 58.2854 31.2334 28.2203 155.208 198.281 568.058 135.768 94.5228 37.0186 22.9061 26.5759 151.402 21.1165 19.9035 268.453 191.007 92.2064 37.9145 53.878 34.4154 19.2514
threshold=1182183.7235000001 29.406000000000002 0.25000000000000006 27.516500000000004 63082.982000000011 0.15000000000000005 0.15000000000000005 47382.240000000013 47382.240000000013 18.680500000000006 27705.340000000004 31.992000000000001 0.25000000000000006 0.15000000000000005 31.426500000000004 31.426500000000004 80810.85000000002 19740.918500000003 42.413500000000006 121294.55000000002 0.25000000000000006 0.15000000000000005 0.15000000000000005 2158.8095000000008 2158.8095000000008 0.25000000000000006 0.25000000000000006 18495.691000000003 18495.691000000003 71.424500000000009
decision_type=2 2 2 2 2 2 2 2 2 2 2 2 2 2 2 2 2 2 2 2 2 2 2 2 2 2 2 2 2 2
left_child=1 2 4 9 6 -6 8 10 -1 -4 -8 12 13 14 -3 -14 -16 -15 19 22 21 -21 23 -13 25 -24 27 -26 -25 -20
right_child=-2 11 3 -5 5 -7 7 -9 -10 -11 -12 18 15 17 16 -17 -18 -19 29 20 -22 -23 24 28 26 -27 -28 -29 -30 -31
leaf_value=0.034781504794955252 0.029335843274990722 0.18376167416572572 -0.059243615716695786 -0.13972578048706055 -0.079343110322952271 0.23441383838653565 0.070508801937103266 -0.18789789080619812 0.15344194173812867 0.041349570949872336 -0.043569689989089964 -0.21711483001708987 -0.034077442437410357 -0.20801463127136233 -0.061024314165115348 0.13410405516624452 -0.25947961807250974 -0.10660971999168396 -0.0081904731943835459 0.081545048952102656 -0.089070546627044681 0.17534551620483396 0.23468737602233883 0.012651209533214566 -0.0055960737168788905 0.038678842782974239 0.0083642625249922276 -0.15542646646499633 0.13239994049072265 0.0045922963624751125
leaf_weight=24 36 24 24 11.999999999999998 24 24 12 24 24 36 12 11.999999999999998 24 11.999999999999998 12 24 12 36 648 12 11.999999999999998 12 12 12 12 12 24 12 12 540
leaf_count=24 36 24 24 12 24 24 12 24 24 36 12 12 24 12 12 24 12 36 648 12 12 12 12 12 12 12 24 12 12 540
internal_value=6.01479e-10 -0.000624166 0.0113093 -0.0223607 0.0281443 0.0775354 0.00344878 -0.0872142 0.0941117 0.0011123 0.0134696 -0.00237053 -0.0233976 -0.060103 0.0117549 0.0500133 -0.160252 -0.131961 -9.73304e-05 0.0187357 0.05594 0.128445 0.00633428 -0.0240212 0.021512 0.136683 -0.0360735 -0.0805113 0.0725256 -0.00238012
internal_weight=1728 1692 216 72 144 48 96 48 48 60 24 1476 144 96 48 48 24 48 1332 144 36 24 108 36 72 24 48 24 24 1188
internal_count=1728 1692 216 72 144 48 96 48 48 60 24 1476 144 96 48 48 24 48 1332 144 36 24 108 36 72 24 48 24 24 1188
is_linear=0
shrinkage=0.05


Tree=299
num_leaves=31
num_cat=0
split_feature=0 6 4 2 1 1 2 4 0 2 2 0 6 6 6 0 3 6 1 6 3 1 4 6 1 1 0 3 0 6
split_gain=12.011 70.5121 313.84 433.073 193.823 170.089 347.878 142.659 108.563 106.271 85.9127 84.251 83.2163 72.5447 56.9739 54.0308 49.1855 43.7308 41.364 280.659 304.838 351.523 228.925 181.275 191.887 150.632 136.925 80.526 61.7171 60.2272
threshold=27705.340000000004 0.15000000000000005 8.3360000000000021 57.764500000000005 2158.8095000000008 7848.9580000000014 57.764500000000005 82.975500000000011 4747.4170000000004 36.14800000000001 47.44700000000001 4747.4170000000004 0.25000000000000006 0.25000000000000006 0.25000000000000006 16052.3765 33.753000000000007 0.25000000000000006 10279.872000000001 0.15000000000000005 52.614000000000004 9804.0705000000016 49.236500000000007 0.25000000000000006 9804.0705000000016 9241.5975000000017 44158.321000000004 30.583500000000004 41777.992500000008 0.25000000000000006
decision_type=2 2 2 2 2 2 2 2 2 2 2 2 2 2 2 2 2 2 2 2 2 2 2 2 2 2 2 2 2 2
left_child=1 2 15 4 8 6 7 9 -4 11 16 -3 -13 -8 -7 -1 -6 -9 19 20 27 26 23 24 -21 -25 -22 -2 -27 -24
right_child=18 5 3 -5 10 14 13 17 -10 -11 -12 12 -14 -15 -16 -17 -18 -19 -20 22 21 -23 29 25 -26 28 -28 -29 -30 -31
leaf_value=-0.066333258152008051 0.011392639577388765 -0.0026360924894106574 0.0064248085021972644 0.34173034032185878 0.17912167310714722 0.18138635158538818 -0.30277731418609616 -0.19761390686035155 -0.20625910758972166 -0.022299906363089882 -0.057973098754882817 0.22295298576354977 0.036744901537895197 -0.12891834576924641 0.027311238646507259 -0.21637597084045407 0.065946088172495365 -0.062628096342086784 -0.00235489412314362 0.2349725921948751 -0.13152582645416261 0.12227783203125001 0.038957187533378602 0.12841405868530273 0.0041005717590451244 -0.12891472578048704 -0.32655081748962406 0.1700255036354065 0.0314456820487976 -0.040249314811080697
leaf_weight=12 24 24 12 11.999999999999998 11.999999999999998 12 12 12 12 144 11.999999999999998 12 12 12 12 12 48 12 1044 36 36 11.999999999999998 48 24 11.999999999999998 12 11.999999999999998 11.999999999999998 12 48
leaf_count=12 24 24 12 12 12 12 12 12 12 144 12 12 12 12 12 12 48 12 1044 36 36 12 48 24 12 12 12 12 12 48
internal_value=-4.55199e-10 -0.00764526 0.0221927 0.0585366 0.0231373 -0.0225642 -0.0352555 -0.0151897 -0.0999171 -0.000823323 0.0641555 0.0636064 0.129849 -0.215848 0.104349 -0.141355 0.0885812 -0.130121 0.00227291 0.0190487 -0.050755 -0.11977 0.0539506 0.108547 0.177255 0.0398398 -0.180282 0.0642703 -0.0487345 -0.000646064
internal_weight=1728 396 132 108 96 264 240 216 24 192 72 48 24 24 24 24 60 24 1332 288 96 60 192 96 48 48 48 36 24 96
internal_count=1728 396 132 108 96 264 240 216 24 192 72 48 24 24 24 24 60 24 1332 288 96 60 192 96 48 48 48 36 24 96
is_linear=0
shrinkage=0.05


end of trees

feature_importances:
volume_mm3=3544
layer_height=2368
bounding_box_x=852
surface_area_mm2=807
bounding_box_z=795
bounding_box_y=634

parameters:
[boosting: gbdt]
[objective: regression]
[metric: l2]
[tree_learner: serial]
[device_type: cpu]
[data_sample_strategy: bagging]
[data: ]
[valid: ]
[num_iterations: 300]
[learning_rate: 0.05]
[num_leaves: 31]
[num_threads: 8]
[seed: 42]
[deterministic: 0]
[force_col_wise: 0]
[force_row_wise: 0]
[histogram_pool_size: -1]
[max_depth: -1]
[min_data_in_leaf: 10]
[min_sum_hessian_in_leaf: 0.001]
[bagging_fraction: 1]
[pos_bagging_fraction: 1]
[neg_bagging_fraction: 1]
[bagging_freq: 0]
[bagging_seed: 400]
[bagging_by_query: 0]
[feature_fraction: 1]
[feature_fraction_bynode: 1]
[feature_fraction_seed: 30056]
[extra_trees: 0]
[extra_seed: 12879]
[early_stopping_round: 0]
[early_stopping_min_delta: 0]
[first_metric_only: 0]
[max_delta_step: 0]
[lambda_l1: 0]
[lambda_l2: 0]
[linear_lambda: 0]
[min_gain_to_split: 0]
[drop_rate: 0.1]
[max_drop: 50]
[skip_drop: 0.5]
[xgboost_dart_mode: 0]
[uniform_drop: 0]
[drop_seed: 17869]
[top_rate: 0.2]
[other_rate: 0.1]
[min_data_per_group: 100]
[max_cat_threshold: 32]
[cat_l2: 10]
[cat_smooth: 10]
[max_cat_to_onehot: 4]
[top_k: 20]
[monotone_constraints: ]
[monotone_constraints_method: basic]
[monotone_penalty: 0]
[feature_contri: ]
[forcedsplits_filename: ]
[refit_decay_rate: 0.9]
[cegb_tradeoff: 1]
[cegb_penalty_split: 0]
[cegb_penalty_feature_lazy: ]
[cegb_penalty_feature_coupled: ]
[path_smooth: 0]
[interaction_constraints: ]
[verbosity: 1]
[saved_feature_importance_type: 0]
[use_quantized_grad: 0]
[num_grad_quant_bins: 4]
[quant_train_renew_leaf: 0]
[stochastic_rounding: 1]
[linear_tree: 0]
[max_bin: 255]
[max_bin_by_feature: ]
[min_data_in_bin: 3]
[bin_construct_sample_cnt: 200000]
[data_random_seed: 175]
[is_enable_sparse: 1]
[enable_bundle: 1]
[use_missing: 1]
[zero_as_missing: 0]
[feature_pre_filter: 1]
[pre_partition: 0]
[two_round: 0]
[header: 0]
[label_column: ]
[weight_column: ]
[group_column: ]
[ignore_column: ]
[categorical_feature: ]
[forcedbins_filename: ]
[precise_float_parser: 0]
[parser_config_file: ]
[objective_seed: 16083]
[num_class: 1]
[is_unbalance: 0]
[scale_pos_weight: 1]
[sigmoid: 1]
[boost_from_average: 1]
[reg_sqrt: 0]
[alpha: 0.9]
[fair_c: 1]
[poisson_max_delta_step: 0.7]
[tweedie_variance_power: 1.5]
[lambdarank_truncation_level: 30]
[lambdarank_norm: 1]
[label_gain: ]
[lambdarank_position_bias_regularization: 0]
[eval_at: ]
[multi_error_top_k: 1]
[auc_mu_weights: ]
[num_machines: 1]
[local_listen_port: 12400]
[time_out: 120]
[machine_list_filename: ]
[machines: ]
[gpu_platform_id: -1]
[gpu_device_id: -1]
[gpu_device_id_list: ]
[gpu_use_dp: 0]
[num_gpu: 1]

end of parameters

pandas_categorical:[]
